code,up_catholic,up_protestant,up_none_other,lapsed_catholic,lapsed_protestant,now_presbyterian,now_church_of_ireland,now_methodist,now_remaining_other_christian,sdz_unspecified_protestant,sdz_conservative_pool,sdz_free_presbyterian,grade_AB,grade_C1,grade_C2,grade_DE,id_british,id_irish,id_northern_irish,id_british_and_irish,id_british_and_northern_irish,id_irish_and_northern_irish,id_british_irish_and_northern_irish,id_other
N20000001,0.089431,0.804878,0.105691,0.013550,0.109756,0.486450,0.065041,0.018970,0.080510,0.011872,0.010017,0.022261,0.295416,0.310696,0.315789,0.078098,0.613821,0.024390,0.182927,0.009485,0.131436,0.002710,0.013550,0.021680
N20000002,0.036254,0.891239,0.072508,0.012085,0.123867,0.495468,0.096677,0.012085,0.123483,0.021181,0.013520,0.004957,0.261224,0.351020,0.302041,0.085714,0.589820,0.014970,0.155689,0.002994,0.176647,0.002994,0.023952,0.032934
N20000003,0.126374,0.780220,0.093407,0.030220,0.049451,0.489011,0.085165,0.021978,0.086939,0.012821,0.010817,0.024038,0.183267,0.350598,0.310757,0.155378,0.563536,0.082873,0.110497,0.000000,0.179558,0.013812,0.027624,0.022099
N20000004,0.453997,0.467572,0.078431,0.043391,0.063026,0.263636,0.043939,0.004545,0.059691,0.008802,0.007427,0.016504,0.323699,0.314066,0.252408,0.109827,0.358974,0.220211,0.256410,0.018100,0.079940,0.019608,0.022624,0.024133
N20000005,0.066568,0.852071,0.081361,0.029476,0.074623,0.562315,0.094955,0.022255,0.074118,0.012714,0.008115,0.002976,0.266417,0.317073,0.348968,0.067542,0.501479,0.032544,0.218935,0.002959,0.208580,0.004438,0.010355,0.020710
N20000006,0.405172,0.528017,0.066810,0.028828,0.044146,0.301075,0.077419,0.002151,0.066667,0.009831,0.008295,0.018433,0.286104,0.340599,0.277929,0.095368,0.349785,0.233906,0.190987,0.012876,0.152361,0.032189,0.017167,0.010730
N20000007,0.882955,0.105682,0.011364,0.014773,0.010227,0.056818,0.017045,0.000000,0.009694,0.000000,0.000441,0.011456,0.185552,0.301700,0.388102,0.124646,0.109091,0.568182,0.246591,0.001136,0.020455,0.022727,0.017045,0.014773
N20000008,0.548287,0.408100,0.043614,0.024995,0.043193,0.229814,0.062112,0.006211,0.043122,0.006359,0.005365,0.011923,0.247505,0.275449,0.379242,0.097804,0.295950,0.255452,0.286604,0.012461,0.082555,0.037383,0.006231,0.023364
N20000009,0.203008,0.714286,0.082707,0.011465,0.060057,0.437811,0.097015,0.012438,0.069082,0.010187,0.008595,0.019101,0.326154,0.384615,0.249231,0.040000,0.528678,0.119701,0.157107,0.000000,0.147132,0.017456,0.014963,0.014963
N20000010,0.058824,0.841912,0.099265,0.018382,0.130515,0.444853,0.112132,0.022059,0.100179,0.017184,0.010968,0.004022,0.369369,0.286036,0.247748,0.096847,0.552486,0.038674,0.191529,0.007366,0.154696,0.005525,0.025783,0.023941
N20000011,0.238095,0.607619,0.154286,0.013761,0.069596,0.294677,0.148289,0.001901,0.066492,0.012488,0.003713,0.010463,0.059770,0.218391,0.285057,0.436782,0.493333,0.049524,0.146667,0.000000,0.133333,0.001905,0.007619,0.167619
N20000012,0.194831,0.707753,0.097416,0.030475,0.093892,0.342574,0.144554,0.009901,0.083391,0.015662,0.004656,0.013122,0.179641,0.269461,0.344311,0.206587,0.453280,0.071571,0.228628,0.001988,0.127237,0.015905,0.017893,0.083499
N20000013,0.281481,0.590123,0.128395,0.007407,0.064198,0.360494,0.066667,0.012346,0.065869,0.005269,0.010012,0.005269,0.257463,0.246269,0.388060,0.108209,0.523342,0.120393,0.194103,0.002457,0.090909,0.007371,0.027027,0.034398
N20000014,0.365613,0.531621,0.102767,0.023715,0.081028,0.252964,0.081028,0.003953,0.080405,0.015101,0.004490,0.012653,0.227027,0.286486,0.248649,0.237838,0.349802,0.183794,0.239130,0.005929,0.110672,0.017787,0.033597,0.059289
N20000015,0.928328,0.044369,0.027304,0.027304,0.010239,0.013652,0.015358,0.000000,0.002299,0.000000,0.000104,0.002716,0.098398,0.178490,0.274600,0.448513,0.039249,0.598976,0.283276,0.005119,0.006826,0.015358,0.001706,0.049488
N20000016,0.536424,0.337748,0.125828,0.068575,0.045065,0.186253,0.050998,0.011086,0.036671,0.004264,0.003411,0.000000,0.263456,0.351275,0.172805,0.212465,0.254386,0.243421,0.245614,0.004386,0.078947,0.046053,0.008772,0.118421
N20000017,0.869822,0.059172,0.071006,0.016272,0.010355,0.013314,0.025148,0.002959,0.006116,0.000711,0.000569,0.000000,0.241379,0.194192,0.313975,0.250454,0.103704,0.477037,0.228148,0.010370,0.016296,0.022222,0.001481,0.140741
N20000018,0.834711,0.097107,0.068182,0.032242,0.029206,0.020576,0.024691,0.000000,0.018716,0.002176,0.001741,0.000000,0.286353,0.369128,0.192394,0.152125,0.104938,0.504115,0.263374,0.010288,0.026749,0.039095,0.002058,0.049383
N20000019,0.455471,0.440204,0.104326,0.033079,0.063613,0.180662,0.068702,0.007634,0.085362,0.016032,0.004766,0.013433,0.084871,0.199262,0.295203,0.420664,0.320611,0.139949,0.167939,0.005089,0.058524,0.007634,0.012723,0.287532
N20000020,0.537234,0.356383,0.106383,0.023960,0.037799,0.164602,0.069027,0.003540,0.058112,0.010914,0.003245,0.009145,0.134118,0.265882,0.256471,0.343529,0.330961,0.241993,0.259786,0.005338,0.048043,0.016014,0.012456,0.085409
N20000021,0.781651,0.165138,0.053211,0.050528,0.045432,0.064457,0.012891,0.012891,0.024366,0.002833,0.002267,0.000000,0.265690,0.391213,0.225941,0.117155,0.166972,0.422018,0.306422,0.009174,0.023853,0.023853,0.001835,0.045872
N20000022,0.954649,0.038549,0.006803,0.038549,0.009070,0.020408,0.000000,0.000000,0.004072,0.000000,0.000185,0.004813,0.301703,0.238443,0.333333,0.126521,0.061224,0.702948,0.129252,0.004535,0.006803,0.061224,0.000000,0.034014
N20000023,0.601594,0.322709,0.075697,0.044054,0.052868,0.140873,0.091270,0.001984,0.025492,0.004788,0.001423,0.004011,0.253041,0.287105,0.274939,0.184915,0.290000,0.258000,0.270000,0.012000,0.048000,0.032000,0.018000,0.072000
N20000024,0.812903,0.156452,0.030645,0.016129,0.004839,0.082258,0.030645,0.001613,0.016656,0.000000,0.000757,0.019684,0.221557,0.253493,0.381238,0.143713,0.143548,0.569355,0.195161,0.003226,0.024194,0.046774,0.006452,0.011290
N20000025,0.507246,0.388889,0.103865,0.026570,0.055556,0.173913,0.099034,0.000000,0.046026,0.003682,0.006996,0.003682,0.220000,0.457500,0.200000,0.122500,0.404819,0.146988,0.233735,0.009639,0.125301,0.021687,0.009639,0.048193
N20000026,0.041516,0.879061,0.079422,0.010775,0.117759,0.479204,0.137432,0.023508,0.091705,0.015730,0.010041,0.003682,0.301887,0.330189,0.294811,0.073113,0.603978,0.019892,0.188065,0.005425,0.128391,0.001808,0.034358,0.018083
N20000027,0.482883,0.345946,0.171171,0.024102,0.069960,0.154122,0.023297,0.001792,0.073761,0.005901,0.011212,0.005901,0.208029,0.483577,0.204380,0.104015,0.338710,0.134409,0.268817,0.005376,0.071685,0.016129,0.035842,0.129032
N20000028,0.605455,0.330909,0.063636,0.029091,0.021818,0.232727,0.027273,0.000000,0.037417,0.002993,0.005687,0.002993,0.284672,0.311436,0.333333,0.070560,0.281818,0.418182,0.189091,0.001818,0.045455,0.036364,0.003636,0.023636
N20000029,0.606557,0.300546,0.092896,0.040314,0.057352,0.148820,0.070780,0.003630,0.015216,0.001217,0.002313,0.001217,0.284141,0.332599,0.226872,0.156388,0.269928,0.333333,0.240942,0.003623,0.076087,0.028986,0.009058,0.038043
N20000030,0.132797,0.778672,0.088531,0.026157,0.088531,0.450704,0.132797,0.016097,0.068533,0.011756,0.007504,0.002751,0.359897,0.398458,0.151671,0.089974,0.485887,0.064516,0.235887,0.010081,0.147177,0.010081,0.022177,0.024194
N20000031,0.058380,0.813559,0.128060,0.011388,0.136868,0.413534,0.139098,0.015038,0.082520,0.014155,0.009035,0.003313,0.437788,0.246544,0.158986,0.156682,0.437736,0.041509,0.228302,0.000000,0.201887,0.009434,0.041509,0.039623
N20000032,0.838780,0.106754,0.054466,0.058345,0.015449,0.052174,0.036957,0.000000,0.001657,0.000133,0.000252,0.000133,0.307292,0.307292,0.325521,0.059896,0.106754,0.496732,0.281046,0.000000,0.006536,0.050109,0.021786,0.037037
N20000033,0.863806,0.104478,0.031716,0.028292,0.018496,0.061682,0.007477,0.000000,0.012822,0.001026,0.001949,0.001026,0.169683,0.307692,0.441176,0.081448,0.091589,0.620561,0.192523,0.005607,0.024299,0.056075,0.000000,0.009346
N20000034,0.856164,0.102740,0.041096,0.045230,0.013901,0.072893,0.011390,0.000000,0.003472,0.000278,0.000528,0.000278,0.337110,0.286119,0.288952,0.087819,0.120729,0.551253,0.266515,0.000000,0.002278,0.029613,0.000000,0.029613
N20000035,0.500745,0.360656,0.138599,0.047014,0.054686,0.135821,0.088060,0.008955,0.062959,0.005724,0.003816,0.000636,0.153473,0.318255,0.243942,0.284330,0.339820,0.125749,0.224551,0.000000,0.085329,0.019461,0.034431,0.170659
N20000036,0.483957,0.280749,0.235294,0.026738,0.053476,0.088235,0.082888,0.005348,0.043734,0.003976,0.002651,0.000442,0.065714,0.371429,0.197143,0.365714,0.261333,0.125333,0.210667,0.002667,0.085333,0.026667,0.008000,0.280000
N20000037,0.410926,0.296912,0.292162,0.052257,0.042755,0.111639,0.052257,0.007126,0.071569,0.006506,0.004337,0.000723,0.035176,0.128141,0.261307,0.575377,0.361045,0.095012,0.218527,0.000000,0.083135,0.002375,0.000000,0.239905
N20000038,0.378981,0.412420,0.208599,0.049363,0.097134,0.127389,0.070064,0.009554,0.088135,0.010576,0.004533,0.005036,0.255652,0.474783,0.166957,0.102609,0.342357,0.111465,0.243631,0.009554,0.097134,0.007962,0.023885,0.164013
N20000039,0.352705,0.533066,0.114228,0.054108,0.100200,0.234469,0.106212,0.020040,0.058722,0.007047,0.003020,0.003356,0.161074,0.369128,0.221477,0.248322,0.464930,0.070140,0.244489,0.030060,0.082164,0.008016,0.028056,0.072144
N20000040,0.557951,0.215633,0.226415,0.049843,0.021039,0.064865,0.086486,0.010811,0.027920,0.002538,0.001692,0.000282,0.064516,0.263930,0.196481,0.475073,0.224932,0.116531,0.189702,0.002710,0.046070,0.016260,0.002710,0.401084
N20000041,0.380236,0.448980,0.170784,0.036856,0.066848,0.202368,0.092573,0.016146,0.060538,0.009006,0.000500,0.001001,0.205412,0.437884,0.210332,0.146371,0.422127,0.136412,0.199785,0.005371,0.097744,0.008593,0.018260,0.111708
N20000042,0.384036,0.424699,0.191265,0.042169,0.066265,0.118976,0.055723,0.016566,0.136068,0.016328,0.006998,0.007775,0.219937,0.479430,0.172468,0.128165,0.368976,0.082831,0.185241,0.007530,0.085843,0.001506,0.028614,0.239458
N20000043,0.364964,0.399027,0.236010,0.036915,0.060002,0.154878,0.079268,0.014634,0.062972,0.018346,0.007934,0.000992,0.157490,0.491677,0.202305,0.148528,0.347561,0.115854,0.174390,0.004878,0.101220,0.012195,0.020732,0.223171
N20000044,0.407708,0.417850,0.174442,0.035238,0.065623,0.176113,0.107287,0.024291,0.037948,0.005645,0.000314,0.000627,0.301149,0.425287,0.163218,0.110345,0.386965,0.181263,0.154786,0.010183,0.136456,0.012220,0.018330,0.099796
N20000045,0.497854,0.381974,0.120172,0.032189,0.087983,0.160944,0.075107,0.019313,0.032914,0.004896,0.000272,0.000544,0.136842,0.397368,0.236842,0.228947,0.343348,0.173820,0.272532,0.019313,0.057940,0.030043,0.040773,0.062232
N20000046,0.178634,0.623468,0.197898,0.019264,0.071804,0.274956,0.173380,0.017513,0.059881,0.017446,0.007544,0.000943,0.023605,0.313305,0.244635,0.418455,0.477193,0.040351,0.161404,0.008772,0.140351,0.008772,0.007018,0.156140
N20000047,0.292636,0.550388,0.156977,0.027132,0.058140,0.267442,0.133721,0.019380,0.050036,0.014577,0.006304,0.000788,0.230337,0.320225,0.241573,0.207865,0.403883,0.100971,0.269903,0.001942,0.097087,0.003883,0.029126,0.093204
N20000048,0.457295,0.414591,0.128114,0.046581,0.057448,0.171429,0.105357,0.016071,0.054779,0.008149,0.000453,0.000905,0.203753,0.356568,0.206434,0.233244,0.399287,0.208556,0.221034,0.019608,0.076649,0.016043,0.008913,0.049911
N20000049,0.592058,0.292419,0.115523,0.041516,0.052347,0.106498,0.079422,0.003610,0.035620,0.008183,0.003851,0.002888,0.106700,0.352357,0.131514,0.409429,0.320721,0.180180,0.300901,0.003604,0.050450,0.016216,0.010811,0.117117
N20000050,0.152582,0.652582,0.194836,0.039641,0.125523,0.277647,0.148235,0.021176,0.055537,0.017190,0.006612,0.000661,0.063253,0.201807,0.183735,0.551205,0.536643,0.033097,0.203310,0.002364,0.106383,0.004728,0.028369,0.085106
N20000051,0.697769,0.158215,0.144016,0.058824,0.032454,0.064909,0.020284,0.004057,0.022627,0.011570,0.002057,0.000257,0.061381,0.209719,0.242967,0.485934,0.255578,0.219067,0.296146,0.000000,0.036511,0.034483,0.016227,0.141988
N20000052,0.313253,0.548193,0.138554,0.031253,0.098193,0.190000,0.168000,0.004000,0.054535,0.027887,0.004958,0.000620,0.074074,0.261728,0.214815,0.449383,0.475050,0.143713,0.199601,0.000000,0.099800,0.007984,0.011976,0.061876
N20000053,0.431373,0.377451,0.191176,0.059734,0.062048,0.141809,0.110024,0.017115,0.032250,0.009982,0.003839,0.000384,0.021148,0.314199,0.163142,0.501511,0.344743,0.114914,0.366748,0.002445,0.046455,0.009780,0.007335,0.107579
N20000054,0.116505,0.617476,0.266019,0.037047,0.101972,0.296512,0.166667,0.009690,0.029751,0.008668,0.003748,0.000469,0.023753,0.254157,0.220903,0.501188,0.542636,0.025194,0.240310,0.000000,0.094961,0.005814,0.009690,0.081395
N20000055,0.115727,0.626113,0.258160,0.021332,0.092189,0.283186,0.165192,0.023599,0.043004,0.013311,0.005120,0.000512,0.050909,0.200000,0.156364,0.592727,0.540059,0.041543,0.231454,0.008902,0.080119,0.000000,0.000000,0.097923
N20000056,0.275934,0.454357,0.269710,0.020747,0.051867,0.201245,0.082988,0.020747,0.067693,0.020953,0.008059,0.000806,0.025114,0.184932,0.214612,0.575342,0.436590,0.049896,0.259875,0.008316,0.079002,0.008316,0.004158,0.153846
N20000057,0.481720,0.380645,0.137634,0.058974,0.058757,0.158798,0.090129,0.023605,0.034784,0.007991,0.003760,0.002820,0.151515,0.410468,0.242424,0.195592,0.277419,0.184946,0.268817,0.000000,0.122581,0.038710,0.021505,0.086022
N20000058,0.183133,0.604819,0.212048,0.021297,0.061341,0.268116,0.169082,0.004831,0.059718,0.030938,0.004317,0.006475,0.055556,0.227778,0.213889,0.502778,0.520384,0.031175,0.251799,0.007194,0.079137,0.009592,0.002398,0.098321
N20000059,0.496368,0.283293,0.220339,0.077482,0.067797,0.082324,0.077482,0.009685,0.028510,0.014579,0.002592,0.000324,0.060172,0.255014,0.160458,0.524355,0.315663,0.168675,0.315663,0.016867,0.060241,0.012048,0.004819,0.106024
N20000060,0.411268,0.490141,0.098592,0.050704,0.033803,0.219718,0.126761,0.033803,0.059324,0.010141,0.006085,0.000507,0.156250,0.322917,0.312500,0.208333,0.362360,0.143258,0.261236,0.008427,0.134831,0.011236,0.022472,0.056180
N20000061,0.246719,0.606299,0.146982,0.032059,0.085357,0.253927,0.154450,0.015707,0.057016,0.029538,0.004122,0.006182,0.150641,0.224359,0.173077,0.451923,0.475066,0.091864,0.212598,0.000000,0.083990,0.023622,0.020997,0.091864
N20000062,0.175879,0.656616,0.167504,0.023451,0.068677,0.306533,0.167504,0.010050,0.061133,0.031671,0.004419,0.006629,0.071713,0.199203,0.177291,0.551793,0.512563,0.068677,0.182580,0.006700,0.092127,0.003350,0.011725,0.122278
N20000063,0.387640,0.390449,0.221910,0.048657,0.085365,0.149718,0.098870,0.008475,0.033844,0.007775,0.003659,0.002744,0.135036,0.317518,0.233577,0.313869,0.302260,0.076271,0.248588,0.008475,0.062147,0.019774,0.011299,0.271186
N20000064,0.336735,0.517857,0.145408,0.029628,0.073695,0.225888,0.101523,0.043147,0.057411,0.009814,0.005888,0.000491,0.206612,0.433884,0.173554,0.185950,0.468031,0.138107,0.219949,0.007673,0.074169,0.012788,0.010230,0.069054
N20000065,0.419552,0.476578,0.103870,0.045568,0.068042,0.195122,0.123984,0.020325,0.053902,0.009214,0.005528,0.000461,0.213816,0.312500,0.302632,0.171053,0.415479,0.146640,0.238289,0.014257,0.105906,0.022403,0.026477,0.030550
N20000066,0.513846,0.276923,0.209231,0.061538,0.046154,0.110769,0.043077,0.009231,0.043624,0.016171,0.007521,0.000376,0.026415,0.158491,0.196226,0.618868,0.335404,0.152174,0.363354,0.003106,0.049689,0.012422,0.018634,0.065217
N20000067,0.452975,0.328215,0.218810,0.040307,0.051823,0.101727,0.107486,0.011516,0.035871,0.013297,0.006185,0.000309,0.055437,0.153518,0.166311,0.624733,0.433781,0.119002,0.314779,0.003839,0.074856,0.001919,0.001919,0.049904
N20000068,0.387707,0.524823,0.087470,0.040189,0.052009,0.274232,0.125296,0.014184,0.041653,0.009569,0.004503,0.003377,0.068182,0.213636,0.177273,0.540909,0.544811,0.087264,0.216981,0.007075,0.061321,0.009434,0.011792,0.061321
N20000069,0.348485,0.538961,0.112554,0.023054,0.054047,0.232759,0.155172,0.012931,0.067343,0.009114,0.005570,0.002025,0.199501,0.326683,0.309227,0.164589,0.403471,0.082430,0.277657,0.004338,0.091106,0.030369,0.015184,0.095445
N20000070,0.321596,0.589202,0.089202,0.025822,0.093897,0.230047,0.150235,0.063380,0.040282,0.006886,0.004131,0.000344,0.144366,0.471831,0.232394,0.151408,0.428571,0.131148,0.252927,0.014052,0.096019,0.009368,0.016393,0.051522
N20000071,0.350148,0.465875,0.183976,0.074184,0.065282,0.181009,0.172107,0.011869,0.025095,0.005765,0.002713,0.002035,0.123288,0.376712,0.174658,0.325342,0.397626,0.115727,0.293769,0.017804,0.032641,0.008902,0.008902,0.124629
N20000072,0.268336,0.595707,0.135957,0.024609,0.083162,0.277778,0.132616,0.008961,0.074664,0.010105,0.006175,0.002246,0.365340,0.391101,0.124122,0.119438,0.409660,0.103757,0.270125,0.012522,0.085868,0.019678,0.028623,0.069767
N20000073,0.171247,0.680761,0.147992,0.014799,0.067653,0.336152,0.169133,0.010571,0.060269,0.030819,0.005479,0.000685,0.067797,0.347458,0.271186,0.313559,0.554852,0.040084,0.200422,0.012658,0.109705,0.000000,0.016878,0.065401
N20000074,0.125800,0.718550,0.155650,0.042466,0.118123,0.335470,0.162393,0.006410,0.061966,0.022970,0.010684,0.000534,0.042216,0.300792,0.253298,0.403694,0.619658,0.034188,0.177350,0.000000,0.074786,0.006410,0.002137,0.085470
N20000075,0.333333,0.510490,0.156177,0.041667,0.079934,0.168981,0.141204,0.018519,0.081604,0.011044,0.006749,0.002454,0.179420,0.422164,0.250660,0.147757,0.440092,0.133641,0.195853,0.002304,0.080645,0.013825,0.018433,0.115207
N20000076,0.434316,0.380697,0.184987,0.059985,0.081232,0.133690,0.082888,0.018717,0.043192,0.012341,0.008021,0.000617,0.210031,0.357367,0.200627,0.231975,0.343164,0.158177,0.265416,0.008043,0.053619,0.021448,0.010724,0.139410
N20000077,0.251634,0.588235,0.160131,0.028683,0.089875,0.252459,0.170492,0.006557,0.046343,0.013241,0.008607,0.000662,0.126087,0.269565,0.221739,0.382609,0.462541,0.104235,0.224756,0.009772,0.100977,0.013029,0.003257,0.081433
N20000078,0.175385,0.593846,0.230769,0.032970,0.086106,0.287926,0.164087,0.009288,0.028779,0.014717,0.002616,0.000327,0.059829,0.222222,0.290598,0.427350,0.560000,0.049231,0.184615,0.006154,0.126154,0.009231,0.018462,0.046154
N20000079,0.056848,0.720930,0.222222,-0.000147,0.101759,0.341969,0.186528,0.010363,0.051756,0.019185,0.008923,0.000446,0.059190,0.242991,0.246106,0.451713,0.554124,0.018041,0.201031,0.000000,0.170103,0.000000,0.002577,0.054124
N20000080,0.242089,0.588608,0.169304,0.023191,0.095694,0.319685,0.100787,0.012598,0.046677,0.007979,0.004787,0.000399,0.301961,0.421569,0.149020,0.127451,0.455836,0.085174,0.222397,0.004732,0.108833,0.004732,0.025237,0.093060
N20000081,0.266467,0.592814,0.140719,0.035928,0.071856,0.206587,0.212575,0.011976,0.060456,0.017273,0.011228,0.000864,0.078947,0.327068,0.266917,0.327068,0.471299,0.084592,0.205438,0.003021,0.096677,0.009063,0.018127,0.111782
N20000082,0.095556,0.731111,0.173333,0.013697,0.100580,0.342920,0.148230,0.022124,0.075565,0.028011,0.013029,0.000651,0.034188,0.227920,0.245014,0.492877,0.621681,0.024336,0.176991,0.002212,0.112832,0.002212,0.004425,0.055310
N20000083,0.318519,0.522222,0.159259,0.030129,0.050312,0.273408,0.142322,0.000000,0.037813,0.010804,0.007022,0.000540,0.083333,0.312500,0.291667,0.312500,0.459259,0.077778,0.255556,0.000000,0.144444,0.000000,0.011111,0.051852
N20000084,0.399306,0.527778,0.072917,0.033452,0.067847,0.271777,0.128920,0.010453,0.032833,0.009381,0.006098,0.000469,0.206250,0.375000,0.175000,0.243750,0.414634,0.160279,0.212544,0.013937,0.128920,0.010453,0.000000,0.059233
N20000085,0.286195,0.585859,0.127946,0.021440,0.118742,0.231029,0.153457,0.030354,0.041884,0.005669,0.003464,0.001260,0.272222,0.403704,0.196296,0.127778,0.373737,0.097643,0.274411,0.000000,0.153199,0.018519,0.018519,0.063973
N20000086,0.027823,0.859247,0.112930,0.006547,0.104746,0.414075,0.145663,0.067103,0.099584,0.010798,0.011758,0.005519,0.426230,0.319672,0.170082,0.084016,0.498361,0.003279,0.216393,0.006557,0.227869,0.001639,0.018033,0.027869
N20000087,0.040169,0.900634,0.059197,0.008457,0.088795,0.520085,0.078224,0.054968,0.098787,0.026427,0.027056,0.006292,0.373913,0.246377,0.234783,0.144928,0.488372,0.033827,0.215645,0.008457,0.181818,0.006342,0.044397,0.021142
N20000088,0.024691,0.864198,0.111111,0.016461,0.119342,0.388889,0.090535,0.063786,0.157299,0.017057,0.018573,0.008718,0.365796,0.337292,0.180523,0.116390,0.598765,0.012346,0.179012,0.008230,0.144033,0.002058,0.041152,0.014403
N20000089,0.060294,0.839706,0.100000,0.016046,0.122892,0.346608,0.097345,0.056047,0.169131,0.018340,0.019970,0.009374,0.319109,0.406308,0.202226,0.072356,0.525698,0.029369,0.195301,0.007342,0.190896,0.002937,0.014684,0.033774
N20000090,0.062267,0.782067,0.155666,0.011208,0.108344,0.362391,0.144458,0.051059,0.078504,0.013134,0.022984,0.001194,0.350902,0.380028,0.156727,0.112344,0.472637,0.021144,0.246269,0.001244,0.197761,0.011194,0.019900,0.029851
N20000091,0.023576,0.838900,0.137525,0.007859,0.110020,0.388998,0.123772,0.043222,0.107712,0.028815,0.029501,0.006861,0.229958,0.373418,0.280591,0.116034,0.483301,0.003929,0.237721,0.000000,0.176817,0.011788,0.049116,0.037328
N20000092,0.066085,0.793017,0.140898,0.016209,0.124688,0.331671,0.148379,0.057357,0.088744,0.014847,0.025982,0.001350,0.281907,0.409537,0.183731,0.124825,0.533001,0.023661,0.191781,0.000000,0.176837,0.004981,0.033624,0.036115
N20000093,0.024570,0.828010,0.147420,0.004914,0.115479,0.353808,0.203931,0.088452,0.044967,0.007523,0.013165,0.000684,0.059406,0.257426,0.184818,0.498350,0.611247,0.000000,0.185819,0.002445,0.171149,0.002445,0.009780,0.017115
N20000094,0.044496,0.782201,0.173302,0.007026,0.147541,0.288056,0.110070,0.023419,0.144457,0.024168,0.042293,0.002197,0.513447,0.327628,0.092910,0.066015,0.355972,0.021077,0.337237,0.000000,0.196721,0.007026,0.023419,0.058548
N20000095,0.070529,0.690176,0.239295,0.012448,0.086641,0.363636,0.118687,0.055556,0.038270,0.020364,0.005969,0.001053,0.045326,0.203966,0.184136,0.566572,0.601010,0.015152,0.176768,0.005051,0.154040,0.002525,0.000000,0.045455
N20000096,0.034364,0.802405,0.163230,0.001830,0.126036,0.373288,0.145548,0.065068,0.057608,0.015411,0.015778,0.003669,0.221116,0.306773,0.292829,0.179283,0.585198,0.022375,0.213425,0.000000,0.149742,0.000000,0.012048,0.017212
N20000097,0.043554,0.841463,0.114983,0.006969,0.134146,0.351916,0.155052,0.074913,0.085025,0.014225,0.024893,0.001293,0.340426,0.287234,0.186170,0.186170,0.457391,0.031304,0.262609,0.003478,0.172174,0.003478,0.013913,0.055652
N20000098,0.031332,0.830287,0.138381,0.010444,0.146214,0.368146,0.135770,0.067885,0.078074,0.017099,0.016454,0.000645,0.188000,0.316000,0.248000,0.248000,0.580729,0.007812,0.161458,0.005208,0.203125,0.000000,0.010417,0.031250
N20000099,0.028139,0.861472,0.110390,0.000121,0.165351,0.469828,0.116379,0.034483,0.046995,0.012572,0.012871,0.002993,0.197297,0.362162,0.335135,0.105405,0.485961,0.032397,0.209503,0.008639,0.209503,0.002160,0.021598,0.030238
N20000100,0.043972,0.882270,0.073759,0.002837,0.107801,0.441135,0.106383,0.093617,0.104010,0.011278,0.012281,0.005764,0.309804,0.366667,0.272549,0.050980,0.563121,0.018440,0.202837,0.005674,0.154610,0.001418,0.036879,0.017021
N20000101,0.028078,0.868251,0.103672,0.004473,0.106448,0.354077,0.115880,0.107296,0.128336,0.028107,0.027046,0.001061,0.406619,0.302600,0.172577,0.118203,0.466523,0.023758,0.205184,0.004320,0.237581,0.015119,0.023758,0.023758
N20000102,0.084746,0.703390,0.211864,0.011062,0.134969,0.303158,0.109474,0.044211,0.077592,0.016993,0.016352,0.000641,0.194896,0.389791,0.245940,0.169374,0.516807,0.029412,0.212185,0.004202,0.161765,0.014706,0.023109,0.037815
N20000103,0.065156,0.733711,0.201133,0.014164,0.124646,0.348442,0.138810,0.048159,0.042932,0.022845,0.006696,0.001182,0.168033,0.262295,0.250000,0.319672,0.569405,0.033994,0.189802,0.005666,0.155807,0.014164,0.005666,0.025496
N20000104,0.041276,0.742964,0.215760,0.005562,0.130182,0.317669,0.161654,0.043233,0.052591,0.027984,0.008202,0.001447,0.070175,0.157895,0.155702,0.616228,0.534840,0.018832,0.224105,0.005650,0.154426,0.007533,0.009416,0.045198
N20000105,0.073710,0.675676,0.250614,0.004574,0.107774,0.291358,0.120988,0.056790,0.057569,0.030633,0.008979,0.001584,0.068404,0.358306,0.260586,0.312704,0.529412,0.031863,0.232843,0.004902,0.134804,0.004902,0.014706,0.046569
N20000106,0.075061,0.806295,0.118644,0.012410,0.141235,0.315663,0.146988,0.093976,0.075405,0.016514,0.015891,0.000623,0.244582,0.393189,0.164087,0.198142,0.528986,0.036232,0.198068,0.004831,0.166667,0.004831,0.026570,0.033816
N20000107,0.115000,0.717500,0.167500,0.022960,0.160286,0.258706,0.111940,0.052239,0.093412,0.020458,0.019686,0.000772,0.141176,0.311765,0.202941,0.344118,0.587065,0.027363,0.124378,0.000000,0.154229,0.007463,0.012438,0.087065
N20000108,0.066092,0.698276,0.235632,0.014516,0.090826,0.309456,0.151862,0.057307,0.051775,0.027550,0.008075,0.001425,0.058824,0.235294,0.226244,0.479638,0.576369,0.020173,0.219020,0.005764,0.123919,0.002882,0.011527,0.040346
N20000109,0.036232,0.855072,0.108696,0.005435,0.097826,0.438406,0.128623,0.068841,0.094191,0.008041,0.016464,0.002680,0.375000,0.381696,0.178571,0.064732,0.507246,0.018116,0.219203,0.000000,0.182971,0.000000,0.027174,0.045290
N20000110,0.030257,0.859304,0.110439,0.002943,0.127893,0.430956,0.118361,0.104704,0.060057,0.005127,0.010498,0.001709,0.294224,0.346570,0.216606,0.142599,0.524242,0.012121,0.231818,0.001515,0.200000,0.000000,0.006061,0.024242
N20000111,0.034050,0.820789,0.145161,0.005376,0.112903,0.426523,0.134409,0.064516,0.063973,0.005461,0.011182,0.001820,0.173333,0.418667,0.186667,0.221333,0.581688,0.005386,0.215440,0.005386,0.145422,0.000000,0.019749,0.026930
N20000112,0.065015,0.792570,0.142415,0.006192,0.071207,0.402477,0.216718,0.052632,0.028874,0.015364,0.004503,0.000795,0.078704,0.273148,0.287037,0.361111,0.541796,0.006192,0.213622,0.000000,0.167183,0.000000,0.000000,0.071207
N20000113,0.059553,0.786600,0.153846,0.009802,0.095058,0.402985,0.072139,0.049751,0.115900,0.025383,0.024425,0.000958,0.207317,0.368902,0.195122,0.228659,0.438119,0.034653,0.247525,0.002475,0.190594,0.004950,0.024752,0.056931
N20000114,0.034169,0.813212,0.152620,0.011441,0.158666,0.336364,0.125000,0.059091,0.104058,0.008883,0.018189,0.002961,0.233533,0.365269,0.266467,0.134731,0.546697,0.022779,0.173121,0.004556,0.195900,0.000000,0.036446,0.020501
N20000115,0.050894,0.808803,0.140303,0.012433,0.106880,0.401099,0.119505,0.052198,0.100201,0.008554,0.017515,0.002851,0.216906,0.417863,0.224880,0.140351,0.555404,0.025992,0.168263,0.000000,0.194254,0.009576,0.017784,0.028728
N20000116,0.080645,0.735484,0.183871,0.010132,0.091253,0.330128,0.163462,0.054487,0.071499,0.014793,0.009862,0.000000,0.281633,0.302041,0.244898,0.171429,0.493548,0.029032,0.212903,0.003226,0.170968,0.012903,0.012903,0.064516
N20000117,0.034985,0.845481,0.119534,0.008746,0.099125,0.402332,0.221574,0.046647,0.056365,0.011662,0.007775,0.000000,0.277108,0.429719,0.204819,0.088353,0.520231,0.008671,0.202312,0.011561,0.219653,0.000000,0.014451,0.023121
N20000118,0.026316,0.842105,0.131579,0.011962,0.098086,0.449761,0.122010,0.093301,0.058704,0.012146,0.008097,0.000000,0.286119,0.314448,0.133144,0.266289,0.505995,0.007194,0.244604,0.002398,0.189448,0.000000,0.014388,0.035971
N20000119,0.033233,0.785498,0.181269,0.006042,0.132931,0.362538,0.132931,0.072508,0.062902,0.013014,0.008676,0.000000,0.204000,0.384000,0.208000,0.204000,0.557229,0.000000,0.216867,0.012048,0.153614,0.012048,0.018072,0.030120
N20000120,0.037221,0.851117,0.111663,0.009926,0.104218,0.508685,0.091811,0.032258,0.101760,0.005384,0.005923,0.001077,0.341297,0.358362,0.201365,0.098976,0.574257,0.012376,0.183168,0.004950,0.168317,0.014851,0.009901,0.032178
N20000121,0.076487,0.814448,0.109065,0.019669,0.108482,0.428977,0.082386,0.031250,0.127427,0.013817,0.015046,0.007062,0.276803,0.370370,0.243665,0.109162,0.521986,0.055319,0.175887,0.011348,0.184397,0.004255,0.015603,0.031206
N20000122,0.047820,0.866385,0.085795,0.012559,0.121675,0.472496,0.097320,0.032440,0.126999,0.006720,0.007391,0.001344,0.408840,0.395948,0.152855,0.042357,0.583921,0.023977,0.165021,0.004231,0.152327,0.002821,0.038082,0.029619
N20000123,0.055441,0.848049,0.096509,0.016507,0.079607,0.467213,0.084016,0.084016,0.118746,0.006283,0.006911,0.001257,0.410628,0.437198,0.096618,0.055556,0.508197,0.024590,0.182377,0.000000,0.239754,0.006148,0.012295,0.026639
N20000124,0.096070,0.794760,0.109170,0.028384,0.128821,0.340611,0.128821,0.030568,0.104555,0.042497,0.017538,0.001349,0.268437,0.451327,0.150442,0.129794,0.513158,0.057018,0.217105,0.006579,0.157895,0.004386,0.021930,0.021930
N20000125,0.065760,0.829932,0.104308,0.013605,0.111111,0.417234,0.165533,0.022676,0.079947,0.013809,0.018896,0.000727,0.306189,0.394137,0.228013,0.071661,0.546485,0.024943,0.188209,0.002268,0.181406,0.004535,0.011338,0.040816
N20000126,0.154098,0.690164,0.155738,0.031148,0.103279,0.252459,0.168852,0.068852,0.061048,0.022066,0.013607,0.000000,0.469671,0.376083,0.121317,0.032929,0.404255,0.075286,0.291326,0.014730,0.134206,0.016367,0.036007,0.027823
N20000127,0.036269,0.787565,0.176166,0.005181,0.088083,0.378238,0.170984,0.020725,0.081617,0.033173,0.013691,0.001053,0.064935,0.389610,0.233766,0.311688,0.538860,0.010363,0.176166,0.000000,0.233161,0.010363,0.005181,0.025907
N20000128,0.161198,0.711840,0.126961,0.024251,0.115549,0.286733,0.122682,0.064194,0.077434,0.027988,0.017259,0.000000,0.391374,0.463259,0.105431,0.039936,0.455064,0.074180,0.192582,0.004280,0.198288,0.008559,0.041369,0.025678
N20000129,0.065375,0.704600,0.230024,0.000158,0.103151,0.297101,0.165459,0.047101,0.057834,0.023507,0.009701,0.000746,0.047076,0.221113,0.168331,0.563481,0.616223,0.024213,0.168281,0.002421,0.113801,0.001211,0.009685,0.064165
N20000130,0.076512,0.766904,0.156584,0.024819,0.143018,0.322638,0.085561,0.089127,0.087484,0.020996,0.017497,0.000583,0.205021,0.351464,0.175732,0.267782,0.524064,0.021390,0.213904,0.000000,0.171123,0.001783,0.033868,0.033868
N20000131,0.058974,0.720513,0.220513,0.012702,0.085551,0.365039,0.172237,0.035990,0.038874,0.015800,0.006521,0.000502,0.058462,0.246154,0.255385,0.440000,0.629156,0.023018,0.161125,0.005115,0.127877,0.005115,0.002558,0.046036
N20000132,0.235489,0.577114,0.187396,0.035819,0.156322,0.216172,0.095710,0.044554,0.055933,0.003033,0.005391,0.000000,0.609562,0.310757,0.045817,0.033865,0.349338,0.110927,0.226821,0.028146,0.165563,0.018212,0.048013,0.052980
N20000133,0.137838,0.760811,0.101351,0.029730,0.114865,0.262162,0.150000,0.074324,0.100647,0.036379,0.022433,0.000000,0.375209,0.402010,0.184255,0.038526,0.445946,0.082432,0.189189,0.001351,0.214865,0.006757,0.022973,0.036486
N20000134,0.268833,0.598227,0.132939,0.029542,0.097489,0.206795,0.141802,0.038405,0.098850,0.005359,0.009528,0.000000,0.619962,0.249520,0.086372,0.044146,0.378139,0.138848,0.225997,0.005908,0.140325,0.013294,0.041359,0.056130
N20000135,0.176245,0.726054,0.097701,0.019457,0.100815,0.273423,0.166348,0.059273,0.087232,0.020936,0.017446,0.000582,0.250704,0.414085,0.236620,0.098592,0.512428,0.045889,0.202677,0.000000,0.137667,0.005736,0.051625,0.043977
N20000136,0.091278,0.815416,0.093306,0.026237,0.126391,0.315041,0.180894,0.083333,0.075868,0.018208,0.015174,0.000506,0.251938,0.437984,0.151163,0.158915,0.620690,0.028398,0.186613,0.002028,0.097363,0.012170,0.032454,0.020284
N20000137,0.059211,0.782895,0.157895,0.021930,0.164474,0.278509,0.149123,0.061404,0.091234,0.015759,0.021564,0.000829,0.196875,0.393750,0.265625,0.143750,0.474836,0.039387,0.242888,0.006565,0.161926,0.004376,0.028446,0.041575
N20000138,0.050302,0.812877,0.136821,0.007963,0.113280,0.328629,0.147177,0.078629,0.087666,0.035294,0.021632,0.000569,0.164835,0.313187,0.274725,0.247253,0.557344,0.024145,0.164990,0.002012,0.197183,0.002012,0.018109,0.034205
N20000139,0.077922,0.807359,0.114719,0.021645,0.119048,0.350649,0.145022,0.090909,0.071734,0.012390,0.016955,0.000652,0.196141,0.443730,0.192926,0.167203,0.516199,0.008639,0.257019,0.006479,0.155508,0.006479,0.012959,0.036717
N20000140,0.280946,0.488178,0.230876,0.059805,0.114047,0.176634,0.069541,0.029207,0.083588,0.008605,0.004507,0.002049,0.600950,0.299287,0.059382,0.040380,0.226704,0.166898,0.221140,0.006954,0.111266,0.037552,0.038943,0.190542
N20000141,0.182336,0.643875,0.173789,0.037450,0.129670,0.250000,0.071023,0.065341,0.080550,0.032740,0.013512,0.001039,0.388514,0.381757,0.135135,0.094595,0.470085,0.108262,0.233618,0.002849,0.111111,0.037037,0.017094,0.019943
N20000142,0.040115,0.770774,0.189112,0.014327,0.111748,0.312321,0.160458,0.048711,0.058826,0.065454,0.013256,0.000000,0.063380,0.193662,0.183099,0.559859,0.664756,0.014327,0.151862,0.000000,0.134670,0.000000,0.011461,0.022923
N20000143,0.222400,0.636800,0.140800,0.032000,0.134400,0.209600,0.204800,0.027200,0.052842,0.002865,0.005093,0.000000,0.470320,0.372146,0.123288,0.034247,0.324800,0.113600,0.254400,0.006400,0.137600,0.022400,0.073600,0.067200
N20000144,0.133508,0.641361,0.225131,0.020647,0.095429,0.251969,0.094488,0.131234,0.047172,0.011321,0.009434,0.000314,0.136943,0.423567,0.280255,0.159236,0.510471,0.052356,0.193717,0.000000,0.143979,0.015707,0.018325,0.065445
N20000145,0.046154,0.757692,0.196154,0.011538,0.103846,0.361538,0.107692,0.084615,0.042771,0.047590,0.009639,0.000000,0.034091,0.267045,0.096591,0.602273,0.613900,0.042471,0.166023,0.000000,0.158301,0.003861,0.000000,0.015444
N20000146,0.055000,0.710000,0.235000,0.015396,0.088713,0.304455,0.150990,0.061881,0.033974,0.058435,0.010872,0.000679,0.033613,0.179272,0.224090,0.563025,0.611940,0.012438,0.196517,0.009950,0.111940,0.002488,0.002488,0.052239
N20000147,0.075547,0.677932,0.246521,0.019881,0.085487,0.345924,0.153082,0.037773,0.023809,0.026492,0.005365,0.000000,0.053398,0.334951,0.174757,0.436893,0.588822,0.043912,0.143713,0.000000,0.175649,0.003992,0.000000,0.043912
N20000148,0.129032,0.787097,0.083871,0.019355,0.109677,0.377419,0.170968,0.038710,0.053542,0.024210,0.012571,0.000000,0.158879,0.448598,0.257009,0.135514,0.619355,0.006452,0.167742,0.006452,0.125806,0.009677,0.012903,0.051613
N20000149,0.200000,0.629268,0.170732,0.042532,0.129268,0.217532,0.180195,0.042208,0.052203,0.002830,0.005032,0.000000,0.447307,0.344262,0.103044,0.105386,0.390244,0.086179,0.261789,0.009756,0.143089,0.004878,0.034146,0.069919
N20000150,0.018809,0.808777,0.172414,0.009404,0.072100,0.360502,0.188088,0.059561,0.042002,0.072244,0.013441,0.000840,0.029304,0.194139,0.142857,0.633700,0.542320,0.003135,0.235110,0.003135,0.188088,0.000000,0.003135,0.025078
N20000151,0.136066,0.709836,0.154098,0.011475,0.114754,0.296721,0.155738,0.070492,0.042758,0.019334,0.010039,0.000000,0.131466,0.454741,0.224138,0.189655,0.522095,0.086743,0.173486,0.009820,0.166939,0.004910,0.000000,0.036007
N20000152,0.279891,0.532609,0.187500,0.029891,0.116848,0.209239,0.108696,0.035326,0.052905,0.005446,0.002853,0.001297,0.494465,0.354244,0.055351,0.095941,0.392371,0.152589,0.163488,0.008174,0.147139,0.019074,0.046322,0.070845
N20000153,0.027473,0.791209,0.181319,0.002018,0.116663,0.294545,0.203636,0.072727,0.062588,0.025198,0.015444,0.000406,0.048718,0.258974,0.243590,0.448718,0.607339,0.011009,0.187156,0.001835,0.135780,0.003670,0.003670,0.049541
N20000154,0.030534,0.776081,0.193384,0.011450,0.096692,0.393130,0.136132,0.068702,0.034826,0.038750,0.007848,0.000000,0.035982,0.242879,0.220390,0.500750,0.641221,0.017812,0.150127,0.007634,0.134860,0.001272,0.003817,0.043257
N20000155,0.047887,0.712676,0.239437,0.016988,0.089081,0.278090,0.185393,0.078652,0.026621,0.045788,0.008519,0.000532,0.044521,0.232877,0.208904,0.513699,0.530899,0.019663,0.235955,0.002809,0.157303,0.002809,0.002809,0.047753
N20000156,0.142433,0.701780,0.155786,0.036778,0.127376,0.324405,0.092262,0.055060,0.060866,0.027522,0.014290,0.000000,0.200358,0.400716,0.221825,0.177102,0.498521,0.048817,0.224852,0.001479,0.159763,0.000000,0.014793,0.051775
N20000157,0.162963,0.685926,0.151111,0.025389,0.088293,0.380178,0.090237,0.048817,0.046476,0.021015,0.010912,0.000000,0.161793,0.380117,0.247563,0.210526,0.521545,0.059435,0.231798,0.001486,0.133730,0.016345,0.008915,0.026746
N20000158,0.184122,0.660473,0.155405,0.056605,0.126916,0.248322,0.186242,0.043624,0.046868,0.004825,0.002527,0.001149,0.609195,0.262069,0.071264,0.057471,0.352941,0.112605,0.262185,0.008403,0.129412,0.016807,0.042017,0.075630
N20000159,0.025974,0.740260,0.233766,0.018182,0.109091,0.218182,0.207792,0.098701,0.034802,0.059859,0.011137,0.000696,0.045045,0.204204,0.171171,0.579580,0.657143,0.025974,0.106494,0.000000,0.192208,0.000000,0.000000,0.018182
N20000160,0.282967,0.637363,0.079670,0.011734,0.089417,0.232877,0.172603,0.030137,0.095083,0.009788,0.005127,0.002330,0.664756,0.266476,0.057307,0.011461,0.439891,0.155738,0.185792,0.010929,0.106557,0.027322,0.035519,0.038251
N20000161,0.272395,0.489945,0.237660,0.040219,0.091408,0.142596,0.109689,0.025594,0.072868,0.029336,0.017980,0.000473,0.289474,0.293522,0.279352,0.137652,0.361974,0.093236,0.243144,0.005484,0.135283,0.029250,0.031079,0.100548
N20000162,0.185581,0.684913,0.129506,0.031837,0.130100,0.248663,0.163102,0.045455,0.082610,0.008504,0.004454,0.002025,0.503432,0.315789,0.128146,0.052632,0.417671,0.093708,0.234270,0.017403,0.149933,0.024096,0.017403,0.045515
N20000163,0.206379,0.589118,0.204503,0.048187,0.058045,0.246704,0.122411,0.048964,0.068240,0.027473,0.016838,0.000443,0.183432,0.357002,0.248521,0.211045,0.449248,0.058271,0.203008,0.000000,0.137218,0.015038,0.013158,0.124060
N20000164,0.289474,0.568421,0.142105,0.035088,0.094737,0.284211,0.064912,0.063158,0.050032,0.005458,0.005458,0.000455,0.461538,0.355509,0.135135,0.047817,0.362039,0.166960,0.219684,0.005272,0.151142,0.012302,0.033392,0.049209
N20000165,0.089130,0.721739,0.189130,0.022031,0.122172,0.192641,0.190476,0.062771,0.125220,0.013660,0.013660,0.001138,0.172070,0.374065,0.301746,0.152120,0.516340,0.021786,0.172113,0.000000,0.154684,0.000000,0.050109,0.084967
N20000166,0.231552,0.595420,0.173028,0.036121,0.143643,0.223350,0.119289,0.032995,0.061964,0.008927,0.005251,0.000000,0.411321,0.471698,0.101887,0.015094,0.295165,0.122137,0.229008,0.022901,0.178117,0.035623,0.050891,0.066158
N20000167,0.237785,0.638436,0.123779,0.042345,0.107492,0.257329,0.133550,0.039088,0.082175,0.011839,0.006964,0.000000,0.524752,0.282178,0.113861,0.079208,0.275974,0.116883,0.288961,0.022727,0.165584,0.009740,0.051948,0.068182
N20000168,0.065116,0.779070,0.155814,0.023060,0.120191,0.336449,0.123832,0.130841,0.044372,0.017989,0.005397,0.000000,0.105611,0.353135,0.260726,0.280528,0.562061,0.023419,0.159251,0.002342,0.163934,0.002342,0.028103,0.058548
N20000169,0.608392,0.277389,0.114219,0.058275,0.058275,0.086247,0.083916,0.016317,0.026557,0.003826,0.002251,0.000000,0.112676,0.259155,0.163380,0.464789,0.354312,0.249417,0.254079,0.004662,0.058275,0.011655,0.016317,0.051282
N20000170,0.067653,0.680761,0.251586,0.023628,0.165038,0.218029,0.127883,0.052411,0.076882,0.031168,0.009350,0.000000,0.144279,0.375622,0.184080,0.296020,0.527426,0.018987,0.170886,0.000000,0.170886,0.006329,0.014768,0.090717
N20000171,0.155361,0.634573,0.210066,0.017203,0.103872,0.214912,0.111842,0.059211,0.094783,0.038426,0.011528,0.000000,0.128205,0.443590,0.194872,0.233333,0.546053,0.028509,0.217105,0.000000,0.116228,0.000000,0.015351,0.076754
N20000172,0.398660,0.356784,0.244556,0.072610,0.087876,0.102521,0.065546,0.030252,0.057444,0.008276,0.004868,0.000000,0.262646,0.392996,0.202335,0.142023,0.309883,0.182580,0.259631,0.013400,0.070352,0.015075,0.010050,0.139028
N20000173,0.453834,0.455399,0.090767,0.037559,0.089202,0.200313,0.086072,0.034429,0.036979,0.004034,0.004034,0.000336,0.341743,0.383028,0.220183,0.055046,0.380062,0.216511,0.238318,0.017134,0.062305,0.021807,0.032710,0.031153
N20000174,0.028986,0.803543,0.167472,0.008119,0.114939,0.354735,0.155698,0.040128,0.064588,0.057623,0.015830,0.000000,0.033730,0.246032,0.291667,0.428571,0.634615,0.024038,0.152244,0.000000,0.149038,0.000000,0.008013,0.032051
N20000175,0.235294,0.531674,0.233032,0.047935,0.102780,0.246050,0.079007,0.027088,0.050261,0.020376,0.006113,0.000000,0.101010,0.381313,0.257576,0.260101,0.457014,0.049774,0.153846,0.000000,0.135747,0.022624,0.018100,0.162896
N20000176,0.087379,0.660194,0.252427,0.016819,0.144379,0.233577,0.126521,0.055961,0.065327,0.026484,0.007945,0.000000,0.125000,0.384146,0.298780,0.192073,0.613139,0.007299,0.175182,0.007299,0.133820,0.004866,0.004866,0.053528
N20000177,0.475921,0.354108,0.169972,0.050992,0.087819,0.101983,0.070822,0.014164,0.064550,0.009300,0.005470,0.000000,0.332155,0.318021,0.091873,0.257951,0.283286,0.178470,0.263456,0.005666,0.073654,0.028329,0.045326,0.121813
N20000178,0.531963,0.315068,0.152968,0.036488,0.054887,0.108597,0.076923,0.038462,0.026807,0.006066,0.002739,0.000587,0.145604,0.120879,0.285714,0.447802,0.346241,0.236902,0.250569,0.009112,0.047836,0.031891,0.025057,0.052392
N20000179,0.140440,0.678511,0.181049,0.018406,0.142918,0.240678,0.101695,0.079661,0.084095,0.019029,0.008594,0.001842,0.074380,0.415289,0.221074,0.289256,0.515254,0.011864,0.194915,0.008475,0.123729,0.003390,0.005085,0.137288
N20000180,0.018672,0.786307,0.195021,0.004179,0.072021,0.341615,0.173913,0.068323,0.061029,0.054448,0.014958,0.000000,0.047030,0.324257,0.210396,0.418317,0.641822,0.010352,0.138716,0.000000,0.159420,0.002070,0.008282,0.039337
N20000181,0.064935,0.777056,0.158009,0.015152,0.121212,0.261905,0.186147,0.112554,0.036364,0.049639,0.008081,0.001154,0.032258,0.255583,0.196030,0.516129,0.619048,0.030303,0.188312,0.002165,0.121212,0.008658,0.004329,0.025974
N20000182,0.036765,0.755882,0.207353,0.013235,0.116176,0.307353,0.150000,0.080882,0.047477,0.042357,0.011637,0.000000,0.028765,0.192893,0.231810,0.546531,0.627566,0.019062,0.142229,0.000000,0.148094,0.001466,0.017595,0.043988
N20000183,0.049645,0.775414,0.174941,0.011820,0.096927,0.309693,0.165485,0.073286,0.049645,0.067770,0.011032,0.001576,0.095395,0.345395,0.230263,0.328947,0.625882,0.018824,0.145882,0.009412,0.136471,0.004706,0.011765,0.047059
N20000184,0.033654,0.689904,0.276442,0.019231,0.129808,0.228365,0.165865,0.088942,0.029371,0.040093,0.006527,0.000932,0.019284,0.278237,0.179063,0.523416,0.620192,0.014423,0.158654,0.002404,0.153846,0.002404,0.014423,0.033654
N20000185,0.090909,0.702479,0.206612,0.024519,0.138164,0.257261,0.120332,0.049793,0.101402,0.022945,0.010362,0.002220,0.130208,0.307292,0.255208,0.307292,0.495833,0.041667,0.187500,0.000000,0.112500,0.012500,0.016667,0.133333
N20000186,0.310345,0.532020,0.157635,0.054187,0.103448,0.182266,0.083744,0.064039,0.076405,0.012064,0.009048,0.001005,0.157143,0.421429,0.200000,0.221429,0.487685,0.108374,0.221675,0.000000,0.059113,0.004926,0.014778,0.103448
N20000187,0.045822,0.787062,0.167116,0.008086,0.113208,0.280323,0.172507,0.129380,0.034991,0.047766,0.007776,0.001111,0.031034,0.155172,0.248276,0.565517,0.654987,0.035040,0.145553,0.000000,0.126685,0.005391,0.005391,0.026954
N20000188,0.234000,0.656000,0.110000,0.026415,0.113086,0.243513,0.167665,0.069860,0.047986,0.007577,0.005683,0.000631,0.496795,0.294872,0.102564,0.105769,0.481038,0.089820,0.213573,0.015968,0.085828,0.005988,0.039920,0.067864
N20000189,0.019231,0.807692,0.173077,0.010490,0.110140,0.318182,0.153846,0.120629,0.052769,0.039255,0.012227,0.000644,0.010799,0.205184,0.181425,0.602592,0.665499,0.015762,0.138354,0.001751,0.138354,0.000000,0.003503,0.036778
N20000190,0.055866,0.768156,0.175978,0.013966,0.106145,0.346369,0.162011,0.055866,0.041822,0.039649,0.016294,0.000000,0.070552,0.328221,0.184049,0.417178,0.617318,0.005587,0.139665,0.000000,0.145251,0.000000,0.019553,0.072626
N20000191,0.079012,0.745679,0.175309,0.024958,0.084745,0.277641,0.137592,0.076167,0.125546,0.028408,0.012830,0.002749,0.091803,0.400000,0.173770,0.334426,0.543210,0.044444,0.172840,0.000000,0.130864,0.009877,0.022222,0.076543
N20000192,0.034749,0.833977,0.131274,0.000000,0.158301,0.332046,0.135135,0.111969,0.041291,0.039146,0.016088,0.000000,0.087805,0.185366,0.214634,0.512195,0.601533,0.015326,0.249042,0.003831,0.072797,0.000000,0.015326,0.042146
N20000193,0.050420,0.794118,0.155462,0.012763,0.087005,0.351464,0.163180,0.117155,0.032218,0.030544,0.012552,0.000000,0.045198,0.163842,0.112994,0.677966,0.627615,0.037657,0.150628,0.000000,0.129707,0.004184,0.008368,0.041841
N20000194,0.030812,0.767507,0.201681,0.005602,0.123249,0.260504,0.173669,0.064426,0.083520,0.052116,0.008686,0.001336,0.052941,0.138235,0.120588,0.688235,0.579832,0.022409,0.156863,0.002801,0.156863,0.002801,0.005602,0.072829
N20000195,0.060377,0.788679,0.150943,0.020755,0.090566,0.305660,0.164151,0.133962,0.040356,0.038260,0.015723,0.000000,0.014423,0.182692,0.170673,0.632212,0.652830,0.022642,0.111321,0.003774,0.175472,0.001887,0.013208,0.018868
N20000196,0.064815,0.810185,0.125000,0.032407,0.106481,0.291667,0.166667,0.115741,0.065212,0.048512,0.015110,0.000795,0.046243,0.312139,0.202312,0.439306,0.611111,0.032407,0.185185,0.000000,0.134259,0.000000,0.004630,0.032407
N20000197,0.061033,0.784038,0.154930,0.013186,0.171597,0.200957,0.119617,0.196172,0.054870,0.034239,0.005707,0.000878,0.047904,0.257485,0.209581,0.485030,0.580189,0.042453,0.150943,0.004717,0.169811,0.009434,0.009434,0.033019
N20000198,0.055866,0.807263,0.136872,0.025225,0.152666,0.256267,0.200557,0.064067,0.076666,0.047839,0.007973,0.001227,0.062201,0.330144,0.177033,0.430622,0.544444,0.025000,0.205556,0.005556,0.155556,0.000000,0.016667,0.047222
N20000199,0.025391,0.792969,0.181641,0.009704,0.096890,0.296078,0.182353,0.115686,0.043617,0.041351,0.016993,0.000000,0.043478,0.205950,0.169336,0.581236,0.675147,0.011742,0.154599,0.000000,0.113503,0.000000,0.011742,0.033268
N20000200,0.062389,0.800357,0.137255,0.010417,0.117561,0.281362,0.120072,0.170251,0.063710,0.039755,0.006626,0.001019,0.140909,0.311364,0.177273,0.370455,0.557932,0.021390,0.167558,0.001783,0.169340,0.008913,0.024955,0.048128
N20000201,0.410935,0.460317,0.128748,0.054674,0.068783,0.183422,0.107584,0.038801,0.031054,0.023101,0.007195,0.000379,0.115646,0.344671,0.192744,0.346939,0.390459,0.289753,0.164311,0.008834,0.065371,0.010601,0.000000,0.070671
N20000202,0.032663,0.783920,0.183417,0.017588,0.118090,0.193467,0.183417,0.198492,0.051865,0.032364,0.005394,0.000830,0.029851,0.223881,0.197015,0.549254,0.693467,0.002513,0.120603,0.010050,0.133166,0.000000,0.005025,0.035176
N20000203,0.372611,0.423567,0.203822,0.031847,0.092357,0.165605,0.079618,0.031847,0.027236,0.020261,0.006311,0.000332,0.143382,0.518382,0.139706,0.198529,0.265176,0.166134,0.239617,0.006390,0.073482,0.028754,0.028754,0.191693
N20000204,0.331593,0.483029,0.185379,0.073698,0.117239,0.178947,0.084211,0.042105,0.030449,0.022651,0.007055,0.000371,0.208202,0.378549,0.164038,0.249211,0.354331,0.175853,0.225722,0.000000,0.081365,0.031496,0.015748,0.115486
N20000205,0.196262,0.613707,0.190031,0.033252,0.171701,0.197492,0.128527,0.056426,0.046190,0.007293,0.005470,0.000608,0.085973,0.321267,0.190045,0.402715,0.456250,0.084375,0.218750,0.012500,0.125000,0.003125,0.025000,0.075000
N20000206,0.233216,0.618375,0.148410,0.046596,0.100769,0.207746,0.158451,0.052817,0.076459,0.012072,0.009054,0.001006,0.196891,0.326425,0.222798,0.253886,0.508834,0.106007,0.233216,0.003534,0.060071,0.010601,0.021201,0.056537
N20000207,0.883929,0.087054,0.029018,0.024868,0.019939,0.017897,0.031320,0.000000,0.011761,0.002045,0.003579,0.000511,0.058824,0.164087,0.219814,0.557276,0.145089,0.526786,0.236607,0.013393,0.006696,0.017857,0.013393,0.040179
N20000208,0.816116,0.101240,0.082645,0.028926,0.024793,0.028926,0.016529,0.014463,0.010862,0.001889,0.003306,0.000472,0.049661,0.237020,0.151242,0.562077,0.122153,0.534161,0.167702,0.010352,0.014493,0.033126,0.033126,0.084886
N20000209,0.853707,0.074148,0.072144,0.041707,0.012148,0.026000,0.018000,0.000000,0.011829,0.002057,0.003600,0.000514,0.154897,0.255125,0.261959,0.328018,0.114228,0.559118,0.216433,0.000000,0.038076,0.018036,0.006012,0.048096
N20000210,0.861912,0.086495,0.051593,0.044006,0.022762,0.036419,0.007587,0.004552,0.009972,0.001734,0.003035,0.000434,0.026923,0.207692,0.171154,0.594231,0.172989,0.547800,0.207891,0.006070,0.010622,0.012140,0.007587,0.034901
N20000211,0.294309,0.552846,0.152846,0.054439,0.105520,0.217180,0.115073,0.045381,0.052590,0.009834,0.007268,0.000000,0.354545,0.389091,0.143636,0.112727,0.381107,0.138436,0.255700,0.009772,0.118893,0.014658,0.032573,0.048860
N20000212,0.050584,0.706226,0.243191,0.029141,0.135076,0.360624,0.111111,0.040936,0.026901,0.018713,0.012281,0.000585,0.070423,0.161972,0.180751,0.586854,0.584795,0.011696,0.191033,0.000000,0.153996,0.003899,0.017544,0.037037
N20000213,0.092072,0.659847,0.248082,0.025575,0.127877,0.281330,0.104859,0.058824,0.040000,0.027826,0.018261,0.000870,0.021341,0.237805,0.283537,0.457317,0.501285,0.053985,0.226221,0.000000,0.149100,0.010283,0.020566,0.038560
N20000214,0.105590,0.813665,0.080745,0.009317,0.093168,0.431677,0.139752,0.065217,0.057615,0.016462,0.009260,0.000514,0.153846,0.373626,0.318681,0.153846,0.566563,0.015480,0.160991,0.000000,0.182663,0.003096,0.012384,0.058824
N20000215,0.242972,0.602410,0.154618,0.020080,0.092369,0.236948,0.150602,0.040161,0.062126,0.011617,0.008586,0.000000,0.365297,0.406393,0.143836,0.084475,0.439122,0.111776,0.205589,0.003992,0.157685,0.015968,0.015968,0.049900
N20000216,0.128571,0.725000,0.146429,0.021429,0.117857,0.300000,0.167857,0.060714,0.053988,0.015425,0.008677,0.000482,0.105882,0.541176,0.188235,0.164706,0.557143,0.064286,0.200000,0.000000,0.121429,0.007143,0.003571,0.046429
N20000217,0.168350,0.673401,0.158249,0.032216,0.098611,0.339496,0.136134,0.038655,0.027832,0.019361,0.012706,0.000605,0.262222,0.375556,0.244444,0.117778,0.489076,0.087395,0.174790,0.011765,0.161345,0.015126,0.038655,0.021849
N20000218,0.177474,0.691126,0.131399,0.039013,0.092836,0.311111,0.105983,0.082051,0.068124,0.019464,0.010949,0.000608,0.171598,0.352071,0.230769,0.245562,0.504274,0.076923,0.186325,0.008547,0.160684,0.015385,0.013675,0.034188
N20000219,0.463989,0.391967,0.144044,0.033241,0.069252,0.108033,0.081717,0.056787,0.057483,0.010749,0.007945,0.000000,0.491682,0.290203,0.158965,0.059150,0.301521,0.268326,0.269710,0.019364,0.073306,0.026279,0.013831,0.027663
N20000220,0.198157,0.709677,0.092166,0.025346,0.103687,0.357143,0.115207,0.050691,0.056996,0.016285,0.009160,0.000509,0.160714,0.510714,0.228571,0.100000,0.424942,0.115473,0.272517,0.009238,0.117783,0.006928,0.016166,0.036952
N20000221,0.167939,0.683206,0.148855,0.021272,0.109873,0.260952,0.120000,0.081905,0.074589,0.026739,0.009148,0.000000,0.177835,0.425258,0.221649,0.175258,0.495238,0.083810,0.188571,0.003810,0.165714,0.005714,0.007619,0.049524
N20000222,0.203320,0.649378,0.147303,0.038371,0.117419,0.296907,0.096907,0.072165,0.043070,0.016495,0.004582,0.001833,0.119777,0.292479,0.264624,0.323120,0.474227,0.074227,0.235052,0.006186,0.138144,0.016495,0.002062,0.053608
N20000223,0.276986,0.558045,0.164969,0.021925,0.090433,0.234818,0.074899,0.107287,0.034168,0.012249,0.004190,0.000000,0.175853,0.349081,0.299213,0.175853,0.476578,0.130346,0.199593,0.002037,0.107943,0.004073,0.012220,0.067210
N20000224,0.379610,0.540130,0.080260,0.031026,0.091328,0.261438,0.093682,0.050109,0.029940,0.008554,0.004812,0.000267,0.163399,0.460784,0.205882,0.169935,0.445652,0.165217,0.245652,0.006522,0.097826,0.004348,0.013043,0.021739
N20000225,0.116129,0.606452,0.277419,0.054038,0.073772,0.254902,0.101307,0.078431,0.063998,0.024510,0.006808,0.002723,0.044248,0.305310,0.194690,0.455752,0.503226,0.070968,0.196774,0.003226,0.154839,0.003226,0.006452,0.061290
N20000226,0.280992,0.563636,0.155372,0.046281,0.100826,0.206612,0.127273,0.059504,0.046871,0.016803,0.005748,0.000000,0.158436,0.425926,0.220165,0.195473,0.410596,0.134106,0.253311,0.006623,0.112583,0.011589,0.026490,0.044702
N20000227,0.343558,0.509202,0.147239,0.045817,0.049244,0.227926,0.117043,0.065708,0.037188,0.006954,0.005140,0.000000,0.375000,0.386628,0.165698,0.072674,0.352342,0.195519,0.224033,0.002037,0.146640,0.016293,0.020367,0.042770
N20000228,0.152582,0.643192,0.204225,0.016432,0.098592,0.244131,0.112676,0.084507,0.067423,0.025822,0.007173,0.002869,0.103125,0.353125,0.218750,0.325000,0.533958,0.053864,0.166276,0.009368,0.159251,0.007026,0.009368,0.060890
N20000229,0.127706,0.662338,0.209957,0.021415,0.126546,0.216920,0.112798,0.123644,0.053808,0.020607,0.005724,0.002290,0.066998,0.265509,0.166253,0.501241,0.548596,0.038877,0.179266,0.004320,0.107991,0.004320,0.006479,0.110151
N20000230,0.298851,0.528736,0.172414,0.033583,0.105072,0.194656,0.110687,0.057252,0.041231,0.014781,0.005057,0.000000,0.085779,0.381490,0.284424,0.248307,0.408829,0.126679,0.220729,0.001919,0.122841,0.024952,0.007678,0.086372
N20000231,0.465164,0.397541,0.137295,0.041851,0.084658,0.192229,0.067485,0.036810,0.011789,0.003128,0.001444,0.000000,0.287037,0.379630,0.172840,0.160494,0.344262,0.256148,0.219262,0.020492,0.086066,0.030738,0.014344,0.028689
N20000232,0.515823,0.389241,0.094937,0.058410,0.105329,0.069401,0.059937,0.053628,0.078909,0.014929,0.005687,0.001422,0.420168,0.386555,0.100840,0.092437,0.231013,0.281646,0.265823,0.006329,0.117089,0.031646,0.028481,0.037975
N20000233,0.540710,0.342380,0.116910,0.034434,0.062045,0.110879,0.089958,0.029289,0.036180,0.009599,0.004430,0.000000,0.247093,0.392442,0.191860,0.168605,0.293501,0.348008,0.209644,0.012579,0.079665,0.018868,0.012579,0.025157
N20000234,0.547393,0.315166,0.137441,0.059242,0.073460,0.111374,0.045024,0.021327,0.050013,0.009462,0.003605,0.000901,0.194444,0.466049,0.175926,0.163580,0.234597,0.317536,0.241706,0.004739,0.073460,0.040284,0.028436,0.059242
N20000235,0.467213,0.368852,0.163934,0.030899,0.040939,0.111111,0.113821,0.046070,0.044486,0.008416,0.003206,0.000802,0.147601,0.365314,0.261993,0.225092,0.292350,0.237705,0.248634,0.005464,0.076503,0.049180,0.030055,0.060109
N20000236,0.386364,0.477273,0.136364,0.056818,0.088636,0.161364,0.113636,0.047727,0.052340,0.007754,0.002908,0.002908,0.194757,0.284644,0.202247,0.318352,0.377828,0.171946,0.246606,0.013575,0.061086,0.018100,0.006787,0.104072
N20000237,0.322892,0.486747,0.190361,0.045783,0.077108,0.197590,0.091566,0.079518,0.032530,0.004819,0.001807,0.001807,0.116041,0.334471,0.225256,0.324232,0.466346,0.127404,0.216346,0.007212,0.076923,0.026442,0.014423,0.064904
N20000238,0.678082,0.224315,0.097603,0.047945,0.053082,0.059932,0.056507,0.018836,0.025912,0.006874,0.003173,0.000000,0.226891,0.415966,0.180672,0.176471,0.203767,0.393836,0.270548,0.015411,0.041096,0.027397,0.017123,0.030822
N20000239,0.447084,0.462203,0.090713,0.035446,0.063496,0.178879,0.096983,0.038793,0.065702,0.012430,0.004735,0.001184,0.194611,0.413174,0.251497,0.140719,0.330454,0.315335,0.211663,0.006479,0.077754,0.010799,0.017279,0.030238
N20000240,0.543103,0.304598,0.152299,0.066092,0.071839,0.094828,0.074713,0.020115,0.031060,0.008240,0.003803,0.000000,0.185328,0.339768,0.285714,0.189189,0.252874,0.339080,0.281609,0.002874,0.037356,0.020115,0.008621,0.057471
N20000241,0.281787,0.549828,0.168385,0.045486,0.056677,0.304795,0.051370,0.058219,0.061571,0.011649,0.004438,0.001109,0.130208,0.317708,0.239583,0.312500,0.436426,0.113402,0.185567,0.000000,0.130584,0.010309,0.024055,0.099656
N20000242,0.237251,0.547672,0.215078,0.024390,0.095344,0.228381,0.119734,0.055432,0.038737,0.005739,0.002152,0.002152,0.073491,0.372703,0.223097,0.330709,0.456763,0.053215,0.208426,0.000000,0.095344,0.024390,0.006652,0.155211
N20000243,0.720339,0.169492,0.110169,0.079096,0.048023,0.053672,0.033898,0.008475,0.012302,0.008201,0.004921,0.000000,0.140893,0.422680,0.199313,0.237113,0.177966,0.387006,0.293785,0.011299,0.039548,0.031073,0.008475,0.050847
N20000244,0.770231,0.154624,0.075145,0.063584,0.037572,0.049133,0.036127,0.013006,0.009090,0.006060,0.003636,0.000000,0.212291,0.461825,0.191806,0.134078,0.138929,0.515195,0.204052,0.007236,0.046310,0.028944,0.033285,0.026049
N20000245,0.891960,0.062814,0.045226,0.057789,0.030151,0.007538,0.020101,0.000000,0.002432,0.001621,0.000973,0.000000,0.158576,0.313916,0.310680,0.216828,0.123116,0.560302,0.253769,0.002513,0.017588,0.015075,0.000000,0.027638
N20000246,0.799263,0.130755,0.069982,0.082352,0.031490,0.034926,0.033088,0.012868,0.014115,0.002626,0.001641,0.000000,0.236897,0.364780,0.251572,0.146751,0.161172,0.439560,0.247253,0.009158,0.020147,0.040293,0.005495,0.076923
N20000247,0.713348,0.190372,0.096280,0.054705,0.056893,0.037199,0.021882,0.028446,0.035284,0.006565,0.004103,0.000000,0.150649,0.368831,0.228571,0.251948,0.150985,0.455142,0.227571,0.015317,0.026258,0.021882,0.026258,0.076586
N20000248,0.276753,0.564576,0.158672,0.039716,0.079390,0.196296,0.148148,0.048148,0.067702,0.009956,0.013939,0.000996,0.153846,0.289941,0.224852,0.331361,0.413284,0.118081,0.236162,0.003690,0.132841,0.003690,0.022140,0.070111
N20000249,0.844193,0.113314,0.042493,0.048159,0.031161,0.014164,0.042493,0.011331,0.006854,0.004569,0.002741,0.000000,0.190972,0.375000,0.295139,0.138889,0.133144,0.529745,0.277620,0.005666,0.014164,0.000000,0.011331,0.028329
N20000250,0.856410,0.100000,0.043590,0.051282,0.038462,0.043590,0.010256,0.002564,0.002481,0.001654,0.000993,0.000000,0.207602,0.441520,0.207602,0.143275,0.115090,0.554987,0.214834,0.005115,0.023018,0.028133,0.017903,0.040921
N20000251,0.845722,0.100982,0.053296,0.034798,0.009945,0.023810,0.021008,0.011204,0.025602,0.003765,0.005271,0.000376,0.181818,0.414307,0.245902,0.157973,0.102098,0.580420,0.208392,0.006993,0.013986,0.022378,0.004196,0.061538
N20000252,0.831111,0.128889,0.040000,0.035556,0.037778,0.028889,0.020000,0.024444,0.012999,0.001912,0.002676,0.000191,0.155989,0.395543,0.278552,0.169916,0.131403,0.518931,0.236080,0.002227,0.008909,0.042316,0.011136,0.048998
N20000253,0.760518,0.197411,0.042071,0.071701,0.038578,0.087520,0.038898,0.011345,0.016179,0.003010,0.001881,0.000000,0.279910,0.449210,0.167043,0.103837,0.155340,0.512945,0.229773,0.006472,0.030744,0.025890,0.025890,0.012945
N20000254,0.814000,0.162000,0.024000,0.062000,0.036000,0.066000,0.032000,0.004000,0.018429,0.003429,0.002143,0.000000,0.370717,0.445483,0.127726,0.056075,0.138000,0.486000,0.238000,0.014000,0.020000,0.042000,0.028000,0.034000
N20000255,0.825688,0.104587,0.069725,0.038532,0.018349,0.022018,0.011009,0.000000,0.038907,0.005722,0.008010,0.000572,0.381857,0.386076,0.124473,0.107595,0.095413,0.612844,0.159633,0.014679,0.005505,0.044037,0.016514,0.051376
N20000256,0.822064,0.113879,0.064057,0.034830,0.039411,0.026596,0.026596,0.010638,0.007779,0.001144,0.001601,0.000114,0.338290,0.356877,0.187732,0.117100,0.151246,0.526690,0.181495,0.014235,0.024911,0.040925,0.007117,0.053381
N20000257,0.182410,0.713355,0.104235,0.048860,0.104235,0.381107,0.136808,0.029316,0.047183,0.009191,0.004902,0.000613,0.316583,0.336683,0.226131,0.120603,0.504886,0.094463,0.195440,0.026059,0.078176,0.022801,0.026059,0.052117
N20000258,0.147287,0.732558,0.120155,0.017442,0.114341,0.346899,0.131783,0.013566,0.089335,0.015425,0.017996,0.003213,0.412429,0.305085,0.189266,0.093220,0.467054,0.083333,0.230620,0.011628,0.129845,0.017442,0.031008,0.029070
N20000259,0.124150,0.744898,0.130952,0.017007,0.103741,0.409864,0.134354,0.025510,0.054455,0.010608,0.005658,0.000707,0.272464,0.310145,0.162319,0.255072,0.481293,0.066327,0.226190,0.005102,0.134354,0.008503,0.025510,0.052721
N20000260,0.164869,0.705701,0.129430,0.022884,0.128602,0.328244,0.177099,0.010687,0.046557,0.009070,0.004837,0.000605,0.483122,0.324895,0.103376,0.088608,0.416025,0.080123,0.220339,0.013867,0.184900,0.012327,0.020031,0.052388
N20000261,0.098544,0.776036,0.125420,0.021277,0.082867,0.479283,0.071669,0.020157,0.105740,0.008500,0.006120,0.001700,0.316642,0.363770,0.232695,0.086892,0.539326,0.050562,0.166292,0.010112,0.169663,0.008989,0.039326,0.015730
N20000262,0.161290,0.729647,0.109063,0.018433,0.098310,0.313364,0.093702,0.039939,0.159686,0.012836,0.009242,0.002567,0.397895,0.341053,0.149474,0.111579,0.479263,0.044547,0.265745,0.001536,0.147465,0.010753,0.024578,0.026114
N20000263,0.161922,0.663701,0.174377,0.017279,0.095844,0.353571,0.114286,0.012500,0.062054,0.010714,0.012500,0.002232,0.434884,0.327907,0.148837,0.088372,0.426786,0.092857,0.201786,0.005357,0.162500,0.019643,0.030357,0.060714
N20000264,0.285505,0.518302,0.196193,0.057101,0.105417,0.177160,0.103953,0.011713,0.085144,0.014701,0.017151,0.003063,0.307155,0.347295,0.232112,0.113438,0.342105,0.135965,0.251462,0.002924,0.102339,0.026316,0.017544,0.121345
N20000265,0.364991,0.499069,0.135940,0.045288,0.093864,0.187732,0.074349,0.031599,0.090700,0.010643,0.006941,0.003239,0.338983,0.413136,0.158898,0.088983,0.341418,0.233209,0.242537,0.014925,0.098881,0.013060,0.020522,0.035448
N20000266,0.175532,0.710106,0.114362,0.029255,0.098404,0.340426,0.109043,0.010638,0.131327,0.010557,0.007601,0.002111,0.318328,0.379421,0.199357,0.102894,0.456000,0.077333,0.229333,0.000000,0.138667,0.024000,0.024000,0.050667
N20000267,0.625464,0.280593,0.093943,0.035117,0.049158,0.099010,0.048267,0.027228,0.046300,0.005433,0.003543,0.001654,0.347204,0.383615,0.158648,0.110533,0.208900,0.358467,0.260816,0.013597,0.072930,0.024722,0.017305,0.043263
N20000268,0.309309,0.585586,0.105105,0.045045,0.075075,0.285285,0.130631,0.019520,0.065967,0.006072,0.001656,0.001380,0.340000,0.317778,0.208889,0.133333,0.407796,0.157421,0.262369,0.005997,0.092954,0.029985,0.026987,0.016492
N20000269,0.187017,0.714065,0.098918,0.033171,0.080219,0.284615,0.141538,0.080000,0.103849,0.012186,0.007948,0.003709,0.231076,0.398406,0.191235,0.179283,0.557960,0.068006,0.190108,0.018547,0.103555,0.004637,0.021638,0.035549
N20000270,0.705714,0.188571,0.105714,0.045714,0.040000,0.045714,0.042857,0.002857,0.042857,0.005714,0.008571,0.000000,0.185629,0.422156,0.218563,0.173653,0.167147,0.469741,0.216138,0.002882,0.043228,0.014409,0.000000,0.086455
N20000271,0.591356,0.278978,0.129666,0.039496,0.050016,0.054795,0.052838,0.019569,0.082760,0.009712,0.006334,0.002956,0.452282,0.406639,0.089212,0.051867,0.207436,0.432485,0.199609,0.011742,0.052838,0.048924,0.017613,0.029354
N20000272,0.651446,0.216134,0.132420,0.065449,0.065449,0.063927,0.042618,0.006088,0.028539,0.003805,0.005708,0.000000,0.368098,0.423313,0.139571,0.069018,0.149390,0.469512,0.146341,0.006098,0.076220,0.028963,0.025915,0.097561
N20000273,0.804455,0.108911,0.086634,0.056307,0.039775,0.046914,0.012346,0.002469,0.005556,0.000741,0.001111,0.000000,0.240409,0.450128,0.161125,0.148338,0.123457,0.533333,0.207407,0.004938,0.049383,0.014815,0.004938,0.061728
N20000274,0.112150,0.824299,0.063551,0.026168,0.085981,0.465421,0.119626,0.031776,0.092822,0.006804,0.008748,0.013121,0.390777,0.308252,0.250000,0.050971,0.487850,0.076636,0.192523,0.007477,0.136449,0.005607,0.048598,0.044860
N20000275,0.608961,0.264766,0.126273,0.065173,0.075356,0.097760,0.042770,0.014257,0.025967,0.003462,0.005193,0.000000,0.347648,0.451943,0.118609,0.081800,0.175510,0.369388,0.248980,0.002041,0.042857,0.030612,0.020408,0.110204
N20000276,0.685000,0.181667,0.133333,0.037254,0.064805,0.035058,0.026711,0.003339,0.038815,0.005175,0.007763,0.000000,0.329352,0.370307,0.213311,0.087031,0.199667,0.487521,0.158070,0.000000,0.034942,0.018303,0.016639,0.084859
N20000277,0.870968,0.062212,0.066820,0.012171,0.022860,0.020833,0.009259,0.000000,0.006944,0.000926,0.001389,0.000000,0.286058,0.451923,0.163462,0.098558,0.073903,0.586605,0.189376,0.009238,0.018476,0.041570,0.006928,0.073903
N20000278,0.182857,0.727619,0.089524,0.037542,0.096644,0.374761,0.091778,0.024857,0.120917,0.009720,0.006998,0.001944,0.314136,0.303665,0.290576,0.091623,0.502879,0.105566,0.172745,0.005758,0.159309,0.003839,0.023033,0.026871
N20000279,0.236309,0.360090,0.403601,0.018755,0.086272,0.076519,0.048012,0.011253,0.121288,0.011165,0.003045,0.002537,0.271978,0.409341,0.248626,0.070055,0.551724,0.096702,0.079460,0.013493,0.048726,0.007496,0.005997,0.196402
N20000280,0.162861,0.730594,0.106545,0.031963,0.088280,0.362253,0.106545,0.051750,0.093029,0.006819,0.008767,0.013151,0.333952,0.361781,0.230056,0.074212,0.455927,0.135258,0.156535,0.009119,0.162614,0.007599,0.028875,0.044073
N20000281,0.368816,0.550225,0.080960,0.034981,0.067518,0.234586,0.121805,0.052632,0.056295,0.004126,0.005305,0.007958,0.320298,0.301676,0.223464,0.154562,0.373313,0.253373,0.226387,0.002999,0.083958,0.004498,0.007496,0.047976
N20000282,0.557110,0.382284,0.060606,0.064119,0.052845,0.133178,0.126168,0.023364,0.041060,0.003780,0.001031,0.000859,0.216867,0.253012,0.394578,0.135542,0.300000,0.348837,0.188372,0.013953,0.051163,0.048837,0.013953,0.034884
N20000283,0.743316,0.167112,0.089572,0.059737,0.030931,0.068091,0.044059,0.006676,0.015152,0.000551,0.000551,0.001102,0.276662,0.333849,0.132921,0.256569,0.148198,0.540721,0.202937,0.002670,0.032043,0.020027,0.022697,0.030708
N20000284,0.806818,0.125000,0.068182,0.084416,0.019481,0.058442,0.034091,0.000000,0.011338,0.000412,0.000412,0.000825,0.240506,0.363472,0.177215,0.218807,0.136143,0.583468,0.171799,0.000000,0.021070,0.045381,0.011345,0.030794
N20000285,0.361538,0.563077,0.075385,0.034851,0.058476,0.322086,0.084356,0.012270,0.065620,0.004810,0.006184,0.009276,0.272553,0.239923,0.406910,0.080614,0.358462,0.266154,0.172308,0.006154,0.141538,0.013846,0.021538,0.020000
N20000286,0.850000,0.090385,0.059615,0.044231,0.011538,0.028846,0.036538,0.000000,0.011014,0.001632,0.000816,0.000000,0.305907,0.369198,0.166667,0.158228,0.102317,0.644788,0.144788,0.009653,0.027027,0.030888,0.011583,0.028958
N20000287,0.883469,0.069106,0.047425,0.043360,0.010840,0.009485,0.021680,0.001355,0.022476,0.000817,0.000817,0.001635,0.257396,0.412722,0.205621,0.124260,0.085250,0.702300,0.132612,0.004060,0.021651,0.023004,0.009472,0.021651
N20000288,0.629167,0.283333,0.087500,0.044967,0.029695,0.116424,0.116424,0.002079,0.016335,0.000594,0.000594,0.001188,0.132124,0.274611,0.259067,0.334197,0.270833,0.395833,0.208333,0.002083,0.031250,0.014583,0.014583,0.062500
N20000289,0.738764,0.174157,0.087079,0.056180,0.039326,0.084270,0.036517,0.000000,0.011491,0.001702,0.000851,0.000000,0.047782,0.262799,0.238908,0.450512,0.193277,0.434174,0.268908,0.008403,0.022409,0.025210,0.011204,0.036415
N20000290,0.730897,0.202658,0.066445,0.035533,0.030472,0.069536,0.052980,0.003311,0.040471,0.001472,0.001472,0.002943,0.112069,0.189655,0.224138,0.474138,0.180000,0.486667,0.210000,0.010000,0.006667,0.036667,0.030000,0.040000
N20000291,0.709779,0.242902,0.047319,0.049402,0.016487,0.103774,0.103774,0.006289,0.010292,0.001525,0.000762,0.000000,0.063830,0.451064,0.246809,0.238298,0.179811,0.495268,0.201893,0.015773,0.031546,0.056782,0.000000,0.018927
N20000292,0.857651,0.081851,0.060498,0.065836,0.024911,0.014235,0.023132,0.003559,0.013103,0.001941,0.000971,0.000000,0.193798,0.341085,0.265504,0.199612,0.094474,0.673797,0.149733,0.001783,0.016043,0.048128,0.003565,0.012478
N20000293,0.619137,0.315197,0.065666,0.032995,0.069879,0.116105,0.078652,0.016854,0.029618,0.002726,0.000744,0.000620,0.343980,0.346437,0.213759,0.095823,0.219101,0.355805,0.280899,0.011236,0.056180,0.026217,0.016854,0.033708
N20000294,0.895172,0.066207,0.038621,0.067824,0.020627,0.013812,0.020718,0.000000,0.009041,0.001339,0.000670,0.000000,0.144262,0.380328,0.239344,0.236066,0.056241,0.673525,0.179698,0.002743,0.006859,0.038409,0.002743,0.039781
N20000295,0.644286,0.321429,0.034286,0.016974,0.019864,0.064011,0.172119,0.038407,0.022523,0.001733,0.001386,0.001386,0.273723,0.344891,0.226277,0.155109,0.238231,0.457917,0.154066,0.004280,0.037090,0.029957,0.008559,0.069900
N20000296,0.562162,0.418018,0.019820,0.017359,0.030921,0.163082,0.145161,0.025090,0.044803,0.003446,0.002757,0.002757,0.219949,0.276215,0.319693,0.184143,0.309222,0.379747,0.191682,0.005425,0.056058,0.016275,0.010850,0.030741
N20000297,0.882445,0.089342,0.028213,0.031816,0.009153,0.000000,0.011006,0.000000,0.057652,0.004435,0.003548,0.003548,0.127042,0.237750,0.350272,0.284936,0.059561,0.562696,0.158307,0.001567,0.009404,0.003135,0.006270,0.199060
N20000298,0.905120,0.079819,0.015060,0.028429,0.007639,0.019549,0.036090,0.000000,0.013784,0.001060,0.000848,0.000848,0.188065,0.289331,0.336347,0.186257,0.055472,0.683658,0.151424,0.013493,0.011994,0.031484,0.008996,0.043478
N20000299,0.715074,0.257353,0.027574,0.024727,0.002344,0.112933,0.103825,0.023679,0.009273,0.000618,0.002649,0.002031,0.142857,0.208232,0.469734,0.179177,0.211009,0.502752,0.187156,0.011009,0.005505,0.029358,0.005505,0.047706
N20000300,0.851852,0.109053,0.039095,0.013009,0.003682,0.010331,0.053719,0.010331,0.025826,0.001987,0.001589,0.001589,0.222520,0.310992,0.319035,0.147453,0.088843,0.659091,0.175620,0.008264,0.010331,0.020661,0.002066,0.035124
N20000301,0.779021,0.183217,0.037762,0.054545,0.009790,0.033566,0.078322,0.012587,0.031151,0.002077,0.008900,0.006823,0.197115,0.302885,0.339744,0.160256,0.090782,0.590782,0.201117,0.008380,0.050279,0.032123,0.002793,0.023743
N20000302,0.627273,0.342857,0.029870,0.036599,0.007365,0.084197,0.196891,0.006477,0.039940,0.003072,0.002458,0.002458,0.205179,0.254980,0.392430,0.147410,0.228869,0.472042,0.195059,0.005202,0.053316,0.014304,0.001300,0.029909
N20000303,0.932836,0.037313,0.029851,0.037313,0.004478,0.002985,0.007463,0.000000,0.017102,0.002384,0.001969,0.000933,0.084532,0.291367,0.230216,0.393885,0.038806,0.589552,0.244776,0.004478,0.001493,0.019403,0.004478,0.097015
N20000304,0.625247,0.291913,0.082840,0.034695,0.030102,0.049213,0.159449,0.000000,0.040600,0.005659,0.004675,0.002215,0.168618,0.264637,0.206089,0.360656,0.238189,0.374016,0.185039,0.003937,0.027559,0.019685,0.015748,0.135827
N20000305,0.248239,0.698944,0.052817,0.014496,0.020561,0.265378,0.288225,0.022847,0.064867,0.004324,0.018533,0.014209,0.222453,0.272349,0.305613,0.199584,0.425044,0.165785,0.172840,0.007055,0.112875,0.012346,0.024691,0.079365
N20000306,0.559701,0.395522,0.044776,0.024254,0.007463,0.152985,0.166045,0.022388,0.038646,0.001333,0.004886,0.001777,0.447174,0.292383,0.162162,0.098280,0.275605,0.443203,0.141527,0.014898,0.057728,0.016760,0.011173,0.039106
N20000307,0.514423,0.420673,0.064904,0.038462,0.031250,0.127404,0.206731,0.002404,0.043819,0.001511,0.005540,0.002015,0.433022,0.352025,0.149533,0.065421,0.300481,0.382212,0.197115,0.002404,0.045673,0.012019,0.007212,0.052885
N20000308,0.508009,0.340961,0.151030,0.022883,0.038902,0.029748,0.116705,0.006865,0.113622,0.015838,0.013084,0.006198,0.075419,0.198324,0.335196,0.391061,0.173913,0.208238,0.137300,0.006865,0.027460,0.009153,0.004577,0.432494
N20000309,0.809384,0.118768,0.071848,0.045881,0.016579,0.014599,0.018978,0.001460,0.060526,0.005743,0.000884,0.000000,0.120661,0.302479,0.279339,0.297521,0.083578,0.501466,0.168622,0.004399,0.001466,0.020528,0.005865,0.214076
N20000310,0.618182,0.325000,0.056818,0.018182,0.022727,0.081818,0.140909,0.020455,0.034835,0.005161,0.012128,0.006967,0.174556,0.378698,0.337278,0.109467,0.206818,0.459091,0.211364,0.000000,0.079545,0.004545,0.006818,0.031818
N20000311,0.634429,0.286267,0.079304,0.042907,0.051199,0.078998,0.080925,0.000000,0.062263,0.002147,0.007872,0.002863,0.252232,0.444196,0.203125,0.100446,0.144509,0.452794,0.221580,0.015414,0.040462,0.036609,0.009634,0.078998
N20000312,0.795977,0.140805,0.063218,0.048867,0.035313,0.031792,0.034682,0.007225,0.028655,0.002719,0.000418,0.000000,0.257471,0.250575,0.236782,0.255172,0.135057,0.517241,0.173851,0.002874,0.015805,0.056034,0.007184,0.091954
N20000313,0.707094,0.146453,0.146453,0.068457,0.012362,0.013636,0.009091,0.011364,0.077720,0.010881,0.010363,0.001036,0.053892,0.215569,0.221557,0.508982,0.066362,0.382151,0.153318,0.000000,0.018307,0.011442,0.004577,0.363844
N20000314,0.276056,0.529577,0.194366,0.016901,0.050704,0.143662,0.267606,0.014085,0.044346,0.001529,0.005607,0.002039,0.222222,0.142222,0.315556,0.320000,0.323944,0.129577,0.214085,0.005634,0.053521,0.016901,0.016901,0.239437
N20000315,0.410156,0.371094,0.218750,0.049372,0.063251,0.098039,0.125490,0.019608,0.049428,0.006890,0.005692,0.002696,0.328622,0.215548,0.106007,0.349823,0.198039,0.264706,0.160784,0.009804,0.037255,0.021569,0.029412,0.278431
N20000316,0.825301,0.084337,0.090361,0.024096,0.006024,0.000000,0.006024,0.002008,0.063345,0.006011,0.000925,0.000000,0.053613,0.223776,0.118881,0.603730,0.014028,0.547094,0.196393,0.002004,0.012024,0.010020,0.006012,0.212425
N20000317,0.850914,0.091421,0.057665,0.040788,0.007032,0.025316,0.023910,0.002813,0.029156,0.002767,0.000426,0.000000,0.140483,0.197885,0.303625,0.358006,0.023977,0.511989,0.208745,0.004231,0.000000,0.021157,0.004231,0.225670
N20000318,0.879017,0.060491,0.060491,0.042205,0.001668,0.009488,0.015180,0.001898,0.029075,0.002759,0.000424,0.000000,0.112412,0.236534,0.337237,0.313817,0.068182,0.553030,0.151515,0.007576,0.005682,0.005682,0.003788,0.204545
N20000319,0.687259,0.212355,0.100386,0.033266,0.022241,0.026616,0.045627,0.015209,0.079789,0.011170,0.010639,0.001064,0.056410,0.189744,0.189744,0.564103,0.115385,0.376923,0.142308,0.003846,0.011538,0.023077,0.000000,0.326923
N20000320,0.259332,0.540275,0.200393,0.041941,0.089682,0.084980,0.207510,0.007905,0.116734,0.016343,0.015565,0.001556,0.060976,0.173171,0.253659,0.512195,0.310413,0.121807,0.159136,0.001965,0.058939,0.001965,0.011788,0.333988
N20000321,0.930091,0.054711,0.015198,0.060001,0.009394,0.012085,0.003021,0.000000,0.023480,0.003287,0.003131,0.000313,0.042705,0.185053,0.245552,0.526690,0.036364,0.621212,0.196970,0.009091,0.006061,0.027273,0.003030,0.100000
N20000322,0.921941,0.040084,0.037975,0.046414,0.002110,0.012658,0.006329,0.000000,0.017114,0.001624,0.000250,0.000000,0.046272,0.149100,0.233933,0.570694,0.027426,0.616034,0.187764,0.002110,0.000000,0.027426,0.004219,0.135021
N20000323,0.750000,0.120690,0.129310,0.053030,0.016794,0.008658,0.000000,0.004329,0.070655,0.009892,0.009421,0.000942,0.079365,0.248677,0.222222,0.449735,0.038961,0.471861,0.147186,0.004329,0.008658,0.034632,0.000000,0.294372
N20000324,0.473829,0.352617,0.173554,0.037365,0.040462,0.088398,0.135359,0.002762,0.065416,0.009119,0.007533,0.003568,0.058621,0.213793,0.248276,0.479310,0.221607,0.157895,0.146814,0.002770,0.066482,0.013850,0.005540,0.385042
N20000325,0.485366,0.419512,0.095122,0.036585,0.041463,0.151220,0.131707,0.002439,0.073580,0.005660,0.009905,0.003538,0.243077,0.283077,0.243077,0.230769,0.217073,0.285366,0.143902,0.002439,0.107317,0.009756,0.021951,0.212195
N20000326,0.101887,0.718868,0.179245,0.018868,0.062264,0.133962,0.422642,0.015094,0.064858,0.009041,0.007469,0.003538,0.032338,0.184080,0.261194,0.522388,0.481132,0.015094,0.128302,0.005660,0.100000,0.000000,0.005660,0.264151
N20000327,0.929760,0.038817,0.031423,0.022181,0.001848,0.005545,0.001848,0.001848,0.021549,0.003017,0.002873,0.000287,0.004237,0.262712,0.205508,0.527542,0.031365,0.682657,0.182657,0.007380,0.007380,0.007380,0.000000,0.081181
N20000328,0.495385,0.341538,0.163077,0.045843,0.057135,0.094801,0.085627,0.012232,0.072834,0.005603,0.009805,0.003502,0.127660,0.276596,0.306383,0.289362,0.202454,0.325153,0.159509,0.006135,0.027607,0.030675,0.003067,0.245399
N20000329,0.879950,0.060644,0.059406,0.034653,0.016089,0.006188,0.011139,0.002475,0.019651,0.001512,0.002645,0.000945,0.188791,0.218289,0.328909,0.264012,0.051980,0.644802,0.144802,0.002475,0.011139,0.030941,0.001238,0.112624
N20000330,0.829181,0.108541,0.062278,0.044868,0.035457,0.032086,0.023173,0.000000,0.014151,0.001089,0.001905,0.000680,0.151762,0.219512,0.314363,0.314363,0.119005,0.550622,0.216696,0.000000,0.014210,0.010657,0.003552,0.085258
N20000331,0.839442,0.111693,0.048866,0.023008,0.013791,0.024476,0.024476,0.000000,0.038862,0.002989,0.005231,0.001868,0.328244,0.362595,0.213740,0.095420,0.071553,0.631763,0.178010,0.001745,0.006981,0.031414,0.033159,0.045375
N20000332,0.605634,0.307847,0.086519,0.030181,0.056338,0.112676,0.102616,0.008048,0.020884,0.002186,0.002914,0.002186,0.263158,0.348371,0.258145,0.130326,0.211268,0.474849,0.183099,0.010060,0.032193,0.012072,0.006036,0.070423
N20000333,0.439673,0.466258,0.094070,0.038855,0.028630,0.116564,0.255624,0.006135,0.043967,0.004601,0.006135,0.004601,0.092910,0.188264,0.288509,0.430318,0.314928,0.265849,0.212679,0.002045,0.071575,0.014315,0.008180,0.110429
N20000334,0.521053,0.401754,0.077193,0.049123,0.038596,0.096491,0.177193,0.014035,0.055929,0.005853,0.007804,0.005853,0.307865,0.346067,0.191011,0.155056,0.254386,0.342105,0.243860,0.017544,0.056140,0.007018,0.005263,0.073684
N20000335,0.835476,0.092545,0.071979,0.031352,0.030689,0.020619,0.023196,0.005155,0.010231,0.000787,0.001377,0.000492,0.298153,0.366755,0.200528,0.134565,0.077121,0.719794,0.105398,0.000000,0.017995,0.020566,0.007712,0.051414
N20000336,0.696774,0.258065,0.045161,0.032258,0.015054,0.088172,0.111828,0.002151,0.030293,0.003170,0.004227,0.003170,0.349246,0.321608,0.218593,0.110553,0.180258,0.542918,0.178112,0.000000,0.017167,0.030043,0.008584,0.042918
N20000337,0.686071,0.232848,0.081081,0.042917,0.021230,0.091286,0.097510,0.000000,0.016919,0.001771,0.002361,0.001771,0.239808,0.414868,0.239808,0.105516,0.186722,0.446058,0.199170,0.000000,0.037344,0.043568,0.018672,0.068465
N20000338,0.253695,0.724138,0.022167,0.009852,0.014778,0.317734,0.221675,0.027094,0.084217,0.012477,0.029320,0.016843,0.166154,0.335385,0.372308,0.126154,0.484029,0.171990,0.149877,0.012285,0.142506,0.019656,0.002457,0.017199
N20000339,0.650624,0.265597,0.083779,0.044563,0.019608,0.078431,0.110517,0.016043,0.024169,0.003581,0.008414,0.004834,0.220779,0.257576,0.274892,0.246753,0.177936,0.485765,0.192171,0.000000,0.058719,0.005338,0.012456,0.067616
N20000340,0.318600,0.662983,0.018416,0.020258,0.036832,0.243094,0.279926,0.023941,0.050393,0.003360,0.014398,0.011039,0.185882,0.237647,0.503529,0.072941,0.462247,0.268877,0.136280,0.000000,0.090239,0.003683,0.001842,0.036832
N20000341,0.706490,0.259587,0.033923,0.026549,0.014749,0.126844,0.075221,0.007375,0.020868,0.003092,0.007265,0.004174,0.344523,0.293286,0.224382,0.137809,0.191740,0.532448,0.194690,0.001475,0.026549,0.013274,0.008850,0.030973
N20000342,0.879808,0.096154,0.024038,0.014747,0.009407,0.019277,0.016867,0.000000,0.032202,0.002147,0.009200,0.007054,0.161290,0.337243,0.237537,0.263930,0.093750,0.656250,0.149038,0.012019,0.000000,0.021635,0.002404,0.064904
N20000343,0.559701,0.414925,0.025373,0.013433,0.020896,0.174627,0.146269,0.001493,0.042234,0.006257,0.014704,0.008447,0.277886,0.213307,0.414873,0.093933,0.238450,0.442623,0.171386,0.002981,0.107303,0.014903,0.004471,0.017884
N20000344,0.567753,0.411664,0.020583,0.012007,0.025729,0.226415,0.085763,0.005146,0.040023,0.006157,0.014074,0.008356,0.159645,0.239468,0.458980,0.141907,0.293814,0.396907,0.197595,0.005155,0.056701,0.029210,0.001718,0.018900
N20000345,0.781086,0.217163,0.001751,0.021016,0.008757,0.075306,0.038529,0.007005,0.051622,0.007648,0.017972,0.010324,0.161359,0.239915,0.452229,0.146497,0.146853,0.618881,0.185315,0.000000,0.026224,0.008741,0.006993,0.006993
N20000346,0.640791,0.319635,0.039574,0.017691,0.020243,0.197568,0.039514,0.003040,0.034574,0.005319,0.012158,0.007219,0.215534,0.248544,0.337864,0.198058,0.208207,0.480243,0.211246,0.000000,0.059271,0.009119,0.004559,0.027356
N20000347,0.835907,0.158301,0.005792,0.025097,0.007722,0.083012,0.028958,0.000000,0.022523,0.003465,0.007920,0.004703,0.201900,0.232779,0.375297,0.190024,0.118774,0.697318,0.124521,0.000000,0.009579,0.021073,0.003831,0.024904
N20000348,0.887619,0.089524,0.022857,0.032381,0.009524,0.017143,0.003810,0.000000,0.055357,0.002460,0.001230,0.000000,0.186364,0.234091,0.297727,0.281818,0.032381,0.645714,0.131429,0.003810,0.000000,0.040000,0.001905,0.144762
N20000349,0.846482,0.085288,0.068230,0.037971,0.010820,0.029787,0.014894,0.000000,0.027926,0.001241,0.000621,0.000000,0.089021,0.237389,0.270030,0.403561,0.050955,0.622081,0.159236,0.004246,0.008493,0.014862,0.004246,0.135881
N20000350,0.898251,0.054054,0.047695,0.029033,0.004612,0.023923,0.007974,0.006380,0.010467,0.000465,0.000233,0.000000,0.096346,0.232558,0.247508,0.423588,0.042925,0.643879,0.178060,0.006359,0.014308,0.033386,0.000000,0.081081
N20000351,0.846868,0.078886,0.074246,0.020882,0.013921,0.000000,0.013921,0.000000,0.047854,0.002127,0.001063,0.000000,0.089286,0.223214,0.187500,0.500000,0.032483,0.596288,0.136891,0.000000,0.000000,0.013921,0.000000,0.220418
N20000352,0.834483,0.075862,0.089655,0.032759,0.018966,0.003448,0.015517,0.000000,0.035560,0.001580,0.000790,0.000000,0.052036,0.196833,0.280543,0.470588,0.044828,0.550000,0.208621,0.005172,0.012069,0.010345,0.001724,0.167241
N20000353,0.847656,0.113281,0.039062,0.010721,0.011120,0.035363,0.023576,0.001965,0.024067,0.003703,0.008463,0.005025,0.162228,0.234867,0.404358,0.198547,0.109375,0.685547,0.156250,0.000000,0.011719,0.001953,0.001953,0.033203
N20000354,0.796196,0.176630,0.027174,0.023098,0.010870,0.076087,0.048913,0.001359,0.022985,0.003536,0.008082,0.004799,0.200326,0.285016,0.400651,0.114007,0.117007,0.564626,0.229932,0.001361,0.021769,0.034014,0.000000,0.031293
N20000355,0.946869,0.045541,0.007590,0.039848,0.005693,0.024668,0.001898,0.000000,0.007748,0.001192,0.002725,0.001618,0.194570,0.278281,0.325792,0.201357,0.022770,0.681214,0.208729,0.005693,0.003795,0.056926,0.009488,0.011385
N20000356,0.532764,0.433048,0.034188,0.010652,0.016501,0.084165,0.272468,0.009986,0.024802,0.005836,0.001945,0.017345,0.204589,0.294455,0.281071,0.219885,0.318571,0.374286,0.161429,0.011429,0.075714,0.027143,0.000000,0.031429
N20000357,0.071429,0.864796,0.063776,0.015018,0.069924,0.079487,0.469231,0.107692,0.068781,0.016184,0.005395,0.048102,0.089701,0.295681,0.455150,0.159468,0.664103,0.028205,0.092308,0.002564,0.164103,0.002564,0.000000,0.046154
N20000358,0.368327,0.592527,0.039146,0.010676,0.030249,0.119217,0.288256,0.033808,0.078512,0.011896,0.010196,0.020393,0.201923,0.319712,0.324519,0.153846,0.432624,0.285461,0.140071,0.001773,0.102837,0.012411,0.003546,0.021277
N20000359,0.061261,0.845045,0.093694,0.014414,0.054054,0.169369,0.414414,0.046847,0.079660,0.018743,0.006248,0.055710,0.244000,0.346000,0.210000,0.200000,0.547748,0.030631,0.135135,0.003604,0.205405,0.003604,0.010811,0.063063
N20000360,0.468983,0.488834,0.042184,0.022333,0.042184,0.044665,0.287841,0.012407,0.066015,0.010002,0.008573,0.017147,0.249258,0.281899,0.382789,0.086053,0.325062,0.327543,0.196030,0.007444,0.101737,0.017370,0.004963,0.019851
N20000361,0.650224,0.288490,0.061286,0.011958,0.028401,0.061286,0.104634,0.040359,0.026731,0.006290,0.002097,0.018694,0.320946,0.270270,0.258446,0.150338,0.214925,0.467164,0.185075,0.008955,0.029851,0.026866,0.016418,0.050746
N20000362,0.206790,0.742284,0.050926,0.004630,0.044753,0.129630,0.365741,0.057099,0.072060,0.016955,0.005652,0.050395,0.198807,0.226640,0.326044,0.248509,0.523148,0.148148,0.157407,0.000000,0.108025,0.015432,0.006173,0.041667
N20000363,0.236735,0.683673,0.079592,0.006122,0.030612,0.124490,0.312245,0.085714,0.084751,0.012841,0.011007,0.022013,0.195062,0.325926,0.335802,0.143210,0.471660,0.161943,0.165992,0.000000,0.137652,0.018219,0.010121,0.034413
N20000364,0.342246,0.616756,0.040998,0.009509,0.040727,0.114490,0.318426,0.042934,0.065004,0.009849,0.008442,0.016884,0.251701,0.362812,0.260771,0.124717,0.448029,0.232975,0.150538,0.010753,0.109319,0.012545,0.012545,0.023297
N20000365,0.211503,0.727273,0.061224,0.012987,0.066790,0.126160,0.326531,0.094620,0.073435,0.011127,0.009537,0.019074,0.290249,0.242630,0.351474,0.115646,0.556586,0.148423,0.120594,0.001855,0.122449,0.007421,0.007421,0.035250
N20000366,0.233405,0.747323,0.019272,0.014989,0.029979,0.199143,0.355460,0.021413,0.091704,0.013895,0.011910,0.023819,0.277439,0.304878,0.274390,0.143293,0.496788,0.115632,0.209850,0.004283,0.119914,0.002141,0.002141,0.049251
N20000367,0.433836,0.532663,0.033501,0.012431,0.017613,0.080268,0.230769,0.095318,0.054030,0.011759,0.012713,0.030193,0.257606,0.302231,0.320487,0.119675,0.373957,0.287145,0.193656,0.001669,0.093489,0.016694,0.013356,0.020033
N20000368,0.155689,0.579341,0.264970,0.010479,0.055389,0.137725,0.229042,0.025449,0.085823,0.008830,0.020485,0.016600,0.095469,0.322006,0.224919,0.357605,0.397608,0.080717,0.100149,0.000000,0.086697,0.001495,0.007474,0.325859
N20000369,0.296183,0.661069,0.042748,0.019847,0.047328,0.112977,0.283969,0.056489,0.079684,0.017343,0.018749,0.044529,0.254054,0.291892,0.354955,0.099099,0.474006,0.212538,0.165138,0.000000,0.087156,0.003058,0.013761,0.044343
N20000370,0.896635,0.064904,0.038462,0.053261,0.011892,0.000000,0.016867,0.009639,0.020027,0.002945,0.002945,0.000589,0.128205,0.397436,0.271795,0.202564,0.074699,0.597590,0.228916,0.007229,0.004819,0.002410,0.004819,0.079518
N20000371,0.898194,0.044335,0.057471,0.036125,0.008210,0.004926,0.016420,0.004926,0.008907,0.000270,0.000405,0.000270,0.084189,0.211499,0.203285,0.501027,0.114943,0.494253,0.229885,0.004926,0.008210,0.027915,0.022989,0.096880
N20000372,0.881720,0.053763,0.064516,0.023259,0.007610,0.000000,0.021538,0.000000,0.018598,0.002735,0.002735,0.000547,0.269982,0.248668,0.312611,0.168739,0.073846,0.576923,0.212308,0.000000,0.003077,0.058462,0.004615,0.070769
N20000373,0.917384,0.025818,0.056799,0.043246,0.005128,0.000000,0.010345,0.000000,0.009353,0.000283,0.000425,0.000283,0.043573,0.267974,0.283224,0.405229,0.060137,0.561856,0.168385,0.005155,0.006873,0.018900,0.006873,0.171821
N20000374,0.880109,0.062670,0.057221,0.065901,0.008025,0.005464,0.019126,0.000000,0.022708,0.003339,0.003339,0.000668,0.106719,0.233202,0.205534,0.454545,0.161202,0.407104,0.259563,0.016393,0.010929,0.010929,0.000000,0.133880
N20000375,0.865031,0.055215,0.079755,0.049646,0.012138,0.012308,0.006154,0.003077,0.019473,0.000590,0.000885,0.000590,0.034722,0.170139,0.111111,0.684028,0.043077,0.449231,0.163077,0.006154,0.018462,0.015385,0.003077,0.301538
N20000376,0.877256,0.068592,0.054152,0.021661,0.010830,0.000000,0.000000,0.000000,0.052223,0.001583,0.002374,0.001583,0.055777,0.115538,0.115538,0.713147,0.103943,0.354839,0.229391,0.000000,0.017921,0.003584,0.000000,0.290323
N20000377,0.302326,0.484144,0.213531,0.065539,0.082452,0.086681,0.143763,0.065539,0.086705,0.004157,0.012471,0.002375,0.134177,0.184810,0.316456,0.364557,0.378436,0.044397,0.124736,0.000000,0.067653,0.004228,0.008457,0.372093
N20000378,0.948655,0.024450,0.026895,0.024450,0.007335,0.002445,0.009780,0.000000,0.003900,0.000433,0.000495,0.000062,0.158501,0.265130,0.291066,0.285303,0.044010,0.584352,0.239609,0.007335,0.000000,0.024450,0.000000,0.100244
N20000379,0.792998,0.141553,0.065449,0.057839,0.025875,0.010654,0.035008,0.012177,0.052292,0.001585,0.002377,0.001585,0.046099,0.179078,0.131206,0.643617,0.110774,0.355083,0.215478,0.009105,0.013657,0.007587,0.001517,0.286798
N20000380,0.780362,0.152455,0.067183,0.039429,0.043646,0.028497,0.056995,0.005181,0.013702,0.002015,0.002015,0.000403,0.156863,0.320261,0.228758,0.294118,0.170543,0.524548,0.175711,0.012920,0.015504,0.015504,0.000000,0.085271
N20000381,0.815972,0.053819,0.130208,0.024668,0.010341,0.010435,0.005217,0.003478,0.019417,0.002157,0.002466,0.000308,0.087751,0.234004,0.226691,0.451554,0.071057,0.483536,0.117851,0.000000,0.019064,0.005199,0.001733,0.301560
N20000382,0.747885,0.115059,0.137056,0.050761,0.033841,0.008460,0.013536,0.000000,0.047227,0.005247,0.005997,0.000750,0.017544,0.181287,0.243665,0.557505,0.065657,0.259259,0.124579,0.008418,0.011785,0.006734,0.001684,0.521886
N20000383,0.264122,0.690076,0.045802,0.018321,0.035115,0.151145,0.325191,0.067176,0.072607,0.007470,0.017330,0.014043,0.264583,0.295833,0.268750,0.170833,0.525915,0.158537,0.161585,0.004573,0.096037,0.016768,0.007622,0.028963
N20000384,0.111111,0.754630,0.134259,0.022017,0.100252,0.147465,0.247312,0.087558,0.104455,0.027650,0.020276,0.019662,0.248954,0.359833,0.190377,0.200837,0.501538,0.023077,0.206154,0.007692,0.115385,0.027692,0.027692,0.090769
N20000385,0.118841,0.701449,0.179710,0.031884,0.081159,0.075362,0.295652,0.063768,0.108106,0.048616,0.019190,0.009595,0.029630,0.162963,0.185185,0.622222,0.472464,0.020290,0.115942,0.000000,0.168116,0.014493,0.000000,0.208696
N20000386,0.762557,0.114155,0.123288,0.069193,0.024910,0.009153,0.016018,0.000000,0.051096,0.005677,0.006488,0.000811,0.025070,0.164345,0.222841,0.587744,0.057208,0.336384,0.109840,0.000000,0.006865,0.006865,0.002288,0.480549
N20000387,0.109215,0.802048,0.088737,0.040956,0.071672,0.143345,0.303754,0.153584,0.075580,0.033988,0.013416,0.006708,0.032558,0.227907,0.325581,0.413953,0.589041,0.020548,0.157534,0.003425,0.082192,0.010274,0.003425,0.133562
N20000388,0.117493,0.684073,0.198433,0.023253,0.055801,0.052356,0.324607,0.094241,0.091533,0.041163,0.016248,0.008124,0.053797,0.196203,0.224684,0.525316,0.514360,0.002611,0.075718,0.000000,0.140992,0.000000,0.005222,0.261097
N20000389,0.169757,0.614836,0.215407,0.027104,0.075606,0.064194,0.303852,0.064194,0.063475,0.019961,0.017566,0.005988,0.053797,0.261076,0.286392,0.398734,0.480057,0.034188,0.111111,0.001425,0.082621,0.002849,0.001425,0.286325
N20000390,0.180778,0.629291,0.189931,0.036613,0.077803,0.109840,0.311213,0.027460,0.060009,0.026987,0.010653,0.005326,0.045213,0.101064,0.263298,0.590426,0.439359,0.036613,0.118993,0.002288,0.116705,0.000000,0.002288,0.283753
N20000391,0.210909,0.636364,0.152727,0.047273,0.058182,0.112727,0.290909,0.061818,0.065693,0.029542,0.011661,0.005831,0.000000,0.227907,0.213953,0.558140,0.478261,0.028986,0.094203,0.000000,0.090580,0.000000,0.018116,0.289855
N20000392,0.091418,0.720149,0.188433,0.014925,0.065299,0.138060,0.305970,0.093284,0.071362,0.018890,0.013853,0.013433,0.067358,0.225389,0.240933,0.466321,0.565056,0.027881,0.144981,0.005576,0.100372,0.001859,0.003717,0.150558
N20000393,0.275488,0.544469,0.180043,0.044047,0.083770,0.082969,0.222707,0.052402,0.084172,0.004036,0.012107,0.002306,0.122324,0.232416,0.311927,0.333333,0.297826,0.058696,0.171739,0.000000,0.104348,0.000000,0.000000,0.367391
N20000394,0.096774,0.741935,0.161290,0.010512,0.061424,0.143770,0.341853,0.028754,0.096816,0.043539,0.017186,0.008593,0.037657,0.246862,0.251046,0.464435,0.525806,0.019355,0.109677,0.000000,0.109677,0.006452,0.009677,0.219355
N20000395,0.440959,0.321033,0.238007,0.044280,0.040590,0.020295,0.088561,0.022140,0.122580,0.005877,0.017631,0.003358,0.033755,0.092827,0.305907,0.567511,0.168207,0.070240,0.088725,0.000000,0.035120,0.001848,0.009242,0.626617
N20000396,0.111888,0.717949,0.170163,0.018865,0.066786,0.097674,0.337209,0.102326,0.067607,0.021260,0.018709,0.006378,0.044199,0.176796,0.190608,0.588398,0.517483,0.016317,0.118881,0.000000,0.109557,0.004662,0.009324,0.223776
N20000397,0.039216,0.823529,0.137255,0.011244,0.080872,0.195804,0.307692,0.092308,0.089161,0.023601,0.017308,0.016783,0.160870,0.456522,0.254348,0.128261,0.605594,0.019580,0.131469,0.004196,0.149650,0.006993,0.015385,0.067133
N20000398,0.330416,0.455142,0.214442,0.056893,0.048140,0.050328,0.240700,0.017505,0.077564,0.011002,0.007151,0.002751,0.111688,0.153247,0.241558,0.493506,0.334792,0.028446,0.120350,0.002188,0.061269,0.019694,0.008753,0.424508
N20000399,0.162896,0.692308,0.144796,0.011312,0.072398,0.099548,0.371041,0.038462,0.065771,0.020683,0.018201,0.006205,0.027397,0.101370,0.232877,0.638356,0.474041,0.020316,0.146727,0.002257,0.085779,0.004515,0.004515,0.261851
N20000400,0.473684,0.309211,0.217105,0.049177,0.055381,0.032823,0.115974,0.015317,0.070670,0.010024,0.006516,0.002506,0.106965,0.121891,0.199005,0.572139,0.201735,0.045553,0.130152,0.000000,0.045553,0.000000,0.017354,0.559653
N20000401,0.725552,0.228707,0.045741,0.016891,0.019258,0.036220,0.078740,0.015748,0.039140,0.008519,0.009209,0.021872,0.194805,0.343228,0.326531,0.135436,0.189274,0.463722,0.217666,0.000000,0.023659,0.029968,0.007886,0.067823
N20000402,0.187817,0.638325,0.173858,0.026445,0.053827,0.120712,0.299873,0.043202,0.071616,0.022521,0.019818,0.006756,0.132597,0.252762,0.258287,0.356354,0.446701,0.032995,0.118020,0.005076,0.121827,0.000000,0.001269,0.274112
N20000403,0.427948,0.331878,0.240175,0.038817,0.034052,0.041304,0.136957,0.015217,0.082196,0.011659,0.007578,0.002915,0.031630,0.180049,0.231144,0.557178,0.246187,0.065359,0.087146,0.004357,0.032680,0.000000,0.002179,0.562092
N20000404,0.189490,0.679936,0.130573,0.017789,0.071033,0.068362,0.324324,0.076312,0.094436,0.016089,0.020286,0.009094,0.093275,0.255965,0.290672,0.360087,0.456280,0.050874,0.135135,0.003180,0.131955,0.000000,0.007949,0.214626
N20000405,0.281377,0.595142,0.123482,0.025798,0.083986,0.139959,0.184584,0.079108,0.072566,0.012363,0.015588,0.006988,0.126316,0.294737,0.321053,0.257895,0.359596,0.064646,0.171717,0.002020,0.123232,0.018182,0.014141,0.246465
N20000406,0.068027,0.853741,0.078231,0.000231,0.087640,0.186441,0.349153,0.115254,0.068635,0.009712,0.026547,0.010360,0.121951,0.292683,0.239024,0.346341,0.593857,0.023891,0.085324,0.000000,0.150171,0.000000,0.020478,0.126280
N20000407,0.138958,0.732010,0.129032,0.029777,0.086849,0.086849,0.347395,0.064516,0.098821,0.016836,0.021228,0.009516,0.099042,0.354633,0.255591,0.290735,0.538462,0.034739,0.111663,0.002481,0.111663,0.004963,0.002481,0.193548
N20000408,0.193846,0.735385,0.070769,0.044313,0.074948,0.155763,0.439252,0.021807,0.021679,0.004718,0.005101,0.012115,0.148760,0.280992,0.243802,0.326446,0.524845,0.068323,0.139752,0.006211,0.152174,0.009317,0.034161,0.065217
N20000409,0.046218,0.827731,0.126050,0.000000,0.071429,0.126050,0.378151,0.121849,0.077566,0.010976,0.030002,0.011708,0.045455,0.242424,0.272727,0.439394,0.571429,0.025210,0.189076,0.000000,0.126050,0.008403,0.004202,0.075630
N20000410,0.172805,0.662890,0.164306,0.022663,0.076487,0.118980,0.269122,0.082153,0.069166,0.009788,0.026753,0.010440,0.037543,0.191126,0.290102,0.481229,0.477401,0.016949,0.177966,0.000000,0.064972,0.002825,0.011299,0.248588
N20000411,0.365714,0.398095,0.236190,0.048224,0.057791,0.060837,0.157795,0.036122,0.067390,0.009559,0.006213,0.002390,0.102397,0.287582,0.224401,0.385621,0.319312,0.040153,0.145315,0.011472,0.045889,0.007648,0.003824,0.426386
N20000412,0.206107,0.673664,0.120229,0.041985,0.057252,0.137405,0.280534,0.061069,0.081825,0.011579,0.031649,0.012351,0.086747,0.373494,0.308434,0.231325,0.452471,0.049430,0.123574,0.000000,0.125475,0.001901,0.009506,0.237643
N20000413,0.229137,0.589816,0.181047,0.029703,0.057992,0.145686,0.213579,0.052334,0.069922,0.021128,0.020625,0.008552,0.117021,0.259878,0.235562,0.387538,0.401697,0.057992,0.141443,0.001414,0.114569,0.001414,0.008487,0.272984
N20000414,0.190678,0.711864,0.097458,0.004237,0.063559,0.175847,0.273305,0.116525,0.048055,0.014520,0.014175,0.005877,0.233645,0.397196,0.238318,0.130841,0.530786,0.061571,0.182590,0.004246,0.121019,0.016985,0.010616,0.072187
N20000415,0.197753,0.689888,0.112360,0.020225,0.047191,0.173034,0.285393,0.074157,0.064040,0.019350,0.018890,0.007832,0.169048,0.369048,0.266667,0.195238,0.471910,0.062921,0.155056,0.002247,0.132584,0.002247,0.000000,0.173034
N20000416,0.335413,0.597504,0.067083,0.016663,0.058441,0.146875,0.204687,0.089063,0.064130,0.006598,0.015307,0.012404,0.237425,0.362173,0.275654,0.124748,0.380062,0.211838,0.250779,0.007788,0.095016,0.009346,0.010903,0.034268
N20000417,0.089810,0.797927,0.112263,0.017271,0.091537,0.117444,0.397237,0.077720,0.066295,0.020032,0.019555,0.008108,0.186296,0.340471,0.226981,0.246253,0.559585,0.050086,0.132988,0.001727,0.145078,0.012090,0.013817,0.084629
N20000418,0.403361,0.553221,0.043417,0.012605,0.028011,0.179272,0.161064,0.033613,0.075188,0.016364,0.017691,0.042017,0.330206,0.296435,0.219512,0.153846,0.372549,0.295518,0.190476,0.001401,0.081232,0.016807,0.015406,0.026611
N20000419,0.227273,0.723140,0.049587,0.016207,0.044862,0.157787,0.223361,0.143443,0.100124,0.010301,0.023898,0.019366,0.234177,0.367089,0.278481,0.120253,0.570248,0.117769,0.157025,0.000000,0.117769,0.008264,0.016529,0.012397
N20000420,0.181818,0.801268,0.016913,0.012685,0.042283,0.188161,0.348837,0.065539,0.101922,0.010486,0.024327,0.019713,0.296073,0.335347,0.277946,0.090634,0.490486,0.073996,0.171247,0.002114,0.173362,0.004228,0.033827,0.050740
N20000421,0.738764,0.242978,0.018258,0.027279,0.030092,0.018207,0.089636,0.023810,0.052612,0.007576,0.009260,0.011785,0.275000,0.355000,0.236667,0.133333,0.182584,0.537921,0.188202,0.001404,0.047753,0.019663,0.001404,0.021067
N20000422,0.765075,0.211055,0.023869,0.008794,0.011307,0.015075,0.060302,0.000000,0.080552,0.011599,0.014177,0.018044,0.284418,0.261725,0.338880,0.114977,0.177136,0.531407,0.208543,0.006281,0.026382,0.030151,0.003769,0.016332
N20000423,0.935733,0.044987,0.019280,0.021851,0.003856,0.014139,0.021851,0.001285,0.002497,0.000360,0.000440,0.000559,0.268921,0.312399,0.267311,0.151369,0.078507,0.626770,0.235521,0.003861,0.012870,0.027027,0.001287,0.014157
N20000424,0.832494,0.129723,0.037783,0.023929,0.017632,0.025189,0.035264,0.010076,0.026918,0.003876,0.004738,0.006030,0.299401,0.287425,0.266467,0.146707,0.120755,0.591195,0.218868,0.008805,0.017610,0.021384,0.005031,0.016352
N20000425,0.808176,0.097484,0.094340,0.066038,0.015723,0.031447,0.018868,0.009434,0.018239,0.000629,0.003145,0.000000,0.211726,0.286645,0.195440,0.306189,0.085174,0.577287,0.173502,0.006309,0.034700,0.022082,0.009464,0.091483
N20000426,0.960000,0.021818,0.018182,0.021931,0.003603,0.001821,0.009107,0.001821,0.004528,0.000156,0.000781,0.000000,0.174330,0.373563,0.333333,0.118774,0.041818,0.692727,0.196364,0.003636,0.003636,0.016364,0.003636,0.041818
N20000427,0.925926,0.048822,0.025253,0.035723,0.028551,0.003378,0.005068,0.000000,0.009797,0.000338,0.001689,0.000000,0.297009,0.333333,0.198718,0.170940,0.064189,0.623311,0.239865,0.018581,0.010135,0.025338,0.008446,0.010135
N20000428,0.915592,0.058617,0.025791,0.029175,0.009436,0.012881,0.017564,0.007026,0.009702,0.000335,0.001673,0.000000,0.138643,0.386431,0.207965,0.266962,0.070258,0.571429,0.259953,0.001171,0.007026,0.023419,0.008197,0.058548
N20000429,0.902174,0.065217,0.032609,0.035326,0.008152,0.035326,0.000000,0.000000,0.018012,0.000621,0.003106,0.000000,0.100000,0.253571,0.221429,0.425000,0.122283,0.551630,0.211957,0.000000,0.000000,0.024457,0.021739,0.067935
N20000430,0.221978,0.705495,0.072527,0.021978,0.037363,0.107692,0.193407,0.160440,0.106491,0.025558,0.033012,0.041532,0.269430,0.362694,0.238342,0.129534,0.516484,0.112088,0.160440,0.000000,0.092308,0.006593,0.008791,0.103297
N20000431,0.907692,0.040385,0.051923,0.032692,0.013462,0.005769,0.005769,0.001923,0.007372,0.003205,0.002885,0.000000,0.009195,0.117241,0.204598,0.668966,0.090559,0.574181,0.225434,0.003854,0.013487,0.021195,0.007707,0.063584
N20000432,0.928819,0.027778,0.043403,0.029514,0.005208,0.006944,0.005208,0.000000,0.005704,0.002480,0.002232,0.000000,0.041152,0.129630,0.170782,0.658436,0.060764,0.602431,0.223958,0.012153,0.006944,0.008681,0.000000,0.085069
N20000433,0.589708,0.176634,0.233658,0.050711,0.038751,0.037604,0.052925,0.009749,0.019384,0.004652,0.006009,0.007560,0.184733,0.323664,0.288550,0.203053,0.221140,0.196106,0.239221,0.008345,0.033380,0.020862,0.005563,0.275382
N20000434,0.536705,0.298532,0.164763,0.065346,0.049759,0.062193,0.135843,0.009820,0.028642,0.003507,0.008768,0.000000,0.031955,0.154135,0.219925,0.593985,0.238173,0.205546,0.218597,0.004894,0.063622,0.004894,0.016313,0.247961
N20000435,0.755396,0.115108,0.129496,0.074880,0.040609,0.007163,0.037249,0.000000,0.021060,0.002579,0.006447,0.000000,0.150456,0.259878,0.281155,0.308511,0.115108,0.389928,0.233094,0.008633,0.027338,0.024460,0.027338,0.174101
N20000436,0.592516,0.228690,0.178794,0.049896,0.054054,0.031185,0.106029,0.008316,0.020442,0.004197,0.002843,0.001625,0.151448,0.349666,0.302895,0.195991,0.245868,0.175620,0.204545,0.002066,0.026860,0.018595,0.010331,0.316116
N20000437,0.562500,0.271739,0.165761,0.073370,0.029891,0.081522,0.092391,0.002717,0.045652,0.005590,0.013975,0.000000,0.058182,0.200000,0.196364,0.545455,0.262162,0.235135,0.200000,0.013514,0.045946,0.021622,0.035135,0.186486
N20000438,0.527624,0.262431,0.209945,0.048172,0.059691,0.054795,0.095890,0.021918,0.021166,0.004345,0.002944,0.001682,0.111748,0.335244,0.349570,0.203438,0.258953,0.101928,0.212121,0.002755,0.046832,0.019284,0.022039,0.336088
N20000439,0.912473,0.048140,0.039387,0.061269,0.024070,0.010941,0.004376,0.002188,0.003595,0.001563,0.001407,0.000000,0.077348,0.140884,0.207182,0.574586,0.089716,0.520788,0.249453,0.002188,0.017505,0.010941,0.008753,0.100656
N20000440,0.209360,0.554187,0.236453,0.017713,0.067701,0.135135,0.201474,0.007371,0.073457,0.017630,0.022772,0.028648,0.039877,0.187117,0.214724,0.558282,0.458128,0.029557,0.133005,0.007389,0.059113,0.004926,0.007389,0.300493
N20000441,0.714286,0.167411,0.118304,0.064732,0.037946,0.046875,0.044643,0.004464,0.017259,0.004142,0.005350,0.006731,0.072072,0.228228,0.312312,0.387387,0.178571,0.316964,0.220982,0.002232,0.029018,0.037946,0.002232,0.212054
N20000442,0.768577,0.114650,0.116773,0.026024,0.010394,0.034043,0.040426,0.004255,0.013982,0.006079,0.005471,0.000000,0.056098,0.156098,0.246341,0.541463,0.220807,0.303609,0.225053,0.002123,0.044586,0.014862,0.002123,0.186837
N20000443,0.363431,0.451467,0.185102,0.035377,0.046490,0.058824,0.162896,0.027149,0.109639,0.022509,0.015248,0.008713,0.244131,0.377934,0.220657,0.157277,0.275395,0.126411,0.160271,0.006772,0.119639,0.006772,0.015801,0.288939
N20000444,0.524510,0.225490,0.250000,0.044118,0.034314,0.049020,0.046569,0.007353,0.061970,0.012722,0.008618,0.004925,0.064198,0.308642,0.316049,0.311111,0.182266,0.091133,0.118227,0.000000,0.049261,0.007389,0.007389,0.544335
N20000445,0.684615,0.173077,0.142308,0.117308,0.046154,0.017308,0.075000,0.007692,0.014744,0.006410,0.005769,0.000000,0.116173,0.191344,0.186788,0.505695,0.173745,0.297297,0.277992,0.009653,0.059846,0.034749,0.011583,0.135135
N20000446,0.337313,0.497015,0.165672,0.020972,0.056235,0.112444,0.226387,0.023988,0.051099,0.005655,0.012724,0.008483,0.180301,0.350584,0.272120,0.196995,0.368816,0.085457,0.208396,0.001499,0.092954,0.002999,0.008996,0.230885
N20000447,0.428846,0.336538,0.234615,0.058405,0.056308,0.101727,0.097889,0.019194,0.043137,0.008856,0.005999,0.003428,0.190669,0.344828,0.249493,0.215010,0.263969,0.150289,0.204239,0.007707,0.053950,0.013487,0.009634,0.296724
N20000448,0.841924,0.085911,0.072165,0.071376,0.010568,0.011986,0.025685,0.000000,0.034773,0.001449,0.001449,0.000000,0.113139,0.281022,0.375912,0.229927,0.113402,0.512027,0.252577,0.001718,0.006873,0.013746,0.006873,0.092784
N20000449,0.814634,0.073171,0.112195,0.031502,0.005701,0.007229,0.033735,0.004819,0.020019,0.000834,0.000834,0.000000,0.105405,0.227027,0.262162,0.405405,0.121065,0.389831,0.225182,0.002421,0.029056,0.031477,0.012107,0.188862
N20000450,0.099042,0.766773,0.134185,0.009585,0.070288,0.121406,0.357827,0.102236,0.076976,0.008951,0.024614,0.004475,0.223744,0.388128,0.237443,0.150685,0.541139,0.044304,0.132911,0.009494,0.161392,0.003165,0.012658,0.094937
N20000451,0.263158,0.599723,0.137119,0.045706,0.042936,0.105263,0.250693,0.044321,0.102583,0.011353,0.025544,0.017030,0.195364,0.407285,0.188742,0.208609,0.415278,0.066667,0.155556,0.004167,0.138889,0.009722,0.025000,0.184722
N20000452,0.808057,0.052133,0.139810,0.056284,0.016672,0.002364,0.011820,0.004728,0.015276,0.000636,0.000636,0.000000,0.167526,0.242268,0.291237,0.298969,0.083135,0.522565,0.266033,0.000000,0.007126,0.011876,0.002375,0.106888
N20000453,0.811980,0.096506,0.091514,0.034942,0.023295,0.018303,0.036606,0.000000,0.016895,0.000704,0.000704,0.000000,0.129630,0.265993,0.296296,0.308081,0.108153,0.405990,0.246256,0.004992,0.023295,0.029950,0.006656,0.174709
N20000454,0.822981,0.099379,0.077640,0.037267,0.021739,0.015528,0.049689,0.003106,0.008600,0.000358,0.000358,0.000000,0.034483,0.306513,0.233716,0.425287,0.124224,0.487578,0.226708,0.000000,0.009317,0.037267,0.000000,0.114907
N20000455,0.217865,0.620915,0.161220,0.032275,0.070697,0.126638,0.248908,0.058952,0.081273,0.016685,0.011303,0.006459,0.344648,0.323760,0.232376,0.099217,0.426696,0.083151,0.190372,0.002188,0.157549,0.028446,0.008753,0.102845
N20000456,0.146919,0.684834,0.168246,0.021327,0.071090,0.111374,0.312796,0.078199,0.074539,0.008667,0.023835,0.004334,0.261905,0.315476,0.252976,0.169643,0.459716,0.059242,0.168246,0.016588,0.149289,0.009479,0.016588,0.120853
N20000457,0.135703,0.704362,0.159935,0.019198,0.086239,0.156958,0.229773,0.066343,0.108179,0.011972,0.026938,0.017959,0.309302,0.327907,0.197674,0.165116,0.461789,0.087805,0.152846,0.004878,0.117073,0.009756,0.009756,0.156098
N20000458,0.423267,0.440594,0.136139,0.029703,0.051980,0.108911,0.165842,0.044554,0.055534,0.004443,0.007108,0.002221,0.139932,0.296928,0.392491,0.170648,0.363861,0.225248,0.232673,0.009901,0.086634,0.024752,0.009901,0.047030
N20000459,0.201439,0.642686,0.155875,0.025958,0.077782,0.093750,0.259615,0.067308,0.096528,0.011224,0.030867,0.005612,0.178571,0.350649,0.168831,0.301948,0.436451,0.059952,0.194245,0.002398,0.129496,0.009592,0.004796,0.163070
N20000460,0.177054,0.641643,0.181303,0.038244,0.084986,0.120397,0.222380,0.052408,0.108068,0.012566,0.034556,0.006283,0.208882,0.394737,0.238487,0.157895,0.453521,0.046479,0.180282,0.004225,0.123944,0.007042,0.019718,0.164789
N20000461,0.167683,0.670732,0.161585,0.016998,0.086257,0.146119,0.207002,0.050228,0.118718,0.013139,0.029562,0.019708,0.260188,0.385580,0.184953,0.169279,0.477134,0.056402,0.138720,0.001524,0.149390,0.004573,0.028963,0.143293
N20000462,0.071575,0.820041,0.108384,0.026493,0.078238,0.211066,0.301230,0.088115,0.084836,0.013197,0.026079,0.017281,0.366577,0.463612,0.091644,0.078167,0.527607,0.032720,0.188139,0.004090,0.157464,0.006135,0.008180,0.075665
N20000463,0.070048,0.842995,0.086957,0.016908,0.094203,0.198068,0.260870,0.096618,0.107833,0.035369,0.036232,0.013803,0.239496,0.361345,0.226891,0.172269,0.560096,0.043269,0.201923,0.004808,0.105769,0.004808,0.007212,0.072115
N20000464,0.122137,0.740458,0.137405,0.024809,0.051527,0.183206,0.263359,0.083969,0.095038,0.014784,0.029215,0.019360,0.547804,0.315245,0.095607,0.041344,0.445507,0.045889,0.229446,0.009560,0.172084,0.000000,0.017208,0.080306
N20000465,0.456432,0.443983,0.099585,0.018932,0.043983,0.141667,0.208333,0.016667,0.026709,0.002137,0.003419,0.001068,0.084746,0.282486,0.265537,0.367232,0.356846,0.215768,0.290456,0.000000,0.091286,0.008299,0.008299,0.029046
N20000466,0.083333,0.761905,0.154762,0.015873,0.091270,0.138889,0.303571,0.059524,0.094113,0.030869,0.031622,0.012046,0.017500,0.165000,0.287500,0.530000,0.579365,0.007937,0.140873,0.001984,0.075397,0.000000,0.003968,0.190476
N20000467,0.480412,0.412371,0.107216,0.046256,0.050231,0.059671,0.179012,0.012346,0.089031,0.007123,0.011396,0.003561,0.202797,0.324009,0.326340,0.146853,0.285714,0.281573,0.260870,0.012422,0.051760,0.033126,0.010352,0.064182
N20000468,0.195652,0.604348,0.200000,0.050316,0.066387,0.108460,0.238612,0.062907,0.071419,0.023425,0.023997,0.009142,0.071429,0.214286,0.261905,0.452381,0.452174,0.019565,0.143478,0.000000,0.110870,0.019565,0.006522,0.247826
N20000469,0.095986,0.799302,0.104712,0.010471,0.080279,0.204188,0.321117,0.085515,0.065987,0.012706,0.010656,0.018853,0.273418,0.359494,0.240506,0.126582,0.575916,0.047120,0.197208,0.003490,0.137871,0.001745,0.012216,0.024433
N20000470,0.087983,0.781116,0.130901,0.010563,0.067137,0.146237,0.326882,0.045161,0.117419,0.018265,0.036096,0.023919,0.239186,0.318066,0.267176,0.175573,0.495690,0.040948,0.161638,0.000000,0.213362,0.000000,0.017241,0.071121
N20000471,0.039683,0.833333,0.126984,0.012741,0.077390,0.202853,0.277338,0.117274,0.095087,0.014791,0.029230,0.019370,0.365854,0.365854,0.153310,0.114983,0.522222,0.028571,0.150794,0.006349,0.207937,0.001587,0.015873,0.066667
N20000472,0.122750,0.746318,0.130933,0.027823,0.085106,0.150573,0.273322,0.062193,0.105074,0.016345,0.032300,0.021404,0.187905,0.319654,0.261339,0.231102,0.558632,0.045603,0.084691,0.006515,0.141694,0.001629,0.016287,0.144951
N20000473,0.313305,0.570815,0.115880,0.030043,0.066524,0.145923,0.208155,0.008584,0.113486,0.009079,0.014526,0.004539,0.303030,0.368687,0.232323,0.095960,0.403433,0.236052,0.163090,0.002146,0.103004,0.004292,0.032189,0.055794
N20000474,0.143646,0.791436,0.064917,0.013991,0.068678,0.201379,0.310345,0.059310,0.092529,0.017816,0.014943,0.026437,0.268893,0.319859,0.279438,0.131810,0.551867,0.089903,0.181189,0.004149,0.127248,0.002766,0.012448,0.030429
N20000475,0.084877,0.817901,0.097222,0.013889,0.078704,0.225309,0.262346,0.109568,0.086583,0.016671,0.013982,0.024738,0.435484,0.252688,0.247312,0.064516,0.564815,0.040123,0.140432,0.009259,0.194444,0.010802,0.012346,0.027778
N20000476,0.789104,0.152900,0.057996,0.022847,0.017575,0.026362,0.045694,0.038664,0.017223,0.001054,0.006327,0.000000,0.304802,0.302714,0.304802,0.087683,0.133568,0.523726,0.253076,0.001757,0.033392,0.012302,0.010545,0.031634
N20000477,0.906360,0.049470,0.044170,0.030035,0.012367,0.019435,0.008834,0.001767,0.004819,0.000597,0.000551,0.001101,0.207392,0.303901,0.340862,0.147844,0.074336,0.615929,0.221239,0.008850,0.005310,0.037168,0.007080,0.030088
N20000478,0.799677,0.151858,0.048465,0.021719,0.027060,0.027553,0.022690,0.032415,0.029498,0.001806,0.010836,0.000000,0.314501,0.333333,0.278719,0.073446,0.092084,0.512116,0.273021,0.003231,0.046850,0.035541,0.012924,0.024233
N20000479,0.952880,0.018325,0.028796,0.028796,0.010471,0.000000,0.002618,0.000000,0.003665,0.000224,0.001346,0.000000,0.130872,0.251678,0.382550,0.234899,0.060367,0.569554,0.293963,0.002625,0.000000,0.013123,0.005249,0.055118
N20000480,0.964286,0.021008,0.014706,0.039757,0.002140,0.006289,0.004193,0.002096,0.004403,0.000270,0.001617,0.000000,0.245536,0.375000,0.272321,0.107143,0.058455,0.613779,0.271399,0.006263,0.006263,0.022965,0.010438,0.010438
N20000481,0.921450,0.046828,0.031722,0.036254,0.016616,0.003021,0.013595,0.004532,0.006180,0.000765,0.000706,0.001412,0.294606,0.224066,0.346473,0.134855,0.070997,0.649547,0.235650,0.004532,0.004532,0.012085,0.019637,0.003021
N20000482,0.610039,0.319176,0.070785,0.038610,0.048906,0.096525,0.131274,0.010296,0.022523,0.001379,0.008274,0.000000,0.353618,0.292763,0.215461,0.138158,0.220077,0.326898,0.323037,0.009009,0.069498,0.012870,0.014157,0.024453
N20000483,0.942815,0.026393,0.030792,0.037984,0.008823,0.001464,0.007321,0.000000,0.007028,0.001171,0.000586,0.000000,0.472868,0.359690,0.134884,0.032558,0.035191,0.731672,0.155425,0.005865,0.004399,0.042522,0.008798,0.016129
N20000484,0.927536,0.057971,0.014493,0.064148,0.023363,0.007286,0.018215,0.005464,0.002914,0.000486,0.000243,0.000000,0.279570,0.331183,0.212903,0.176344,0.076225,0.617060,0.225045,0.005445,0.001815,0.038113,0.007260,0.029038
N20000485,0.952532,0.018987,0.028481,0.031646,0.007911,0.001582,0.004747,0.001582,0.002863,0.000000,0.000000,0.000301,0.279245,0.337736,0.164151,0.218868,0.030016,0.739336,0.164297,0.006319,0.003160,0.031596,0.000000,0.025276
N20000486,0.939236,0.039931,0.020833,0.036627,0.017322,0.001739,0.003478,0.003478,0.012588,0.000000,0.000000,0.001325,0.276119,0.292910,0.283582,0.147388,0.048866,0.678883,0.150087,0.010471,0.005236,0.043630,0.008726,0.054101
N20000487,0.957328,0.024119,0.018553,0.012884,0.005600,0.003704,0.003704,0.000000,0.008889,0.001481,0.000741,0.000000,0.376368,0.326039,0.231947,0.065646,0.020370,0.712963,0.194444,0.011111,0.009259,0.037037,0.003704,0.011111
N20000488,0.568015,0.345588,0.086397,0.047794,0.023897,0.064338,0.158088,0.014706,0.057654,0.007138,0.006589,0.013178,0.460808,0.266033,0.168646,0.104513,0.231618,0.332721,0.251838,0.000000,0.045956,0.060662,0.034926,0.042279
N20000489,0.952489,0.029412,0.018100,0.024887,0.006787,0.006787,0.011312,0.000000,0.004094,0.000000,0.000000,0.000431,0.132716,0.382716,0.296296,0.188272,0.027149,0.690045,0.230769,0.000000,0.004525,0.018100,0.006787,0.022624
N20000490,0.937659,0.026718,0.035623,0.031807,0.001272,0.003817,0.007634,0.001272,0.010240,0.000621,0.001862,0.000000,0.044684,0.138675,0.183359,0.633282,0.064885,0.622137,0.209924,0.008906,0.007634,0.019084,0.002545,0.064885
N20000491,0.956522,0.034325,0.009153,0.036613,0.020595,0.000000,0.006865,0.000000,0.005525,0.000335,0.001005,0.000000,0.088235,0.144118,0.285294,0.482353,0.052874,0.645977,0.239080,0.000000,0.004598,0.016092,0.011494,0.029885
N20000492,0.954717,0.009434,0.035849,0.047170,0.005660,0.001887,0.001887,0.000000,0.000000,0.000000,0.000000,0.000000,0.109756,0.356098,0.258537,0.275610,0.054717,0.715094,0.171698,0.003774,0.003774,0.013208,0.001887,0.035849
N20000493,0.947723,0.032040,0.020236,0.080944,0.015177,0.003373,0.011804,0.000000,0.001349,0.000225,0.000112,0.000000,0.400510,0.311224,0.163265,0.125000,0.069140,0.622260,0.197302,0.008432,0.008432,0.043845,0.021922,0.028668
N20000494,0.957724,0.030894,0.011382,0.035772,0.006504,0.003252,0.003252,0.000000,0.014396,0.000872,0.002617,0.000000,0.024390,0.199557,0.248337,0.527716,0.047002,0.696921,0.157212,0.004862,0.006483,0.034036,0.001621,0.051864
N20000495,0.935385,0.032308,0.032308,0.044615,0.006154,0.009231,0.004615,0.000000,0.011136,0.000000,0.000000,0.001172,0.292259,0.314376,0.265403,0.127962,0.052388,0.684129,0.171032,0.010786,0.004622,0.021572,0.015408,0.040062
N20000496,0.856930,0.041729,0.101341,0.055734,0.017812,0.001495,0.011958,0.000000,0.007817,0.001082,0.001563,0.000000,0.197107,0.339964,0.198915,0.264014,0.078987,0.572280,0.213115,0.005961,0.004471,0.026826,0.014903,0.083458
N20000497,0.959315,0.021413,0.019272,0.021413,0.006424,0.004283,0.006424,0.002141,0.001600,0.000222,0.000320,0.000000,0.403548,0.319290,0.199557,0.077605,0.062099,0.687366,0.160600,0.012848,0.000000,0.042827,0.006424,0.027837
N20000498,0.660569,0.195122,0.144309,0.067901,0.042372,0.010183,0.020367,0.004073,0.095077,0.005762,0.017287,0.000000,0.080831,0.159353,0.175520,0.584296,0.079268,0.412602,0.128049,0.010163,0.012195,0.020325,0.002033,0.335366
N20000499,0.976619,0.010791,0.012590,0.030576,0.001799,0.001799,0.005396,0.000000,0.001627,0.000000,0.000000,0.000171,0.200378,0.274102,0.283554,0.241966,0.046595,0.702509,0.189964,0.003584,0.008961,0.025090,0.003584,0.019713
N20000500,0.796482,0.092965,0.110553,0.067839,0.007538,0.005025,0.015075,0.005025,0.045053,0.006238,0.009011,0.000000,0.152299,0.261494,0.261494,0.324713,0.085427,0.474874,0.236181,0.000000,0.005025,0.020101,0.000000,0.178392
N20000501,0.250000,0.620438,0.129562,0.018248,0.109489,0.135036,0.204380,0.023723,0.100027,0.019113,0.017202,0.011468,0.300188,0.484053,0.181989,0.033771,0.352190,0.118613,0.259124,0.007299,0.166058,0.034672,0.025547,0.036496
N20000502,0.298206,0.573991,0.127803,0.031987,0.088532,0.089485,0.295302,0.031320,0.046932,0.008968,0.008071,0.005381,0.266491,0.408971,0.197889,0.126649,0.358575,0.187082,0.258352,0.002227,0.109131,0.011136,0.028953,0.044543
N20000503,0.926290,0.022113,0.051597,0.039312,0.009828,0.002457,0.007371,0.002457,0.000000,0.000000,0.000000,0.000000,0.171315,0.362550,0.235060,0.231076,0.056790,0.691358,0.202469,0.002469,0.012346,0.012346,0.002469,0.019753
N20000504,0.749296,0.121127,0.129577,0.044240,0.022812,0.005618,0.005618,0.000000,0.065059,0.009008,0.013012,0.000000,0.075472,0.154088,0.273585,0.496855,0.067416,0.404494,0.132022,0.000000,0.002809,0.016854,0.005618,0.370787
N20000505,0.850440,0.035191,0.114370,0.055118,0.008875,0.014620,0.011696,0.000000,0.000000,0.000000,0.000000,0.000000,0.029520,0.188192,0.225092,0.557196,0.085044,0.577713,0.196481,0.000000,0.002933,0.023460,0.011730,0.102639
N20000506,0.792829,0.095618,0.111554,0.073705,0.029880,0.000000,0.023904,0.001992,0.033201,0.003794,0.001897,0.000949,0.086283,0.159292,0.247788,0.506637,0.083665,0.460159,0.143426,0.007968,0.019920,0.017928,0.005976,0.260956
N20000507,0.298485,0.562121,0.139394,0.044324,0.053800,0.104387,0.260212,0.013616,0.088046,0.016824,0.015142,0.010094,0.154982,0.339483,0.186347,0.319188,0.421212,0.125758,0.233333,0.001515,0.128788,0.010606,0.013636,0.065152
N20000508,0.850515,0.079897,0.069588,0.039146,0.015297,0.000000,0.005168,0.002584,0.042472,0.005881,0.008494,0.000000,0.051118,0.226837,0.236422,0.485623,0.054124,0.525773,0.195876,0.005155,0.000000,0.025773,0.000000,0.193299
N20000509,0.822823,0.105105,0.072072,0.071326,0.024267,0.005988,0.008982,0.000000,0.054890,0.006273,0.003137,0.001568,0.072664,0.145329,0.173010,0.608997,0.068862,0.404192,0.212575,0.002994,0.008982,0.026946,0.005988,0.269461
N20000510,0.138934,0.710824,0.150242,0.032482,0.088243,0.122581,0.293548,0.016129,0.124245,0.022801,0.033970,0.009307,0.247170,0.360377,0.247170,0.145283,0.520968,0.040323,0.170968,0.014516,0.125806,0.017742,0.019355,0.090323
N20000511,0.949533,0.024299,0.026168,0.050279,0.014971,0.001866,0.003731,0.000000,0.002788,0.000386,0.000558,0.000000,0.105134,0.259169,0.276284,0.359413,0.052336,0.654206,0.205607,0.003738,0.003738,0.031776,0.001869,0.046729
N20000512,0.723197,0.105263,0.171540,0.042885,0.009747,0.035088,0.029240,0.000000,0.019433,0.006718,0.003599,0.001439,0.075556,0.155556,0.257778,0.511111,0.157895,0.448343,0.130604,0.000000,0.013645,0.023392,0.005848,0.220273
N20000513,0.367188,0.536458,0.096354,0.028646,0.057292,0.119792,0.234375,0.036458,0.059918,0.011449,0.010304,0.006870,0.428115,0.287540,0.153355,0.130990,0.371429,0.212987,0.249351,0.002597,0.088312,0.015584,0.028571,0.031169
N20000514,0.244353,0.603696,0.151951,0.018480,0.096509,0.100616,0.254620,0.036961,0.071677,0.020698,0.014182,0.008433,0.210773,0.348946,0.269321,0.170960,0.342213,0.063525,0.204918,0.002049,0.170082,0.016393,0.014344,0.186475
N20000515,0.359316,0.412548,0.228137,0.049430,0.058935,0.091255,0.161597,0.015209,0.053305,0.018426,0.009871,0.003949,0.087886,0.159145,0.251781,0.501188,0.390476,0.102857,0.129524,0.001905,0.051429,0.013333,0.000000,0.310476
N20000516,0.849894,0.067653,0.082452,0.048626,0.008457,0.014799,0.029598,0.002114,0.010148,0.001087,0.001087,0.000362,0.048485,0.184848,0.209091,0.557576,0.114165,0.505285,0.209302,0.021142,0.016913,0.029598,0.012685,0.090909
N20000517,0.076923,0.801619,0.121457,0.004049,0.070850,0.129555,0.378543,0.036437,0.121576,0.022312,0.033240,0.009107,0.127273,0.251948,0.285714,0.335065,0.578947,0.008097,0.149798,0.004049,0.168016,0.004049,0.000000,0.087045
N20000518,0.050109,0.858388,0.091503,0.013312,0.109470,0.173160,0.359307,0.051948,0.107389,0.019708,0.029361,0.008044,0.375358,0.257880,0.249284,0.117479,0.572668,0.036876,0.140998,0.015184,0.160521,0.002169,0.032538,0.039046
N20000519,0.156051,0.624204,0.219745,0.016368,0.081347,0.111111,0.320635,0.025397,0.053407,0.018462,0.009890,0.003956,0.094650,0.176955,0.308642,0.419753,0.557325,0.050955,0.117834,0.003185,0.082803,0.000000,0.003185,0.184713
N20000520,0.072378,0.779911,0.147710,0.011817,0.100443,0.135894,0.335303,0.026588,0.118605,0.021767,0.032428,0.008884,0.298094,0.317158,0.247834,0.136915,0.549483,0.029542,0.181684,0.000000,0.168390,0.007386,0.025111,0.038405
N20000521,0.343704,0.594074,0.062222,0.029164,0.049564,0.135015,0.250742,0.013353,0.099137,0.012274,0.011330,0.022660,0.366426,0.270758,0.231047,0.131769,0.396450,0.218935,0.193787,0.002959,0.088757,0.020710,0.023669,0.054734
N20000522,0.923848,0.038076,0.038076,0.034289,0.022012,0.002008,0.008032,0.000000,0.005422,0.000301,0.000301,0.000000,0.170799,0.225895,0.319559,0.283747,0.070281,0.704819,0.164659,0.004016,0.004016,0.026104,0.002008,0.024096
N20000523,0.138702,0.720358,0.140940,0.024863,0.057412,0.171875,0.292411,0.060268,0.086265,0.024911,0.017068,0.010149,0.118841,0.301449,0.330435,0.249275,0.533784,0.038288,0.166667,0.002252,0.108108,0.004505,0.024775,0.121622
N20000524,0.746641,0.132438,0.120921,0.057582,0.024952,0.021113,0.061420,0.005758,0.015355,0.001645,0.001645,0.000548,0.038781,0.188366,0.182825,0.590028,0.184261,0.410749,0.257198,0.007678,0.015355,0.011516,0.005758,0.107486
N20000525,0.548780,0.339024,0.112195,0.036645,0.040481,0.065534,0.174757,0.012136,0.036893,0.003953,0.003953,0.001318,0.045307,0.184466,0.236246,0.533981,0.278049,0.214634,0.221951,0.007317,0.029268,0.012195,0.009756,0.226829
N20000526,0.202941,0.508824,0.288235,0.032353,0.073529,0.138235,0.161765,0.011765,0.076968,0.026606,0.014253,0.005701,0.129693,0.232082,0.232082,0.406143,0.400000,0.038235,0.170588,0.000000,0.073529,0.014706,0.017647,0.285294
N20000527,0.297913,0.462998,0.239089,0.042231,0.070953,0.106061,0.168561,0.034091,0.043162,0.025214,0.009402,0.005556,0.045161,0.148387,0.303226,0.503226,0.366730,0.056711,0.136106,0.007561,0.068053,0.000000,0.013233,0.351607
N20000528,0.908654,0.043269,0.048077,0.038462,0.004808,0.021635,0.002404,0.002404,0.008695,0.001279,0.002046,0.000000,0.059524,0.226190,0.214286,0.500000,0.106280,0.618357,0.183575,0.000000,0.007246,0.019324,0.004831,0.060386
N20000529,0.198257,0.623094,0.178649,0.026144,0.100218,0.128540,0.215686,0.032680,0.090988,0.026275,0.018003,0.010704,0.090000,0.275000,0.260000,0.375000,0.501089,0.023965,0.141612,0.004357,0.117647,0.002179,0.010893,0.198257
N20000530,0.937107,0.048218,0.014675,0.029157,0.010561,0.008368,0.002092,0.000000,0.024477,0.001360,0.001360,0.000000,0.158898,0.313559,0.279661,0.247881,0.048218,0.576520,0.207547,0.002096,0.010482,0.037736,0.025157,0.092243
N20000531,0.083130,0.784841,0.132029,0.026895,0.075795,0.205379,0.276284,0.053790,0.108207,0.031247,0.021410,0.012730,0.279635,0.373860,0.151976,0.194529,0.543902,0.019512,0.187805,0.007317,0.126829,0.004878,0.024390,0.085366
N20000532,0.833977,0.088803,0.077220,0.080131,0.011880,0.003846,0.011538,0.007692,0.038953,0.005728,0.009165,0.000000,0.063415,0.107317,0.214634,0.614634,0.041825,0.619772,0.224335,0.000000,0.000000,0.022814,0.003802,0.087452
N20000533,0.139466,0.664688,0.195846,0.032641,0.124629,0.121662,0.249258,0.038576,0.081385,0.023501,0.016103,0.009575,0.134146,0.264228,0.304878,0.296748,0.469208,0.014663,0.178886,0.002933,0.120235,0.014663,0.005865,0.193548
N20000534,0.210797,0.552699,0.236504,0.035990,0.056555,0.115681,0.249357,0.038560,0.047934,0.028001,0.010441,0.006170,0.063898,0.274760,0.281150,0.380192,0.409794,0.077320,0.141753,0.002577,0.146907,0.002577,0.005155,0.213918
N20000535,0.839917,0.068607,0.091476,0.039087,0.018815,0.010373,0.012448,0.006224,0.018672,0.001037,0.001037,0.000000,0.138085,0.285078,0.320713,0.256125,0.053942,0.618257,0.151452,0.008299,0.008299,0.043568,0.002075,0.114108
N20000536,0.828437,0.092832,0.078731,0.058754,0.014101,0.012926,0.034078,0.004700,0.019551,0.002875,0.004600,0.000000,0.118949,0.282158,0.307054,0.291840,0.103408,0.515864,0.186839,0.004700,0.008226,0.031727,0.003525,0.145711
N20000537,0.094567,0.738431,0.167002,0.017800,0.104087,0.139394,0.311111,0.028283,0.099076,0.014830,0.030606,0.011043,0.102493,0.315789,0.263158,0.318560,0.531062,0.018036,0.150301,0.008016,0.094188,0.014028,0.018036,0.166333
N20000538,0.905660,0.058055,0.036284,0.040443,0.018925,0.001449,0.017391,0.000000,0.018261,0.001014,0.001014,0.000000,0.138088,0.274659,0.247344,0.339909,0.046444,0.624093,0.220610,0.005806,0.013062,0.030479,0.013062,0.046444
N20000539,0.155093,0.662037,0.182870,0.011906,0.036171,0.150115,0.307159,0.041570,0.065790,0.038432,0.014331,0.008468,0.020528,0.249267,0.225806,0.504399,0.511574,0.013889,0.136574,0.000000,0.104167,0.004630,0.002315,0.226852
N20000540,0.238411,0.578366,0.183223,0.013245,0.083885,0.110375,0.225166,0.026490,0.068602,0.040075,0.014943,0.008830,0.043956,0.208791,0.321429,0.425824,0.474614,0.019868,0.088300,0.002208,0.121413,0.000000,0.000000,0.293598
N20000541,0.934021,0.030928,0.035052,0.043751,0.010224,0.002070,0.010352,0.000000,0.005991,0.000881,0.001410,0.000000,0.061008,0.230769,0.270557,0.437666,0.072016,0.633745,0.191358,0.000000,0.008230,0.034979,0.000000,0.059671
N20000542,0.145749,0.730769,0.123482,0.025025,0.080870,0.096579,0.352113,0.054326,0.093551,0.014003,0.028900,0.010428,0.110215,0.274194,0.373656,0.241935,0.569980,0.030426,0.111562,0.004057,0.091278,0.002028,0.012170,0.178499
N20000543,0.941061,0.035363,0.023576,0.031434,0.015717,0.003929,0.013752,0.000000,0.001421,0.000209,0.000334,0.000000,0.081678,0.242826,0.284768,0.390728,0.047151,0.630648,0.235756,0.000000,0.011788,0.023576,0.003929,0.047151
N20000544,0.103704,0.800000,0.096296,0.012963,0.087037,0.205556,0.311111,0.038889,0.090645,0.039080,0.015198,0.012484,0.143902,0.317073,0.251220,0.287805,0.590741,0.031481,0.100000,0.000000,0.135185,0.005556,0.003704,0.133333
N20000545,0.071111,0.795556,0.133333,0.011111,0.086667,0.151111,0.297778,0.064444,0.124553,0.018643,0.038476,0.013883,0.144092,0.314121,0.328530,0.213256,0.558758,0.017738,0.190687,0.006652,0.139690,0.008869,0.004435,0.073171
N20000546,0.196610,0.694915,0.108475,0.008691,0.080821,0.077181,0.315436,0.053691,0.096621,0.041657,0.016200,0.013307,0.069869,0.362445,0.244541,0.323144,0.508418,0.040404,0.151515,0.003367,0.114478,0.003367,0.006734,0.171717
N20000547,0.129799,0.738574,0.131627,0.023766,0.082267,0.131627,0.235832,0.058501,0.146712,0.021960,0.045322,0.016353,0.146096,0.319899,0.279597,0.254408,0.489051,0.031022,0.189781,0.003650,0.131387,0.001825,0.016423,0.136861
N20000548,0.139344,0.745902,0.114754,0.016393,0.065574,0.192623,0.270492,0.034836,0.105024,0.045280,0.017609,0.014464,0.026178,0.180628,0.337696,0.455497,0.500000,0.026423,0.103659,0.004065,0.091463,0.014228,0.016260,0.243902
N20000549,0.084639,0.816614,0.098746,0.009639,0.083802,0.179688,0.301563,0.050000,0.128379,0.019216,0.039658,0.014310,0.313770,0.286682,0.277652,0.121896,0.558685,0.028169,0.172144,0.004695,0.123631,0.004695,0.014085,0.093897
N20000550,0.175758,0.719192,0.105051,0.025155,0.068590,0.190763,0.287149,0.040161,0.076319,0.032904,0.012796,0.010511,0.310782,0.365751,0.194503,0.128964,0.459839,0.038153,0.194779,0.000000,0.164659,0.000000,0.010040,0.132530
N20000551,0.088141,0.842949,0.068910,0.015910,0.080509,0.199037,0.337079,0.048154,0.116525,0.004511,0.030823,0.026312,0.345538,0.315789,0.185355,0.153318,0.591346,0.046474,0.120192,0.011218,0.153846,0.004808,0.032051,0.040064
N20000552,0.094703,0.776886,0.128411,0.023850,0.103778,0.238325,0.212560,0.046699,0.100626,0.025728,0.029730,0.019439,0.231373,0.405882,0.229412,0.133333,0.482372,0.044872,0.221154,0.003205,0.185897,0.000000,0.014423,0.048077
N20000553,0.121127,0.757746,0.121127,0.017048,0.067170,0.205345,0.243319,0.036568,0.116673,0.037854,0.030594,0.020223,0.301483,0.336079,0.232290,0.130148,0.496484,0.053446,0.151899,0.004219,0.181435,0.002813,0.015471,0.094233
N20000554,0.105042,0.804622,0.090336,0.018361,0.073121,0.295983,0.236786,0.019027,0.103022,0.026341,0.030438,0.019902,0.289277,0.376559,0.194514,0.139651,0.488421,0.035789,0.200000,0.010526,0.181053,0.004211,0.014737,0.065263
N20000555,0.050682,0.803119,0.146199,0.017544,0.097466,0.247563,0.274854,0.046784,0.078227,0.020001,0.023112,0.015112,0.239401,0.299252,0.219451,0.241895,0.568093,0.048638,0.165370,0.001946,0.153696,0.001946,0.023346,0.036965
N20000556,0.130841,0.716511,0.152648,0.020778,0.071857,0.229560,0.264151,0.015723,0.077520,0.019821,0.022904,0.014976,0.175573,0.442748,0.229008,0.152672,0.514019,0.034268,0.186916,0.003115,0.158879,0.000000,0.009346,0.093458
N20000557,0.056689,0.843537,0.099773,0.015965,0.083356,0.260181,0.314480,0.029412,0.101260,0.012055,0.022904,0.019890,0.235465,0.436047,0.218023,0.110465,0.555809,0.013667,0.154897,0.018223,0.154897,0.004556,0.045558,0.052392
N20000558,0.082517,0.790210,0.127273,0.013986,0.071329,0.283916,0.292308,0.040559,0.066226,0.007884,0.014980,0.013009,0.334906,0.342767,0.227987,0.094340,0.539860,0.051748,0.195804,0.002797,0.151049,0.005594,0.009790,0.043357
N20000559,0.047619,0.852814,0.099567,0.019541,0.081756,0.287257,0.274298,0.079914,0.084753,0.003281,0.022418,0.019138,0.346369,0.254190,0.220670,0.178771,0.618221,0.021692,0.145336,0.000000,0.156182,0.010846,0.015184,0.032538
N20000560,0.182663,0.715170,0.102167,0.033594,0.081630,0.301242,0.121118,0.043478,0.127700,0.014873,0.017437,0.007693,0.286792,0.286792,0.298113,0.128302,0.486068,0.071207,0.164087,0.006192,0.170279,0.012384,0.037152,0.052632
N20000561,0.081186,0.814433,0.104381,0.012887,0.088918,0.244845,0.275773,0.054124,0.097799,0.011643,0.022121,0.019210,0.339089,0.340659,0.186813,0.133438,0.501931,0.028314,0.194337,0.011583,0.169884,0.002574,0.034749,0.056628
N20000562,0.080460,0.832184,0.087356,0.022989,0.089655,0.285057,0.236782,0.068966,0.099229,0.003841,0.026248,0.022407,0.394958,0.240896,0.282913,0.081232,0.582569,0.057339,0.192661,0.011468,0.107798,0.000000,0.029817,0.018349
N20000563,0.267143,0.638571,0.094286,0.020353,0.100768,0.232525,0.112696,0.021398,0.110013,0.012803,0.035565,0.012803,0.382979,0.251451,0.253385,0.112186,0.377493,0.118234,0.273504,0.004274,0.126781,0.029915,0.037037,0.032764
N20000564,0.094643,0.737500,0.167857,0.019643,0.119643,0.230357,0.203571,0.033929,0.081210,0.021497,0.038694,0.008599,0.218935,0.313609,0.274162,0.193294,0.528571,0.028571,0.214286,0.000000,0.157143,0.005357,0.023214,0.042857
N20000565,0.194056,0.657343,0.148601,0.026224,0.104895,0.192308,0.202797,0.029720,0.076468,0.012657,0.030587,0.007910,0.150943,0.410901,0.268344,0.169811,0.495622,0.078809,0.201401,0.007005,0.110333,0.012259,0.029772,0.064799
N20000566,0.142857,0.706237,0.150905,0.022375,0.095796,0.210843,0.220884,0.026104,0.096405,0.030150,0.016378,0.009678,0.070922,0.293144,0.323877,0.312057,0.587174,0.042084,0.200401,0.000000,0.090180,0.002004,0.002004,0.076152
N20000567,0.059942,0.798246,0.141813,0.008847,0.075618,0.237956,0.262774,0.062774,0.086150,0.022804,0.041048,0.009122,0.143098,0.282828,0.252525,0.321549,0.562225,0.030747,0.183016,0.001464,0.156662,0.002928,0.017570,0.045388
N20000568,0.157009,0.712150,0.130841,0.022430,0.095327,0.267290,0.145794,0.039252,0.098556,0.016313,0.039422,0.010195,0.347023,0.445585,0.129363,0.078029,0.381308,0.091589,0.242991,0.003738,0.168224,0.018692,0.033645,0.059813
N20000569,0.209064,0.707602,0.083333,0.021656,0.069242,0.191801,0.292826,0.014641,0.079030,0.025641,0.020723,0.013698,0.262548,0.287645,0.303089,0.146718,0.472141,0.129032,0.199413,0.008798,0.134897,0.005865,0.019062,0.030792
N20000570,0.242563,0.638444,0.118993,0.025973,0.106186,0.172811,0.177419,0.046083,0.085877,0.026857,0.014589,0.008621,0.069697,0.306061,0.209091,0.415152,0.466513,0.066975,0.221709,0.002309,0.117783,0.009238,0.025404,0.090069
N20000571,0.207455,0.669368,0.123177,0.032980,0.121710,0.255250,0.150242,0.011309,0.078406,0.012977,0.031362,0.008111,0.280443,0.289668,0.243542,0.186347,0.415186,0.072698,0.279483,0.003231,0.122779,0.012924,0.011309,0.082391
N20000572,0.061392,0.789905,0.148704,0.006747,0.098648,0.269126,0.211749,0.045082,0.089494,0.023690,0.042641,0.009476,0.292975,0.409567,0.200299,0.097160,0.580952,0.019048,0.164626,0.009524,0.156463,0.005442,0.019048,0.044898
N20000573,0.185695,0.612105,0.202201,0.030261,0.097662,0.158184,0.211829,0.028886,0.072990,0.022827,0.012400,0.007327,0.247261,0.344288,0.233177,0.175274,0.439560,0.041209,0.292582,0.004121,0.118132,0.019231,0.019231,0.065934
N20000574,0.138927,0.679505,0.181568,0.020795,0.095714,0.251374,0.195055,0.024725,0.071154,0.022253,0.012088,0.007143,0.133700,0.309524,0.232601,0.324176,0.482853,0.043896,0.240055,0.006859,0.153635,0.000000,0.005487,0.067215
N20000575,0.134680,0.749158,0.116162,0.030303,0.102694,0.247475,0.190236,0.025253,0.115919,0.036253,0.019693,0.011637,0.298279,0.357553,0.225621,0.118547,0.415825,0.052189,0.292929,0.003367,0.159933,0.010101,0.021886,0.043771
N20000576,0.108696,0.757525,0.133779,0.028562,0.128143,0.205342,0.252087,0.018364,0.096704,0.020226,0.017698,0.018962,0.257143,0.400000,0.200000,0.142857,0.429766,0.046823,0.242475,0.003344,0.188963,0.010033,0.031773,0.046823
N20000577,0.125257,0.728953,0.145791,0.024847,0.106002,0.331967,0.141393,0.016393,0.083865,0.017540,0.015348,0.016444,0.249428,0.411899,0.226545,0.112128,0.439024,0.083333,0.245935,0.008130,0.101626,0.020325,0.030488,0.071138
N20000578,0.189369,0.684385,0.126246,0.043432,0.105613,0.225539,0.164179,0.046434,0.089798,0.018781,0.016434,0.017607,0.334152,0.339066,0.206388,0.120393,0.446103,0.081260,0.260365,0.013267,0.127695,0.013267,0.018242,0.039801
N20000579,0.101974,0.777961,0.120066,0.013158,0.100329,0.338816,0.164474,0.023026,0.115222,0.013419,0.015733,0.006941,0.348837,0.327696,0.205074,0.118393,0.560855,0.055921,0.223684,0.006579,0.098684,0.003289,0.011513,0.039474
N20000580,0.202008,0.735257,0.062735,0.023391,0.081169,0.223899,0.240252,0.045283,0.082190,0.026666,0.021552,0.014246,0.384106,0.243377,0.248344,0.124172,0.505660,0.113208,0.176101,0.006289,0.148428,0.006289,0.021384,0.022642
N20000581,0.054245,0.733491,0.212264,0.018700,0.088941,0.168246,0.293839,0.087678,0.053856,0.017473,0.014122,0.009335,0.138107,0.381074,0.319693,0.161125,0.577197,0.016627,0.216152,0.000000,0.156770,0.009501,0.000000,0.023753
N20000582,0.136923,0.767692,0.095385,0.015571,0.094881,0.388633,0.124424,0.006144,0.098719,0.011489,0.031913,0.011489,0.350575,0.327586,0.243295,0.078544,0.496160,0.081413,0.196621,0.003072,0.138249,0.012289,0.052227,0.019969
N20000583,0.137066,0.795367,0.067568,0.017143,0.068094,0.361702,0.170213,0.044487,0.096958,0.011284,0.031344,0.011284,0.337662,0.244156,0.298701,0.119481,0.515444,0.088803,0.173745,0.007722,0.166023,0.019305,0.021236,0.007722
N20000584,0.112573,0.695906,0.191520,0.033510,0.094149,0.303075,0.136164,0.011713,0.093356,0.017627,0.013710,0.026113,0.185535,0.375786,0.253145,0.185535,0.510981,0.049780,0.222548,0.005857,0.147877,0.008785,0.008785,0.045388
N20000585,0.173278,0.743215,0.083507,0.013527,0.062717,0.323651,0.174274,0.018672,0.124805,0.014536,0.017042,0.007518,0.271186,0.330508,0.276836,0.121469,0.526096,0.131524,0.171190,0.004175,0.104384,0.027140,0.010438,0.025052
N20000586,0.097070,0.835165,0.067766,0.016631,0.100247,0.319927,0.210238,0.018282,0.141992,0.016537,0.019388,0.008554,0.365482,0.299492,0.215736,0.119289,0.471664,0.058501,0.274223,0.001828,0.159049,0.003656,0.012797,0.018282
N20000587,0.124166,0.724967,0.150868,0.023102,0.105286,0.339096,0.101064,0.009309,0.105370,0.019895,0.015474,0.029474,0.220421,0.374392,0.264182,0.141005,0.504685,0.073628,0.200803,0.005355,0.157965,0.006693,0.013387,0.037483
N20000588,0.152878,0.767986,0.079137,0.012590,0.086331,0.388489,0.154676,0.025180,0.072819,0.008475,0.023541,0.008475,0.372727,0.290909,0.259091,0.077273,0.479354,0.089767,0.206463,0.001795,0.170557,0.014363,0.008977,0.028725
N20000589,0.050328,0.816193,0.133479,0.015317,0.098468,0.431072,0.168490,0.006565,0.057573,0.009070,0.019717,0.025238,0.144638,0.261845,0.399002,0.194514,0.633188,0.019651,0.139738,0.010917,0.139738,0.002183,0.015284,0.039301
N20000590,0.284141,0.590308,0.125551,0.017621,0.068282,0.328194,0.092511,0.002203,0.051136,0.008056,0.017512,0.022416,0.235772,0.192412,0.357724,0.214092,0.464758,0.154185,0.229075,0.008811,0.090308,0.002203,0.035242,0.015419
N20000591,0.204444,0.722222,0.073333,0.013333,0.057778,0.422222,0.073333,0.004444,0.084837,0.013365,0.029054,0.037189,0.241791,0.232836,0.465672,0.059701,0.512195,0.101996,0.186253,0.013304,0.139690,0.004435,0.015521,0.026608
N20000592,0.424658,0.493151,0.082192,0.025575,0.063487,0.250765,0.085627,0.007645,0.044175,0.006959,0.015128,0.019364,0.311808,0.271218,0.326568,0.090406,0.313936,0.240429,0.275651,0.001531,0.101072,0.016845,0.018377,0.032159
N20000593,0.251232,0.688013,0.060755,0.011494,0.055829,0.451560,0.077176,0.009852,0.048286,0.007607,0.016536,0.021167,0.255274,0.223629,0.335443,0.185654,0.482759,0.152709,0.192118,0.003284,0.100164,0.013136,0.006568,0.049261
N20000594,0.268293,0.629268,0.102439,0.021951,0.070732,0.197561,0.126829,0.029268,0.148688,0.016425,0.021612,0.018154,0.416422,0.214076,0.304985,0.064516,0.396088,0.180929,0.171149,0.007335,0.178484,0.014670,0.022005,0.029340
N20000595,0.370732,0.551220,0.078049,0.029823,0.072323,0.147727,0.165584,0.035714,0.094252,0.010412,0.013699,0.011507,0.320084,0.372385,0.211297,0.096234,0.389251,0.234528,0.252443,0.003257,0.057003,0.011401,0.021173,0.030945
N20000596,0.854626,0.107930,0.037445,0.024229,0.015419,0.039648,0.033040,0.002203,0.012788,0.001413,0.001859,0.001561,0.110803,0.221607,0.329640,0.337950,0.174009,0.436123,0.319383,0.004405,0.019824,0.015419,0.011013,0.019824
N20000597,0.622024,0.247024,0.130952,0.029762,0.050595,0.092262,0.068452,0.005952,0.021599,0.002386,0.003139,0.002637,0.266254,0.343653,0.281734,0.108359,0.182090,0.373134,0.304478,0.000000,0.056716,0.038806,0.011940,0.032836
N20000598,0.538306,0.330645,0.131048,0.032258,0.030242,0.102823,0.159274,0.004032,0.023121,0.001632,0.007344,0.002176,0.036313,0.229050,0.201117,0.533520,0.304435,0.217742,0.284274,0.002016,0.058468,0.026210,0.004032,0.102823
N20000599,0.217923,0.647658,0.134420,0.042770,0.083503,0.240326,0.181263,0.030550,0.081295,0.008980,0.011816,0.009925,0.200489,0.354523,0.229829,0.215159,0.472505,0.095723,0.230143,0.002037,0.136456,0.010183,0.022403,0.030550
N20000600,0.610701,0.278598,0.110701,0.040590,0.055351,0.086716,0.095941,0.005535,0.023648,0.001669,0.007512,0.002226,0.137177,0.302187,0.266402,0.294235,0.287823,0.297048,0.273063,0.011070,0.053506,0.018450,0.023985,0.035055
N20000601,0.394619,0.464126,0.141256,0.033632,0.053812,0.118834,0.213004,0.006726,0.048402,0.003417,0.015375,0.004555,0.114286,0.176623,0.275325,0.433766,0.436937,0.177928,0.218468,0.000000,0.072072,0.013514,0.011261,0.069820
N20000602,0.380550,0.547569,0.071882,0.023256,0.025370,0.160677,0.232558,0.006342,0.082721,0.005839,0.026276,0.007785,0.188630,0.343669,0.279070,0.188630,0.369979,0.181818,0.255814,0.008457,0.107822,0.008457,0.021142,0.046512
N20000603,0.180165,0.674380,0.145455,0.020099,0.090222,0.226073,0.219472,0.021452,0.068454,0.019088,0.018430,0.011190,0.129310,0.308190,0.247845,0.314655,0.476033,0.085950,0.221488,0.001653,0.145455,0.006612,0.008264,0.054545
N20000604,0.215947,0.717608,0.066445,0.025947,0.054275,0.216667,0.320000,0.050000,0.062126,0.003966,0.005948,0.004626,0.297753,0.460674,0.134831,0.106742,0.418605,0.069767,0.262458,0.006645,0.126246,0.019934,0.079734,0.016611
N20000605,0.636132,0.320611,0.043257,0.017206,0.021378,0.161125,0.081841,0.015345,0.024461,0.002743,0.008458,0.005258,0.236162,0.280443,0.376384,0.107011,0.260870,0.383632,0.230179,0.002558,0.066496,0.015345,0.012788,0.028133
N20000606,0.508728,0.448878,0.042394,0.016228,0.033878,0.097500,0.230000,0.000000,0.052304,0.005866,0.018087,0.011243,0.259124,0.295620,0.255474,0.189781,0.314214,0.331671,0.239401,0.004988,0.054863,0.019950,0.014963,0.019950
N20000607,0.337705,0.586885,0.075410,0.042623,0.078689,0.232787,0.193443,0.022951,0.034481,0.009615,0.009283,0.005636,0.141631,0.437768,0.180258,0.240343,0.369281,0.169935,0.258170,0.026144,0.068627,0.022876,0.009804,0.075163
N20000608,0.316258,0.583519,0.100223,0.028953,0.060134,0.265033,0.189310,0.022272,0.037900,0.002419,0.003629,0.002822,0.355556,0.294444,0.230556,0.119444,0.447661,0.140312,0.213808,0.008909,0.084633,0.040089,0.026726,0.037862
N20000609,0.397781,0.508716,0.093502,0.018034,0.070425,0.227848,0.153481,0.011076,0.037184,0.002373,0.003560,0.002769,0.437168,0.352212,0.155752,0.054867,0.324367,0.253165,0.208861,0.003165,0.104430,0.026899,0.030063,0.049051
N20000610,0.276243,0.626151,0.097606,0.021631,0.067110,0.223247,0.223247,0.033210,0.064289,0.004104,0.006155,0.004788,0.300000,0.363415,0.204878,0.131707,0.460259,0.125693,0.216266,0.005545,0.129390,0.011091,0.016636,0.035120
N20000611,0.350365,0.506083,0.143552,0.034063,0.051095,0.170316,0.192214,0.038929,0.031275,0.008721,0.008420,0.005112,0.013746,0.240550,0.295533,0.450172,0.483010,0.138350,0.218447,0.002427,0.065534,0.026699,0.004854,0.060680
N20000612,0.377193,0.484649,0.138158,0.028509,0.065789,0.177632,0.184211,0.010965,0.027951,0.009583,0.004792,0.003727,0.042484,0.163399,0.297386,0.496732,0.436404,0.149123,0.265351,0.002193,0.070175,0.006579,0.008772,0.061404
N20000613,0.319149,0.577508,0.103343,0.030395,0.085106,0.188450,0.173252,0.030395,0.060878,0.020872,0.010436,0.008117,0.232283,0.362205,0.259843,0.145669,0.442073,0.155488,0.240854,0.000000,0.094512,0.009146,0.015244,0.042683
N20000614,0.263427,0.664962,0.071611,0.026182,0.066747,0.323980,0.153061,0.012755,0.086735,0.005889,0.006425,0.009369,0.367491,0.266784,0.265018,0.100707,0.443734,0.143223,0.227621,0.007673,0.095908,0.033248,0.020460,0.028133
N20000615,0.470874,0.320388,0.208738,0.024532,0.056974,0.100000,0.139024,0.000000,0.014250,0.003974,0.003837,0.002329,0.064426,0.112045,0.215686,0.607843,0.347826,0.258454,0.246377,0.000000,0.065217,0.004831,0.002415,0.074879
N20000616,0.379009,0.443149,0.177843,0.040816,0.049563,0.151603,0.177843,0.014577,0.028958,0.008075,0.007796,0.004734,0.053435,0.137405,0.282443,0.526718,0.475219,0.154519,0.195335,0.002915,0.081633,0.008746,0.008746,0.072886
N20000617,0.375758,0.518182,0.106061,0.021212,0.072727,0.136364,0.227273,0.021212,0.036784,0.012612,0.006306,0.004905,0.096552,0.472414,0.237931,0.193103,0.399390,0.134146,0.332317,0.009146,0.054878,0.030488,0.009146,0.030488
N20000618,0.380952,0.466667,0.152381,0.030117,0.075259,0.181384,0.138425,0.000000,0.043456,0.014899,0.007450,0.005794,0.065015,0.232198,0.291022,0.411765,0.361905,0.190476,0.276190,0.004762,0.092857,0.011905,0.004762,0.057143
N20000619,0.615385,0.248718,0.135897,0.019477,0.046672,0.084399,0.058824,0.012788,0.026897,0.007500,0.007242,0.004397,0.095522,0.158209,0.268657,0.477612,0.328205,0.207692,0.282051,0.000000,0.025641,0.010256,0.010256,0.135897
N20000620,0.380098,0.466558,0.153344,0.053868,0.076394,0.168852,0.122951,0.011475,0.052734,0.018080,0.009040,0.007031,0.134357,0.276392,0.199616,0.389635,0.402936,0.151713,0.221860,0.004894,0.092985,0.014682,0.019576,0.091354
N20000621,0.513716,0.390274,0.096010,0.038653,0.066085,0.144638,0.117207,0.002494,0.034467,0.013092,0.004809,0.007481,0.240896,0.406162,0.189076,0.163866,0.321696,0.210723,0.298005,0.004988,0.099751,0.017456,0.028678,0.018703
N20000622,0.490239,0.381779,0.127983,0.024008,0.050624,0.106754,0.159041,0.017429,0.028004,0.007809,0.007540,0.004578,0.102426,0.185984,0.204852,0.506739,0.297826,0.221739,0.334783,0.015217,0.047826,0.023913,0.002174,0.056522
N20000623,0.313208,0.539623,0.147170,0.032905,0.068032,0.231061,0.125000,0.030303,0.064430,0.008971,0.003670,0.008156,0.204348,0.434783,0.221739,0.139130,0.401887,0.188679,0.175472,0.003774,0.149057,0.007547,0.003774,0.069811
N20000624,0.436242,0.442953,0.120805,0.036242,0.072953,0.140000,0.090000,0.046667,0.057255,0.018039,0.010980,0.007059,0.155080,0.133690,0.213904,0.497326,0.335570,0.151007,0.325503,0.003356,0.063758,0.016779,0.016779,0.087248
N20000625,0.493384,0.289225,0.217391,0.039698,0.041588,0.092628,0.083176,0.003781,0.039191,0.014887,0.005469,0.008507,0.120459,0.319312,0.229446,0.330784,0.260870,0.249527,0.194707,0.009452,0.062382,0.026465,0.026465,0.170132
N20000626,0.290948,0.631466,0.077586,0.030172,0.090517,0.243534,0.155172,0.043103,0.074946,0.010436,0.004269,0.009487,0.260450,0.254019,0.247588,0.237942,0.489177,0.134199,0.216450,0.012987,0.088745,0.010823,0.028139,0.019481
N20000627,0.425856,0.463878,0.110266,0.034221,0.062738,0.171103,0.159696,0.005703,0.037225,0.014140,0.005194,0.008080,0.125604,0.338164,0.326087,0.210145,0.356736,0.199241,0.294118,0.009488,0.064516,0.005693,0.026565,0.043643
N20000628,0.215054,0.681720,0.103226,0.012903,0.086022,0.324731,0.176344,0.017204,0.058528,0.008149,0.003334,0.007409,0.249258,0.483680,0.181009,0.086053,0.491416,0.100858,0.190987,0.015021,0.126609,0.008584,0.023605,0.042918
N20000629,0.246835,0.689873,0.063291,0.042194,0.056962,0.217300,0.244726,0.010549,0.095844,0.010749,0.033142,0.020602,0.275956,0.295082,0.349727,0.079235,0.502110,0.170886,0.149789,0.008439,0.094937,0.016878,0.027426,0.029536
N20000630,0.365672,0.532338,0.101990,0.014186,0.062041,0.235149,0.136139,0.037129,0.037961,0.011960,0.007280,0.004680,0.098485,0.231061,0.231061,0.439394,0.407960,0.164179,0.256219,0.000000,0.079602,0.027363,0.014925,0.049751
N20000631,0.366048,0.511936,0.122016,0.043381,0.045270,0.234667,0.176000,0.013333,0.025896,0.008879,0.004439,0.003453,0.069307,0.237624,0.306931,0.386139,0.362434,0.103175,0.314815,0.000000,0.100529,0.023810,0.031746,0.063492
N20000632,0.379070,0.495349,0.125581,0.031042,0.098597,0.157773,0.148492,0.016241,0.045546,0.014350,0.008735,0.005615,0.042667,0.253333,0.144000,0.560000,0.406977,0.127907,0.248837,0.004651,0.097674,0.023256,0.011628,0.079070
N20000633,0.211823,0.689655,0.098522,0.026179,0.095596,0.274752,0.212871,0.032178,0.056137,0.007817,0.003198,0.007106,0.154088,0.336478,0.270440,0.238994,0.472906,0.123153,0.174877,0.009852,0.130542,0.007389,0.032020,0.049261
N20000634,0.123737,0.684343,0.191919,0.017677,0.078283,0.247475,0.255051,0.017677,0.052670,0.016595,0.010101,0.006494,0.029674,0.115727,0.127596,0.727003,0.628788,0.030303,0.179293,0.000000,0.083333,0.010101,0.005051,0.063131
N20000635,0.379257,0.540248,0.080495,0.035604,0.065015,0.239938,0.131579,0.023220,0.060853,0.008473,0.003466,0.007703,0.364842,0.426202,0.147595,0.061360,0.363777,0.210526,0.179567,0.020124,0.116099,0.029412,0.032508,0.047988
N20000636,0.256140,0.605263,0.138596,0.033724,0.076366,0.273205,0.161121,0.001751,0.053454,0.020304,0.007459,0.011602,0.187500,0.364583,0.270833,0.177083,0.472759,0.098418,0.240773,0.000000,0.107206,0.008787,0.035149,0.036907
N20000637,0.253054,0.638743,0.108202,0.037026,0.100416,0.249129,0.174216,0.026132,0.058893,0.011574,0.010894,0.007489,0.167476,0.434466,0.213592,0.184466,0.418118,0.113240,0.256098,0.005226,0.132404,0.036585,0.006969,0.031359
N20000638,0.241164,0.681913,0.076923,0.035343,0.083160,0.268191,0.201663,0.020790,0.071658,0.014083,0.013255,0.009113,0.320755,0.412399,0.153639,0.113208,0.451143,0.120582,0.193347,0.014553,0.130977,0.018711,0.016632,0.054054
N20000639,0.285178,0.613508,0.101313,0.030941,0.039120,0.197740,0.256121,0.020716,0.057481,0.021834,0.008021,0.012476,0.182243,0.338785,0.289720,0.189252,0.439623,0.113208,0.224528,0.001887,0.143396,0.013208,0.018868,0.045283
N20000640,0.388658,0.556017,0.055325,0.034983,0.073354,0.198336,0.180305,0.008322,0.063434,0.012467,0.011733,0.008067,0.317518,0.375912,0.166058,0.140511,0.355463,0.221300,0.248963,0.004149,0.085754,0.035961,0.015214,0.033195
N20000641,0.381868,0.483516,0.134615,0.046242,0.084617,0.202201,0.101788,0.016506,0.051969,0.010214,0.009613,0.006609,0.230252,0.354622,0.253782,0.161345,0.385989,0.195055,0.199176,0.000000,0.070055,0.009615,0.024725,0.115385
N20000642,0.550000,0.378571,0.071429,0.045215,0.069959,0.148325,0.093301,0.016746,0.030031,0.003368,0.010385,0.006455,0.413374,0.279635,0.224924,0.082067,0.290476,0.323810,0.276190,0.011905,0.028571,0.038095,0.007143,0.023810
N20000643,0.395833,0.517045,0.087121,0.023917,0.073023,0.216319,0.132827,0.034156,0.040248,0.007910,0.007445,0.005118,0.537657,0.276151,0.135983,0.050209,0.285171,0.249049,0.205323,0.007605,0.182510,0.009506,0.028517,0.032319
N20000644,0.123393,0.784062,0.092545,0.005141,0.082262,0.367609,0.254499,0.000000,0.047637,0.005342,0.016473,0.010240,0.105105,0.264264,0.387387,0.243243,0.494845,0.038660,0.211340,0.000000,0.190722,0.002577,0.005155,0.056701
N20000645,0.471842,0.458143,0.070015,0.025033,0.050848,0.261398,0.088146,0.009119,0.038906,0.002642,0.002882,0.004203,0.216162,0.270707,0.404040,0.109091,0.400607,0.218513,0.264036,0.028832,0.050076,0.007587,0.012140,0.018209
N20000646,0.558929,0.369643,0.071429,0.044540,0.038708,0.107914,0.134892,0.008993,0.059197,0.005920,0.001869,0.012151,0.210412,0.206074,0.251627,0.331887,0.348294,0.326750,0.236984,0.017953,0.019749,0.025135,0.012567,0.012567
N20000647,0.560229,0.414914,0.024857,0.026769,0.028681,0.168260,0.139579,0.015296,0.047199,0.004720,0.001490,0.009688,0.224215,0.320628,0.343049,0.112108,0.292543,0.332696,0.252390,0.003824,0.038241,0.026769,0.019120,0.034417
N20000648,0.195041,0.760331,0.044628,0.013523,0.044159,0.453795,0.107261,0.011551,0.114851,0.007799,0.008508,0.012407,0.254348,0.339130,0.328261,0.078261,0.518946,0.112026,0.186161,0.004942,0.095552,0.008237,0.044481,0.029654
N20000649,0.388674,0.567568,0.043758,0.014157,0.039897,0.240669,0.109395,0.007722,0.127079,0.012708,0.004013,0.026085,0.213576,0.298013,0.311258,0.177152,0.384813,0.190476,0.276705,0.005148,0.093951,0.016731,0.014157,0.018018
N20000650,0.188776,0.706633,0.104592,0.009747,0.041671,0.439898,0.140665,0.000000,0.052149,0.008920,0.006862,0.016468,0.204893,0.253823,0.348624,0.192661,0.533333,0.097436,0.143590,0.002564,0.146154,0.000000,0.010256,0.066667
N20000651,0.658793,0.288714,0.052493,0.021473,0.033786,0.156373,0.036794,0.002628,0.036537,0.006250,0.004808,0.011538,0.236307,0.250391,0.322379,0.190923,0.218134,0.477004,0.214192,0.000000,0.040736,0.021025,0.011827,0.017083
N20000652,0.439655,0.531034,0.029310,0.024853,0.037059,0.299484,0.146299,0.010327,0.028325,0.002832,0.000894,0.005814,0.224490,0.300000,0.351020,0.124490,0.331606,0.291883,0.177893,0.003454,0.145078,0.008636,0.010363,0.031088
N20000653,0.366279,0.585756,0.047965,0.013081,0.043605,0.360465,0.061047,0.005814,0.091860,0.006237,0.006804,0.009923,0.217786,0.264973,0.397459,0.119782,0.368650,0.233672,0.223512,0.004354,0.108853,0.018868,0.018868,0.023222
N20000654,0.708940,0.237006,0.054054,0.042273,0.034108,0.099379,0.055901,0.000000,0.035621,0.003562,0.001125,0.007312,0.295285,0.253102,0.258065,0.193548,0.158333,0.460417,0.235417,0.000000,0.054167,0.043750,0.004167,0.043750
N20000655,0.080275,0.866972,0.052752,0.011625,0.077499,0.475973,0.118993,0.006865,0.115942,0.019832,0.015256,0.036613,0.198830,0.201754,0.459064,0.140351,0.607798,0.075688,0.158257,0.000000,0.098624,0.016055,0.006881,0.036697
N20000656,0.188742,0.721854,0.089404,0.016556,0.066225,0.413907,0.082781,0.006623,0.094115,0.016099,0.012384,0.029721,0.146939,0.277551,0.497959,0.077551,0.514851,0.155116,0.138614,0.000000,0.122112,0.006601,0.013201,0.049505
N20000657,0.245877,0.685157,0.068966,0.024320,0.057912,0.374251,0.061377,0.008982,0.146108,0.009921,0.010823,0.015783,0.258065,0.327957,0.279570,0.134409,0.474551,0.166168,0.218563,0.002994,0.098802,0.008982,0.020958,0.008982
N20000658,0.283168,0.667327,0.049505,0.009901,0.041584,0.459406,0.085149,0.001980,0.048941,0.008372,0.006440,0.015455,0.236318,0.283582,0.395522,0.084577,0.427723,0.207921,0.186139,0.000000,0.122772,0.013861,0.011881,0.029703
N20000659,0.485646,0.411483,0.102871,0.016746,0.033493,0.234450,0.064593,0.000000,0.042665,0.011086,0.015454,0.009742,0.092958,0.264789,0.256338,0.385915,0.335731,0.235012,0.215827,0.002398,0.059952,0.009592,0.014388,0.127098
N20000660,0.346021,0.574394,0.079585,0.028863,0.035400,0.336222,0.091854,0.003466,0.058070,0.015089,0.021033,0.013260,0.099730,0.167116,0.371968,0.361186,0.418685,0.214533,0.160900,0.003460,0.083045,0.006920,0.005190,0.107266
N20000661,0.469027,0.446018,0.084956,0.027537,0.061266,0.225177,0.070922,0.000000,0.047910,0.012449,0.017353,0.010940,0.164905,0.342495,0.310782,0.181818,0.262411,0.269504,0.221631,0.007092,0.108156,0.037234,0.021277,0.072695
N20000662,0.391775,0.523810,0.084416,0.011645,0.029209,0.285097,0.095032,0.004320,0.059529,0.015468,0.021562,0.013593,0.097826,0.258152,0.307065,0.336957,0.337662,0.222944,0.220779,0.002165,0.110390,0.008658,0.004329,0.093074
N20000663,0.409382,0.528785,0.061834,0.009809,0.018101,0.352564,0.074786,0.000000,0.045035,0.011702,0.016312,0.010284,0.055710,0.105850,0.437326,0.401114,0.309168,0.196162,0.257996,0.002132,0.089552,0.002132,0.004264,0.138593
N20000664,0.055738,0.852459,0.091803,0.011548,0.075045,0.196399,0.322422,0.075286,0.111200,0.009991,0.026497,0.035619,0.178414,0.345815,0.259912,0.215859,0.600326,0.026101,0.156607,0.000000,0.117455,0.001631,0.004894,0.092985
N20000665,0.122699,0.811861,0.065440,0.008646,0.068480,0.299389,0.242363,0.061100,0.085250,0.007659,0.020314,0.027307,0.269972,0.349862,0.261708,0.118457,0.599182,0.122699,0.106339,0.004090,0.124744,0.006135,0.018405,0.018405
N20000666,0.041667,0.851852,0.106481,0.009259,0.087963,0.268519,0.289352,0.067130,0.094086,0.011649,0.021505,0.011649,0.198758,0.310559,0.363354,0.127329,0.581019,0.030093,0.155093,0.002315,0.134259,0.004630,0.009259,0.083333
N20000667,0.155620,0.795389,0.048991,0.011111,0.095967,0.184971,0.349711,0.037572,0.055313,0.010856,0.027398,0.033601,0.287611,0.402655,0.181416,0.128319,0.484150,0.092219,0.195965,0.008646,0.146974,0.005764,0.025937,0.040346
N20000668,0.102222,0.777778,0.120000,0.021141,0.039039,0.256757,0.252252,0.049550,0.122058,0.015112,0.027899,0.015112,0.090323,0.290323,0.309677,0.309677,0.529148,0.049327,0.156951,0.000000,0.103139,0.000000,0.017937,0.143498
N20000669,0.085288,0.818763,0.095949,0.023586,0.076210,0.231915,0.302128,0.112766,0.064859,0.008030,0.014825,0.008030,0.196481,0.343109,0.252199,0.208211,0.539446,0.051173,0.162047,0.008529,0.121535,0.000000,0.017058,0.100213
N20000670,0.084711,0.822314,0.092975,0.016670,0.077984,0.208247,0.360825,0.020619,0.067262,0.013201,0.033317,0.040860,0.119540,0.400000,0.314943,0.165517,0.531959,0.032990,0.189691,0.000000,0.179381,0.000000,0.008247,0.057732
N20000671,0.074294,0.812779,0.112927,0.013463,0.093194,0.264095,0.304154,0.066766,0.057289,0.007093,0.013095,0.007093,0.278459,0.318739,0.241681,0.161121,0.573551,0.013373,0.166419,0.002972,0.142645,0.001486,0.017831,0.081724
N20000672,0.109756,0.810976,0.079268,0.005462,0.056374,0.187117,0.383436,0.024540,0.081205,0.017981,0.017981,0.042342,0.267241,0.318966,0.288793,0.125000,0.633333,0.081818,0.115152,0.015152,0.090909,0.006061,0.018182,0.039394
N20000673,0.057336,0.866779,0.075885,0.010277,0.085266,0.305882,0.289076,0.065546,0.081973,0.010149,0.018737,0.010149,0.127021,0.332564,0.387991,0.152425,0.533784,0.016892,0.180743,0.003378,0.184122,0.001689,0.006757,0.072635
N20000674,0.177656,0.776557,0.045788,0.021406,0.066998,0.264706,0.286765,0.051471,0.064678,0.005811,0.015412,0.020717,0.328025,0.305732,0.261146,0.105096,0.485401,0.127737,0.200730,0.014599,0.083942,0.000000,0.031022,0.056569
N20000675,0.038062,0.844291,0.117647,0.013799,0.074793,0.129983,0.388215,0.031196,0.095736,0.018789,0.047421,0.058158,0.140316,0.292490,0.290514,0.276680,0.499133,0.015598,0.175043,0.000000,0.235702,0.003466,0.001733,0.069324
N20000676,0.051775,0.863905,0.084320,0.005849,0.046128,0.333333,0.250370,0.072593,0.082209,0.018203,0.018203,0.042866,0.258780,0.314233,0.271719,0.155268,0.577151,0.034125,0.130564,0.017804,0.155786,0.001484,0.022255,0.060831
N20000677,0.043103,0.853448,0.103448,0.005961,0.067734,0.254286,0.334286,0.094286,0.069677,0.008627,0.015926,0.008627,0.167857,0.507143,0.167857,0.157143,0.585014,0.011527,0.178674,0.005764,0.132565,0.005764,0.014409,0.066282
N20000678,0.077430,0.790774,0.131796,0.018414,0.085856,0.198361,0.290164,0.054098,0.067471,0.021275,0.019451,0.054098,0.150713,0.291242,0.285132,0.272912,0.604613,0.026359,0.151565,0.011532,0.135091,0.016474,0.009885,0.044481
N20000679,0.089494,0.817121,0.093385,0.010479,0.063235,0.182642,0.360104,0.054404,0.065160,0.020546,0.018785,0.052245,0.252006,0.365971,0.253612,0.128411,0.585492,0.024611,0.160622,0.003886,0.150259,0.012953,0.019430,0.042746
N20000680,0.097130,0.781457,0.121413,0.030759,0.073492,0.137168,0.404867,0.061947,0.043229,0.013631,0.012462,0.034661,0.116456,0.291139,0.341772,0.250633,0.535242,0.061674,0.215859,0.000000,0.140969,0.002203,0.004405,0.039648
N20000681,0.113464,0.848714,0.037821,0.011949,0.060835,0.333333,0.233333,0.051515,0.102944,0.009249,0.024530,0.032974,0.367521,0.282051,0.258547,0.091880,0.557576,0.087879,0.184848,0.007576,0.122727,0.007576,0.010606,0.021212
N20000682,0.117409,0.744939,0.137652,0.016194,0.058704,0.188259,0.366397,0.032389,0.057363,0.010756,0.013743,0.017328,0.062500,0.177083,0.304688,0.455729,0.587045,0.030364,0.174089,0.000000,0.099190,0.002024,0.006073,0.101215
N20000683,0.135071,0.751185,0.113744,0.011848,0.080569,0.265403,0.293839,0.028436,0.047964,0.008993,0.011491,0.014489,0.078873,0.264789,0.312676,0.343662,0.534118,0.037647,0.148235,0.009412,0.167059,0.007059,0.009412,0.087059
N20000684,0.153034,0.670185,0.176781,0.021455,0.067553,0.168421,0.310526,0.023684,0.057831,0.010843,0.013855,0.017470,0.051370,0.273973,0.198630,0.476027,0.515707,0.047120,0.172775,0.000000,0.109948,0.018325,0.007853,0.128272
N20000685,0.165161,0.745806,0.089032,0.023226,0.064516,0.250323,0.247742,0.036129,0.074886,0.016582,0.016582,0.039048,0.283113,0.279801,0.283113,0.153974,0.558862,0.103493,0.143596,0.014230,0.121604,0.005175,0.027167,0.025873
N20000686,0.112710,0.774580,0.112710,0.011748,0.067850,0.300481,0.274038,0.026442,0.061168,0.011469,0.014655,0.018478,0.092179,0.407821,0.251397,0.248603,0.559809,0.055024,0.169856,0.002392,0.145933,0.000000,0.009569,0.057416
N20000687,0.086957,0.824111,0.088933,0.009881,0.055336,0.330040,0.318182,0.021739,0.056978,0.010758,0.015141,0.015938,0.134658,0.275938,0.390728,0.198675,0.567194,0.007905,0.120553,0.001976,0.164032,0.003953,0.015810,0.118577
N20000688,0.206587,0.732036,0.061377,0.017681,0.055874,0.268366,0.293853,0.007496,0.064574,0.005802,0.015387,0.020684,0.209446,0.281314,0.390144,0.119097,0.488756,0.113943,0.185907,0.008996,0.113943,0.020990,0.017991,0.049475
N20000689,0.133713,0.802276,0.064011,0.011727,0.027808,0.384397,0.265248,0.031206,0.053981,0.010192,0.014345,0.015100,0.278182,0.296364,0.320000,0.105455,0.554610,0.102128,0.109220,0.001418,0.188652,0.001418,0.017021,0.025532
N20000690,0.080134,0.868114,0.051753,0.005008,0.058431,0.320534,0.362270,0.058431,0.039468,0.007452,0.010488,0.011040,0.177449,0.321627,0.351201,0.149723,0.589018,0.024958,0.156406,0.006656,0.151414,0.003328,0.008319,0.059900
N20000691,0.061798,0.848315,0.089888,0.022472,0.050562,0.275281,0.325843,0.026217,0.098262,0.018553,0.026112,0.027486,0.264198,0.330864,0.303704,0.101235,0.582397,0.039326,0.146067,0.001873,0.172285,0.005618,0.011236,0.041199
N20000692,0.298578,0.622038,0.079384,0.023371,0.071623,0.200474,0.181495,0.014235,0.071323,0.011566,0.033252,0.038071,0.251108,0.283604,0.324963,0.140325,0.431953,0.205917,0.213018,0.004734,0.089941,0.009467,0.005917,0.039053
N20000693,0.130252,0.819328,0.050420,0.004202,0.050420,0.325630,0.300420,0.012605,0.081609,0.012462,0.022111,0.014070,0.128571,0.288571,0.360000,0.222857,0.600840,0.088235,0.102941,0.004202,0.142857,0.000000,0.006303,0.054622
N20000694,0.181564,0.752793,0.065642,0.017928,0.050695,0.271329,0.216783,0.016783,0.091206,0.014790,0.042522,0.048684,0.248214,0.233929,0.398214,0.119643,0.537063,0.128671,0.153846,0.004196,0.137063,0.011189,0.006993,0.020979
N20000695,0.119318,0.823864,0.056818,0.004261,0.045455,0.453125,0.142045,0.029830,0.096117,0.014678,0.026042,0.016572,0.261307,0.262982,0.345059,0.130653,0.612216,0.098011,0.142045,0.002841,0.113636,0.002841,0.004261,0.024148
N20000696,0.346698,0.594340,0.058962,0.031532,0.054055,0.229858,0.184834,0.004739,0.064936,0.016835,0.022247,0.016835,0.151335,0.240356,0.204748,0.403561,0.380615,0.172577,0.170213,0.002364,0.101655,0.009456,0.026005,0.137116
N20000697,0.108661,0.771654,0.119685,0.010870,0.066606,0.321767,0.276025,0.018927,0.047460,0.012304,0.016259,0.012304,0.098299,0.277883,0.285444,0.338374,0.562205,0.053543,0.148031,0.003150,0.118110,0.006299,0.003150,0.105512
N20000698,0.241935,0.689516,0.068548,0.011166,0.078180,0.315789,0.222672,0.000000,0.039156,0.010152,0.013415,0.010152,0.096447,0.274112,0.309645,0.319797,0.471774,0.145161,0.169355,0.000000,0.125000,0.012097,0.008065,0.068548
N20000699,0.352415,0.608229,0.039356,0.005367,0.032200,0.409660,0.119857,0.000000,0.029142,0.004450,0.007895,0.005024,0.210526,0.242105,0.435789,0.111579,0.478648,0.284698,0.137011,0.000000,0.053381,0.007117,0.003559,0.035587
N20000700,0.135000,0.813333,0.051667,0.015000,0.056667,0.355000,0.268333,0.006667,0.068060,0.017645,0.023317,0.017645,0.217557,0.307252,0.223282,0.251908,0.485000,0.075000,0.210000,0.001667,0.131667,0.000000,0.035000,0.061667
N20000701,0.780749,0.200535,0.018717,0.018399,0.006943,0.088117,0.069426,0.002670,0.016987,0.003278,0.011027,0.002086,0.207813,0.271875,0.376563,0.143750,0.169786,0.632353,0.139037,0.001337,0.025401,0.008021,0.004011,0.020053
N20000702,0.790000,0.188000,0.022000,0.016000,0.010000,0.124000,0.016000,0.004000,0.021302,0.003253,0.005772,0.003673,0.165116,0.265116,0.320930,0.248837,0.133733,0.674651,0.115768,0.001996,0.019960,0.025948,0.007984,0.019960
N20000703,0.131922,0.824104,0.043974,0.009971,0.046868,0.500813,0.123577,0.006504,0.091689,0.014002,0.024842,0.015808,0.231733,0.258873,0.375783,0.133612,0.514658,0.109121,0.130293,0.000000,0.190554,0.014658,0.016287,0.024430
N20000704,0.303258,0.571429,0.125313,0.021851,0.071429,0.278894,0.160804,0.012563,0.022079,0.003580,0.010294,0.011785,0.088816,0.240132,0.279605,0.391447,0.445000,0.185000,0.237500,0.000000,0.070000,0.005000,0.002500,0.055000
N20000705,0.668860,0.278509,0.052632,0.012472,0.025205,0.138767,0.055066,0.008811,0.025783,0.004976,0.016736,0.003166,0.169279,0.235110,0.285266,0.310345,0.173626,0.479121,0.169231,0.000000,0.061538,0.019780,0.006593,0.090110
N20000706,0.928385,0.044271,0.027344,0.026169,0.003854,0.006519,0.015645,0.001304,0.008626,0.001665,0.005599,0.001059,0.231544,0.251678,0.397651,0.119128,0.039062,0.779948,0.113281,0.003906,0.005208,0.019531,0.000000,0.039062
N20000707,0.903166,0.076350,0.020484,0.027470,0.003994,0.012987,0.020408,0.000000,0.019828,0.003827,0.012871,0.002435,0.120350,0.269147,0.301969,0.308534,0.067039,0.659218,0.191806,0.000000,0.020484,0.029795,0.000000,0.031657
N20000708,0.339823,0.608850,0.051327,0.023009,0.040708,0.362832,0.145133,0.007080,0.024558,0.003982,0.011449,0.013108,0.150106,0.217759,0.393235,0.238901,0.400000,0.265487,0.196460,0.001770,0.093805,0.008850,0.007080,0.026549
N20000709,0.724185,0.237772,0.038043,0.022288,0.012839,0.159892,0.036585,0.000000,0.017828,0.002723,0.004830,0.003074,0.138934,0.260097,0.462036,0.138934,0.180461,0.606513,0.147897,0.000000,0.033921,0.010855,0.004071,0.016282
N20000710,0.787185,0.165904,0.046911,0.017426,0.005537,0.092784,0.032073,0.001145,0.017489,0.003375,0.011352,0.002148,0.143478,0.234783,0.360870,0.260870,0.142857,0.622857,0.168000,0.000000,0.011429,0.003429,0.009143,0.042286
N20000711,0.051047,0.807592,0.141361,0.015753,0.099095,0.271895,0.249673,0.066667,0.069241,0.029762,0.021258,0.000000,0.149780,0.403818,0.296623,0.149780,0.564136,0.020942,0.149215,0.003927,0.210733,0.002618,0.006545,0.041885
N20000712,0.829474,0.117895,0.052632,0.044211,0.033684,0.023158,0.035789,0.004211,0.012121,0.005210,0.003721,0.000000,0.138462,0.426374,0.191209,0.243956,0.132632,0.557895,0.166316,0.004211,0.010526,0.012632,0.006316,0.109474
N20000713,0.498288,0.369863,0.131849,0.036881,0.042247,0.137221,0.116638,0.020583,0.030615,0.013159,0.009399,0.000000,0.087432,0.242259,0.153005,0.517304,0.401709,0.220513,0.206838,0.003419,0.071795,0.025641,0.001709,0.068376
N20000714,0.080645,0.709677,0.209677,0.024194,0.060484,0.354839,0.177419,0.032258,0.037748,0.029586,0.013263,0.004081,0.044248,0.243363,0.159292,0.553097,0.701613,0.056452,0.100806,0.004032,0.056452,0.008065,0.000000,0.072581
N20000715,0.927711,0.032702,0.039587,0.043029,0.012048,0.012048,0.005164,0.000000,0.002082,0.000977,0.000255,0.000127,0.102362,0.271654,0.181102,0.444882,0.108434,0.550775,0.265060,0.005164,0.018933,0.005164,0.003442,0.043029
N20000716,0.124800,0.675200,0.200000,0.032148,0.117692,0.207668,0.162939,0.065495,0.074058,0.026102,0.021246,0.000000,0.138462,0.400000,0.196154,0.265385,0.466346,0.099359,0.177885,0.004808,0.102564,0.014423,0.009615,0.125000
N20000717,0.037288,0.776271,0.186441,0.006676,0.087496,0.350340,0.181973,0.081633,0.033358,0.026145,0.011720,0.003606,0.054326,0.241449,0.229376,0.474849,0.647458,0.035593,0.144068,0.001695,0.120339,0.015254,0.003390,0.032203
N20000718,0.069042,0.795100,0.135857,0.006820,0.132878,0.291111,0.195556,0.097778,0.034672,0.027175,0.012182,0.003748,0.068182,0.335859,0.176768,0.419192,0.603563,0.020045,0.120267,0.000000,0.178174,0.004454,0.015590,0.057906
N20000719,0.897338,0.057034,0.045627,0.056129,0.007885,0.007561,0.005671,0.005671,0.017414,0.007485,0.005346,0.000000,0.020089,0.145089,0.140625,0.694196,0.157795,0.528517,0.231939,0.013308,0.001901,0.036122,0.003802,0.026616
N20000720,0.056555,0.858612,0.084833,0.005009,0.072529,0.314433,0.213918,0.087629,0.075829,0.059434,0.026643,0.008198,0.158845,0.350181,0.310469,0.180505,0.642674,0.012853,0.115681,0.000000,0.156812,0.002571,0.010283,0.059126
N20000721,0.289694,0.607242,0.103064,0.008357,0.047354,0.214485,0.169916,0.038997,0.078585,0.033778,0.024127,0.000000,0.141844,0.351064,0.219858,0.287234,0.579832,0.120448,0.145658,0.002801,0.098039,0.000000,0.014006,0.039216
N20000722,0.163017,0.666667,0.170316,0.056221,0.127832,0.211165,0.160194,0.080097,0.053301,0.018786,0.015291,0.000000,0.184971,0.317919,0.193642,0.303468,0.476998,0.089588,0.188862,0.002421,0.133172,0.012107,0.016949,0.079903
N20000723,0.100000,0.710526,0.189474,0.017688,0.094064,0.266200,0.175131,0.064799,0.067303,0.023722,0.019308,0.000000,0.081761,0.293501,0.213836,0.410901,0.575439,0.036842,0.128070,0.007018,0.131579,0.000000,0.007018,0.114035
N20000724,0.890380,0.038031,0.071588,0.040605,0.013368,0.002242,0.004484,0.006726,0.006782,0.003183,0.000830,0.000415,0.129808,0.377404,0.254808,0.237981,0.085202,0.661435,0.100897,0.015695,0.002242,0.038117,0.006726,0.089686
N20000725,0.844086,0.083333,0.072581,0.024194,0.010753,0.013441,0.008065,0.010753,0.024393,0.011450,0.002987,0.001493,0.086687,0.213622,0.099071,0.600619,0.180108,0.494624,0.206989,0.005376,0.021505,0.024194,0.008065,0.059140
N20000726,0.502804,0.364486,0.132710,0.058774,0.067844,0.098881,0.097015,0.061567,0.017910,0.014552,0.005970,0.000746,0.182022,0.339326,0.229213,0.249438,0.310987,0.262570,0.243948,0.007449,0.068901,0.005587,0.005587,0.094972
N20000727,0.119593,0.702290,0.178117,0.024232,0.140434,0.234536,0.170103,0.092784,0.039304,0.013853,0.011276,0.000000,0.100917,0.370031,0.174312,0.354740,0.525641,0.066667,0.153846,0.002564,0.192308,0.005128,0.007692,0.046154
N20000728,0.132075,0.757075,0.110849,0.029031,0.087286,0.283372,0.206089,0.046838,0.078744,0.033747,0.018749,0.002250,0.076159,0.304636,0.198675,0.420530,0.621495,0.065421,0.133178,0.011682,0.098131,0.007009,0.014019,0.049065
N20000729,0.080780,0.713092,0.206128,0.005571,0.125348,0.267409,0.155989,0.052925,0.050935,0.041385,0.016978,0.002122,0.034591,0.216981,0.232704,0.515723,0.634078,0.044693,0.125698,0.002793,0.097765,0.008380,0.011173,0.075419
N20000730,0.129261,0.741477,0.129261,0.035244,0.076235,0.292023,0.202279,0.056980,0.067224,0.028810,0.016006,0.001921,0.022901,0.324427,0.217557,0.435115,0.618571,0.078571,0.145714,0.004286,0.088571,0.007143,0.005714,0.051429
N20000731,0.708791,0.152473,0.138736,0.064072,0.027644,0.019204,0.015089,0.009602,0.048959,0.022981,0.005995,0.002998,0.154910,0.484094,0.182573,0.178423,0.245879,0.434066,0.133242,0.004121,0.020604,0.031593,0.000000,0.130495
N20000732,0.854651,0.093023,0.052326,0.055040,0.021039,0.023346,0.007782,0.015564,0.011562,0.009394,0.003854,0.000482,0.135770,0.446475,0.211488,0.206266,0.085271,0.624031,0.203488,0.000000,0.021318,0.019380,0.009690,0.036822
N20000733,0.732657,0.164129,0.103215,0.059775,0.021756,0.059322,0.047458,0.018644,0.007748,0.006295,0.002583,0.000323,0.139098,0.328947,0.225564,0.306391,0.133221,0.563238,0.182125,0.015177,0.021922,0.030354,0.010118,0.043845
N20000734,0.857542,0.064246,0.078212,0.072626,0.036313,0.013966,0.002793,0.000000,0.008939,0.001304,0.000745,0.000186,0.333333,0.456522,0.076087,0.134058,0.067039,0.684358,0.139665,0.005587,0.002793,0.030726,0.036313,0.033520
N20000735,0.903475,0.052124,0.044402,0.055985,0.015444,0.013514,0.005792,0.000000,0.013900,0.002027,0.001158,0.000290,0.224543,0.289817,0.182768,0.302872,0.036680,0.716216,0.185328,0.007722,0.013514,0.023166,0.001931,0.015444
N20000736,0.084507,0.640845,0.274648,0.025959,0.076442,0.262295,0.159251,0.046838,0.056640,0.024274,0.013486,0.001618,0.057637,0.296830,0.135447,0.510086,0.525701,0.058411,0.172897,0.002336,0.091121,0.002336,0.018692,0.128505
N20000737,0.112245,0.700000,0.187755,0.012449,0.082892,0.230143,0.211813,0.042770,0.072310,0.043386,0.014462,0.002225,0.054726,0.358209,0.154229,0.432836,0.608961,0.061100,0.112016,0.000000,0.144603,0.006110,0.002037,0.065173
N20000738,0.762313,0.066381,0.171306,0.119914,0.021413,0.008565,0.000000,0.000000,0.029122,0.004247,0.002427,0.000607,0.172702,0.426184,0.075209,0.325905,0.070664,0.573876,0.137045,0.012848,0.006424,0.032120,0.017131,0.149893
N20000739,0.103560,0.773463,0.122977,0.003236,0.080906,0.284790,0.245955,0.093851,0.031068,0.025243,0.010356,0.001294,0.041152,0.185185,0.160494,0.613169,0.629032,0.100000,0.138710,0.000000,0.070968,0.000000,0.006452,0.054839
N20000740,0.865297,0.068493,0.066210,0.068493,0.011416,0.025114,0.013699,0.000000,0.013347,0.004215,0.000702,0.000000,0.129412,0.364706,0.208824,0.297059,0.077626,0.636986,0.184932,0.009132,0.013699,0.043379,0.006849,0.027397
N20000741,0.863839,0.046875,0.089286,0.059830,0.029058,0.004454,0.004454,0.002227,0.005345,0.000780,0.000445,0.000111,0.138504,0.379501,0.105263,0.376731,0.062500,0.678571,0.147321,0.013393,0.008929,0.024554,0.004464,0.060268
N20000742,0.149100,0.683805,0.167095,0.025707,0.128535,0.210797,0.200514,0.030848,0.061783,0.037070,0.012357,0.001901,0.077703,0.243243,0.290541,0.388514,0.523196,0.056701,0.177835,0.000000,0.092784,0.015464,0.012887,0.121134
N20000743,0.727069,0.181208,0.091723,0.030641,0.029422,0.091518,0.020089,0.013393,0.009354,0.014031,0.003401,0.000000,0.050378,0.294710,0.138539,0.516373,0.145089,0.493304,0.183036,0.015625,0.073661,0.013393,0.004464,0.071429
N20000744,0.208925,0.663286,0.127789,0.010945,0.077427,0.256566,0.185859,0.050505,0.032451,0.048677,0.011801,0.000000,0.022472,0.184270,0.191011,0.602247,0.570850,0.119433,0.113360,0.002024,0.082996,0.010121,0.000000,0.101215
N20000745,0.713217,0.129676,0.157107,0.075717,0.024676,0.015000,0.022500,0.000000,0.054000,0.007875,0.004500,0.001125,0.060703,0.220447,0.146965,0.571885,0.152120,0.431421,0.179551,0.004988,0.014963,0.034913,0.007481,0.174564
N20000746,0.861813,0.047548,0.090639,0.060921,0.007429,0.014859,0.008915,0.000000,0.011114,0.001308,0.003269,0.000654,0.066890,0.240803,0.155518,0.536789,0.072917,0.632440,0.183036,0.000000,0.005952,0.031250,0.007440,0.066964
N20000747,0.796915,0.087404,0.115681,0.118252,0.028278,0.017995,0.012853,0.002571,0.020198,0.003060,0.002448,0.000000,0.131098,0.314024,0.185976,0.368902,0.100000,0.607692,0.120513,0.005128,0.007692,0.028205,0.010256,0.120513
N20000748,0.898108,0.056769,0.045124,0.048035,0.011645,0.026201,0.000000,0.001456,0.012765,0.004031,0.000672,0.000000,0.045381,0.175041,0.063209,0.716370,0.080175,0.663265,0.169096,0.000000,0.007289,0.013120,0.007289,0.059767
N20000749,0.799383,0.098765,0.101852,0.033951,0.006173,0.013889,0.041667,0.007716,0.019938,0.002346,0.005864,0.001173,0.038143,0.197347,0.139303,0.625207,0.094136,0.581790,0.192901,0.007716,0.006173,0.015432,0.003086,0.098765
N20000750,0.835539,0.056711,0.107750,0.080822,0.018975,0.007547,0.005660,0.001887,0.017790,0.002695,0.002156,0.000000,0.084783,0.369565,0.167391,0.378261,0.073724,0.610586,0.183365,0.013233,0.018904,0.011342,0.017013,0.071834
N20000751,0.892272,0.056206,0.051522,0.042155,0.009368,0.016393,0.007026,0.009368,0.010268,0.003243,0.000540,0.000000,0.019022,0.203804,0.154891,0.622283,0.063232,0.644028,0.210773,0.002342,0.009368,0.018735,0.009368,0.042155
N20000752,0.924051,0.037975,0.037975,0.035443,0.015190,0.007595,0.002532,0.000000,0.004420,0.006631,0.001607,0.000000,0.027950,0.260870,0.121118,0.590062,0.063291,0.678481,0.174684,0.010127,0.005063,0.025316,0.002532,0.040506
N20000753,0.934694,0.032653,0.032653,0.042857,0.004082,0.014286,0.008163,0.002041,0.002229,0.001338,0.000446,0.000069,0.033981,0.206311,0.157767,0.601942,0.075665,0.740286,0.126789,0.010225,0.006135,0.022495,0.002045,0.016360
N20000754,0.760181,0.113122,0.126697,0.131222,0.013575,0.040724,0.009050,0.009050,0.025745,0.004213,0.007489,0.003277,0.054217,0.204819,0.108434,0.632530,0.123288,0.433790,0.168950,0.000000,0.018265,0.036530,0.000000,0.219178
N20000755,0.910359,0.071713,0.017928,0.035857,0.029880,0.009960,0.013944,0.003984,0.009482,0.001116,0.002789,0.000558,0.023585,0.209906,0.186321,0.580189,0.137450,0.649402,0.147410,0.019920,0.001992,0.013944,0.000000,0.029880
N20000756,0.852814,0.080087,0.067100,0.025974,0.017316,0.025974,0.017316,0.002165,0.009458,0.005675,0.001892,0.000291,0.045000,0.197500,0.142500,0.615000,0.075758,0.601732,0.192641,0.006494,0.012987,0.021645,0.000000,0.088745
N20000757,0.727891,0.111111,0.160998,0.067299,0.067831,0.004556,0.015945,0.000000,0.017898,0.002712,0.002169,0.000000,0.086957,0.294118,0.150895,0.468031,0.126984,0.541950,0.111111,0.015873,0.036281,0.015873,0.002268,0.149660
N20000758,0.918149,0.044484,0.037367,0.031826,0.012512,0.012433,0.003552,0.003552,0.004973,0.005997,0.000585,0.000878,0.053191,0.214894,0.140426,0.591489,0.057041,0.727273,0.156863,0.008913,0.000000,0.019608,0.003565,0.026738
N20000759,0.603286,0.136150,0.260563,0.062494,0.052234,0.013986,0.018648,0.009324,0.026525,0.004340,0.007716,0.003376,0.061489,0.249191,0.116505,0.572816,0.074592,0.333333,0.193473,0.016317,0.009324,0.018648,0.006993,0.347319
N20000760,0.891304,0.057971,0.050725,0.067633,0.016908,0.021739,0.014493,0.000000,0.003074,0.000439,0.000878,0.000439,0.039394,0.275758,0.212121,0.472727,0.064904,0.675481,0.170673,0.002404,0.000000,0.028846,0.016827,0.040865
N20000761,0.922495,0.024575,0.052930,0.057834,0.003898,0.007519,0.011278,0.000000,0.001477,0.000224,0.000179,0.000000,0.052516,0.120350,0.146608,0.680525,0.120983,0.684310,0.147448,0.000000,0.003781,0.022684,0.009452,0.011342
N20000762,0.907162,0.037135,0.055703,0.029502,0.007880,0.010638,0.000000,0.000000,0.011847,0.001692,0.003385,0.001692,0.042484,0.267974,0.143791,0.545752,0.068966,0.684350,0.127321,0.002653,0.013263,0.039788,0.005305,0.058355
N20000763,0.597855,0.332440,0.069705,0.013405,0.064343,0.195710,0.042895,0.005362,0.018958,0.002872,0.002298,0.000000,0.030030,0.219219,0.102102,0.648649,0.316354,0.378016,0.179625,0.002681,0.083110,0.018767,0.000000,0.021448
N20000764,0.691139,0.146835,0.162025,0.153068,0.058003,0.020305,0.032995,0.010152,0.016045,0.002626,0.004668,0.002042,0.048458,0.215859,0.101322,0.634361,0.134518,0.439086,0.190355,0.012690,0.017766,0.025381,0.010152,0.170051
N20000765,0.878049,0.067751,0.054201,0.037940,0.016260,0.029810,0.005420,0.000000,0.006504,0.007843,0.000765,0.001148,0.056962,0.183544,0.132911,0.626582,0.081081,0.689189,0.143243,0.010811,0.010811,0.018919,0.005405,0.040541
N20000766,0.806154,0.052308,0.141538,0.052308,0.000000,0.021538,0.009231,0.000000,0.013616,0.002228,0.003961,0.001733,0.077739,0.180212,0.091873,0.650177,0.079755,0.558282,0.165644,0.003067,0.012270,0.024540,0.012270,0.144172
N20000767,0.790409,0.182948,0.026643,0.028419,0.021314,0.065719,0.053286,0.019538,0.015702,0.001847,0.004618,0.000924,0.029148,0.181614,0.112108,0.677130,0.204947,0.561837,0.171378,0.007067,0.021201,0.012367,0.003534,0.017668
N20000768,0.909091,0.061983,0.028926,0.019278,0.030798,0.018711,0.004158,0.004158,0.002646,0.000378,0.000756,0.000378,0.039326,0.193820,0.137640,0.629213,0.087137,0.690871,0.180498,0.008299,0.004149,0.016598,0.002075,0.010373
N20000769,0.728778,0.072464,0.198758,0.031056,0.006211,0.008282,0.012422,0.000000,0.028795,0.004712,0.008377,0.003665,0.035990,0.205656,0.141388,0.616967,0.109278,0.536082,0.160825,0.008247,0.035052,0.037113,0.010309,0.103093
N20000770,0.759931,0.174439,0.065630,0.031088,0.013817,0.055268,0.050086,0.015544,0.015889,0.019161,0.001869,0.002804,0.014733,0.189687,0.119705,0.675875,0.179620,0.509499,0.164076,0.010363,0.043178,0.006908,0.010363,0.075993
N20000771,0.845238,0.066667,0.088095,0.029890,0.006715,0.007194,0.016787,0.002398,0.023826,0.007581,0.002166,0.000000,0.078078,0.195195,0.186186,0.540541,0.086331,0.616307,0.146283,0.009592,0.007194,0.021583,0.004796,0.107914
N20000772,0.678733,0.149321,0.171946,0.113122,0.018100,0.022624,0.063348,0.000000,0.040834,0.002207,0.002207,0.000000,0.069307,0.247525,0.148515,0.534653,0.149321,0.429864,0.117647,0.004525,0.009050,0.009050,0.004525,0.276018
N20000773,0.922353,0.068235,0.009412,0.023529,0.002353,0.011765,0.023529,0.002353,0.016684,0.007701,0.003850,0.000000,0.044728,0.194888,0.137380,0.623003,0.063679,0.693396,0.200472,0.000000,0.011792,0.002358,0.002358,0.025943
N20000774,0.766520,0.088106,0.145374,0.123348,0.022026,0.017621,0.017621,0.008811,0.019878,0.001074,0.001074,0.000000,0.073171,0.102439,0.102439,0.721951,0.132159,0.484581,0.198238,0.004405,0.013216,0.035242,0.013216,0.118943
N20000775,0.752834,0.163265,0.083900,0.054422,0.036281,0.036281,0.034014,0.009070,0.030104,0.004926,0.008758,0.003831,0.038363,0.130435,0.148338,0.682864,0.142212,0.458239,0.225734,0.015801,0.040632,0.020316,0.002257,0.094808
N20000776,0.071028,0.734579,0.194393,0.003486,0.087300,0.330206,0.180113,0.045028,0.036773,0.044344,0.004326,0.006489,0.020548,0.109589,0.107306,0.762557,0.635009,0.042831,0.087523,0.001862,0.128492,0.001862,0.001862,0.100559
N20000777,0.933333,0.031111,0.035556,0.025844,0.009085,0.013216,0.000000,0.004405,0.003126,0.000995,0.000284,0.000000,0.012346,0.228395,0.203704,0.555556,0.066667,0.617778,0.231111,0.000000,0.017778,0.035556,0.004444,0.026667
N20000778,0.842520,0.098425,0.059055,0.092520,0.000769,0.042969,0.015625,0.000000,0.027722,0.008821,0.002520,0.000000,0.092683,0.131707,0.058537,0.717073,0.106719,0.588933,0.185771,0.003953,0.011858,0.019763,0.011858,0.071146
N20000779,0.828986,0.057971,0.113043,0.038288,0.011459,0.034884,0.000000,0.000000,0.006871,0.003171,0.001586,0.000000,0.039855,0.144928,0.188406,0.626812,0.150725,0.611594,0.153623,0.000000,0.005797,0.005797,0.002899,0.069565
N20000780,0.827160,0.080247,0.092593,0.030864,0.012346,0.049383,0.012346,0.006173,0.000000,0.000000,0.000000,0.000000,0.034014,0.122449,0.074830,0.768707,0.166667,0.561728,0.148148,0.018519,0.024691,0.024691,0.018519,0.037037
N20000781,0.942721,0.045346,0.011933,0.021480,0.009547,0.011933,0.011933,0.000000,0.007051,0.003255,0.001627,0.000000,0.053459,0.238994,0.110063,0.597484,0.114558,0.622912,0.190931,0.002387,0.004773,0.021480,0.007160,0.035800
N20000782,0.847880,0.077307,0.074813,0.025380,0.024807,0.005000,0.020000,0.012500,0.010645,0.003387,0.000968,0.000000,0.028213,0.178683,0.231975,0.561129,0.097500,0.597500,0.212500,0.012500,0.007500,0.017500,0.002500,0.052500
N20000783,0.839931,0.060241,0.099828,0.072690,0.018862,0.012069,0.003448,0.000000,0.023339,0.001262,0.001262,0.000000,0.047325,0.176955,0.160494,0.615226,0.075862,0.620690,0.163793,0.000000,0.003448,0.013793,0.000000,0.122414
N20000784,0.919060,0.036554,0.044386,0.052219,0.005222,0.018277,0.010444,0.000000,0.001543,0.000712,0.000356,0.000000,0.028481,0.167722,0.113924,0.689873,0.070496,0.639687,0.208877,0.000000,0.005222,0.007833,0.028721,0.039164
N20000785,0.912766,0.048936,0.038298,0.046809,0.008511,0.021277,0.014894,0.002128,0.001920,0.000104,0.000104,0.000000,0.022222,0.227778,0.075000,0.675000,0.076596,0.589362,0.274468,0.012766,0.010638,0.014894,0.004255,0.017021
N20000786,0.643636,0.181818,0.174545,0.080912,0.077876,0.032258,0.025090,0.010753,0.032345,0.001748,0.001748,0.000000,0.133005,0.359606,0.049261,0.458128,0.111511,0.420863,0.208633,0.007194,0.017986,0.021583,0.021583,0.190647
N20000787,0.877907,0.079457,0.042636,0.082540,0.019612,0.021236,0.017375,0.009653,0.010940,0.000322,0.000322,0.000000,0.161137,0.412322,0.187204,0.239336,0.088975,0.595745,0.228240,0.000000,0.015474,0.021277,0.015474,0.034816
N20000788,0.832880,0.097826,0.069293,0.051928,0.033881,0.024490,0.016327,0.006803,0.015420,0.000454,0.000454,0.000000,0.184818,0.245875,0.231023,0.338284,0.119565,0.547554,0.216033,0.009511,0.029891,0.036685,0.009511,0.031250
N20000789,0.708889,0.197778,0.093333,0.088889,0.053333,0.048889,0.051111,0.004444,0.037778,0.001111,0.001111,0.000000,0.245283,0.299191,0.164420,0.291105,0.142222,0.477778,0.197778,0.017778,0.020000,0.035556,0.026667,0.082222
N20000790,0.116525,0.673729,0.209746,0.023107,0.104727,0.316348,0.110403,0.063694,0.046916,0.021821,0.009820,0.000000,0.057644,0.145363,0.220551,0.576441,0.635593,0.069915,0.114407,0.002119,0.110169,0.008475,0.004237,0.055085
N20000791,0.583333,0.257937,0.158730,0.057540,0.067460,0.089286,0.047619,0.027778,0.015405,0.007165,0.003224,0.000000,0.223919,0.417303,0.139949,0.218830,0.290514,0.383399,0.177866,0.005929,0.019763,0.039526,0.009881,0.073123
N20000792,0.824201,0.091324,0.084475,0.052511,0.027397,0.027397,0.015982,0.000000,0.012272,0.005708,0.002568,0.000000,0.052632,0.244737,0.194737,0.507895,0.134091,0.486364,0.245455,0.015909,0.009091,0.009091,0.013636,0.086364
N20000793,0.754286,0.133333,0.112381,0.060952,0.041905,0.036190,0.024762,0.005714,0.014788,0.006878,0.003095,0.000000,0.143182,0.372727,0.202273,0.281818,0.186312,0.534221,0.211027,0.000000,0.009506,0.015209,0.011407,0.032319
N20000794,0.854130,0.063269,0.082601,0.055884,0.017655,0.015789,0.012281,0.000000,0.013039,0.002608,0.001897,0.000000,0.083673,0.263265,0.153061,0.500000,0.103691,0.536028,0.224956,0.008787,0.008787,0.031634,0.017575,0.068541
N20000795,0.247692,0.512308,0.240000,0.044615,0.076923,0.180000,0.086154,0.101538,0.050312,0.010062,0.007318,0.000000,0.047872,0.304965,0.195035,0.452128,0.421538,0.103077,0.149231,0.009231,0.081538,0.012308,0.007692,0.215385
N20000796,0.781513,0.148459,0.070028,0.067227,0.023810,0.079832,0.025210,0.007003,0.008625,0.001327,0.002654,0.000000,0.558935,0.321293,0.081749,0.038023,0.113445,0.591036,0.184874,0.005602,0.019608,0.035014,0.028011,0.022409
N20000797,0.581921,0.323917,0.094162,0.041431,0.060264,0.133710,0.058380,0.033898,0.027994,0.005599,0.004072,0.000000,0.442197,0.297688,0.124277,0.135838,0.223265,0.424015,0.195122,0.003752,0.054409,0.024390,0.009381,0.065666
N20000798,0.076152,0.769539,0.154309,0.028152,0.071539,0.302000,0.160000,0.118000,0.054884,0.046651,0.016465,0.000000,0.093333,0.194667,0.280000,0.432000,0.632530,0.044177,0.146586,0.000000,0.094378,0.002008,0.006024,0.074297
N20000799,0.834520,0.142349,0.023132,0.054162,0.040563,0.042857,0.039286,0.008929,0.007331,0.001128,0.002256,0.000000,0.654118,0.230588,0.091765,0.023529,0.085714,0.600000,0.164286,0.016071,0.033929,0.046429,0.030357,0.023214
N20000800,0.140704,0.705193,0.154104,0.019898,0.106199,0.285235,0.156040,0.104027,0.024973,0.021227,0.007492,0.000000,0.122951,0.282787,0.211066,0.383197,0.527731,0.094118,0.176471,0.013445,0.121008,0.000000,0.018487,0.048739
N20000801,0.096000,0.680000,0.224000,0.028000,0.096000,0.300000,0.086000,0.122000,0.035349,0.030047,0.010605,0.000000,0.100503,0.256281,0.201005,0.442211,0.576000,0.048000,0.156000,0.014000,0.128000,0.022000,0.006000,0.050000
N20000802,0.880228,0.079848,0.039924,0.085942,0.009372,0.028571,0.026667,0.000000,0.013445,0.000896,0.000896,0.000000,0.461735,0.387755,0.089286,0.061224,0.074004,0.622391,0.191651,0.007590,0.026565,0.026565,0.017078,0.034156
N20000803,0.814338,0.137868,0.047794,0.084559,0.036765,0.040441,0.034926,0.012868,0.011354,0.000757,0.000757,0.000000,0.476415,0.346698,0.087264,0.089623,0.091912,0.580882,0.159926,0.022059,0.036765,0.047794,0.018382,0.042279
N20000804,0.635569,0.294461,0.069971,0.065801,0.024112,0.127907,0.072674,0.040698,0.015615,0.010465,0.002990,0.000000,0.337209,0.337209,0.100775,0.224806,0.191860,0.491279,0.151163,0.005814,0.066860,0.029070,0.020349,0.043605
N20000805,0.190227,0.692845,0.116928,0.029106,0.095647,0.292469,0.134851,0.064799,0.058782,0.025489,0.020808,0.000000,0.214583,0.402083,0.177083,0.206250,0.433566,0.134615,0.225524,0.010490,0.134615,0.008741,0.020979,0.031469
N20000806,0.079498,0.799163,0.121339,0.014372,0.074373,0.357143,0.184874,0.094538,0.049359,0.021404,0.017472,0.000000,0.136139,0.438119,0.247525,0.178218,0.589958,0.043933,0.161088,0.016736,0.146444,0.002092,0.006276,0.033473
N20000807,0.769868,0.163907,0.066225,0.078838,0.034339,0.059801,0.039867,0.018272,0.007928,0.002643,0.001057,0.000000,0.489703,0.304348,0.102975,0.102975,0.115894,0.579470,0.160596,0.013245,0.019868,0.044702,0.038079,0.028146
N20000808,0.837165,0.101533,0.061303,0.068966,0.015326,0.045977,0.026820,0.005747,0.005243,0.000807,0.001613,0.000000,0.670051,0.210660,0.045685,0.073604,0.059730,0.635838,0.157996,0.017341,0.030829,0.048170,0.009634,0.040462
N20000809,0.406810,0.471326,0.121864,0.047239,0.097444,0.187835,0.110912,0.019678,0.031023,0.013452,0.010981,0.000000,0.381057,0.361233,0.127753,0.129956,0.316637,0.309481,0.230769,0.005367,0.069767,0.017889,0.023256,0.026834
N20000810,0.795294,0.127059,0.077647,0.095060,0.047434,0.058548,0.011710,0.000000,0.005032,0.003372,0.000964,0.000000,0.488571,0.408571,0.074286,0.028571,0.098131,0.553738,0.235981,0.000000,0.018692,0.018692,0.023364,0.051402
N20000811,0.068323,0.745342,0.186335,0.018634,0.068323,0.301242,0.167702,0.063665,0.077569,0.051988,0.014854,0.000000,0.050093,0.257885,0.274583,0.417440,0.645963,0.020186,0.130435,0.000000,0.111801,0.001553,0.006211,0.083851
N20000812,0.877358,0.050314,0.072327,0.056042,0.012697,0.018809,0.012539,0.000000,0.005532,0.000369,0.000369,0.000000,0.666667,0.247863,0.042735,0.042735,0.053292,0.630094,0.144201,0.018809,0.012539,0.062696,0.034483,0.043887
N20000813,0.036437,0.838057,0.125506,0.016112,0.118544,0.361789,0.178862,0.077236,0.054588,0.036585,0.010453,0.000000,0.046154,0.128205,0.205128,0.620513,0.651822,0.024291,0.141700,0.000000,0.133603,0.012146,0.000000,0.036437
N20000814,0.713864,0.171091,0.115044,0.065935,0.040914,0.053254,0.041420,0.008876,0.018155,0.006052,0.002421,0.000000,0.143345,0.283276,0.194539,0.378840,0.137830,0.533724,0.211144,0.000000,0.029326,0.014663,0.023460,0.049853
N20000815,0.865591,0.075269,0.059140,0.088710,0.016129,0.034946,0.016129,0.000000,0.005499,0.001833,0.000733,0.000000,0.417582,0.336996,0.172161,0.073260,0.080645,0.615591,0.198925,0.002688,0.005376,0.034946,0.026882,0.034946
N20000816,0.712418,0.232026,0.055556,0.061027,0.038900,0.094926,0.054010,0.016367,0.018970,0.006323,0.002529,0.000000,0.427646,0.360691,0.120950,0.090713,0.104575,0.517974,0.200980,0.011438,0.066993,0.034314,0.040850,0.022876
N20000817,0.590120,0.295060,0.114820,0.061415,0.036048,0.106809,0.073431,0.021362,0.030837,0.020668,0.005905,0.000000,0.465066,0.336245,0.065502,0.133188,0.247657,0.392236,0.210174,0.008032,0.053548,0.029451,0.013387,0.045515
N20000818,0.792325,0.097065,0.110609,0.087370,0.038507,0.022523,0.013514,0.006757,0.009899,0.003483,0.002017,0.000367,0.283333,0.361111,0.100000,0.255556,0.113379,0.505669,0.217687,0.022676,0.015873,0.038549,0.015873,0.070295
N20000819,0.469101,0.387640,0.143258,0.080369,0.074964,0.123944,0.067606,0.059155,0.034667,0.015033,0.012272,0.000000,0.251938,0.372093,0.255814,0.120155,0.244382,0.345506,0.193820,0.011236,0.101124,0.019663,0.050562,0.033708
N20000820,0.038636,0.790909,0.170455,0.006746,0.107538,0.302961,0.189066,0.084282,0.059891,0.025970,0.021200,0.000000,0.052055,0.301370,0.194521,0.452055,0.677201,0.024831,0.128668,0.000000,0.106095,0.000000,0.004515,0.058691
N20000821,0.289308,0.481132,0.229560,0.077952,0.102583,0.151420,0.094637,0.018927,0.077738,0.023659,0.012168,0.000000,0.174377,0.316726,0.092527,0.416370,0.336478,0.100629,0.144654,0.003145,0.091195,0.034591,0.012579,0.276730
N20000822,0.827869,0.073770,0.098361,0.077869,0.040984,0.016393,0.012295,0.000000,0.002573,0.000905,0.000524,0.000095,0.588957,0.282209,0.098160,0.030675,0.098361,0.581967,0.135246,0.008197,0.020492,0.045082,0.016393,0.094262
N20000823,0.375250,0.552894,0.071856,0.039920,0.073852,0.209581,0.097804,0.073852,0.066949,0.020376,0.010479,0.000000,0.291566,0.414458,0.125301,0.168675,0.332669,0.270916,0.167331,0.000000,0.133466,0.019920,0.013944,0.061753
N20000824,0.729134,0.144882,0.125984,0.097058,0.041108,0.033019,0.025157,0.006289,0.024682,0.008684,0.005028,0.000914,0.258491,0.260377,0.077358,0.403774,0.146226,0.518868,0.190252,0.003145,0.022013,0.018868,0.020440,0.080189
N20000825,0.520124,0.222910,0.256966,0.079499,0.054160,0.046875,0.021875,0.000000,0.070536,0.017857,0.005357,0.006250,0.314286,0.288889,0.076190,0.320635,0.140625,0.368750,0.128125,0.012500,0.056250,0.031250,0.009375,0.253125
N20000826,0.444805,0.448052,0.107143,0.060440,0.070202,0.169381,0.117264,0.042345,0.031320,0.012528,0.005011,0.000000,0.250000,0.379808,0.120192,0.250000,0.293160,0.169381,0.325733,0.006515,0.035831,0.019544,0.039088,0.110749
N20000827,0.748062,0.156977,0.094961,0.112403,0.048450,0.038760,0.042636,0.011628,0.010571,0.003524,0.001409,0.000000,0.355072,0.333333,0.183575,0.128019,0.110465,0.536822,0.251938,0.005814,0.031008,0.027132,0.007752,0.029070
N20000828,0.167647,0.661765,0.170588,0.023104,0.107192,0.209440,0.185841,0.058997,0.068654,0.020895,0.010746,0.000000,0.128788,0.356061,0.174242,0.340909,0.482456,0.076023,0.172515,0.005848,0.137427,0.002924,0.014620,0.108187
N20000829,0.116564,0.619632,0.263804,0.024821,0.111987,0.253823,0.067278,0.036697,0.102574,0.031218,0.016055,0.000000,0.094545,0.294545,0.152727,0.458182,0.428135,0.058104,0.186544,0.000000,0.061162,0.000000,0.021407,0.244648
N20000830,0.601064,0.239362,0.159574,0.050532,0.053191,0.071809,0.055851,0.007979,0.031729,0.011164,0.006463,0.001175,0.137324,0.313380,0.172535,0.376761,0.182540,0.433862,0.203704,0.007937,0.044974,0.047619,0.007937,0.071429
N20000831,0.845124,0.080306,0.074570,0.068407,0.032596,0.017176,0.009542,0.000000,0.013457,0.005383,0.002153,0.000000,0.174334,0.382567,0.145278,0.297821,0.118547,0.554493,0.206501,0.015296,0.003824,0.028681,0.013384,0.059273
N20000832,0.427653,0.398714,0.173633,0.029594,0.071853,0.184466,0.077670,0.022654,0.026969,0.010787,0.004315,0.000000,0.069307,0.316832,0.158416,0.455446,0.378641,0.236246,0.171521,0.006472,0.067961,0.009709,0.006472,0.122977
N20000833,0.740883,0.128599,0.130518,0.111324,0.044146,0.017274,0.024952,0.001919,0.027711,0.003527,0.008565,0.000504,0.120092,0.411085,0.166282,0.302540,0.095602,0.529637,0.185468,0.000000,0.022945,0.019120,0.011472,0.135755
N20000834,0.117302,0.695015,0.187683,0.018751,0.086319,0.237681,0.220290,0.052174,0.061881,0.021773,0.012605,0.002292,0.006969,0.202091,0.243902,0.547038,0.495601,0.032258,0.199413,0.002933,0.108504,0.017595,0.020528,0.123167
N20000835,0.110957,0.730929,0.158114,0.029240,0.109046,0.322715,0.102493,0.083102,0.067077,0.028203,0.014483,0.003811,0.065000,0.296667,0.171667,0.466667,0.522161,0.042936,0.121884,0.000000,0.149584,0.006925,0.008310,0.148199
N20000836,0.709677,0.106855,0.183468,0.088435,0.030703,0.024048,0.012024,0.004008,0.024800,0.003156,0.007665,0.000451,0.090674,0.233161,0.101036,0.575130,0.129293,0.448485,0.214141,0.024242,0.000000,0.032323,0.004040,0.147475
N20000837,0.077058,0.768827,0.154116,0.026535,0.068478,0.332753,0.170732,0.080139,0.068938,0.028985,0.014884,0.003917,0.103687,0.375576,0.205069,0.315668,0.547993,0.031414,0.129145,0.000000,0.160558,0.003490,0.001745,0.125654
N20000838,0.739224,0.109914,0.150862,0.117194,0.047279,0.010799,0.021598,0.002160,0.019303,0.002457,0.005967,0.000351,0.217073,0.287805,0.173171,0.321951,0.099352,0.555076,0.179266,0.004320,0.015119,0.032397,0.019438,0.095032
N20000839,0.735376,0.158774,0.105850,0.079820,0.055997,0.038889,0.025000,0.005556,0.022917,0.002917,0.007083,0.000417,0.192469,0.347280,0.179916,0.280335,0.149584,0.421053,0.265928,0.008310,0.024931,0.036011,0.008310,0.085873
N20000840,0.773684,0.084211,0.142105,0.102632,0.018421,0.005263,0.015789,0.002632,0.028947,0.003684,0.008947,0.000526,0.138418,0.251412,0.141243,0.468927,0.084211,0.544737,0.171053,0.028947,0.013158,0.034211,0.005263,0.118421
N20000841,0.557800,0.265993,0.176207,0.040404,0.046016,0.099888,0.043771,0.016835,0.041735,0.008155,0.009594,0.000000,0.158157,0.300125,0.155666,0.386052,0.282511,0.408072,0.176009,0.004484,0.033632,0.003363,0.006726,0.085202
N20000842,0.265625,0.506250,0.228125,0.069363,0.104381,0.218069,0.087227,0.021807,0.046836,0.017617,0.009024,0.001289,0.138047,0.336700,0.141414,0.383838,0.387500,0.084375,0.131250,0.006250,0.118750,0.006250,0.009375,0.256250
N20000843,0.713043,0.159420,0.127536,0.097883,0.031140,0.034985,0.008746,0.005831,0.055229,0.010792,0.012696,0.000000,0.111111,0.270370,0.185185,0.433333,0.110787,0.492711,0.145773,0.002915,0.011662,0.023324,0.005831,0.206997
N20000844,0.063462,0.786538,0.150000,0.007692,0.075000,0.353846,0.165385,0.080769,0.069872,0.026282,0.013462,0.001923,0.033816,0.304348,0.137681,0.524155,0.712909,0.009634,0.104046,0.005780,0.113680,0.000000,0.000000,0.053950
N20000845,0.177326,0.627907,0.194767,0.037791,0.087209,0.241279,0.104651,0.066860,0.089741,0.017536,0.020630,0.000000,0.080000,0.213333,0.286667,0.420000,0.465116,0.034884,0.156977,0.000000,0.075581,0.020349,0.000000,0.247093
N20000846,0.849879,0.050847,0.099274,0.067797,0.014528,0.019370,0.007264,0.004843,0.002633,0.001410,0.000423,0.000376,0.074286,0.265714,0.185714,0.474286,0.130751,0.588378,0.164649,0.007264,0.007264,0.021792,0.019370,0.060533
N20000847,0.111821,0.648562,0.239617,0.019169,0.095847,0.249201,0.130990,0.086262,0.054038,0.020326,0.010411,0.001487,0.043478,0.134387,0.233202,0.588933,0.517572,0.038339,0.118211,0.006390,0.086262,0.000000,0.003195,0.230032
N20000848,0.686975,0.216387,0.096639,0.047562,0.025611,0.104822,0.048218,0.018868,0.010258,0.005496,0.001649,0.001465,0.055814,0.141860,0.134884,0.667442,0.171908,0.563941,0.111111,0.004193,0.039832,0.006289,0.000000,0.102725
N20000849,0.731239,0.085515,0.183246,0.110370,0.024645,0.019130,0.005217,0.001739,0.018911,0.010131,0.003039,0.002702,0.093750,0.238281,0.208984,0.458984,0.113240,0.508711,0.156794,0.005226,0.001742,0.027875,0.005226,0.181185
N20000850,0.131206,0.617021,0.251773,0.031915,0.081560,0.294326,0.088652,0.067376,0.053314,0.020054,0.010271,0.001467,0.086758,0.187215,0.168950,0.557078,0.409894,0.060071,0.162544,0.007067,0.084806,0.000000,0.010601,0.265018
N20000851,0.147752,0.678801,0.173448,0.017131,0.062099,0.411135,0.092077,0.047109,0.036091,0.019334,0.005800,0.005156,0.009852,0.135468,0.160099,0.694581,0.599572,0.094218,0.122056,0.002141,0.083512,0.019272,0.012848,0.066381
N20000852,0.105023,0.659817,0.235160,0.011201,0.080870,0.311213,0.102975,0.070938,0.051010,0.027327,0.008198,0.007287,0.041237,0.123711,0.213918,0.621134,0.552273,0.020455,0.150000,0.002273,0.134091,0.000000,0.000000,0.140909
N20000853,0.135338,0.605263,0.259398,0.026316,0.080827,0.263158,0.154135,0.030075,0.048278,0.018160,0.009301,0.001329,0.020408,0.183673,0.129252,0.666667,0.504708,0.065913,0.192090,0.011299,0.071563,0.007533,0.016949,0.129944
N20000854,0.324242,0.212121,0.463636,0.058999,0.065780,0.057927,0.030488,0.003049,0.038709,0.009800,0.002940,0.003430,0.485531,0.360129,0.061093,0.093248,0.164634,0.213415,0.079268,0.009146,0.033537,0.018293,0.027439,0.454268
N20000855,0.459586,0.225785,0.314629,0.135153,0.082928,0.052069,0.042724,0.006676,0.029194,0.007391,0.002217,0.002587,0.452722,0.300860,0.088825,0.157593,0.117568,0.303941,0.145625,0.005344,0.047428,0.028056,0.012692,0.339345
N20000856,0.056433,0.781038,0.162528,0.008814,0.107569,0.176871,0.276644,0.102041,0.075499,0.029691,0.010180,0.002545,0.134557,0.201835,0.137615,0.525994,0.562077,0.029345,0.151242,0.000000,0.182844,0.006772,0.009029,0.058691
N20000857,0.320423,0.230634,0.448944,0.069539,0.089291,0.053004,0.028269,0.008834,0.037829,0.009577,0.003352,0.000479,0.592727,0.330909,0.032727,0.043636,0.178634,0.187391,0.099825,0.005254,0.045534,0.026270,0.031524,0.425569
N20000858,0.074246,0.740139,0.185615,0.030264,0.124398,0.254630,0.148148,0.081019,0.084482,0.033223,0.011391,0.002848,0.137072,0.367601,0.130841,0.364486,0.569767,0.039535,0.165116,0.002326,0.118605,0.002326,0.009302,0.093023
N20000859,0.173333,0.576000,0.250667,0.053012,0.156214,0.176471,0.072193,0.090909,0.051360,0.020198,0.006925,0.001731,0.261128,0.409496,0.097923,0.231454,0.381333,0.093333,0.221333,0.005333,0.101333,0.018667,0.029333,0.149333
N20000860,0.046843,0.822811,0.130346,0.016293,0.118126,0.195519,0.240326,0.138493,0.084725,0.037149,0.006517,0.001955,0.154519,0.329446,0.285714,0.230321,0.538618,0.018293,0.195122,0.000000,0.158537,0.010163,0.030488,0.048780
N20000861,0.099515,0.699029,0.201456,0.038835,0.114078,0.182039,0.208738,0.121359,0.047330,0.020752,0.003641,0.001092,0.203226,0.467742,0.203226,0.125806,0.508434,0.048193,0.200000,0.004819,0.113253,0.009639,0.019277,0.096386
N20000862,0.131635,0.670913,0.197452,0.042463,0.135881,0.265393,0.127389,0.050955,0.059342,0.026019,0.004565,0.001369,0.131265,0.374702,0.169451,0.324582,0.461702,0.044681,0.214894,0.002128,0.146809,0.006383,0.017021,0.106383
N20000863,0.107256,0.697161,0.195584,0.028886,0.123493,0.222571,0.144201,0.094044,0.073354,0.032163,0.005643,0.001693,0.326923,0.365385,0.129808,0.177885,0.395570,0.072785,0.259494,0.003165,0.151899,0.015823,0.069620,0.031646
N20000864,0.156250,0.614583,0.229167,0.062500,0.119792,0.182292,0.098958,0.072917,0.091406,0.040078,0.007031,0.002109,0.096386,0.337349,0.072289,0.493976,0.468750,0.046875,0.218750,0.005208,0.114583,0.010417,0.010417,0.125000
N20000865,0.083544,0.645570,0.270886,0.035443,0.141772,0.225316,0.118987,0.055696,0.079638,0.013422,0.008501,0.002237,0.126506,0.343373,0.228916,0.301205,0.464467,0.027919,0.253807,0.002538,0.119289,0.010152,0.015228,0.106599
N20000866,0.130000,0.582500,0.287500,0.055000,0.152500,0.175000,0.095000,0.042500,0.090151,0.015194,0.009623,0.002532,0.165746,0.364641,0.185083,0.284530,0.412500,0.052500,0.197500,0.015000,0.117500,0.010000,0.007500,0.187500
N20000867,0.114504,0.608142,0.277354,0.048681,0.160041,0.194937,0.136709,0.032911,0.053314,0.023634,0.006596,0.000000,0.082621,0.393162,0.148148,0.376068,0.411765,0.069054,0.209719,0.020460,0.102302,0.005115,0.015345,0.166240
N20000868,0.120000,0.608000,0.272000,0.051034,0.172987,0.153846,0.111406,0.037135,0.101756,0.017150,0.010862,0.002858,0.095975,0.479876,0.151703,0.272446,0.468085,0.050532,0.167553,0.018617,0.135638,0.007979,0.005319,0.146277
N20000869,0.108247,0.634021,0.257732,0.033697,0.184149,0.141388,0.133676,0.053985,0.092700,0.015624,0.009895,0.002604,0.242424,0.441077,0.181818,0.134680,0.381443,0.038660,0.283505,0.025773,0.159794,0.007732,0.020619,0.082474
N20000870,0.073710,0.742015,0.184275,0.014451,0.080286,0.276543,0.195062,0.076543,0.044231,0.061159,0.006553,0.001638,0.018237,0.206687,0.109422,0.665653,0.676543,0.022222,0.118519,0.000000,0.106173,0.007407,0.004938,0.064198
N20000871,0.107232,0.678304,0.214464,0.039900,0.124688,0.221945,0.152120,0.067332,0.071614,0.031746,0.008859,0.000000,0.202532,0.319620,0.174051,0.303797,0.482500,0.057500,0.155000,0.005000,0.187500,0.005000,0.005000,0.102500
N20000872,0.219565,0.510870,0.269565,0.074229,0.129091,0.147505,0.110629,0.021692,0.078222,0.013183,0.008350,0.002197,0.206897,0.363218,0.186207,0.243678,0.277056,0.045455,0.218615,0.004329,0.168831,0.021645,0.036797,0.227273
N20000873,0.082569,0.810398,0.107034,0.015291,0.100917,0.266055,0.250765,0.076453,0.045254,0.062574,0.006704,0.001676,0.051282,0.175824,0.249084,0.523810,0.623853,0.015291,0.134557,0.000000,0.110092,0.009174,0.003058,0.103976
N20000874,0.070513,0.666667,0.262821,0.009615,0.064103,0.237179,0.227564,0.048077,0.034948,0.048323,0.005178,0.001294,0.027027,0.142857,0.077220,0.752896,0.621795,0.051282,0.169872,0.000000,0.108974,0.000000,0.006410,0.041667
N20000875,0.207424,0.528384,0.264192,0.028384,0.085153,0.192140,0.098253,0.054585,0.062701,0.027795,0.007757,0.000000,0.129032,0.329493,0.117512,0.423963,0.448802,0.030501,0.172113,0.000000,0.128540,0.008715,0.017429,0.193900
N20000876,0.178571,0.591270,0.230159,0.064398,0.173947,0.173228,0.098425,0.023622,0.094309,0.026628,0.001110,0.000000,0.283186,0.402655,0.146018,0.168142,0.367188,0.101562,0.234375,0.007812,0.097656,0.007812,0.046875,0.136719
N20000877,0.060606,0.715909,0.223485,0.009275,0.080928,0.306084,0.152091,0.079848,0.037758,0.052208,0.005594,0.001398,0.082742,0.170213,0.080378,0.666667,0.681818,0.003788,0.126894,0.003788,0.092803,0.005682,0.003788,0.081439
N20000878,0.313390,0.404558,0.282051,0.071225,0.082621,0.105413,0.065527,0.031339,0.089237,0.024337,0.004732,0.001352,0.160350,0.457726,0.154519,0.227405,0.307692,0.056980,0.136752,0.002849,0.062678,0.002849,0.031339,0.398860
N20000879,0.166038,0.600000,0.233962,0.037736,0.173585,0.188679,0.083019,0.045283,0.069836,0.030958,0.008640,0.000000,0.222727,0.368182,0.218182,0.190909,0.369811,0.071698,0.230189,0.000000,0.109434,0.011321,0.030189,0.177358
N20000880,0.124402,0.672249,0.203349,0.028937,0.061270,0.281623,0.159905,0.062053,0.041823,0.057830,0.006196,0.001549,0.066465,0.163142,0.187311,0.583082,0.571429,0.045238,0.133333,0.000000,0.095238,0.002381,0.000000,0.152381
N20000881,0.147752,0.653105,0.199143,0.038544,0.141328,0.226981,0.141328,0.049251,0.072805,0.020557,0.000857,0.000000,0.208226,0.349614,0.107969,0.334190,0.445396,0.068522,0.220557,0.004283,0.117773,0.012848,0.029979,0.100642
N20000882,0.230461,0.220441,0.549098,0.093640,0.079596,0.064386,0.042254,0.004024,0.022283,0.005641,0.001974,0.000282,0.558386,0.265393,0.063694,0.112527,0.210000,0.138000,0.112000,0.012000,0.028000,0.022000,0.024000,0.454000
N20000883,0.134048,0.659517,0.206434,0.040214,0.171582,0.222520,0.131367,0.040214,0.072508,0.020473,0.000853,0.000000,0.261017,0.318644,0.122034,0.298305,0.391421,0.096515,0.222520,0.002681,0.104558,0.021448,0.042895,0.117962
N20000884,0.128289,0.608553,0.263158,0.023026,0.085526,0.210526,0.138158,0.065789,0.080146,0.020290,0.007102,0.001015,0.057692,0.188462,0.157692,0.596154,0.572368,0.085526,0.098684,0.016447,0.078947,0.000000,0.003289,0.144737
N20000885,0.197943,0.609254,0.192802,0.041131,0.100257,0.241645,0.138817,0.051414,0.056940,0.014415,0.005045,0.000721,0.168067,0.285714,0.095238,0.450980,0.428205,0.102564,0.174359,0.005128,0.107692,0.007692,0.017949,0.156410
N20000886,0.703297,0.208791,0.087912,0.024176,0.017582,0.114286,0.032967,0.013187,0.009644,0.017910,0.003215,0.000000,0.067358,0.170984,0.145078,0.616580,0.203991,0.567627,0.119734,0.000000,0.053215,0.004435,0.002217,0.048780
N20000887,0.945227,0.035994,0.018779,0.020344,0.010955,0.015649,0.004695,0.000000,0.001472,0.002733,0.000491,0.000000,0.071161,0.282772,0.123596,0.522472,0.096063,0.755906,0.092913,0.001575,0.006299,0.018898,0.004724,0.023622
N20000888,0.191571,0.532567,0.275862,0.063464,0.167366,0.137667,0.105163,0.036329,0.064167,0.017500,0.003403,0.000972,0.277311,0.367647,0.126050,0.228992,0.316794,0.118321,0.225191,0.009542,0.127863,0.024809,0.026718,0.150763
N20000889,0.117021,0.656028,0.226950,0.070758,0.168484,0.185053,0.103203,0.067616,0.112984,0.010194,0.004248,0.004248,0.327731,0.491597,0.130252,0.050420,0.336879,0.099291,0.251773,0.000000,0.127660,0.053191,0.070922,0.060284
N20000890,0.202083,0.583333,0.214583,0.055946,0.167884,0.154489,0.100209,0.039666,0.103899,0.009374,0.003906,0.003906,0.434579,0.341121,0.102804,0.121495,0.295833,0.175000,0.247917,0.012500,0.114583,0.020833,0.041667,0.091667
N20000891,0.172507,0.574124,0.253369,0.064690,0.099730,0.199461,0.145553,0.048518,0.060304,0.016447,0.003198,0.000914,0.168196,0.342508,0.177370,0.311927,0.377358,0.115903,0.140162,0.002695,0.132075,0.018868,0.010782,0.202156
N20000892,0.074570,0.741874,0.183556,0.024857,0.076482,0.304015,0.162524,0.066922,0.060094,0.063548,0.008289,0.000000,0.059242,0.158768,0.218009,0.563981,0.596929,0.015355,0.113244,0.001919,0.132438,0.009597,0.005758,0.124760
N20000893,0.169557,0.628131,0.202312,0.037261,0.098948,0.235409,0.124514,0.079767,0.052151,0.027685,0.007082,0.002575,0.065934,0.173626,0.167033,0.593407,0.487476,0.048170,0.094412,0.005780,0.132948,0.005780,0.007707,0.217726
N20000894,0.605839,0.293796,0.100365,0.020073,0.034672,0.125912,0.060219,0.016423,0.017731,0.032928,0.005910,0.000000,0.047917,0.222917,0.197917,0.531250,0.228102,0.437956,0.175182,0.005474,0.069343,0.007299,0.007299,0.069343
N20000895,0.178261,0.556522,0.265217,0.057049,0.140937,0.138528,0.086580,0.034632,0.133724,0.012065,0.005027,0.005027,0.322430,0.285047,0.079439,0.313084,0.326180,0.163090,0.197425,0.000000,0.094421,0.047210,0.017167,0.154506
N20000896,0.866941,0.082305,0.050754,0.024475,0.015181,0.031507,0.008219,0.001370,0.008158,0.015150,0.002719,0.000000,0.041186,0.199341,0.189456,0.570016,0.109589,0.658904,0.145205,0.010959,0.019178,0.021918,0.005479,0.028767
N20000897,0.186893,0.555825,0.257282,0.055506,0.156798,0.199513,0.104623,0.036496,0.050106,0.004521,0.001884,0.001884,0.463259,0.322684,0.127796,0.086262,0.313869,0.131387,0.274939,0.014599,0.097324,0.031630,0.051095,0.085158
N20000898,0.205224,0.585821,0.208955,0.045965,0.126562,0.166667,0.122222,0.033333,0.094773,0.024334,0.016649,0.001281,0.138655,0.382353,0.205882,0.273109,0.380952,0.084249,0.179487,0.000000,0.080586,0.021978,0.043956,0.208791
N20000899,0.209459,0.495495,0.295045,0.063063,0.128378,0.146396,0.108108,0.027027,0.063827,0.017407,0.003385,0.000967,0.108108,0.336609,0.135135,0.420147,0.345372,0.139955,0.167043,0.000000,0.092551,0.009029,0.024831,0.221219
N20000900,0.061625,0.717087,0.221289,0.028011,0.100840,0.280112,0.162465,0.050420,0.056140,0.059366,0.007743,0.000000,0.030717,0.351536,0.170648,0.447099,0.556497,0.008475,0.161017,0.000000,0.132768,0.008475,0.005650,0.127119
N20000901,0.393855,0.326816,0.279330,0.091334,0.063510,0.131653,0.036415,0.025210,0.040808,0.021663,0.005542,0.002015,0.130682,0.377841,0.150568,0.340909,0.297753,0.101124,0.078652,0.008427,0.070225,0.008427,0.002809,0.432584
N20000902,0.265677,0.551155,0.183168,0.047855,0.128713,0.158416,0.140264,0.029703,0.079523,0.009406,0.003420,0.001710,0.569507,0.271300,0.100897,0.058296,0.298507,0.142620,0.286899,0.013267,0.101161,0.024876,0.063018,0.069652
N20000903,0.083916,0.734266,0.181818,0.023310,0.074592,0.375291,0.156177,0.037296,0.041409,0.043789,0.005712,0.000000,0.035040,0.080863,0.194070,0.690027,0.611241,0.021077,0.128806,0.000000,0.126464,0.000000,0.002342,0.110070
N20000904,0.586745,0.257310,0.155945,0.044997,0.034009,0.102913,0.056311,0.023301,0.028749,0.007627,0.002640,0.001760,0.064838,0.236908,0.197007,0.501247,0.260274,0.457926,0.142857,0.000000,0.043053,0.003914,0.001957,0.090020
N20000905,0.223039,0.502451,0.274510,0.060877,0.116702,0.152334,0.113022,0.029484,0.052976,0.028123,0.007194,0.002616,0.123288,0.358904,0.139726,0.378082,0.392157,0.093137,0.122549,0.004902,0.058824,0.017157,0.014706,0.296569
N20000906,0.120370,0.541667,0.337963,0.051246,0.080837,0.202765,0.133641,0.023041,0.075607,0.020620,0.004009,0.001146,0.092391,0.358696,0.250000,0.298913,0.572770,0.084507,0.178404,0.000000,0.042254,0.000000,0.009390,0.112676
N20000907,0.181141,0.533499,0.285360,0.065092,0.138437,0.185185,0.059259,0.012346,0.095627,0.024553,0.016799,0.001292,0.171123,0.320856,0.173797,0.334225,0.406948,0.096774,0.161290,0.000000,0.091811,0.009926,0.022333,0.210918
N20000908,0.188811,0.512821,0.298368,0.067881,0.129100,0.183721,0.088372,0.025581,0.053779,0.023210,0.006227,0.002830,0.089189,0.267568,0.162162,0.481081,0.374419,0.083721,0.153488,0.009302,0.097674,0.011628,0.016279,0.253488
N20000909,0.144300,0.691198,0.164502,0.044733,0.128427,0.232323,0.131313,0.075036,0.104919,0.012410,0.004513,0.002256,0.459410,0.332103,0.114391,0.094096,0.382948,0.095376,0.252890,0.013006,0.121387,0.033237,0.063584,0.037572
N20000910,0.111688,0.615584,0.272727,0.023147,0.086939,0.312500,0.117188,0.018229,0.047044,0.024974,0.006389,0.002323,0.063063,0.156156,0.243243,0.537538,0.567708,0.026042,0.138021,0.000000,0.085938,0.002604,0.018229,0.161458
N20000911,0.036101,0.805054,0.158845,0.000259,0.081040,0.340502,0.215054,0.028674,0.063672,0.067331,0.008782,0.000000,0.061321,0.245283,0.179245,0.514151,0.657040,0.039711,0.129964,0.000000,0.126354,0.003610,0.007220,0.036101
N20000912,0.260745,0.449857,0.289398,0.074499,0.088825,0.160458,0.091691,0.025788,0.058585,0.015543,0.005380,0.003587,0.164557,0.224684,0.180380,0.430380,0.358166,0.154728,0.148997,0.000000,0.080229,0.028653,0.014327,0.214900
N20000913,0.254717,0.512579,0.232704,0.054090,0.105055,0.191223,0.103448,0.015674,0.060737,0.026213,0.007033,0.003197,0.100000,0.244828,0.193103,0.462069,0.386997,0.089783,0.092879,0.006192,0.092879,0.009288,0.015480,0.306502
N20000914,0.184751,0.554252,0.260997,0.047324,0.074720,0.222222,0.076023,0.046784,0.066914,0.052044,0.010814,0.004731,0.062500,0.281250,0.146875,0.509375,0.419355,0.052786,0.155425,0.000000,0.061584,0.005865,0.002933,0.302053
N20000915,0.130742,0.572438,0.296820,0.037217,0.119201,0.223022,0.068345,0.053957,0.053686,0.041756,0.008676,0.003796,0.097744,0.353383,0.127820,0.421053,0.378571,0.032143,0.214286,0.014286,0.103571,0.003571,0.035714,0.217857
N20000916,0.238806,0.490050,0.271144,0.082090,0.139303,0.164179,0.084577,0.017413,0.058493,0.015018,0.010276,0.000790,0.165698,0.398256,0.142442,0.293605,0.313580,0.128395,0.185185,0.007407,0.059259,0.029630,0.027160,0.249383
N20000917,0.197701,0.489655,0.312644,0.064368,0.154023,0.112644,0.098851,0.043678,0.055645,0.014287,0.009775,0.000752,0.158163,0.336735,0.119898,0.385204,0.400000,0.057471,0.195402,0.009195,0.062069,0.018391,0.025287,0.232184
N20000918,0.158209,0.638806,0.202985,0.034342,0.091978,0.223565,0.178248,0.015106,0.091591,0.024300,0.008411,0.005608,0.057034,0.231939,0.144487,0.566540,0.552239,0.053731,0.140299,0.000000,0.050746,0.005970,0.008955,0.188060
N20000919,0.083135,0.662708,0.254157,0.026263,0.136641,0.248815,0.139810,0.054502,0.041261,0.032092,0.006668,0.002917,0.035714,0.230769,0.123626,0.609890,0.485782,0.066351,0.180095,0.004739,0.116114,0.009479,0.011848,0.125592
N20000920,0.169231,0.633846,0.196923,0.042296,0.126106,0.216718,0.095975,0.034056,0.111339,0.028587,0.019560,0.001505,0.149813,0.322097,0.089888,0.438202,0.398148,0.061728,0.206790,0.015432,0.114198,0.006173,0.015432,0.182099
N20000921,0.074675,0.685065,0.240260,0.012987,0.097403,0.204545,0.188312,0.084416,0.054917,0.042714,0.008876,0.003883,0.050000,0.242308,0.111538,0.596154,0.598706,0.009709,0.142395,0.000000,0.139159,0.003236,0.000000,0.106796
N20000922,0.111905,0.673810,0.214286,0.038271,0.108489,0.263658,0.130641,0.033254,0.086105,0.037161,0.009970,0.004532,0.064607,0.207865,0.137640,0.589888,0.527446,0.038186,0.126492,0.004773,0.131265,0.007160,0.014320,0.150358
N20000923,0.118280,0.685484,0.196237,0.051435,0.142703,0.235294,0.120321,0.053476,0.113029,0.013369,0.004861,0.002431,0.284790,0.317152,0.145631,0.252427,0.362903,0.059140,0.274194,0.016129,0.129032,0.018817,0.043011,0.096774
N20000924,0.218107,0.452675,0.329218,0.068210,0.076905,0.182752,0.090349,0.008214,0.066595,0.017668,0.006116,0.004077,0.084967,0.209150,0.126362,0.579521,0.426804,0.080412,0.134021,0.008247,0.061856,0.012371,0.018557,0.257732
N20000925,0.218487,0.478992,0.302521,0.063676,0.098238,0.121339,0.104603,0.046025,0.071719,0.019340,0.016922,0.000806,0.203620,0.248869,0.307692,0.239819,0.369748,0.029412,0.142857,0.004202,0.079832,0.025210,0.016807,0.331933
N20000926,0.280374,0.557632,0.161994,0.049124,0.107632,0.178125,0.112500,0.034375,0.085987,0.019904,0.019108,0.000000,0.195730,0.295374,0.160142,0.348754,0.341615,0.065217,0.124224,0.006211,0.118012,0.012422,0.046584,0.285714
N20000927,0.105802,0.569966,0.324232,0.020478,0.069966,0.209898,0.143345,0.032423,0.062772,0.040353,0.008220,0.002989,0.071429,0.203297,0.131868,0.593407,0.505119,0.040956,0.136519,0.001706,0.143345,0.001706,0.006826,0.163823
N20000928,0.200000,0.504918,0.295082,0.061386,0.102278,0.148515,0.128713,0.039604,0.053630,0.023146,0.006210,0.002823,0.123134,0.339552,0.208955,0.328358,0.297030,0.115512,0.194719,0.009901,0.082508,0.023102,0.013201,0.264026
N20000929,0.162500,0.578125,0.259375,0.059052,0.148658,0.153605,0.137931,0.053292,0.071559,0.008464,0.003078,0.001539,0.190476,0.292517,0.227891,0.289116,0.317757,0.133956,0.258567,0.000000,0.099688,0.018692,0.015576,0.155763
N20000930,0.130802,0.616034,0.253165,0.042194,0.105485,0.261603,0.151899,0.012658,0.055634,0.015002,0.013127,0.000625,0.187500,0.343750,0.156250,0.312500,0.388186,0.080169,0.219409,0.016878,0.071730,0.021097,0.029536,0.172996
N20000931,0.183071,0.523622,0.293307,0.059055,0.124016,0.141732,0.124016,0.027559,0.052883,0.041131,0.008547,0.003739,0.095556,0.277778,0.160000,0.466667,0.350495,0.063366,0.200000,0.005941,0.128713,0.019802,0.013861,0.217822
N20000932,0.204545,0.531250,0.264205,0.068182,0.136364,0.164773,0.082386,0.019886,0.070187,0.045120,0.009191,0.003342,0.065421,0.274143,0.205607,0.454829,0.362606,0.059490,0.144476,0.002833,0.099150,0.014164,0.022663,0.294618
N20000933,0.218593,0.449749,0.331658,0.067839,0.105528,0.108040,0.100503,0.015075,0.079509,0.021441,0.018760,0.000893,0.103542,0.269755,0.119891,0.506812,0.290727,0.090226,0.200501,0.005013,0.052632,0.020050,0.015038,0.325815
N20000934,0.331288,0.425358,0.243354,0.089052,0.092025,0.136646,0.103520,0.022774,0.042110,0.015713,0.010056,0.002514,0.214452,0.331002,0.125874,0.328671,0.283058,0.254132,0.123967,0.000000,0.084711,0.024793,0.028926,0.200413
N20000935,0.073497,0.821826,0.104677,0.013094,0.135025,0.266219,0.190157,0.073826,0.107725,0.024936,0.023939,0.000000,0.294985,0.348083,0.176991,0.179941,0.516630,0.015521,0.212860,0.011086,0.146341,0.006652,0.031042,0.059867
N20000936,0.121387,0.655106,0.223507,0.023121,0.105973,0.271676,0.146435,0.052023,0.043371,0.027882,0.005680,0.002065,0.048000,0.170667,0.098667,0.682667,0.560694,0.048170,0.167630,0.001927,0.078998,0.009634,0.009634,0.123314
N20000937,0.201699,0.573248,0.225053,0.053079,0.148620,0.167728,0.127389,0.029724,0.068644,0.015890,0.015254,0.000000,0.238554,0.322892,0.115663,0.322892,0.399573,0.064103,0.198718,0.004274,0.111111,0.023504,0.023504,0.175214
N20000938,0.215686,0.513072,0.271242,0.081699,0.094771,0.150327,0.101307,0.032680,0.088332,0.023820,0.020842,0.000992,0.122807,0.336842,0.196491,0.343860,0.312704,0.091205,0.136808,0.003257,0.078176,0.016287,0.009772,0.351792
N20000939,0.327586,0.465517,0.206897,0.083333,0.112069,0.149425,0.132184,0.002874,0.041256,0.015394,0.009852,0.002463,0.188272,0.262346,0.160494,0.388889,0.311239,0.164265,0.184438,0.008646,0.054755,0.025937,0.025937,0.224784
N20000940,0.209231,0.443077,0.347692,0.064169,0.106657,0.098765,0.089506,0.009259,0.103017,0.029433,0.004599,0.001840,0.106796,0.288026,0.177994,0.427184,0.330247,0.061728,0.243827,0.006173,0.015432,0.015432,0.003086,0.324074
N20000941,0.225755,0.556439,0.217806,0.082671,0.100159,0.162162,0.149444,0.036566,0.080186,0.022910,0.003580,0.001432,0.125000,0.303309,0.183824,0.387868,0.457006,0.093949,0.130573,0.009554,0.081210,0.020701,0.020701,0.186306
N20000942,0.376744,0.372093,0.251163,0.069052,0.059739,0.100233,0.086247,0.020979,0.062750,0.023414,0.014985,0.003746,0.206107,0.249364,0.099237,0.445293,0.301402,0.205607,0.175234,0.000000,0.042056,0.042056,0.004673,0.228972
N20000943,0.256131,0.425068,0.318801,0.099966,0.123698,0.117808,0.043836,0.035616,0.077220,0.022063,0.003447,0.001379,0.227139,0.336283,0.144543,0.292035,0.244565,0.144022,0.171196,0.002717,0.078804,0.032609,0.013587,0.312500
N20000944,0.480874,0.267760,0.251366,0.117486,0.122951,0.068306,0.049180,0.002732,0.014710,0.005489,0.003513,0.000878,0.407713,0.327824,0.022039,0.242424,0.215847,0.371585,0.131148,0.013661,0.057377,0.040984,0.021858,0.147541
N20000945,0.153247,0.657143,0.189610,0.025974,0.142857,0.207792,0.184416,0.051948,0.052190,0.006524,0.011090,0.000326,0.385757,0.367953,0.112760,0.133531,0.407792,0.036364,0.225974,0.002597,0.176623,0.018182,0.038961,0.093506
N20000946,0.126543,0.697531,0.175926,0.042952,0.158831,0.195046,0.176471,0.049536,0.086957,0.017619,0.013072,0.000000,0.231660,0.513514,0.115830,0.138996,0.459627,0.049689,0.208075,0.018634,0.133540,0.015528,0.043478,0.071429
N20000947,0.064171,0.745989,0.189840,0.008320,0.078436,0.210106,0.324468,0.042553,0.066836,0.013542,0.010047,0.000000,0.065217,0.268116,0.275362,0.391304,0.564171,0.021390,0.149733,0.005348,0.147059,0.000000,0.018717,0.093583
N20000948,0.068241,0.674541,0.257218,0.015748,0.123360,0.254593,0.173228,0.068241,0.041018,0.005127,0.008716,0.000256,0.059375,0.256250,0.187500,0.496875,0.510526,0.007895,0.200000,0.002632,0.194737,0.005263,0.010526,0.068421
N20000949,0.048276,0.808621,0.143103,0.003371,0.091868,0.307427,0.259067,0.041451,0.080424,0.016295,0.012090,0.000000,0.094538,0.226891,0.237395,0.441176,0.587219,0.022453,0.164076,0.001727,0.170984,0.001727,0.008636,0.043178
N20000950,0.182377,0.629098,0.188525,0.043602,0.157670,0.228571,0.083673,0.038776,0.089606,0.011201,0.019041,0.000560,0.245570,0.470886,0.156962,0.126582,0.479339,0.059917,0.142562,0.004132,0.150826,0.010331,0.024793,0.128099
N20000951,0.093750,0.770833,0.135417,0.045139,0.145833,0.260417,0.159722,0.076389,0.094958,0.019240,0.014275,0.000000,0.222749,0.298578,0.109005,0.369668,0.533101,0.073171,0.184669,0.000000,0.153310,0.006969,0.017422,0.031359
N20000952,0.148402,0.705479,0.146119,0.039062,0.131448,0.252847,0.175399,0.056948,0.071975,0.006169,0.009460,0.001234,0.649007,0.281457,0.046358,0.023179,0.380410,0.070615,0.261959,0.022779,0.113895,0.025057,0.088838,0.036446
N20000953,0.108392,0.788462,0.103147,0.022727,0.157343,0.314685,0.180070,0.038462,0.079319,0.006799,0.010425,0.001360,0.550136,0.327913,0.032520,0.089431,0.472855,0.050788,0.255692,0.010508,0.136602,0.005254,0.024518,0.043783
N20000954,0.094955,0.777448,0.127596,0.026503,0.122686,0.294643,0.211310,0.044643,0.076993,0.015600,0.011574,0.000000,0.546939,0.289796,0.102041,0.061224,0.352239,0.029851,0.319403,0.000000,0.158209,0.029851,0.071642,0.038806
N20000955,0.121827,0.756345,0.121827,0.025381,0.137056,0.302030,0.149746,0.071066,0.078140,0.006698,0.010270,0.001340,0.725806,0.232258,0.041935,0.000000,0.420253,0.073418,0.245570,0.012658,0.146835,0.022785,0.035443,0.043038
N20000956,0.103865,0.759662,0.136473,0.026663,0.139638,0.227986,0.199035,0.062726,0.096951,0.012119,0.020602,0.000606,0.508287,0.298343,0.134438,0.058932,0.458937,0.072464,0.221014,0.008454,0.154589,0.010870,0.030193,0.043478
N20000957,0.117381,0.717833,0.164786,0.020752,0.129069,0.244944,0.161798,0.069663,0.093633,0.011236,0.005410,0.002081,0.144809,0.251366,0.262295,0.341530,0.546275,0.022573,0.164786,0.000000,0.164786,0.006772,0.020316,0.074492
N20000958,0.108108,0.723724,0.168168,0.045045,0.154655,0.232733,0.157658,0.066066,0.093844,0.011261,0.005422,0.002085,0.358763,0.437113,0.094845,0.109278,0.471471,0.040541,0.244745,0.006006,0.127628,0.019520,0.027027,0.063063
N20000959,0.112450,0.746988,0.140562,0.038153,0.148594,0.263052,0.184739,0.040161,0.097209,0.007125,0.005598,0.000509,0.584046,0.344729,0.031339,0.039886,0.355556,0.038384,0.319192,0.006061,0.173737,0.010101,0.056566,0.040404
N20000960,0.098513,0.732342,0.169145,0.018439,0.095470,0.316574,0.165736,0.081937,0.058840,0.005043,0.007733,0.001009,0.643243,0.218919,0.083784,0.054054,0.389610,0.050093,0.207792,0.012987,0.170686,0.044527,0.076067,0.048237
N20000961,0.112583,0.759382,0.128035,0.020072,0.127223,0.354626,0.118943,0.008811,0.124816,0.014978,0.007212,0.002774,0.619835,0.203857,0.148760,0.027548,0.367841,0.048458,0.301762,0.013216,0.154185,0.026432,0.039648,0.048458
N20000962,0.051750,0.773212,0.175038,0.007677,0.136433,0.276596,0.191489,0.051672,0.097518,0.011702,0.005634,0.002167,0.445808,0.382413,0.085890,0.085890,0.384146,0.027439,0.260671,0.010671,0.198171,0.035061,0.051829,0.032012
N20000963,0.197605,0.631737,0.170659,0.043990,0.113664,0.228916,0.162651,0.021084,0.092791,0.006801,0.005344,0.000486,0.626298,0.273356,0.044983,0.055363,0.352239,0.137313,0.214925,0.008955,0.140299,0.011940,0.041791,0.092537
N20000964,0.069409,0.776350,0.154242,0.038560,0.149100,0.251928,0.200514,0.043702,0.105144,0.014279,0.010385,0.001298,0.415638,0.370370,0.102881,0.111111,0.465296,0.048843,0.249357,0.000000,0.102828,0.012853,0.035990,0.084833
N20000965,0.156900,0.686200,0.156900,0.042022,0.143827,0.293785,0.129944,0.035782,0.067134,0.005754,0.008823,0.001151,0.576408,0.359249,0.045576,0.018767,0.406780,0.054614,0.203390,0.000000,0.145009,0.050847,0.062147,0.077213
N20000966,0.165877,0.580569,0.253555,0.066351,0.161137,0.199052,0.080569,0.009479,0.104523,0.014195,0.010323,0.001290,0.271468,0.412742,0.094183,0.221607,0.343602,0.111374,0.246445,0.002370,0.099526,0.021327,0.052133,0.123223
N20000967,0.171717,0.541414,0.286869,0.043928,0.115451,0.241379,0.105477,0.022312,0.049990,0.003664,0.002879,0.000262,0.573705,0.262948,0.095618,0.067729,0.307229,0.074297,0.200803,0.012048,0.128514,0.024096,0.016064,0.236948
N20000968,0.153846,0.622889,0.223265,0.056102,0.169882,0.176692,0.139098,0.035714,0.081404,0.011055,0.008040,0.001005,0.421446,0.364090,0.074813,0.139651,0.291902,0.082863,0.355932,0.003766,0.097928,0.020716,0.041431,0.105461
N20000969,0.134454,0.684034,0.181513,0.047059,0.144538,0.247059,0.179832,0.042017,0.056610,0.007688,0.005591,0.000699,0.525275,0.345055,0.072527,0.057143,0.361345,0.084034,0.247059,0.020168,0.124370,0.028571,0.062185,0.072269
N20000970,0.167630,0.593449,0.238921,0.053950,0.163776,0.184971,0.098266,0.036609,0.092367,0.015207,0.002253,0.000000,0.345679,0.375309,0.113580,0.165432,0.356455,0.084778,0.275530,0.017341,0.117534,0.038536,0.046243,0.063584
N20000971,0.147388,0.723881,0.128731,0.029851,0.113806,0.305970,0.160448,0.063433,0.070612,0.005176,0.004067,0.000370,0.654545,0.283117,0.044156,0.018182,0.431520,0.093809,0.227017,0.009381,0.138837,0.022514,0.039400,0.037523
N20000972,0.336634,0.430693,0.232673,0.079208,0.143564,0.118812,0.064356,0.009901,0.083328,0.006313,0.002525,0.001894,0.351648,0.483516,0.076923,0.087912,0.216749,0.197044,0.315271,0.004926,0.059113,0.044335,0.009852,0.152709
N20000973,0.190332,0.543807,0.265861,0.035317,0.176025,0.124620,0.124620,0.018237,0.088860,0.006732,0.002693,0.002020,0.577206,0.356618,0.025735,0.040441,0.282675,0.121581,0.282675,0.012158,0.133739,0.018237,0.057751,0.091185
N20000974,0.172811,0.695853,0.131336,0.051251,0.172917,0.272936,0.121560,0.050459,0.065585,0.010797,0.001600,0.000000,0.648810,0.255952,0.047619,0.047619,0.269406,0.098174,0.331050,0.015982,0.123288,0.022831,0.059361,0.079909
N20000975,0.219430,0.611390,0.169179,0.038828,0.133129,0.252508,0.103679,0.041806,0.067507,0.011114,0.001647,0.000000,0.500000,0.311404,0.127193,0.061404,0.307179,0.130217,0.292154,0.021703,0.106845,0.018364,0.055092,0.068447
N20000976,0.277666,0.509054,0.213280,0.082495,0.138833,0.193159,0.094567,0.032193,0.044563,0.003376,0.001350,0.001013,0.292162,0.391924,0.111639,0.204276,0.332000,0.136000,0.266000,0.012000,0.064000,0.050000,0.024000,0.116000
N20000977,0.136150,0.678404,0.185446,0.032864,0.147887,0.312207,0.126761,0.030516,0.047271,0.006283,0.004189,0.003291,0.317757,0.401869,0.152648,0.127726,0.461176,0.065882,0.171765,0.021176,0.136471,0.014118,0.021176,0.108235
N20000978,0.243968,0.595174,0.160858,0.055796,0.148938,0.182796,0.158602,0.026882,0.060378,0.008025,0.005350,0.004204,0.429508,0.429508,0.068852,0.072131,0.348525,0.080429,0.246649,0.013405,0.123324,0.042895,0.048257,0.096515
N20000979,0.154851,0.656716,0.188433,0.033355,0.189427,0.211215,0.147664,0.026168,0.069306,0.005852,0.003696,0.003388,0.536585,0.259424,0.164080,0.039911,0.370093,0.100935,0.278505,0.005607,0.134579,0.026168,0.035514,0.048598
N20000980,0.080306,0.755258,0.164436,0.022945,0.120459,0.349904,0.139579,0.036329,0.048224,0.048224,0.009645,0.002893,0.045662,0.253425,0.210046,0.490868,0.634799,0.003824,0.166348,0.001912,0.114723,0.001912,0.003824,0.072658
N20000981,0.151261,0.697479,0.151261,0.042017,0.128151,0.266807,0.168067,0.054622,0.061831,0.008218,0.005479,0.004305,0.368687,0.363636,0.126263,0.141414,0.413866,0.079832,0.254202,0.008403,0.134454,0.012605,0.027311,0.069328
N20000982,0.173913,0.681159,0.144928,0.037037,0.135266,0.256039,0.154589,0.045089,0.079373,0.005818,0.004571,0.000416,0.607516,0.290188,0.077244,0.025052,0.345659,0.073955,0.302251,0.017685,0.107717,0.030547,0.072347,0.049839
N20000983,0.184255,0.683417,0.132328,0.026536,0.156571,0.211409,0.152685,0.068792,0.079023,0.013010,0.001927,0.000000,0.591036,0.263305,0.070028,0.075630,0.336683,0.132328,0.214405,0.023451,0.123953,0.028476,0.063652,0.077052
N20000984,0.249551,0.583483,0.166966,0.044883,0.141831,0.201077,0.114901,0.043088,0.073163,0.005543,0.002217,0.001663,0.554371,0.317697,0.081023,0.046908,0.341113,0.096948,0.321364,0.019749,0.091562,0.019749,0.039497,0.070018
N20000985,0.240283,0.597173,0.162544,0.045247,0.129088,0.251773,0.102837,0.021277,0.081679,0.006188,0.002475,0.001856,0.663677,0.174888,0.049327,0.112108,0.355634,0.161972,0.232394,0.003521,0.105634,0.049296,0.063380,0.028169
N20000986,0.093939,0.809091,0.096970,0.014671,0.132262,0.341463,0.140244,0.057927,0.106259,0.014123,0.009415,0.007398,0.382114,0.418699,0.085366,0.113821,0.493939,0.039394,0.300000,0.009091,0.081818,0.015152,0.012121,0.048485
N20000987,0.077236,0.747967,0.174797,0.032520,0.144309,0.219512,0.146341,0.107724,0.100900,0.017806,0.008903,0.002473,0.186352,0.422572,0.236220,0.154856,0.505071,0.046653,0.184584,0.006085,0.158215,0.006085,0.024341,0.068966
N20000988,0.138571,0.698571,0.162857,0.030000,0.117143,0.230000,0.147143,0.064286,0.117978,0.009963,0.006292,0.005768,0.525424,0.295400,0.096852,0.082324,0.428571,0.087143,0.215714,0.012857,0.121429,0.028571,0.051429,0.054286
N20000989,0.022831,0.819635,0.157534,0.004566,0.098174,0.347032,0.203196,0.036530,0.059603,0.059603,0.011921,0.003576,0.042017,0.280112,0.240896,0.436975,0.638444,0.009153,0.139588,0.000000,0.164760,0.000000,0.009153,0.038902
N20000990,0.062992,0.787402,0.149606,0.015499,0.119855,0.187335,0.150396,0.184697,0.112564,0.019864,0.009932,0.002759,0.240385,0.330128,0.217949,0.211538,0.485564,0.062992,0.217848,0.005249,0.149606,0.007874,0.018373,0.052493
N20000991,0.083799,0.745810,0.170391,0.022346,0.148045,0.212291,0.145251,0.055866,0.142787,0.018978,0.012652,0.009941,0.387097,0.329749,0.139785,0.143369,0.409605,0.067797,0.209040,0.002825,0.203390,0.011299,0.036723,0.059322
N20000992,0.131980,0.723350,0.144670,0.028965,0.142948,0.268844,0.103015,0.077889,0.102491,0.012465,0.015235,0.000462,0.472325,0.346863,0.110701,0.070111,0.351899,0.048101,0.303797,0.007595,0.162025,0.007595,0.073418,0.045570
N20000993,0.100548,0.722121,0.177331,0.047337,0.134965,0.216514,0.176147,0.077064,0.091087,0.016074,0.008037,0.002233,0.428571,0.343826,0.135593,0.092010,0.363303,0.045872,0.260550,0.018349,0.168807,0.033028,0.047706,0.062385
N20000994,0.038596,0.814035,0.147368,0.015789,0.119298,0.238596,0.154386,0.161404,0.108865,0.019212,0.009606,0.002668,0.240602,0.328321,0.235589,0.195489,0.514938,0.021090,0.156415,0.005272,0.221441,0.007030,0.029877,0.043937
N20000995,0.233716,0.609195,0.157088,0.041901,0.121983,0.214834,0.109974,0.076726,0.070884,0.009246,0.005547,0.000000,0.504532,0.347432,0.080060,0.067976,0.354220,0.144501,0.245524,0.005115,0.113811,0.028133,0.049872,0.058824
N20000996,0.048611,0.759259,0.192130,0.025355,0.129027,0.353488,0.151163,0.041860,0.037045,0.037045,0.007409,0.002223,0.058496,0.186630,0.245125,0.509749,0.571096,0.011655,0.137529,0.006993,0.181818,0.011655,0.002331,0.076923
N20000997,0.189107,0.653555,0.157337,0.036309,0.128593,0.222390,0.160363,0.027231,0.096891,0.008182,0.005168,0.004737,0.474104,0.318725,0.129482,0.077689,0.365008,0.116139,0.257919,0.013575,0.143288,0.021116,0.036199,0.046757
N20000998,0.126685,0.711590,0.161725,0.034793,0.192671,0.245946,0.116216,0.067568,0.069965,0.008509,0.010400,0.000315,0.496296,0.337037,0.133333,0.033333,0.397297,0.100000,0.218919,0.016216,0.121622,0.010811,0.086486,0.048649
N20000999,0.054945,0.780220,0.164835,0.022218,0.092947,0.392727,0.178182,0.050909,0.028962,0.028962,0.005792,0.001738,0.012605,0.247899,0.163866,0.575630,0.681319,0.014652,0.124542,0.003663,0.142857,0.000000,0.000000,0.032967
N20001000,0.061281,0.743733,0.194986,0.011142,0.108635,0.300836,0.153203,0.052925,0.072780,0.047153,0.006150,0.002050,0.052448,0.265734,0.174825,0.506993,0.597222,0.030556,0.155556,0.011111,0.133333,0.008333,0.011111,0.052778
N20001001,0.152688,0.744086,0.103226,0.038464,0.140638,0.312500,0.155172,0.030172,0.088992,0.007515,0.004746,0.004351,0.535928,0.314371,0.113772,0.035928,0.372043,0.077419,0.298925,0.015054,0.139785,0.019355,0.034409,0.043011
N20001002,0.091603,0.759542,0.148855,0.034132,0.123527,0.302682,0.168582,0.045977,0.093172,0.011332,0.013850,0.000420,0.331551,0.187166,0.197861,0.283422,0.480916,0.072519,0.164122,0.000000,0.183206,0.011450,0.030534,0.057252
N20001003,0.071217,0.676558,0.252226,0.020772,0.118694,0.290801,0.121662,0.023739,0.069104,0.044772,0.005840,0.001947,0.173759,0.290780,0.255319,0.280142,0.462908,0.044510,0.204748,0.000000,0.160237,0.017804,0.014837,0.094955
N20001004,0.015184,0.772234,0.212581,0.000000,0.114967,0.334056,0.182213,0.019523,0.053750,0.053750,0.010750,0.003225,0.033679,0.253886,0.253886,0.458549,0.657328,0.010776,0.172414,0.002155,0.101293,0.002155,0.000000,0.053879
N20001005,0.175047,0.739292,0.085661,0.024209,0.135940,0.324022,0.154562,0.039106,0.070871,0.009244,0.005546,0.000000,0.677596,0.256831,0.051913,0.013661,0.349442,0.113383,0.289963,0.014870,0.135688,0.027881,0.044610,0.024164
N20001006,0.095238,0.698925,0.205837,0.031214,0.140998,0.230183,0.146341,0.039634,0.111210,0.013526,0.016531,0.000501,0.318919,0.416216,0.149550,0.115315,0.403963,0.048780,0.259146,0.012195,0.178354,0.013720,0.025915,0.057927
N20001007,0.108949,0.674449,0.216602,0.027237,0.123217,0.280156,0.145266,0.033722,0.054319,0.025887,0.008063,0.003819,0.183486,0.311927,0.229358,0.275229,0.512354,0.063719,0.208062,0.001300,0.102731,0.002601,0.031209,0.078023
N20001008,0.096429,0.750000,0.153571,0.019368,0.124552,0.249104,0.168459,0.075269,0.104031,0.012652,0.015464,0.000469,0.531674,0.325792,0.092760,0.049774,0.367201,0.076649,0.228164,0.012478,0.196078,0.010695,0.048128,0.060606
N20001009,0.081395,0.641860,0.276744,0.030233,0.113953,0.274419,0.130233,0.034884,0.050195,0.032521,0.004242,0.001414,0.073864,0.289773,0.198864,0.437500,0.518605,0.030233,0.190698,0.000000,0.130233,0.002326,0.009302,0.118605
N20001010,0.242563,0.615561,0.141876,0.034800,0.165789,0.207763,0.146119,0.036530,0.049111,0.006406,0.003844,0.000000,0.543956,0.387363,0.043956,0.024725,0.328018,0.145786,0.277904,0.004556,0.104784,0.027335,0.075171,0.036446
N20001011,0.056437,0.746032,0.197531,0.019335,0.136491,0.247350,0.123675,0.100707,0.081288,0.038739,0.012066,0.005716,0.096629,0.287640,0.233708,0.382022,0.590106,0.015901,0.189046,0.008834,0.127208,0.005300,0.014134,0.049470
N20001012,0.034483,0.731034,0.234483,0.013793,0.131034,0.337931,0.124138,0.044828,0.068276,0.020560,0.004267,0.000000,0.063492,0.257937,0.138889,0.539683,0.559727,0.034130,0.194539,0.023891,0.119454,0.013652,0.013652,0.040956
N20001013,0.065693,0.773723,0.160584,0.031022,0.118613,0.260949,0.178832,0.091241,0.073195,0.034882,0.010865,0.005146,0.274559,0.307305,0.191436,0.226700,0.498182,0.047273,0.198182,0.007273,0.160000,0.007273,0.030909,0.050909
N20001014,0.053785,0.752988,0.193227,0.017928,0.139442,0.290837,0.131474,0.087649,0.075963,0.022875,0.004748,0.000000,0.107579,0.281174,0.202934,0.408313,0.543825,0.015936,0.193227,0.011952,0.133466,0.001992,0.007968,0.091633
N20001015,0.107843,0.738562,0.153595,0.024510,0.104575,0.325163,0.127451,0.068627,0.082680,0.024898,0.005167,0.000000,0.302326,0.338266,0.192389,0.167019,0.516340,0.053922,0.179739,0.000000,0.130719,0.029412,0.024510,0.065359
N20001016,0.102446,0.709480,0.188073,0.014166,0.097608,0.312024,0.092846,0.066971,0.102689,0.030923,0.006418,0.000000,0.277677,0.313975,0.168784,0.239564,0.437500,0.050305,0.231707,0.004573,0.181402,0.006098,0.030488,0.057927
N20001017,0.171875,0.631250,0.196875,0.043750,0.128125,0.196875,0.131250,0.068750,0.082414,0.016564,0.004848,0.002424,0.173387,0.395161,0.221774,0.209677,0.412500,0.106250,0.168750,0.000000,0.162500,0.021875,0.040625,0.087500
N20001018,0.068000,0.688000,0.244000,0.028000,0.108000,0.224000,0.108000,0.104000,0.089581,0.035163,0.018419,0.000837,0.205882,0.200980,0.083333,0.509804,0.492000,0.064000,0.204000,0.004000,0.156000,0.000000,0.016000,0.064000
N20001019,0.214145,0.544204,0.241650,0.065126,0.126557,0.174510,0.139216,0.035294,0.042693,0.016758,0.008778,0.000399,0.282407,0.333333,0.157407,0.226852,0.393346,0.119374,0.193738,0.001957,0.113503,0.029354,0.017613,0.131115
N20001020,0.127358,0.694969,0.177673,0.044025,0.143082,0.265723,0.125786,0.064465,0.074396,0.014952,0.004376,0.002188,0.358779,0.353053,0.173664,0.114504,0.443218,0.066246,0.241325,0.004732,0.159306,0.011041,0.017350,0.056782
N20001021,0.347253,0.386813,0.265934,0.118681,0.136264,0.107692,0.059341,0.028571,0.035290,0.008041,0.010721,0.000893,0.191283,0.452785,0.154964,0.200969,0.306346,0.190372,0.161926,0.008753,0.039387,0.030635,0.037199,0.225383
N20001022,0.090308,0.713656,0.196035,0.028770,0.115854,0.270330,0.169231,0.046154,0.086943,0.017474,0.005114,0.002557,0.362637,0.401099,0.123626,0.112637,0.425439,0.054825,0.197368,0.002193,0.199561,0.028509,0.021930,0.070175
N20001023,0.178571,0.602679,0.218750,0.038260,0.141654,0.224944,0.100223,0.075724,0.037409,0.014684,0.007692,0.000350,0.295630,0.336761,0.231362,0.136247,0.386667,0.077778,0.182222,0.013333,0.142222,0.033333,0.040000,0.124444
N20001024,0.594128,0.255613,0.150259,0.164076,0.127807,0.048359,0.017271,0.005181,0.048967,0.003211,0.003211,0.001605,0.490126,0.351885,0.073609,0.084381,0.131261,0.400691,0.176166,0.020725,0.031088,0.063903,0.037997,0.138169
N20001025,0.154135,0.642857,0.203008,0.056757,0.096041,0.262172,0.157303,0.093633,0.026146,0.005255,0.001538,0.000769,0.296296,0.388889,0.120370,0.194444,0.445283,0.143396,0.162264,0.000000,0.135849,0.007547,0.030189,0.075472
N20001026,0.259709,0.514563,0.225728,0.092233,0.104369,0.167476,0.084951,0.077670,0.051444,0.011722,0.015629,0.001302,0.182927,0.350610,0.100610,0.365854,0.440678,0.157385,0.159806,0.002421,0.075061,0.026634,0.016949,0.121065
N20001027,0.401099,0.420330,0.178571,0.082418,0.096154,0.118132,0.104396,0.030220,0.061368,0.004024,0.004024,0.002012,0.298077,0.375000,0.099359,0.227564,0.279452,0.232877,0.186301,0.008219,0.084932,0.030137,0.021918,0.156164
N20001028,0.171322,0.648045,0.180633,0.054004,0.152700,0.173184,0.124767,0.059590,0.085726,0.033649,0.017626,0.000801,0.287281,0.370614,0.168860,0.173246,0.420857,0.096834,0.251397,0.001862,0.098696,0.024209,0.039106,0.067039
N20001029,0.335312,0.436202,0.228487,0.120606,0.127378,0.114706,0.058824,0.023529,0.071784,0.016356,0.021808,0.001817,0.250847,0.342373,0.186441,0.220339,0.297619,0.181548,0.154762,0.011905,0.107143,0.008929,0.029762,0.208333
N20001030,0.429395,0.423631,0.146974,0.078820,0.119033,0.086207,0.123563,0.060345,0.029626,0.001943,0.001943,0.000971,0.482517,0.335664,0.104895,0.076923,0.256484,0.331412,0.213256,0.005764,0.057637,0.034582,0.025937,0.074928
N20001031,0.107362,0.696319,0.196319,0.031142,0.129246,0.259146,0.143293,0.033537,0.101688,0.020437,0.005982,0.002991,0.340996,0.333333,0.249042,0.076628,0.426380,0.058282,0.309816,0.021472,0.134969,0.006135,0.015337,0.027607
N20001032,0.288401,0.470219,0.241379,0.084639,0.159875,0.081505,0.075235,0.068966,0.054362,0.012386,0.016515,0.001376,0.301471,0.426471,0.150735,0.121324,0.270440,0.191824,0.257862,0.012579,0.059748,0.037736,0.018868,0.150943
N20001033,0.100733,0.708791,0.190476,0.039959,0.150780,0.209945,0.149171,0.081031,0.097586,0.013941,0.003802,0.002535,0.402439,0.326829,0.146341,0.124390,0.393053,0.062157,0.244973,0.005484,0.168190,0.027422,0.042048,0.056673
N20001034,0.080501,0.765653,0.153846,0.028715,0.142439,0.305357,0.141071,0.060714,0.090033,0.018095,0.005296,0.002648,0.455338,0.305011,0.100218,0.139434,0.407871,0.059034,0.257603,0.010733,0.150268,0.016100,0.046512,0.051878
N20001035,0.633157,0.264550,0.102293,0.111189,0.078259,0.089631,0.052724,0.007030,0.032965,0.002508,0.000358,0.001075,0.702703,0.238739,0.033784,0.024775,0.131206,0.455674,0.214539,0.008865,0.033688,0.044326,0.044326,0.067376
N20001036,0.262376,0.532178,0.205446,0.059907,0.134647,0.160494,0.118519,0.051852,0.059547,0.004531,0.000647,0.001942,0.477987,0.305031,0.128931,0.088050,0.293103,0.197044,0.246305,0.012315,0.093596,0.041872,0.054187,0.061576
N20001037,0.407725,0.452790,0.139485,0.075107,0.120172,0.098712,0.124464,0.027897,0.072836,0.005542,0.000792,0.002375,0.565327,0.319095,0.085427,0.030151,0.214592,0.268240,0.251073,0.002146,0.060086,0.072961,0.055794,0.075107
N20001038,0.163603,0.693015,0.143382,0.033328,0.137051,0.223853,0.150459,0.064220,0.097228,0.013890,0.003788,0.002525,0.283854,0.346354,0.164062,0.205729,0.457875,0.065934,0.243590,0.003663,0.089744,0.020147,0.027473,0.091575
N20001039,0.106952,0.718360,0.174688,0.030166,0.145146,0.250000,0.150000,0.089286,0.053008,0.007730,0.021534,0.001656,0.284337,0.412048,0.209639,0.093976,0.407143,0.058929,0.235714,0.008929,0.178571,0.010714,0.035714,0.064286
N20001040,0.055105,0.726094,0.218801,0.011274,0.109211,0.340909,0.128247,0.069805,0.055980,0.008721,0.009564,0.003657,0.025641,0.276557,0.195971,0.501832,0.562399,0.022690,0.179903,0.003241,0.178282,0.001621,0.006483,0.045381
N20001041,0.103203,0.704626,0.192171,0.017794,0.099644,0.258007,0.174377,0.053381,0.058781,0.055469,0.002484,0.002484,0.082430,0.247289,0.188720,0.481562,0.576512,0.024911,0.163701,0.001779,0.129893,0.008897,0.016014,0.078292
N20001042,0.582278,0.350211,0.067511,0.078059,0.113924,0.099156,0.097046,0.004219,0.032035,0.002437,0.000348,0.001045,0.633094,0.298561,0.032374,0.035971,0.188679,0.339623,0.249476,0.018868,0.064990,0.067086,0.033543,0.037736
N20001043,0.093284,0.723881,0.182836,0.040849,0.083431,0.209738,0.127341,0.161049,0.100382,0.023377,0.013063,0.005500,0.200935,0.373832,0.228972,0.196262,0.369811,0.026415,0.283019,0.000000,0.188679,0.015094,0.030189,0.086792
N20001044,0.109489,0.700730,0.189781,0.034063,0.128954,0.262774,0.141119,0.058394,0.053984,0.050943,0.002281,0.002281,0.060976,0.189024,0.198171,0.551829,0.530266,0.041162,0.181598,0.004843,0.130751,0.009685,0.012107,0.089588
N20001045,0.109091,0.677922,0.212987,0.022929,0.113953,0.276762,0.109661,0.070496,0.067610,0.009860,0.027467,0.002113,0.245955,0.401294,0.113269,0.239482,0.536458,0.065104,0.138021,0.005208,0.151042,0.005208,0.033854,0.065104
N20001046,0.121795,0.671795,0.206410,0.030886,0.127621,0.248399,0.142125,0.079385,0.061487,0.008784,0.002396,0.001597,0.188272,0.364198,0.206790,0.240741,0.483376,0.049872,0.209719,0.005115,0.122762,0.014066,0.024297,0.090793
N20001047,0.092058,0.756318,0.151625,0.036101,0.104693,0.290614,0.160650,0.084838,0.072962,0.010640,0.029641,0.002280,0.280488,0.417073,0.178049,0.124390,0.516245,0.039711,0.234657,0.003610,0.117329,0.016245,0.025271,0.046931
N20001048,0.092105,0.743421,0.164474,0.032895,0.095395,0.200658,0.213816,0.134868,0.069603,0.016209,0.009058,0.003814,0.264957,0.470085,0.115385,0.149573,0.529605,0.065789,0.138158,0.000000,0.157895,0.003289,0.039474,0.065789
N20001049,0.182825,0.639889,0.177285,0.036011,0.110803,0.249307,0.094183,0.099723,0.061692,0.009610,0.010540,0.004030,0.144981,0.442379,0.111524,0.301115,0.512465,0.096953,0.180055,0.000000,0.088643,0.011080,0.019391,0.091413
N20001050,0.155822,0.666096,0.178082,0.034454,0.098575,0.206838,0.135043,0.102564,0.088420,0.013774,0.015107,0.005776,0.438228,0.370629,0.118881,0.072261,0.419521,0.092466,0.220890,0.006849,0.150685,0.017123,0.046233,0.046233
N20001051,0.098624,0.731651,0.169725,0.014341,0.116617,0.205011,0.116173,0.179954,0.080332,0.018707,0.010454,0.004402,0.187861,0.424855,0.208092,0.179191,0.492027,0.054670,0.205011,0.002278,0.159453,0.015945,0.015945,0.054670
N20001052,0.212121,0.648019,0.139860,0.034965,0.121212,0.233100,0.111888,0.076923,0.075358,0.011739,0.012875,0.004923,0.345455,0.281818,0.151515,0.221212,0.431235,0.067599,0.170163,0.000000,0.153846,0.037296,0.051282,0.088578
N20001053,0.283044,0.552737,0.164219,0.075547,0.113647,0.194110,0.155288,0.037483,0.026850,0.019989,0.003282,0.002088,0.206463,0.368043,0.145422,0.280072,0.379172,0.148198,0.193591,0.008011,0.094793,0.042724,0.012016,0.121495
N20001054,0.118012,0.629400,0.252588,0.039337,0.149068,0.151139,0.113872,0.099379,0.081776,0.019044,0.010642,0.004481,0.364557,0.331646,0.197468,0.106329,0.358178,0.074534,0.229814,0.010352,0.159420,0.031056,0.037267,0.099379
N20001055,0.081967,0.744262,0.173770,0.026230,0.091803,0.314754,0.193443,0.039344,0.051730,0.048816,0.002186,0.002186,0.124528,0.335849,0.211321,0.328302,0.452459,0.049180,0.193443,0.000000,0.252459,0.009836,0.013115,0.029508
N20001056,0.130506,0.668842,0.200653,0.037520,0.123980,0.212072,0.161501,0.099511,0.049271,0.015207,0.005475,0.001825,0.240557,0.326044,0.218688,0.214712,0.480456,0.053746,0.229642,0.000000,0.149837,0.008143,0.011401,0.066775
N20001057,0.588589,0.279279,0.132132,0.102102,0.090090,0.081081,0.045045,0.033033,0.026845,0.003185,0.000000,0.000000,0.549763,0.251185,0.090047,0.109005,0.252252,0.399399,0.180180,0.006006,0.024024,0.060060,0.018018,0.060060
N20001058,0.043321,0.756318,0.200361,0.014440,0.084838,0.310469,0.151625,0.059567,0.077050,0.057359,0.009417,0.005993,0.065022,0.278027,0.195067,0.461883,0.608303,0.027076,0.155235,0.003610,0.151625,0.003610,0.009025,0.041516
N20001059,0.386667,0.373333,0.240000,0.086446,0.081943,0.101545,0.105960,0.039735,0.039468,0.004683,0.000000,0.000000,0.378667,0.256000,0.122667,0.242667,0.271715,0.267261,0.146993,0.011136,0.075724,0.024499,0.037862,0.164811
N20001060,0.148402,0.607306,0.244292,0.024832,0.131333,0.176201,0.144165,0.080092,0.053262,0.012403,0.006931,0.002918,0.196676,0.390582,0.138504,0.274238,0.486301,0.052511,0.166667,0.009132,0.136986,0.022831,0.038813,0.086758
N20001061,0.566724,0.157712,0.275563,0.133218,0.057540,0.034542,0.022453,0.005181,0.033967,0.004030,0.000000,0.000000,0.469072,0.280928,0.074742,0.175258,0.126736,0.387153,0.156250,0.022569,0.029514,0.034722,0.026042,0.217014
N20001062,0.700000,0.144828,0.155172,0.084083,0.072163,0.034602,0.024221,0.003460,0.009280,0.001101,0.000000,0.000000,0.463415,0.373984,0.105691,0.056911,0.100000,0.568966,0.144828,0.006897,0.027586,0.044828,0.041379,0.065517
N20001063,0.510269,0.322275,0.167457,0.093865,0.093568,0.077287,0.072555,0.018927,0.041143,0.012698,0.004571,0.001524,0.445283,0.303774,0.116981,0.133962,0.176935,0.334913,0.262243,0.009479,0.048973,0.047393,0.033175,0.086888
N20001064,0.477204,0.249240,0.273556,0.091185,0.085106,0.069909,0.048632,0.012158,0.029889,0.003546,0.000000,0.000000,0.241497,0.278912,0.074830,0.404762,0.212766,0.358663,0.142857,0.030395,0.057751,0.021277,0.018237,0.158055
N20001065,0.117002,0.676417,0.206581,0.021764,0.108651,0.243590,0.164835,0.062271,0.049922,0.037164,0.006102,0.003883,0.095890,0.248858,0.262557,0.392694,0.568556,0.031079,0.155393,0.005484,0.131627,0.007313,0.014625,0.085923
N20001066,0.468700,0.229535,0.301766,0.103315,0.072483,0.052885,0.052885,0.011218,0.037611,0.001635,0.000818,0.000000,0.631034,0.268966,0.086207,0.013793,0.184591,0.316212,0.173355,0.017657,0.028892,0.044944,0.032103,0.202247
N20001067,0.145604,0.725275,0.129121,0.032657,0.099930,0.181818,0.217631,0.079890,0.104892,0.016340,0.017921,0.006852,0.459559,0.419118,0.033088,0.088235,0.434903,0.077562,0.221607,0.024931,0.146814,0.019391,0.047091,0.027701
N20001068,0.523707,0.377155,0.099138,0.050705,0.087738,0.118790,0.092873,0.045356,0.022239,0.006864,0.002471,0.000824,0.686842,0.213158,0.036842,0.063158,0.202586,0.364224,0.196121,0.019397,0.049569,0.064655,0.060345,0.043103
N20001069,0.658065,0.210753,0.131183,0.122427,0.061725,0.058315,0.036717,0.034557,0.013343,0.004118,0.001483,0.000494,0.469543,0.337563,0.116751,0.076142,0.172043,0.384946,0.204301,0.004301,0.047312,0.073118,0.023656,0.090323
N20001070,0.596413,0.189836,0.213752,0.091922,0.080554,0.037425,0.043413,0.007485,0.019675,0.000855,0.000428,0.000000,0.601476,0.276753,0.053506,0.068266,0.168909,0.400598,0.195815,0.017937,0.034380,0.037369,0.038864,0.106129
N20001071,0.657360,0.230964,0.111675,0.070019,0.041091,0.093671,0.032911,0.020253,0.033423,0.003663,0.005036,0.000916,0.411392,0.344937,0.113924,0.129747,0.190355,0.436548,0.213198,0.007614,0.050761,0.058376,0.015228,0.027919
N20001072,0.688091,0.204159,0.107750,0.106477,0.065322,0.061914,0.046904,0.011257,0.017613,0.000766,0.000383,0.000000,0.611549,0.262467,0.049869,0.076115,0.149621,0.460227,0.185606,0.028409,0.028409,0.039773,0.045455,0.062500
N20001073,0.778793,0.135283,0.085923,0.085923,0.036563,0.031079,0.029250,0.014625,0.018457,0.002023,0.002781,0.000506,0.664352,0.233796,0.050926,0.050926,0.078324,0.510018,0.240437,0.010929,0.014572,0.063752,0.032787,0.049180
N20001074,0.420225,0.431461,0.148315,0.062117,0.089118,0.139640,0.096847,0.042793,0.045305,0.007058,0.007741,0.002960,0.523121,0.343931,0.040462,0.092486,0.334831,0.186517,0.256180,0.004494,0.110112,0.015730,0.029213,0.062921
N20001075,0.680171,0.230277,0.089552,0.054364,0.053933,0.090323,0.055914,0.004301,0.017715,0.005467,0.001968,0.000656,0.509749,0.298050,0.136490,0.055710,0.174946,0.414687,0.207343,0.017279,0.032397,0.045356,0.032397,0.075594
N20001076,0.718494,0.191489,0.090016,0.083910,0.062615,0.057096,0.032626,0.016313,0.017736,0.001944,0.002673,0.000486,0.540659,0.292308,0.074725,0.092308,0.143556,0.451876,0.234910,0.026101,0.032626,0.034258,0.029364,0.047308
N20001077,0.500000,0.387658,0.112342,0.062599,0.092888,0.122029,0.085578,0.034865,0.040614,0.004451,0.006120,0.001113,0.548857,0.324324,0.062370,0.064449,0.221519,0.302215,0.265823,0.003165,0.069620,0.050633,0.025316,0.061709
N20001078,0.473868,0.407666,0.118467,0.054287,0.082491,0.150350,0.080420,0.034965,0.046161,0.005059,0.006956,0.001265,0.519337,0.281768,0.121547,0.077348,0.254355,0.327526,0.240418,0.010453,0.069686,0.013937,0.048780,0.034843
N20001079,0.518414,0.169972,0.311615,0.091447,0.049185,0.025281,0.028090,0.000000,0.047234,0.012882,0.006870,0.000429,0.426230,0.354098,0.049180,0.170492,0.158640,0.328612,0.113314,0.008499,0.016997,0.039660,0.011331,0.322946
N20001080,0.296044,0.130286,0.573670,0.077379,0.053992,0.016349,0.015668,0.004087,0.028159,0.007680,0.004096,0.000256,0.471519,0.332278,0.047468,0.148734,0.104294,0.186776,0.049761,0.002727,0.014315,0.018405,0.008862,0.614860
N20001081,0.580214,0.189840,0.229947,0.086916,0.063834,0.026810,0.050938,0.000000,0.039741,0.008516,0.000000,0.000000,0.342105,0.260234,0.040936,0.356725,0.128686,0.404826,0.163539,0.008043,0.032172,0.026810,0.021448,0.214477
N20001082,0.886139,0.047030,0.066832,0.045844,0.010175,0.017199,0.014742,0.000000,0.004047,0.000867,0.000000,0.000000,0.052478,0.145773,0.157434,0.644315,0.051980,0.638614,0.195545,0.002475,0.029703,0.017327,0.004950,0.059406
N20001083,0.897550,0.033408,0.069042,0.069042,0.015590,0.004454,0.006682,0.000000,0.005502,0.001179,0.000000,0.000000,0.062130,0.218935,0.156805,0.562130,0.066815,0.628062,0.167038,0.004454,0.002227,0.055679,0.006682,0.069042
N20001084,0.178295,0.387597,0.434109,0.047804,0.052972,0.104651,0.138243,0.052972,0.027156,0.007406,0.003950,0.000247,0.007634,0.160305,0.171756,0.660305,0.295866,0.103359,0.081395,0.006460,0.063307,0.009044,0.011628,0.428941
N20001085,0.243243,0.120721,0.636036,0.069958,0.046714,0.012635,0.009025,0.001805,0.035411,0.009658,0.005151,0.000322,0.593002,0.296501,0.069982,0.040516,0.140541,0.129730,0.057658,0.018018,0.010811,0.018018,0.030631,0.594595
N20001086,0.780303,0.083333,0.136364,0.041610,0.020519,0.017588,0.012563,0.005025,0.022761,0.004877,0.000000,0.000000,0.042705,0.106762,0.145907,0.704626,0.160401,0.588972,0.190476,0.002506,0.015038,0.005013,0.000000,0.037594
N20001087,0.239734,0.216426,0.543840,0.083067,0.067537,0.045556,0.032222,0.018889,0.032587,0.017964,0.000836,0.000836,0.325513,0.316716,0.129032,0.228739,0.187569,0.134295,0.063263,0.005549,0.041065,0.015538,0.021088,0.531632
N20001088,0.230932,0.264831,0.504237,0.070595,0.077067,0.054852,0.061181,0.021097,0.031595,0.017418,0.000810,0.000810,0.489703,0.329519,0.038902,0.141876,0.200000,0.112766,0.112766,0.002128,0.027660,0.012766,0.008511,0.523404
N20001089,0.052863,0.762115,0.185022,0.017149,0.092472,0.191964,0.236607,0.169643,0.050045,0.013649,0.007279,0.000455,0.050314,0.150943,0.163522,0.635220,0.604444,0.053333,0.106667,0.000000,0.177778,0.000000,0.000000,0.057778
N20001090,0.218850,0.265176,0.515974,0.052450,0.052376,0.083200,0.067200,0.025600,0.022963,0.012659,0.000589,0.000589,0.116095,0.255937,0.168865,0.459103,0.239617,0.092652,0.078275,0.007987,0.051118,0.019169,0.019169,0.492013
N20001091,0.117801,0.492147,0.390052,0.041485,0.060568,0.126316,0.186842,0.031579,0.047173,0.019298,0.019298,0.001072,0.173913,0.276398,0.145963,0.403727,0.481675,0.096859,0.115183,0.007853,0.078534,0.013089,0.013089,0.193717
N20001092,0.063158,0.774737,0.162105,0.016939,0.066754,0.285714,0.182773,0.151261,0.057692,0.020362,0.006787,0.003394,0.041262,0.189320,0.111650,0.657767,0.607595,0.033755,0.132911,0.000000,0.135021,0.006329,0.000000,0.084388
N20001093,0.044888,0.800499,0.154613,0.015037,0.069155,0.286070,0.241294,0.119403,0.052861,0.026911,0.003364,0.001442,0.060317,0.149206,0.142857,0.647619,0.680798,0.027431,0.084788,0.000000,0.114713,0.004988,0.002494,0.084788
N20001094,0.843915,0.058201,0.097884,0.084656,0.029101,0.002646,0.013228,0.000000,0.007185,0.002939,0.002939,0.000163,0.137124,0.264214,0.063545,0.535117,0.155263,0.513158,0.194737,0.002632,0.021053,0.031579,0.005263,0.076316
N20001095,0.124074,0.657407,0.218519,0.040895,0.086243,0.131238,0.273567,0.090573,0.047366,0.024114,0.003014,0.001292,0.024510,0.284314,0.134804,0.556373,0.555147,0.055147,0.145221,0.000000,0.104779,0.011029,0.009191,0.119485
N20001096,0.141280,0.618102,0.240618,0.042161,0.093872,0.224670,0.151982,0.077093,0.046086,0.016266,0.005422,0.002711,0.087059,0.225882,0.197647,0.489412,0.436123,0.052863,0.193833,0.002203,0.125551,0.008811,0.008811,0.171806
N20001097,0.120635,0.612698,0.266667,0.031463,0.058558,0.229299,0.200637,0.025478,0.061605,0.033962,0.001580,0.001580,0.093117,0.121457,0.165992,0.619433,0.579114,0.037975,0.091772,0.003165,0.085443,0.000000,0.009494,0.193038
N20001098,0.163978,0.637097,0.198925,0.061828,0.104839,0.158602,0.139785,0.080645,0.100186,0.035360,0.011787,0.005893,0.154079,0.338369,0.229607,0.277946,0.390836,0.056604,0.113208,0.010782,0.110512,0.008086,0.013477,0.296496
N20001099,0.343373,0.280120,0.376506,0.068983,0.103291,0.048780,0.054878,0.012195,0.051772,0.003835,0.004602,0.000767,0.235669,0.442675,0.054140,0.267516,0.195783,0.250000,0.165663,0.006024,0.027108,0.012048,0.009036,0.334337
N20001100,0.138191,0.572864,0.288945,0.050472,0.059080,0.192982,0.115288,0.070175,0.084586,0.043062,0.005383,0.002307,0.062678,0.339031,0.145299,0.452991,0.349246,0.077889,0.108040,0.007538,0.080402,0.005025,0.022613,0.349246
N20001101,0.394422,0.384462,0.221116,0.042534,0.032573,0.192843,0.103380,0.013917,0.022679,0.009278,0.009278,0.000515,0.085202,0.156951,0.199552,0.558296,0.412351,0.264940,0.133466,0.005976,0.051793,0.000000,0.000000,0.131474
N20001102,0.280000,0.430000,0.290000,0.085369,0.091074,0.114094,0.107383,0.057047,0.037752,0.019219,0.002402,0.001030,0.079245,0.362264,0.200000,0.358491,0.273333,0.156667,0.126667,0.006667,0.040000,0.026667,0.010000,0.360000
N20001103,0.447316,0.170974,0.381710,0.106046,0.069784,0.027778,0.019841,0.001984,0.043801,0.003244,0.003893,0.000649,0.156250,0.578125,0.054688,0.210938,0.109127,0.303571,0.089286,0.005952,0.015873,0.025794,0.017857,0.432540
N20001104,0.135135,0.621622,0.243243,0.027027,0.120582,0.174636,0.151767,0.085239,0.059804,0.022812,0.003699,0.003083,0.071759,0.201389,0.229167,0.497685,0.461538,0.085239,0.120582,0.002079,0.087318,0.006237,0.008316,0.228690
N20001105,0.551205,0.243976,0.204819,0.078313,0.069277,0.066265,0.045181,0.003012,0.051148,0.003789,0.004546,0.000758,0.198171,0.606707,0.076220,0.118902,0.159159,0.354354,0.117117,0.003003,0.042042,0.027027,0.021021,0.276276
N20001106,0.213018,0.499014,0.287968,0.059172,0.096647,0.098619,0.122288,0.029586,0.099302,0.035048,0.011683,0.005841,0.135983,0.380753,0.184100,0.299163,0.276134,0.082840,0.153846,0.007890,0.055227,0.011834,0.021696,0.390533
N20001107,0.549528,0.172170,0.278302,0.101415,0.068396,0.044811,0.028302,0.000000,0.026032,0.001928,0.002314,0.000386,0.101896,0.675355,0.042654,0.180095,0.082547,0.382075,0.113208,0.011792,0.047170,0.037736,0.035377,0.290094
N20001108,0.261468,0.362385,0.376147,0.063311,0.039805,0.101382,0.078341,0.009217,0.083525,0.042522,0.005315,0.002278,0.187166,0.550802,0.074866,0.187166,0.248848,0.165899,0.092166,0.009217,0.041475,0.000000,0.023041,0.419355
N20001109,0.785199,0.079422,0.135379,0.043788,0.010706,0.027125,0.001808,0.000000,0.021611,0.008841,0.008841,0.000491,0.030303,0.193939,0.109091,0.666667,0.144144,0.580180,0.160360,0.001802,0.021622,0.010811,0.009009,0.072072
N20001110,0.492958,0.309859,0.197183,0.106198,0.086863,0.094077,0.034843,0.024390,0.059168,0.004383,0.005259,0.000877,0.124060,0.345865,0.116541,0.413534,0.171930,0.284211,0.171930,0.010526,0.042105,0.049123,0.035088,0.235088
N20001111,0.089005,0.589005,0.321990,0.020942,0.083770,0.219895,0.123037,0.089005,0.049034,0.018704,0.003033,0.002528,0.055882,0.229412,0.232353,0.482353,0.418848,0.044503,0.188482,0.000000,0.073298,0.018325,0.007853,0.248691
N20001112,0.445312,0.169922,0.384766,0.089844,0.060547,0.033203,0.029297,0.000000,0.039800,0.002948,0.003538,0.000590,0.172566,0.676991,0.048673,0.101770,0.145914,0.322957,0.087549,0.001946,0.017510,0.015564,0.019455,0.389105
N20001113,0.625523,0.173640,0.200837,0.089958,0.071130,0.035565,0.029289,0.000000,0.031666,0.002568,0.002995,0.000428,0.065022,0.656951,0.094170,0.183857,0.098532,0.503145,0.140461,0.000000,0.014675,0.031447,0.016771,0.194969
N20001114,0.653488,0.141860,0.204651,0.107821,0.031790,0.049180,0.018735,0.002342,0.033479,0.002714,0.003167,0.000452,0.125000,0.507212,0.045673,0.322115,0.105140,0.492991,0.095794,0.004673,0.023364,0.035047,0.014019,0.228972
N20001115,0.418680,0.330113,0.251208,0.115942,0.072464,0.091787,0.062802,0.014493,0.061997,0.014392,0.009410,0.002768,0.168350,0.557239,0.067340,0.207071,0.186795,0.264090,0.161031,0.009662,0.064412,0.051530,0.020934,0.241546
N20001116,0.112426,0.692308,0.195266,0.029586,0.100592,0.162722,0.224852,0.103550,0.067292,0.025668,0.004162,0.003469,0.090253,0.209386,0.119134,0.581227,0.482143,0.071429,0.127976,0.000000,0.142857,0.002976,0.000000,0.172619
N20001117,0.118380,0.626168,0.255452,0.024922,0.043614,0.143302,0.221184,0.093458,0.083360,0.031797,0.005156,0.004297,0.071685,0.236559,0.164875,0.526882,0.451713,0.052960,0.165109,0.000000,0.062305,0.003115,0.003115,0.261682
N20001118,0.704545,0.113636,0.181818,0.123967,0.030992,0.014463,0.006198,0.000000,0.043816,0.000712,0.017455,0.000000,0.151724,0.383908,0.135632,0.328736,0.076605,0.515528,0.126294,0.006211,0.016563,0.033126,0.008282,0.217391
N20001119,0.552311,0.243309,0.204380,0.098428,0.061270,0.060680,0.029126,0.002427,0.075519,0.006123,0.007144,0.001021,0.095890,0.654795,0.068493,0.180822,0.104623,0.496350,0.080292,0.007299,0.046229,0.065693,0.026764,0.172749
N20001120,0.639262,0.151007,0.209732,0.089515,0.032963,0.064081,0.025295,0.001686,0.022689,0.001840,0.002146,0.000307,0.049573,0.735043,0.039316,0.176068,0.069140,0.507589,0.134907,0.006745,0.033727,0.042159,0.011804,0.193929
N20001121,0.629747,0.215190,0.155063,0.132932,0.098948,0.049363,0.031847,0.007962,0.025265,0.001805,0.000000,0.000000,0.629167,0.245833,0.056250,0.068750,0.120444,0.445325,0.217116,0.014263,0.030111,0.050713,0.030111,0.091918
N20001122,0.436508,0.178571,0.384921,0.124508,0.074571,0.024000,0.028000,0.008000,0.033647,0.006614,0.002876,0.000863,0.251012,0.603239,0.048583,0.097166,0.128000,0.276000,0.136000,0.008000,0.048000,0.032000,0.036000,0.336000
N20001123,0.397291,0.311512,0.291196,0.112867,0.074492,0.060948,0.081264,0.013544,0.068998,0.005111,0.006133,0.001022,0.180203,0.629442,0.083756,0.106599,0.121896,0.261851,0.155756,0.002257,0.079007,0.020316,0.013544,0.345372
N20001124,0.437601,0.269044,0.293355,0.118314,0.079417,0.068071,0.042139,0.006483,0.055773,0.010964,0.004767,0.001430,0.219015,0.560272,0.110357,0.110357,0.169903,0.323625,0.127832,0.009709,0.063107,0.046926,0.032362,0.226537
N20001125,0.336336,0.258258,0.405405,0.102102,0.072072,0.045045,0.054054,0.012012,0.052553,0.012200,0.007977,0.002346,0.371069,0.424528,0.081761,0.122642,0.153153,0.240240,0.153153,0.006006,0.051051,0.024024,0.027027,0.345345
N20001126,0.308282,0.306748,0.384969,0.080105,0.107667,0.059724,0.070444,0.010720,0.040735,0.009456,0.006183,0.001819,0.242089,0.356013,0.128165,0.273734,0.173047,0.231240,0.182236,0.007657,0.059724,0.019908,0.033691,0.292496
N20001127,0.685393,0.119850,0.194757,0.083889,0.039023,0.018797,0.009398,0.001880,0.035876,0.000583,0.014292,0.000000,0.111546,0.573386,0.095890,0.219178,0.080827,0.539474,0.124060,0.003759,0.009398,0.037594,0.007519,0.197368
N20001128,0.232283,0.429134,0.338583,0.070866,0.059055,0.110236,0.122047,0.031496,0.083661,0.008858,0.010827,0.002953,0.105991,0.327189,0.211982,0.354839,0.318898,0.078740,0.106299,0.011811,0.082677,0.019685,0.019685,0.362205
N20001129,0.222222,0.472813,0.304965,0.059102,0.122931,0.094563,0.111111,0.044917,0.069504,0.016135,0.010550,0.003103,0.097826,0.375000,0.157609,0.369565,0.300948,0.109005,0.165877,0.007109,0.054502,0.014218,0.009479,0.338863
N20001130,0.787709,0.076350,0.135940,0.053016,0.015126,0.011132,0.016698,0.001855,0.022295,0.000363,0.008882,0.000000,0.059813,0.781308,0.054206,0.104673,0.059369,0.593692,0.113173,0.001855,0.001855,0.022263,0.001855,0.205937
N20001131,0.638191,0.197655,0.164154,0.066285,0.053842,0.018395,0.008361,0.008361,0.076837,0.001249,0.030610,0.000000,0.080420,0.669580,0.071678,0.178322,0.061873,0.494983,0.132107,0.008361,0.016722,0.023411,0.000000,0.262542
N20001132,0.435644,0.235644,0.328713,0.113509,0.075565,0.055336,0.043478,0.013834,0.036271,0.007130,0.003100,0.000930,0.143836,0.557078,0.084475,0.214612,0.181460,0.284024,0.161736,0.007890,0.047337,0.037475,0.017751,0.262327
N20001133,0.376276,0.335459,0.288265,0.098782,0.112953,0.071611,0.043478,0.014066,0.071386,0.014033,0.006101,0.001830,0.266580,0.579974,0.105332,0.048114,0.157088,0.275862,0.163474,0.007663,0.074074,0.039591,0.026820,0.255428
N20001134,0.567241,0.212069,0.220690,0.101724,0.068966,0.029310,0.046552,0.006897,0.042658,0.000694,0.016994,0.000000,0.245779,0.527205,0.088180,0.138837,0.141136,0.445783,0.127367,0.005164,0.030981,0.029260,0.022375,0.197935
N20001135,0.477273,0.253247,0.269481,0.137987,0.073052,0.050325,0.058442,0.001623,0.056560,0.008233,0.002506,0.002506,0.287215,0.490368,0.036778,0.185639,0.144481,0.345779,0.139610,0.004870,0.035714,0.037338,0.035714,0.256494
N20001136,0.455852,0.297741,0.246407,0.091098,0.080528,0.102459,0.049180,0.006148,0.046736,0.006190,0.005881,0.000619,0.132075,0.752621,0.031447,0.083857,0.170431,0.322382,0.135524,0.016427,0.075975,0.039014,0.024641,0.215606
N20001137,0.486316,0.250526,0.263158,0.145263,0.084211,0.065263,0.050526,0.002105,0.039233,0.005711,0.001738,0.001738,0.281250,0.607143,0.040179,0.071429,0.132911,0.318565,0.141350,0.010549,0.035865,0.050633,0.029536,0.280591
N20001138,0.510823,0.205628,0.283550,0.151848,0.071012,0.032051,0.047009,0.012821,0.032051,0.009947,0.000737,0.000000,0.241218,0.304450,0.138173,0.316159,0.172043,0.339785,0.184946,0.017204,0.025806,0.032258,0.030108,0.197849
N20001139,0.426584,0.253478,0.319938,0.101003,0.073633,0.066667,0.044961,0.003101,0.052761,0.007680,0.002338,0.002338,0.290850,0.565359,0.050654,0.093137,0.120930,0.314729,0.130233,0.004651,0.060465,0.044961,0.024806,0.299225
N20001140,0.387792,0.377020,0.235189,0.113106,0.136445,0.061041,0.062837,0.017953,0.079676,0.003405,0.012939,0.002724,0.269685,0.442913,0.086614,0.200787,0.185252,0.305755,0.192446,0.003597,0.068345,0.028777,0.043165,0.172662
N20001141,0.570064,0.200637,0.229299,0.148680,0.062272,0.044025,0.047170,0.012579,0.025943,0.008051,0.000596,0.000000,0.258303,0.258303,0.103321,0.380074,0.211538,0.349359,0.198718,0.000000,0.022436,0.048077,0.009615,0.160256
N20001142,0.411003,0.300971,0.288026,0.088997,0.085761,0.092233,0.056634,0.011327,0.043268,0.005731,0.005444,0.000573,0.166389,0.713810,0.039933,0.079867,0.142626,0.351702,0.166937,0.014587,0.053485,0.051864,0.034036,0.184765
N20001143,0.460695,0.234004,0.305302,0.101062,0.065196,0.064220,0.038532,0.003670,0.050548,0.007358,0.002239,0.002239,0.232514,0.551985,0.088847,0.126654,0.138182,0.350909,0.149091,0.001818,0.049091,0.029091,0.023636,0.258182
N20001144,0.447619,0.251429,0.300952,0.167085,0.085398,0.049618,0.047710,0.005725,0.050816,0.002172,0.008252,0.001737,0.280702,0.452242,0.113060,0.153996,0.145038,0.320611,0.146947,0.009542,0.045802,0.061069,0.034351,0.236641
N20001145,0.545045,0.279279,0.175676,0.143219,0.169690,0.031963,0.036530,0.004566,0.034094,0.002435,0.000000,0.000000,0.640777,0.281553,0.043689,0.033981,0.139013,0.385650,0.179372,0.026906,0.035874,0.044843,0.022422,0.165919
N20001146,0.483516,0.307692,0.208791,0.157509,0.139194,0.047619,0.054945,0.003663,0.046703,0.014494,0.001074,0.000000,0.322449,0.440816,0.130612,0.106122,0.139706,0.363971,0.220588,0.007353,0.051471,0.073529,0.011029,0.132353
N20001147,0.204327,0.367788,0.427885,0.048987,0.071672,0.104369,0.046117,0.029126,0.087379,0.027118,0.002009,0.000000,0.061798,0.261236,0.191011,0.485955,0.319712,0.096154,0.153846,0.009615,0.062500,0.016827,0.007212,0.334135
N20001148,0.379391,0.405152,0.215457,0.060142,0.074166,0.154930,0.032864,0.018779,0.100807,0.014674,0.004466,0.004466,0.566434,0.304196,0.013986,0.115385,0.201405,0.229508,0.152225,0.030445,0.098361,0.035129,0.032787,0.220141
N20001149,0.369159,0.375389,0.255452,0.102388,0.127339,0.070203,0.074883,0.014041,0.069986,0.007410,0.009057,0.002470,0.254701,0.434188,0.111111,0.200000,0.187207,0.265211,0.205928,0.010920,0.048362,0.021841,0.029641,0.230889
N20001150,0.445013,0.294118,0.260870,0.108278,0.095138,0.076531,0.035714,0.028061,0.043205,0.011201,0.003734,0.000533,0.213699,0.356164,0.093151,0.336986,0.219388,0.295918,0.140306,0.015306,0.079082,0.045918,0.033163,0.170918
N20001151,0.460259,0.308688,0.231054,0.095121,0.095844,0.055046,0.066055,0.005505,0.067823,0.008983,0.008534,0.000898,0.209924,0.671756,0.045802,0.072519,0.136531,0.396679,0.149446,0.016605,0.059041,0.025830,0.029520,0.186347
N20001152,0.441860,0.276163,0.281977,0.136628,0.104651,0.078488,0.029070,0.002907,0.049258,0.002105,0.007999,0.001684,0.376119,0.429851,0.053731,0.140299,0.127907,0.377907,0.168605,0.005814,0.043605,0.031977,0.029070,0.215116
N20001153,0.463950,0.374608,0.161442,0.107142,0.086658,0.106416,0.081377,0.017214,0.065231,0.008640,0.008208,0.000864,0.160393,0.720131,0.036007,0.083470,0.137931,0.373041,0.147335,0.014107,0.115987,0.028213,0.039185,0.144201
N20001154,0.436482,0.205212,0.358306,0.110749,0.039088,0.081433,0.055375,0.013029,0.011993,0.003109,0.001036,0.000148,0.178571,0.207143,0.160714,0.453571,0.227723,0.277228,0.191419,0.003300,0.029703,0.039604,0.003300,0.227723
N20001155,0.538813,0.216895,0.244292,0.174134,0.067812,0.059633,0.025229,0.006881,0.042223,0.010947,0.003649,0.000521,0.354331,0.349081,0.115486,0.181102,0.174312,0.394495,0.167431,0.004587,0.038991,0.036697,0.025229,0.158257
N20001156,0.429838,0.326440,0.243722,0.073754,0.086084,0.108309,0.059347,0.019288,0.043098,0.001842,0.006999,0.001473,0.490079,0.412698,0.035714,0.061508,0.199409,0.268833,0.156573,0.010340,0.044313,0.016248,0.038405,0.265879
N20001157,0.485294,0.286765,0.227941,0.111508,0.109580,0.053398,0.041262,0.012136,0.055358,0.007332,0.006966,0.000733,0.162907,0.644110,0.035088,0.157895,0.125000,0.389706,0.166667,0.004902,0.056373,0.039216,0.041667,0.176471
N20001158,0.632184,0.193103,0.174713,0.095318,0.068679,0.046083,0.039171,0.016129,0.021505,0.001536,0.000000,0.000000,0.284058,0.342029,0.098551,0.275362,0.193995,0.438799,0.198614,0.004619,0.043880,0.034642,0.016166,0.069284
N20001159,0.540046,0.212815,0.247140,0.205194,0.076140,0.034169,0.029613,0.006834,0.048644,0.012611,0.004204,0.000601,0.376499,0.350120,0.095923,0.177458,0.100686,0.389016,0.187643,0.022883,0.020595,0.064073,0.016018,0.199085
N20001160,0.619938,0.214953,0.165109,0.163688,0.080578,0.071875,0.025000,0.000000,0.027614,0.007159,0.002386,0.000341,0.262069,0.465517,0.072414,0.200000,0.145511,0.380805,0.188854,0.015480,0.024768,0.055728,0.012384,0.176471
N20001161,0.545012,0.289538,0.165450,0.177616,0.097324,0.068127,0.051095,0.014599,0.045958,0.004866,0.005948,0.001622,0.373656,0.384409,0.067204,0.174731,0.155718,0.381995,0.160584,0.009732,0.041363,0.053528,0.031630,0.165450
N20001162,0.444858,0.240112,0.315030,0.098328,0.078491,0.073125,0.041453,0.006055,0.034839,0.002635,0.003513,0.000000,0.672340,0.229787,0.017021,0.080851,0.140000,0.289767,0.122326,0.007442,0.046977,0.041395,0.020930,0.331163
N20001163,0.454268,0.231707,0.314024,0.085366,0.085366,0.054878,0.024390,0.006098,0.045732,0.014193,0.001051,0.000000,0.313333,0.380000,0.106667,0.200000,0.206687,0.243161,0.170213,0.009119,0.036474,0.033435,0.024316,0.276596
N20001164,0.631679,0.202290,0.166031,0.153501,0.052385,0.056926,0.045541,0.017078,0.022356,0.005796,0.001932,0.000276,0.356502,0.405830,0.116592,0.121076,0.114723,0.434034,0.195029,0.005736,0.028681,0.038241,0.026769,0.156788
N20001165,0.599581,0.230608,0.169811,0.086976,0.062541,0.029412,0.060924,0.031513,0.043137,0.003081,0.000000,0.000000,0.274314,0.401496,0.139651,0.184539,0.205021,0.380753,0.169456,0.023013,0.020921,0.033473,0.012552,0.154812
N20001166,0.686594,0.152174,0.161232,0.133867,0.059447,0.032727,0.023636,0.003636,0.030545,0.002182,0.000000,0.000000,0.548936,0.336170,0.034043,0.080851,0.110708,0.482759,0.179673,0.005445,0.032668,0.056261,0.021779,0.110708
N20001167,0.555389,0.297904,0.146707,0.098802,0.106287,0.083832,0.068862,0.008982,0.025449,0.001925,0.002566,0.000000,0.701689,0.202627,0.050657,0.045028,0.168155,0.375000,0.221726,0.023810,0.041667,0.040179,0.046131,0.083333
N20001168,0.484970,0.276553,0.238477,0.136970,0.104553,0.052000,0.040000,0.004000,0.059546,0.008227,0.005093,0.003134,0.496599,0.346939,0.065760,0.090703,0.116232,0.406814,0.190381,0.004008,0.058116,0.026052,0.030060,0.168337
N20001169,0.584440,0.286528,0.129032,0.070209,0.074004,0.079696,0.079696,0.017078,0.030645,0.002318,0.003090,0.000000,0.651163,0.242894,0.046512,0.059432,0.149621,0.401515,0.187500,0.005682,0.049242,0.058712,0.051136,0.096591
N20001170,0.543103,0.308190,0.148707,0.113298,0.087887,0.084233,0.071274,0.021598,0.033845,0.004676,0.002895,0.001781,0.648649,0.229730,0.062162,0.059459,0.185345,0.359914,0.159483,0.017241,0.064655,0.064655,0.030172,0.118534
N20001171,0.467577,0.337884,0.194539,0.054608,0.085324,0.119454,0.081911,0.006826,0.037713,0.002852,0.003803,0.000000,0.560000,0.345000,0.015000,0.080000,0.225256,0.273038,0.211604,0.023891,0.075085,0.030717,0.037543,0.122867
N20001172,0.413793,0.414778,0.171429,0.038548,0.062126,0.128684,0.122790,0.013752,0.068499,0.009464,0.005858,0.003605,0.784733,0.180153,0.024427,0.010687,0.209646,0.269685,0.216535,0.011811,0.107283,0.047244,0.054134,0.083661
N20001173,0.480861,0.342105,0.177033,0.088517,0.066986,0.095694,0.093301,0.028708,0.044986,0.006215,0.003847,0.002368,0.677515,0.236686,0.056213,0.029586,0.217703,0.373206,0.136364,0.016746,0.050239,0.066986,0.047847,0.090909
N20001174,0.550877,0.289474,0.159649,0.074520,0.074062,0.075306,0.092820,0.007005,0.031560,0.004360,0.002699,0.001661,0.641509,0.249476,0.039832,0.069182,0.152364,0.374781,0.229422,0.021016,0.047285,0.047285,0.047285,0.080560
N20001175,0.447674,0.337209,0.215116,0.087209,0.098837,0.107558,0.095930,0.005814,0.026647,0.001038,0.001038,0.000346,0.640152,0.287879,0.045455,0.026515,0.220290,0.321739,0.156522,0.017391,0.075362,0.028986,0.075362,0.104348
N20001176,0.604119,0.315789,0.080092,0.032037,0.057208,0.118993,0.052632,0.027460,0.054539,0.002125,0.002125,0.000708,0.753994,0.198083,0.000000,0.047923,0.164760,0.366133,0.212815,0.027460,0.070938,0.048055,0.041190,0.068650
N20001177,0.555785,0.334711,0.109504,0.057851,0.068182,0.092975,0.095041,0.010331,0.062500,0.002435,0.002435,0.000812,0.707865,0.176966,0.056180,0.058989,0.175983,0.372671,0.221532,0.016563,0.018634,0.053830,0.051760,0.089027
N20001178,0.487985,0.314233,0.197782,0.074256,0.089743,0.116883,0.063080,0.016698,0.025510,0.000994,0.000994,0.000331,0.673575,0.256477,0.044041,0.025907,0.226937,0.324723,0.204797,0.016605,0.070111,0.038745,0.047970,0.070111
N20001179,0.597015,0.208955,0.194030,0.149254,0.078358,0.052239,0.022388,0.000000,0.052188,0.000756,0.003025,0.000000,0.277778,0.369048,0.119048,0.234127,0.122677,0.349442,0.178439,0.000000,0.022305,0.055762,0.018587,0.252788
N20001180,0.634483,0.251724,0.113793,0.076588,0.058742,0.066667,0.087719,0.017544,0.019630,0.000284,0.001138,0.000000,0.684211,0.229665,0.047847,0.038278,0.128472,0.545139,0.111111,0.020833,0.038194,0.038194,0.034722,0.083333
N20001181,0.592857,0.271429,0.135714,0.125000,0.064286,0.092857,0.078571,0.003571,0.029971,0.000434,0.001737,0.000000,0.573913,0.317391,0.078261,0.030435,0.139286,0.350000,0.214286,0.017857,0.035714,0.064286,0.053571,0.125000
N20001182,0.601279,0.294243,0.104478,0.070362,0.091684,0.083156,0.081023,0.008529,0.027834,0.000403,0.001614,0.000000,0.745098,0.162465,0.078431,0.014006,0.149893,0.479657,0.207709,0.019272,0.029979,0.023555,0.019272,0.070664
N20001183,0.640969,0.251101,0.107930,0.062603,0.065671,0.105960,0.037528,0.011038,0.028817,0.000418,0.001671,0.000000,0.674352,0.207493,0.048991,0.069164,0.176991,0.415929,0.172566,0.037611,0.022124,0.055310,0.042035,0.077434
N20001184,0.741935,0.173387,0.084677,0.102635,0.048219,0.040377,0.030956,0.021534,0.024611,0.001538,0.006153,0.000000,0.427406,0.314845,0.120718,0.137031,0.091892,0.572973,0.150000,0.005405,0.029730,0.028378,0.020270,0.101351
N20001185,0.570297,0.326733,0.102970,0.051559,0.066378,0.108481,0.108481,0.011834,0.029426,0.000426,0.001706,0.000000,0.663158,0.215789,0.052632,0.068421,0.223969,0.402750,0.196464,0.049116,0.049116,0.025540,0.011788,0.041257
N20001186,0.692164,0.192164,0.115672,0.088812,0.056224,0.057728,0.039106,0.005587,0.025539,0.001596,0.006385,0.000000,0.492754,0.335749,0.062802,0.108696,0.114019,0.465421,0.194393,0.016822,0.024299,0.057944,0.035514,0.091589
N20001187,0.560784,0.301961,0.137255,0.054902,0.101961,0.078431,0.074510,0.011765,0.026331,0.006723,0.001401,0.000840,0.650000,0.271429,0.028571,0.050000,0.200787,0.413386,0.208661,0.011811,0.015748,0.047244,0.023622,0.078740
N20001188,0.684659,0.213068,0.102273,0.066843,0.034907,0.077586,0.040230,0.014368,0.034300,0.008758,0.001824,0.001095,0.560669,0.338912,0.054393,0.046025,0.178161,0.393678,0.224138,0.020115,0.028736,0.025862,0.048851,0.080460
N20001189,0.714943,0.218391,0.066667,0.039080,0.048276,0.080460,0.034483,0.016092,0.033314,0.004485,0.001281,0.000000,0.758007,0.149466,0.056940,0.035587,0.147465,0.502304,0.207373,0.009217,0.025346,0.025346,0.041475,0.041475
N20001190,0.905433,0.062374,0.032193,0.087797,0.018286,0.008016,0.022044,0.008016,0.005845,0.000000,0.000167,0.000000,0.432177,0.359621,0.113565,0.094637,0.076305,0.660643,0.184739,0.002008,0.010040,0.040161,0.000000,0.026104
N20001191,0.712297,0.199536,0.088167,0.055684,0.023202,0.078886,0.044084,0.006961,0.028225,0.008611,0.009089,0.000478,0.744253,0.229885,0.014368,0.011494,0.123256,0.479070,0.169767,0.032558,0.027907,0.055814,0.055814,0.055814
N20001192,0.876923,0.073077,0.050000,0.063462,0.028846,0.025000,0.009615,0.001923,0.007479,0.000000,0.000214,0.000000,0.302198,0.387363,0.162088,0.148352,0.077220,0.664093,0.164093,0.005792,0.027027,0.028958,0.003861,0.028958
N20001193,0.716714,0.178470,0.104816,0.048159,0.039660,0.056657,0.062323,0.005666,0.012074,0.001625,0.000464,0.000000,0.619048,0.278388,0.051282,0.051282,0.161932,0.454545,0.244318,0.008523,0.028409,0.017045,0.011364,0.073864
N20001194,0.434402,0.434402,0.131195,0.061224,0.067055,0.157434,0.137026,0.040816,0.019506,0.005951,0.006282,0.000331,0.335766,0.237226,0.113139,0.313869,0.407514,0.260116,0.130058,0.008671,0.054913,0.028902,0.037572,0.072254
N20001195,0.746686,0.166421,0.086892,0.071170,0.038103,0.044248,0.033923,0.020649,0.028679,0.000000,0.000819,0.000000,0.515267,0.368321,0.053435,0.062977,0.100000,0.567647,0.180882,0.017647,0.041176,0.042647,0.011765,0.038235
N20001196,0.603960,0.292079,0.103960,0.047030,0.069307,0.116337,0.074257,0.009901,0.018990,0.002556,0.000730,0.000000,0.755102,0.180272,0.044218,0.020408,0.211443,0.378109,0.179104,0.012438,0.072139,0.042289,0.047264,0.057214
N20001197,0.908257,0.043578,0.048165,0.075688,0.006881,0.004587,0.011468,0.000000,0.020069,0.000000,0.000573,0.000000,0.500000,0.256250,0.125000,0.118750,0.050343,0.670481,0.162471,0.006865,0.009153,0.036613,0.022883,0.041190
N20001198,0.654545,0.274747,0.070707,0.042875,0.025250,0.118712,0.100604,0.006036,0.020583,0.002771,0.000792,0.000000,0.758824,0.194118,0.026471,0.020588,0.195960,0.452525,0.216162,0.028283,0.012121,0.036364,0.032323,0.026263
N20001199,0.586716,0.276753,0.136531,0.060012,0.046550,0.138122,0.047882,0.011050,0.028258,0.003804,0.001087,0.000000,0.752660,0.159574,0.018617,0.069149,0.223247,0.330258,0.182657,0.020295,0.084871,0.040590,0.051661,0.066421
N20001200,0.539301,0.355895,0.104803,0.109170,0.089520,0.091703,0.131004,0.019651,0.017918,0.004575,0.000953,0.000572,0.700000,0.206897,0.055172,0.037931,0.168122,0.364629,0.207424,0.010917,0.067686,0.026201,0.021834,0.133188
N20001201,0.390658,0.424628,0.184713,0.047438,0.100476,0.116525,0.086864,0.055085,0.039948,0.012188,0.012865,0.000677,0.393939,0.388889,0.090909,0.126263,0.216561,0.282378,0.250531,0.006369,0.099788,0.025478,0.031847,0.087049
N20001202,0.704835,0.201018,0.094148,0.090621,0.033505,0.068528,0.055838,0.015228,0.026174,0.000698,0.000000,0.001047,0.431250,0.328125,0.112500,0.128125,0.119593,0.480916,0.198473,0.015267,0.045802,0.045802,0.030534,0.063613
N20001203,0.184549,0.579399,0.236052,0.052353,0.050614,0.176972,0.136461,0.046908,0.126137,0.034472,0.007835,0.000000,0.141388,0.305913,0.226221,0.326478,0.480687,0.072961,0.169528,0.000000,0.085837,0.010730,0.015021,0.165236
N20001204,0.872651,0.093946,0.033403,0.066806,0.022965,0.018789,0.022965,0.004175,0.023486,0.000626,0.000000,0.000939,0.519663,0.289326,0.101124,0.089888,0.058455,0.699374,0.112735,0.014614,0.012526,0.037578,0.022965,0.041754
N20001205,0.311475,0.478142,0.210383,0.051913,0.079235,0.142077,0.139344,0.046448,0.053196,0.014538,0.003304,0.000000,0.306569,0.343066,0.124088,0.226277,0.426230,0.153005,0.172131,0.002732,0.057377,0.024590,0.024590,0.139344
N20001206,0.129870,0.707792,0.162338,0.038367,0.145701,0.320261,0.078431,0.084967,0.058732,0.016051,0.003648,0.000000,0.025210,0.310924,0.151261,0.512605,0.483660,0.078431,0.150327,0.000000,0.111111,0.019608,0.045752,0.111111
N20001207,0.046012,0.803681,0.150307,0.018320,0.095989,0.332308,0.209231,0.058462,0.065504,0.019984,0.021094,0.001110,0.076923,0.259109,0.109312,0.554656,0.658385,0.000000,0.124224,0.003106,0.155280,0.000000,0.003106,0.055901
N20001208,0.033929,0.789286,0.176786,0.016103,0.079838,0.390374,0.221034,0.055258,0.027851,0.012920,0.000861,0.001148,0.019438,0.241901,0.181425,0.557235,0.666071,0.012500,0.123214,0.000000,0.137500,0.000000,0.000000,0.060714
N20001209,0.465000,0.450000,0.085000,0.061977,0.067128,0.113350,0.098237,0.040302,0.122796,0.003275,0.000000,0.004912,0.322709,0.322709,0.147410,0.207171,0.294710,0.294710,0.216625,0.010076,0.045340,0.050378,0.030227,0.057935
N20001210,0.157895,0.678138,0.163968,0.024020,0.112215,0.178499,0.186613,0.070994,0.097212,0.026567,0.006038,0.000000,0.100737,0.361179,0.260442,0.277641,0.565923,0.054767,0.137931,0.000000,0.109533,0.020284,0.004057,0.107505
N20001211,0.133621,0.698276,0.168103,0.047414,0.114224,0.213362,0.239224,0.058190,0.047703,0.022130,0.001475,0.001967,0.166667,0.275956,0.155738,0.401639,0.521552,0.068966,0.183190,0.002155,0.122845,0.002155,0.021552,0.077586
N20001212,0.925000,0.057143,0.017857,0.066844,0.028774,0.000000,0.007092,0.003546,0.016622,0.000443,0.000000,0.000665,0.487179,0.389744,0.107692,0.015385,0.088028,0.690141,0.140845,0.021127,0.010563,0.024648,0.017606,0.007042
N20001213,0.226744,0.523256,0.250000,0.034884,0.093023,0.127907,0.104651,0.098837,0.074013,0.020227,0.004597,0.000000,0.195804,0.325175,0.220280,0.258741,0.404070,0.084302,0.244186,0.002907,0.125000,0.008721,0.002907,0.127907
N20001214,0.339578,0.522248,0.138173,0.053864,0.072600,0.238876,0.117096,0.032787,0.039640,0.018390,0.001226,0.001635,0.270492,0.306011,0.120219,0.303279,0.422535,0.208920,0.171362,0.009390,0.075117,0.018779,0.011737,0.082160
N20001215,0.137195,0.707317,0.155488,0.023872,0.097822,0.218989,0.176110,0.116386,0.077944,0.018521,0.001543,0.000000,0.234000,0.414000,0.154000,0.198000,0.477134,0.074695,0.157012,0.012195,0.144817,0.006098,0.024390,0.103659
N20001216,0.357388,0.436426,0.206186,0.040315,0.070572,0.125436,0.083624,0.027875,0.083928,0.038936,0.002596,0.003461,0.343220,0.313559,0.131356,0.211864,0.336770,0.213058,0.209622,0.017182,0.068729,0.020619,0.000000,0.134021
N20001217,0.311388,0.533808,0.154804,0.049822,0.092527,0.183274,0.133452,0.032028,0.069028,0.017624,0.003672,0.002203,0.380410,0.261959,0.136674,0.220957,0.384342,0.197509,0.193950,0.012456,0.074733,0.019573,0.033808,0.083630
N20001218,0.549865,0.331536,0.118598,0.049865,0.072077,0.102703,0.083784,0.010811,0.053874,0.004835,0.003453,0.000000,0.755172,0.179310,0.034483,0.031034,0.172973,0.416216,0.194595,0.002703,0.037838,0.056757,0.029730,0.089189
N20001219,0.360849,0.471698,0.167453,0.054245,0.061321,0.186321,0.110849,0.047170,0.042991,0.019944,0.001330,0.001773,0.422619,0.363095,0.113095,0.101190,0.312057,0.231678,0.210402,0.023641,0.111111,0.016548,0.016548,0.078014
N20001220,0.217228,0.571161,0.211610,0.028090,0.082397,0.170412,0.155431,0.097378,0.052125,0.012386,0.001032,0.000000,0.222222,0.410053,0.142857,0.224868,0.449438,0.086142,0.205993,0.005618,0.131086,0.011236,0.003745,0.106742
N20001221,0.449210,0.295711,0.255079,0.082918,0.057509,0.110112,0.067416,0.033708,0.021446,0.005096,0.000425,0.000000,0.422857,0.314286,0.157143,0.105714,0.257336,0.325056,0.209932,0.020316,0.054176,0.024831,0.013544,0.094808
N20001222,0.110236,0.682415,0.207349,0.026467,0.119587,0.222513,0.201571,0.031414,0.072809,0.022596,0.010670,0.001255,0.135802,0.339506,0.160494,0.364198,0.507853,0.041885,0.188482,0.000000,0.107330,0.002618,0.010471,0.141361
N20001223,0.136437,0.680578,0.182986,0.042037,0.085378,0.201600,0.204800,0.067200,0.082489,0.025600,0.012089,0.001422,0.120724,0.334004,0.207243,0.338028,0.475962,0.051282,0.181090,0.000000,0.134615,0.003205,0.014423,0.139423
N20001224,0.078680,0.715736,0.205584,0.022701,0.120316,0.231552,0.188295,0.078880,0.072135,0.018418,0.003837,0.002302,0.053968,0.295238,0.222222,0.428571,0.488608,0.037975,0.210127,0.002532,0.154430,0.000000,0.020253,0.086076
N20001225,0.092437,0.726891,0.180672,0.016807,0.138655,0.247899,0.197479,0.046218,0.065556,0.020345,0.009607,0.001130,0.072626,0.262570,0.357542,0.307263,0.447257,0.054852,0.177215,0.000000,0.194093,0.012658,0.008439,0.105485
N20001226,0.473934,0.417062,0.109005,0.078199,0.066351,0.208531,0.094787,0.026066,0.018483,0.001659,0.001185,0.000000,0.778723,0.165957,0.017021,0.038298,0.236407,0.314421,0.205674,0.023641,0.099291,0.011820,0.059102,0.049645
N20001227,0.095588,0.687500,0.216912,0.040238,0.097094,0.265683,0.173432,0.036900,0.077599,0.024082,0.011372,0.001338,0.066079,0.242291,0.180617,0.511013,0.476015,0.047970,0.217712,0.000000,0.158672,0.014760,0.014760,0.070111
N20001228,0.085873,0.753463,0.160665,0.013850,0.096953,0.216066,0.182825,0.096953,0.120499,0.023627,0.015751,0.000788,0.069388,0.342857,0.220408,0.367347,0.573407,0.044321,0.177285,0.000000,0.116343,0.011080,0.005540,0.072022
N20001229,0.103118,0.733813,0.163070,0.023981,0.081535,0.266187,0.208633,0.050360,0.095324,0.018691,0.012461,0.000623,0.069841,0.304762,0.203175,0.422222,0.576555,0.031100,0.186603,0.002392,0.083732,0.014354,0.004785,0.100478
N20001230,0.660800,0.220800,0.118400,0.033004,0.030704,0.073482,0.049521,0.027157,0.034611,0.003106,0.002219,0.000000,0.716279,0.213953,0.037209,0.032558,0.142628,0.445513,0.189103,0.014423,0.051282,0.048077,0.038462,0.070513
N20001231,0.495479,0.368897,0.135624,0.047016,0.065099,0.162749,0.072333,0.009042,0.051718,0.004641,0.003315,0.000000,0.520384,0.371703,0.059952,0.047962,0.228261,0.340580,0.233696,0.009058,0.050725,0.038043,0.030797,0.068841
N20001232,0.245066,0.656250,0.098684,0.026316,0.067434,0.203947,0.230263,0.064145,0.067845,0.013303,0.008869,0.000443,0.393597,0.214689,0.099812,0.291902,0.459638,0.172982,0.217463,0.008237,0.057661,0.008237,0.029654,0.046129
N20001233,0.516260,0.376016,0.107724,0.041615,0.053501,0.144016,0.099391,0.046653,0.025810,0.006133,0.000511,0.000000,0.387464,0.376068,0.139601,0.096866,0.282520,0.345528,0.144309,0.028455,0.071138,0.036585,0.034553,0.056911
N20001234,0.269231,0.485043,0.245726,0.070513,0.117521,0.128205,0.141026,0.017094,0.060897,0.011941,0.007960,0.000398,0.393643,0.464548,0.080685,0.061125,0.262366,0.210753,0.236559,0.008602,0.070968,0.047312,0.053763,0.109677
N20001235,0.909091,0.050157,0.040752,0.055508,0.000313,0.015576,0.015576,0.006231,0.008901,0.001780,0.001780,0.000000,0.093023,0.227907,0.120930,0.558140,0.056250,0.715625,0.175000,0.000000,0.006250,0.021875,0.012500,0.012500
N20001236,0.973011,0.005682,0.021307,0.049716,0.004261,0.000000,0.000000,0.000000,0.001015,0.000203,0.000203,0.000000,0.218750,0.347039,0.194079,0.240132,0.005690,0.879090,0.064011,0.000000,0.001422,0.021337,0.000000,0.028450
N20001237,0.958621,0.016092,0.025287,0.059770,0.000000,0.004598,0.009195,0.002299,0.000000,0.000000,0.000000,0.000000,0.208481,0.349823,0.243816,0.197880,0.029954,0.776498,0.154378,0.004608,0.000000,0.009217,0.006912,0.018433
N20001238,0.955224,0.014925,0.029851,0.048507,0.007463,0.007463,0.000000,0.000000,0.000000,0.000000,0.000000,0.000000,0.183099,0.302817,0.330986,0.183099,0.044776,0.805970,0.130597,0.007463,0.000000,0.003731,0.000000,0.007463
N20001239,0.928358,0.037313,0.034328,0.032836,0.010448,0.010448,0.001493,0.000000,0.008780,0.003512,0.002634,0.000000,0.078989,0.154818,0.135861,0.630332,0.052317,0.790732,0.088191,0.007474,0.014948,0.023916,0.008969,0.013453
N20001240,0.872180,0.071429,0.056391,0.043233,0.011278,0.022556,0.020677,0.005639,0.005430,0.005013,0.000557,0.000278,0.052061,0.301518,0.119306,0.527115,0.093985,0.708647,0.127820,0.020677,0.003759,0.013158,0.020677,0.011278
N20001241,0.960976,0.009756,0.029268,0.060002,0.001639,0.006494,0.000000,0.000000,0.001249,0.000125,0.000250,0.000000,0.078652,0.282772,0.176030,0.462547,0.022727,0.790584,0.134740,0.008117,0.000000,0.032468,0.001623,0.009740
N20001242,0.910959,0.069863,0.019178,0.046575,0.005479,0.031507,0.013699,0.000000,0.009234,0.008524,0.000947,0.000474,0.058372,0.267281,0.124424,0.549923,0.076923,0.697802,0.174451,0.004121,0.009615,0.023352,0.002747,0.010989
N20001243,0.958275,0.025035,0.016690,0.031886,0.004201,0.005556,0.006944,0.000000,0.006410,0.000641,0.001282,0.000000,0.021242,0.217320,0.184641,0.576797,0.067039,0.745810,0.153631,0.002793,0.001397,0.022346,0.000000,0.006983
N20001244,0.963384,0.010101,0.026515,0.055323,0.003804,0.003778,0.000000,0.001259,0.000945,0.000315,0.000000,0.000000,0.242938,0.337100,0.239171,0.180791,0.036524,0.764484,0.147355,0.013854,0.000000,0.021411,0.005038,0.011335
N20001245,0.975000,0.022727,0.002273,0.041059,0.009060,0.000000,0.009112,0.000000,0.003254,0.000651,0.000651,0.000000,0.293750,0.262500,0.212500,0.231250,0.031818,0.775000,0.134091,0.002273,0.000000,0.022727,0.018182,0.015909
N20001246,0.955740,0.026279,0.017981,0.052827,0.008249,0.002774,0.001387,0.001387,0.006472,0.005548,0.000462,0.000000,0.300905,0.391403,0.180995,0.126697,0.038728,0.793914,0.132780,0.002766,0.000000,0.006916,0.000000,0.024896
N20001247,0.881002,0.056367,0.062630,0.036927,0.006471,0.006237,0.035343,0.006237,0.001559,0.000520,0.000000,0.000000,0.208955,0.402985,0.182090,0.205970,0.085595,0.636743,0.164927,0.004175,0.018789,0.045929,0.012526,0.031315
N20001248,0.916129,0.064516,0.019355,0.055914,0.010753,0.036559,0.015054,0.000000,0.001654,0.000165,0.000331,0.000000,0.046569,0.137255,0.134804,0.681373,0.062232,0.736052,0.137339,0.010730,0.006438,0.021459,0.004292,0.021459
N20001249,0.211420,0.587963,0.200617,0.038580,0.063272,0.137346,0.259259,0.033951,0.045325,0.041838,0.004649,0.002324,0.061338,0.267658,0.200743,0.470260,0.472222,0.094136,0.169753,0.004630,0.069444,0.007716,0.004630,0.177469
N20001250,0.936275,0.031863,0.031863,0.048197,0.009965,0.002433,0.002433,0.000000,0.008831,0.007570,0.000631,0.000000,0.175141,0.375706,0.206215,0.242938,0.019656,0.800983,0.085995,0.002457,0.000000,0.036855,0.000000,0.054054
N20001251,0.952518,0.023022,0.024460,0.048921,0.015827,0.004317,0.000000,0.000000,0.002158,0.000719,0.000000,0.000000,0.231054,0.443623,0.162662,0.162662,0.036023,0.792507,0.125360,0.001441,0.005764,0.023055,0.001441,0.014409
N20001252,0.932358,0.032907,0.034735,0.021938,0.001828,0.001828,0.014625,0.005484,0.007031,0.000703,0.001406,0.000000,0.032184,0.280460,0.209195,0.478161,0.025641,0.750916,0.146520,0.005495,0.005495,0.029304,0.003663,0.032967
N20001253,0.941576,0.027174,0.031250,0.039269,0.008178,0.008141,0.004071,0.000000,0.006082,0.000468,0.000000,0.000234,0.283133,0.335843,0.158133,0.222892,0.052989,0.786685,0.110054,0.000000,0.000000,0.013587,0.010870,0.025815
N20001254,0.739726,0.147641,0.112633,0.051276,0.024540,0.059271,0.030395,0.016717,0.008668,0.007430,0.000619,0.000000,0.141667,0.302083,0.200000,0.356250,0.167428,0.561644,0.184170,0.010654,0.021309,0.012177,0.001522,0.041096
N20001255,0.909814,0.043767,0.046419,0.041288,0.011894,0.006640,0.009296,0.000000,0.009374,0.003750,0.002812,0.000000,0.045455,0.178886,0.134897,0.640762,0.054449,0.739708,0.136786,0.001328,0.010624,0.005312,0.005312,0.046481
N20001256,0.935685,0.016598,0.047718,0.016598,0.002075,0.000000,0.008299,0.000000,0.005631,0.000593,0.000000,0.000000,0.059459,0.302703,0.197297,0.440541,0.060166,0.734440,0.139004,0.002075,0.000000,0.024896,0.002075,0.037344
N20001257,0.956449,0.026801,0.016750,0.046599,-0.003249,0.011686,0.011686,0.000000,0.006042,0.000636,0.000000,0.000000,0.031365,0.239852,0.142066,0.586716,0.050251,0.782245,0.098827,0.008375,0.008375,0.023451,0.008375,0.020101
N20001258,0.978571,0.009184,0.012245,0.047959,0.003061,0.002041,0.004082,0.000000,0.000000,0.000000,0.000000,0.000000,0.358513,0.359712,0.159472,0.122302,0.015337,0.804703,0.137014,0.005112,0.001022,0.026585,0.000000,0.010225
N20001259,0.955617,0.018031,0.026352,0.050062,0.004142,0.002778,0.004167,0.000000,0.004340,0.001157,0.001447,0.000000,0.190476,0.275132,0.135802,0.398589,0.024965,0.783634,0.135922,0.006935,0.001387,0.016644,0.005548,0.024965
N20001260,0.904950,0.027723,0.067327,0.027723,0.005941,0.001980,0.003960,0.001980,0.012427,0.000956,0.000000,0.000478,0.410673,0.352668,0.127610,0.109049,0.043564,0.722772,0.136634,0.013861,0.009901,0.017822,0.005941,0.049505
N20001261,0.936916,0.043224,0.019860,0.043224,0.014019,0.007009,0.009346,0.000000,0.007559,0.003024,0.002268,0.000000,0.047558,0.203085,0.164524,0.584833,0.046729,0.793224,0.110981,0.001168,0.001168,0.028037,0.007009,0.011682
N20001262,0.917226,0.022371,0.060403,0.066446,0.011236,0.006682,0.004454,0.000000,0.000000,0.000000,0.000000,0.000000,0.050802,0.240642,0.109626,0.598930,0.026846,0.731544,0.149888,0.004474,0.000000,0.055928,0.000000,0.031320
N20001263,0.906355,0.036789,0.056856,0.035117,0.011706,0.006689,0.003344,0.010033,0.004539,0.000478,0.000000,0.000000,0.048059,0.149723,0.085028,0.717190,0.035117,0.755853,0.135452,0.000000,0.010033,0.033445,0.008361,0.021739
N20001264,0.931956,0.034022,0.034022,0.087485,0.010936,0.009721,0.002430,0.000000,0.010936,0.000000,0.000000,0.000000,0.494557,0.325039,0.102644,0.077760,0.042631,0.766139,0.116931,0.013398,0.001218,0.021924,0.018270,0.019488
N20001265,0.953307,0.017510,0.029183,0.054278,0.003917,0.003883,0.005825,0.000000,0.003883,0.000000,0.000000,0.000000,0.389503,0.359116,0.116022,0.135359,0.052529,0.723735,0.130350,0.017510,0.005837,0.029183,0.011673,0.029183
N20001266,0.918874,0.049669,0.031457,0.031457,0.009934,0.004967,0.013245,0.003311,0.016477,0.001734,0.000000,0.000000,0.040293,0.131868,0.184982,0.642857,0.094371,0.715232,0.120861,0.009934,0.011589,0.023179,0.008278,0.016556
N20001267,0.883275,0.071429,0.045296,0.024145,0.008820,0.015652,0.027826,0.000000,0.018219,0.000911,0.000000,0.000000,0.251366,0.369763,0.211293,0.167577,0.043554,0.716028,0.151568,0.008711,0.003484,0.033101,0.003484,0.040070
N20001268,0.942215,0.041734,0.016051,0.033561,0.003272,0.019231,0.012821,0.004808,0.000943,0.000377,0.000283,0.000000,0.047297,0.189189,0.116554,0.646959,0.072231,0.711075,0.154093,0.012841,0.003210,0.028892,0.003210,0.014446
N20001269,0.873786,0.058252,0.067961,0.062870,0.023165,0.011696,0.005848,0.000000,0.010965,0.002924,0.003655,0.000000,0.075067,0.182306,0.166220,0.576408,0.067961,0.689320,0.184466,0.001942,0.007767,0.003883,0.003883,0.040777
N20001270,0.910405,0.049133,0.040462,0.063584,0.008671,0.023121,0.011561,0.000000,0.003613,0.000963,0.001204,0.000000,0.071186,0.183051,0.091525,0.654237,0.075145,0.757225,0.104046,0.002890,0.008671,0.020231,0.005780,0.026012
N20001271,0.831111,0.106667,0.062222,0.052093,0.030774,0.026786,0.015625,0.004464,0.029018,0.000000,0.000000,0.000000,0.560000,0.302857,0.077143,0.060000,0.069196,0.616071,0.183036,0.000000,0.022321,0.055804,0.024554,0.029018
N20001272,0.932099,0.032407,0.035494,0.057099,0.004630,0.013889,0.007716,0.000000,0.004409,0.001764,0.000000,0.000000,0.025997,0.207972,0.150780,0.615251,0.041667,0.726852,0.154321,0.018519,0.004630,0.026235,0.003086,0.024691
N20001273,0.930591,0.020566,0.048843,0.043993,0.010256,0.007732,0.002577,0.000000,0.000000,0.000000,0.000000,0.000000,0.232432,0.402703,0.200000,0.164865,0.005141,0.812339,0.092545,0.005141,0.007712,0.023136,0.015424,0.038560
N20001274,0.818414,0.102302,0.079284,0.056266,0.033248,0.020460,0.035806,0.002558,0.008060,0.000620,0.000930,0.000620,0.050595,0.330357,0.101190,0.517857,0.161538,0.623077,0.120513,0.007692,0.007692,0.030769,0.010256,0.038462
N20001275,0.664975,0.233503,0.101523,0.065990,0.071066,0.071066,0.058376,0.002538,0.027306,0.002100,0.000000,0.001050,0.482866,0.264798,0.161994,0.090343,0.098985,0.492386,0.167513,0.017766,0.063452,0.027919,0.043147,0.088832
N20001276,0.890909,0.074747,0.034343,0.046780,0.003897,0.026316,0.028340,0.000000,0.010121,0.002699,0.003374,0.000000,0.050633,0.248101,0.136709,0.564557,0.103239,0.696356,0.165992,0.006073,0.000000,0.008097,0.000000,0.020243
N20001277,0.921622,0.047297,0.031081,0.061188,0.009357,0.012195,0.021680,0.000000,0.002904,0.001161,0.000000,0.000000,0.060206,0.301028,0.167401,0.471366,0.031165,0.775068,0.126016,0.008130,0.010840,0.018970,0.000000,0.029810
N20001278,0.895307,0.043321,0.061372,0.034296,0.009025,0.014440,0.005415,0.003610,0.010315,0.000516,0.000000,0.000000,0.177449,0.384473,0.207024,0.231054,0.039711,0.779783,0.088448,0.010830,0.016245,0.014440,0.003610,0.046931
N20001279,0.932566,0.034539,0.032895,0.050987,0.013158,0.014803,0.000000,0.000000,0.006266,0.000313,0.000000,0.000000,0.304795,0.364726,0.193493,0.136986,0.037829,0.781250,0.092105,0.008224,0.000000,0.019737,0.003289,0.057566
N20001280,0.717042,0.163987,0.118971,0.113816,0.044632,0.045161,0.041935,0.016129,0.014461,0.001112,0.000000,0.000556,0.187500,0.367647,0.169118,0.275735,0.109677,0.477419,0.196774,0.006452,0.048387,0.061290,0.000000,0.100000
N20001281,0.772152,0.120253,0.107595,0.099013,0.036111,0.035599,0.012945,0.003236,0.026995,0.002999,0.001579,0.000789,0.250000,0.347973,0.185811,0.216216,0.104762,0.638095,0.158730,0.006349,0.000000,0.044444,0.006349,0.041270
N20001282,0.939806,0.029126,0.031068,0.027184,0.005825,0.019417,0.001942,0.000000,0.001456,0.000485,0.000000,0.000000,0.151452,0.398340,0.242739,0.207469,0.052427,0.722330,0.145631,0.015534,0.003883,0.023301,0.007767,0.029126
N20001283,0.908333,0.047222,0.044444,0.039253,0.016582,0.002786,0.002786,0.000000,0.019752,0.001519,0.002279,0.001519,0.047619,0.249084,0.201465,0.501832,0.075000,0.652778,0.202778,0.013889,0.005556,0.025000,0.000000,0.025000
N20001284,0.973643,0.007752,0.018605,0.015504,0.003101,0.003101,0.001550,0.000000,0.000000,0.000000,0.000000,0.000000,0.225705,0.387147,0.195925,0.191223,0.023256,0.838760,0.083721,0.000000,0.001550,0.032558,0.001550,0.018605
N20001285,0.665672,0.217910,0.116418,0.091267,0.027434,0.074405,0.071429,0.005952,0.030483,0.002345,0.003517,0.002345,0.167910,0.194030,0.298507,0.339552,0.205970,0.447761,0.241791,0.014925,0.029851,0.026866,0.008955,0.023881
N20001286,0.905844,0.048701,0.045455,0.042208,0.009740,0.009740,0.012987,0.012987,0.002558,0.000197,0.000295,0.000197,0.034843,0.195122,0.219512,0.550523,0.074919,0.644951,0.214984,0.013029,0.000000,0.022801,0.009772,0.019544
N20001287,0.914216,0.044118,0.041667,0.038606,0.002654,0.031707,0.004878,0.000000,0.003659,0.001220,0.000000,0.000000,0.076220,0.353659,0.149390,0.420732,0.066502,0.753695,0.147783,0.009852,0.004926,0.000000,0.000000,0.017241
N20001288,0.955598,0.027027,0.017375,0.054244,0.005750,0.003868,0.003868,0.003868,0.007620,0.000586,0.000879,0.000586,0.027273,0.256818,0.209091,0.506818,0.030948,0.756286,0.145068,0.001934,0.013540,0.025145,0.001934,0.025145
N20001289,0.535176,0.329146,0.135678,0.066504,0.045938,0.127820,0.050125,0.022556,0.068990,0.007666,0.004034,0.002017,0.286154,0.338462,0.107692,0.267692,0.212121,0.414141,0.212121,0.015152,0.035354,0.032828,0.012626,0.065657
N20001290,0.961981,0.022104,0.015915,0.059240,0.003537,0.001768,0.000884,0.001768,0.010610,0.003537,0.000000,0.000000,0.206055,0.359375,0.257812,0.176758,0.041556,0.781609,0.118479,0.004421,0.006189,0.021220,0.001768,0.024757
N20001291,0.940870,0.022609,0.036522,0.048136,-0.001613,0.001730,0.010381,0.000000,0.008651,0.003460,0.000000,0.000000,0.140845,0.306338,0.244718,0.308099,0.026042,0.819444,0.081597,0.005208,0.006944,0.020833,0.005208,0.034722
N20001292,0.313485,0.549912,0.136602,0.054682,0.078081,0.147887,0.160211,0.033451,0.108674,0.012075,0.006355,0.003178,0.186747,0.339357,0.248996,0.224900,0.349206,0.229277,0.186949,0.008818,0.070547,0.014109,0.012346,0.128748
N20001293,0.956522,0.024457,0.019022,0.038266,0.013557,0.008174,0.000000,0.000000,0.002147,0.000165,0.000248,0.000165,0.083624,0.240418,0.212544,0.463415,0.048913,0.722826,0.192935,0.005435,0.005435,0.010870,0.008152,0.005435
N20001294,0.251082,0.597403,0.151515,0.024995,0.119142,0.143478,0.204348,0.039130,0.076161,0.008462,0.004454,0.002227,0.350000,0.418750,0.125000,0.106250,0.441558,0.147186,0.173160,0.004329,0.147186,0.021645,0.012987,0.051948
N20001295,0.940653,0.023739,0.035608,0.049476,0.003151,0.002941,0.002941,0.000000,0.011029,0.003676,0.000000,0.000000,0.044280,0.239852,0.199262,0.516605,0.070588,0.747059,0.141176,0.000000,0.002941,0.017647,0.000000,0.020588
N20001296,0.306733,0.538653,0.154613,0.042394,0.099751,0.137157,0.102244,0.032419,0.139371,0.015486,0.008150,0.004075,0.282609,0.438406,0.123188,0.155797,0.360902,0.185464,0.185464,0.017544,0.067669,0.020050,0.020050,0.142857
N20001297,0.925000,0.043750,0.031250,0.054167,0.016667,0.006250,0.002083,0.000000,0.014063,0.004687,0.000000,0.000000,0.058824,0.282353,0.176471,0.482353,0.066946,0.694561,0.163180,0.012552,0.010460,0.031381,0.000000,0.020921
N20001298,0.949153,0.021572,0.029276,0.023112,0.012327,0.000000,0.003082,0.000000,0.004622,0.001541,0.000000,0.000000,0.034549,0.220729,0.142035,0.602687,0.085008,0.763524,0.115920,0.000000,0.000000,0.017002,0.009274,0.009274
N20001299,0.971717,0.010101,0.018182,0.036494,0.002004,0.006073,0.002024,0.000000,0.000000,0.000000,0.000000,0.000000,0.027778,0.180556,0.141204,0.650463,0.044444,0.753535,0.151515,0.012121,0.008081,0.012121,0.000000,0.018182
N20001300,0.899213,0.055118,0.045669,0.022047,0.007874,0.009449,0.018898,0.011024,0.005148,0.002726,0.000000,0.000000,0.024518,0.197898,0.077058,0.700525,0.053628,0.758675,0.126183,0.003155,0.007886,0.020505,0.000000,0.029968
N20001301,0.945430,0.025921,0.028649,0.044615,-0.002612,0.009511,0.009511,0.000000,0.007133,0.002378,0.000000,0.000000,0.031301,0.166392,0.163097,0.639209,0.042120,0.805707,0.101902,0.013587,0.009511,0.019022,0.000000,0.008152
N20001302,0.967807,0.014085,0.018109,0.018210,0.001988,0.010081,0.002016,0.000000,0.000000,0.000000,0.000000,0.000000,0.023018,0.225064,0.161125,0.590793,0.060729,0.801619,0.111336,0.002024,0.000000,0.024291,0.000000,0.000000
N20001303,0.831622,0.071869,0.096509,0.056571,0.016654,0.024540,0.006135,0.000000,0.016045,0.008495,0.000000,0.000000,0.061381,0.296675,0.225064,0.416880,0.081466,0.680244,0.114053,0.012220,0.016293,0.014257,0.008147,0.073320
N20001304,0.879121,0.054945,0.065934,0.032257,-0.000405,0.027675,0.014760,0.003690,0.006032,0.003193,0.000000,0.000000,0.049080,0.184049,0.079755,0.687117,0.068266,0.717712,0.136531,0.005535,0.011070,0.016605,0.000000,0.044280
N20001305,0.953875,0.023985,0.022140,0.031365,0.005535,0.005535,0.005535,0.000000,0.004825,0.002555,0.000000,0.000000,0.033784,0.182432,0.081081,0.702703,0.066543,0.715342,0.157116,0.018484,0.000000,0.007394,0.007394,0.027726
N20001306,0.930796,0.027682,0.041522,0.027016,0.017372,0.010309,0.000000,0.000000,0.000000,0.000000,0.000000,0.000000,0.021186,0.266949,0.105932,0.605932,0.048276,0.689655,0.206897,0.034483,0.000000,0.013793,0.000000,0.006897
N20001307,0.709898,0.069966,0.220137,0.080205,0.018771,0.010239,0.015358,0.000000,0.019598,0.000400,0.005599,0.000000,0.084270,0.265918,0.149813,0.500000,0.044293,0.557070,0.109029,0.005111,0.018739,0.023850,0.006814,0.235094
N20001308,0.928066,0.025943,0.045991,0.043632,0.003538,0.005896,0.003538,0.004717,0.005445,0.001581,0.000703,0.000527,0.139881,0.315476,0.224702,0.319940,0.030624,0.803298,0.124853,0.001178,0.005889,0.014134,0.008245,0.011779
N20001309,0.928571,0.042411,0.029018,0.043527,0.007812,0.007812,0.010045,0.000000,0.011042,0.003206,0.001425,0.001069,0.219008,0.326446,0.236915,0.217631,0.041295,0.813616,0.095982,0.008929,0.004464,0.014509,0.007812,0.013393
N20001310,0.921824,0.032573,0.045603,0.045401,0.013061,0.000000,0.008130,0.000000,0.006361,0.002343,0.002009,0.000670,0.029762,0.192460,0.148810,0.628968,0.058537,0.746341,0.131707,0.004878,0.001626,0.021138,0.006504,0.029268
N20001311,0.830808,0.055556,0.113636,0.069502,0.005304,0.015075,0.005025,0.000000,0.023084,0.000471,0.006595,0.000000,0.074405,0.244048,0.154762,0.526786,0.083544,0.681013,0.108861,0.007595,0.007595,0.010127,0.002532,0.098734
N20001312,0.773494,0.086747,0.139759,0.063349,0.016699,0.009662,0.021739,0.000000,0.029589,0.000604,0.008454,0.000000,0.050445,0.302671,0.154303,0.492582,0.089372,0.579710,0.173913,0.000000,0.014493,0.021739,0.002415,0.118357
N20001313,0.945693,0.033708,0.020599,0.027477,0.002109,0.011152,0.000000,0.000000,0.011426,0.004209,0.003608,0.001203,0.044743,0.230425,0.109620,0.615213,0.031776,0.783178,0.125234,0.007477,0.016822,0.014953,0.005607,0.014953
N20001314,0.932412,0.032258,0.035330,0.029037,0.003117,0.015337,0.003067,0.000000,0.006000,0.002210,0.001895,0.000632,0.035514,0.269159,0.119626,0.575701,0.059724,0.744257,0.127106,0.004594,0.015314,0.009188,0.000000,0.039816
N20001315,0.780851,0.072340,0.146809,0.045808,0.008238,0.004274,0.014957,0.000000,0.034355,0.000701,0.009816,0.000000,0.043269,0.377404,0.122596,0.456731,0.059701,0.584222,0.138593,0.002132,0.002132,0.014925,0.006397,0.191898
N20001316,0.908918,0.049336,0.041746,0.033918,0.019033,0.005682,0.001894,0.005682,0.009525,0.003509,0.003008,0.001003,0.047980,0.227273,0.156566,0.568182,0.068441,0.777567,0.089354,0.019011,0.001901,0.017110,0.003802,0.022814
N20001317,0.965116,0.013566,0.021318,0.031008,0.009690,0.000000,0.001938,0.000000,0.000388,0.001550,0.000000,0.000000,0.054321,0.175309,0.128395,0.641975,0.052427,0.753398,0.149515,0.005825,0.000000,0.009709,0.003883,0.025243
N20001318,0.909474,0.044211,0.046316,0.027368,0.010526,0.004211,0.016842,0.004211,0.005614,0.000000,0.002807,0.000000,0.121469,0.347458,0.262712,0.268362,0.054393,0.746862,0.129707,0.006276,0.002092,0.012552,0.004184,0.043933
N20001319,0.888563,0.023460,0.087977,0.047387,-0.000069,0.000000,0.011765,0.000000,0.007843,0.000000,0.003922,0.000000,0.087542,0.289562,0.131313,0.491582,0.055882,0.744118,0.102941,0.000000,0.008824,0.017647,0.008824,0.061765
N20001320,0.933761,0.047009,0.019231,0.055556,0.012821,0.017094,0.008547,0.000000,0.001709,0.006838,0.000000,0.000000,0.014045,0.087079,0.109551,0.789326,0.051613,0.774194,0.133333,0.006452,0.004301,0.012903,0.004301,0.012903
N20001321,0.872881,0.047458,0.079661,0.067467,0.011925,0.001692,0.005076,0.000000,0.019177,0.000000,0.009588,0.000000,0.093418,0.318471,0.135881,0.452229,0.079661,0.703390,0.096610,0.003390,0.008475,0.028814,0.003390,0.076271
N20001322,0.867550,0.033113,0.099338,0.048565,0.004415,0.011038,0.000000,0.000000,0.011773,0.000000,0.005887,0.000000,0.068783,0.232804,0.174603,0.523810,0.086283,0.661504,0.126106,0.002212,0.004425,0.019912,0.004425,0.095133
N20001323,0.936782,0.040230,0.022989,0.037356,0.011494,0.008621,0.008621,0.005747,0.004926,0.000274,0.000000,0.000547,0.039568,0.140288,0.233813,0.586331,0.063037,0.776504,0.111748,0.005731,0.002865,0.014327,0.005731,0.020057
N20001324,0.866279,0.046512,0.087209,0.042636,0.005814,0.001938,0.015504,0.000000,0.015504,0.000000,0.007752,0.000000,0.077434,0.176991,0.050885,0.694690,0.048450,0.717054,0.110465,0.001938,0.023256,0.013566,0.000000,0.085271
N20001325,0.953704,0.013228,0.033069,0.047743,0.002631,0.003974,0.001325,0.005298,0.000000,0.000000,0.000000,0.000000,0.034768,0.228477,0.112583,0.624172,0.059367,0.742744,0.147757,0.001319,0.002639,0.029024,0.002639,0.014512
N20001326,0.965620,0.004484,0.029895,0.038864,0.000000,0.002990,0.001495,0.000000,0.000000,0.000000,0.000000,0.000000,0.099819,0.246824,0.161525,0.491833,0.028401,0.771300,0.142003,0.005979,0.002990,0.022422,0.008969,0.017937
N20001327,0.953917,0.009217,0.036866,0.085861,0.006902,0.000000,0.000000,0.000000,0.001833,0.000386,0.000096,0.000000,0.274760,0.357827,0.204473,0.162939,0.009217,0.845622,0.108295,0.002304,0.000000,0.011521,0.002304,0.020737
N20001328,0.873563,0.054187,0.072250,0.042971,0.008135,0.024671,0.003289,0.000000,0.015508,0.000862,0.000000,0.001723,0.073840,0.170886,0.088608,0.666667,0.075658,0.679276,0.144737,0.003289,0.011513,0.009868,0.011513,0.064145
N20001329,0.923841,0.019868,0.056291,0.019868,0.009934,0.003311,0.000000,0.000000,0.005243,0.001104,0.000276,0.000000,0.184549,0.364807,0.133047,0.317597,0.039735,0.821192,0.089404,0.009934,0.000000,0.016556,0.000000,0.023179
N20001330,0.892683,0.029268,0.078049,0.075165,0.012237,0.002433,0.000000,0.000000,0.011557,0.002433,0.000608,0.000000,0.204403,0.405660,0.188679,0.201258,0.024331,0.744526,0.116788,0.007299,0.000000,0.026764,0.012165,0.068127
N20001331,0.962227,0.007952,0.029821,0.057465,0.000016,0.000000,0.003968,0.000000,0.003142,0.000661,0.000165,0.000000,0.164948,0.432990,0.237113,0.164948,0.047714,0.781312,0.129225,0.001988,0.001988,0.013917,0.003976,0.019881
N20001332,0.909278,0.030928,0.059794,0.016495,0.000000,0.008247,0.004124,0.000000,0.015464,0.000000,0.003093,0.000000,0.016701,0.219207,0.081420,0.682672,0.047325,0.742798,0.144033,0.000000,0.008230,0.024691,0.002058,0.030864
N20001333,0.906250,0.044643,0.049107,0.085221,0.013323,0.004474,0.008949,0.000000,0.014169,0.002983,0.000746,0.000000,0.235457,0.290859,0.124654,0.349030,0.053452,0.732739,0.140312,0.002227,0.004454,0.035635,0.004454,0.026726
N20001334,0.943101,0.028450,0.028450,0.068279,0.008535,0.005690,0.005690,0.001422,0.005631,0.001185,0.000296,0.000000,0.163842,0.361582,0.193974,0.280603,0.036932,0.805398,0.120739,0.002841,0.000000,0.017045,0.005682,0.011364
N20001335,0.927215,0.018987,0.053797,0.068725,0.009553,0.003145,0.003145,0.000000,0.002621,0.000000,0.000524,0.000000,0.212928,0.452471,0.133080,0.201521,0.120253,0.718354,0.044304,0.000000,0.000000,0.028481,0.006329,0.082278
N20001336,0.857708,0.043478,0.098814,0.040247,0.023637,0.007937,0.000000,0.000000,0.007937,0.000000,0.003968,0.000000,0.029940,0.329341,0.173653,0.467066,0.067729,0.661355,0.175299,0.000000,0.000000,0.023904,0.000000,0.071713
N20001337,0.980998,0.011876,0.007126,0.047348,0.004767,0.000000,0.000000,0.000000,0.006093,0.000339,0.000000,0.000677,0.171429,0.439286,0.189286,0.200000,0.021327,0.791469,0.125592,0.009479,0.000000,0.030806,0.009479,0.011848
N20001338,0.833780,0.083110,0.083110,0.050938,0.037534,0.026810,0.013405,0.005362,0.000000,0.000000,0.000000,0.000000,0.079365,0.146032,0.120635,0.653968,0.032172,0.756032,0.093834,0.000000,0.056300,0.002681,0.000000,0.058981
N20001339,0.945748,0.023460,0.030792,0.040916,0.000034,0.011713,0.005857,0.002928,0.002440,0.000000,0.000488,0.000000,0.132937,0.388889,0.186508,0.291667,0.035242,0.766520,0.143906,0.007342,0.002937,0.016153,0.004405,0.023495
N20001340,0.929062,0.027460,0.043478,0.036860,0.011405,0.004587,0.002294,0.000000,0.007864,0.000437,0.000000,0.000874,0.253731,0.358209,0.158209,0.229851,0.041190,0.750572,0.123570,0.013730,0.002288,0.027460,0.004577,0.036613
N20001341,0.897516,0.074534,0.027950,0.071429,0.003106,0.015528,0.006211,0.006211,0.028677,0.008326,0.003700,0.002775,0.166667,0.431973,0.119048,0.282313,0.046875,0.712500,0.143750,0.012500,0.015625,0.040625,0.015625,0.012500
N20001342,0.944732,0.010363,0.044905,0.044905,0.001727,0.000000,0.000000,0.000000,0.006477,0.000432,0.001727,0.000000,0.172996,0.305907,0.185654,0.335443,0.029260,0.808950,0.091222,0.013769,0.006885,0.020654,0.000000,0.029260
N20001343,0.949074,0.018519,0.032407,0.055556,0.011574,0.002315,0.002315,0.000000,0.000463,0.000463,0.001389,0.000000,0.129412,0.320588,0.241176,0.308824,0.037037,0.819444,0.099537,0.002315,0.006944,0.006944,0.000000,0.027778
N20001344,0.950311,0.024845,0.024845,0.037267,0.003106,0.006211,0.003106,0.000000,0.002484,0.002484,0.007453,0.000000,0.092664,0.243243,0.127413,0.536680,0.034375,0.803125,0.125000,0.003125,0.003125,0.018750,0.000000,0.012500
N20001345,0.900826,0.037190,0.061983,0.029457,0.008144,0.010373,0.002075,0.006224,0.007780,0.000519,0.002075,0.000000,0.172152,0.255696,0.174684,0.397468,0.043568,0.792531,0.122407,0.006224,0.000000,0.006224,0.010373,0.018672
N20001346,0.918288,0.046693,0.035019,0.041576,0.021252,0.009785,0.009785,0.001957,0.003202,0.000712,0.000000,0.000000,0.097686,0.285347,0.190231,0.426735,0.041176,0.778431,0.127451,0.001961,0.009804,0.023529,0.005882,0.011765
N20001347,0.911111,0.066667,0.022222,0.054423,0.044374,0.006369,0.009554,0.003185,0.002730,0.000152,0.000000,0.000303,0.072165,0.298969,0.175258,0.453608,0.044586,0.652866,0.264331,0.006369,0.009554,0.009554,0.006369,0.006369
N20001348,0.895879,0.030369,0.073753,0.069039,0.004395,0.006494,0.019481,0.000000,0.000000,0.000000,0.000000,0.000000,0.064246,0.212291,0.181564,0.541899,0.043573,0.723312,0.161220,0.002179,0.013072,0.013072,0.000000,0.043573
N20001349,0.951100,0.002445,0.046455,0.053790,0.000000,0.002445,0.000000,0.000000,0.000000,0.000000,0.000000,0.000000,0.093093,0.375375,0.183183,0.348348,0.036585,0.797561,0.126829,0.002439,0.000000,0.019512,0.007317,0.009756
N20001350,0.963387,0.011442,0.025172,0.063843,0.002309,0.009132,0.000000,0.000000,0.000000,0.000000,0.000000,0.000000,0.231231,0.381381,0.132132,0.255255,0.022883,0.814645,0.102975,0.004577,0.004577,0.043478,0.002288,0.004577
N20001351,0.927100,0.052298,0.020602,0.047353,0.004830,0.026899,0.001582,0.001582,0.011480,0.003333,0.001481,0.001111,0.096121,0.284992,0.214165,0.404722,0.036450,0.782884,0.147385,0.000000,0.007924,0.011094,0.000000,0.014263
N20001352,0.917757,0.031776,0.050467,0.050467,-0.001869,0.014953,0.011215,0.001869,0.004206,0.000280,0.001121,0.000000,0.128641,0.334951,0.092233,0.444175,0.059813,0.747664,0.140187,0.005607,0.007477,0.014953,0.003738,0.020561
N20001353,0.968858,0.006920,0.024221,0.058824,0.000000,0.003460,0.003460,0.000000,0.000000,0.000000,0.000000,0.000000,0.073913,0.265217,0.165217,0.495652,0.044983,0.792388,0.096886,0.003460,0.000000,0.027682,0.020761,0.013841
N20001354,0.920375,0.037471,0.042155,0.069212,0.002587,0.018605,0.002326,0.004651,0.006977,0.000465,0.001860,0.000000,0.138264,0.315113,0.173633,0.372990,0.044084,0.802784,0.106729,0.004640,0.006961,0.011601,0.004640,0.018561
N20001355,0.957983,0.018908,0.023109,0.071429,0.002101,0.008403,0.006303,0.002101,0.000000,0.000000,0.000000,0.000000,0.169014,0.343662,0.185915,0.301408,0.056723,0.762605,0.117647,0.002101,0.000000,0.054622,0.000000,0.006303
N20001356,0.955022,0.013493,0.031484,0.043478,0.001499,0.004498,0.000000,0.000000,0.006663,0.000833,0.000000,0.000000,0.065814,0.332724,0.157221,0.444241,0.020990,0.784108,0.151424,0.004498,0.002999,0.028486,0.001499,0.005997
N20001357,0.946472,0.034063,0.019465,0.055961,0.007299,0.014599,0.002433,0.002433,0.005474,0.000365,0.001460,0.000000,0.116883,0.331169,0.162338,0.389610,0.046005,0.772397,0.133172,0.007264,0.000000,0.009685,0.007264,0.024213
N20001358,0.909402,0.049573,0.041026,0.044444,0.005128,0.022222,0.015385,0.001709,0.004196,0.000932,0.000000,0.000000,0.050740,0.253700,0.194503,0.501057,0.056410,0.743590,0.147009,0.005128,0.017094,0.018803,0.001709,0.010256
N20001359,0.944245,0.037770,0.017986,0.025035,0.007249,0.010772,0.016158,0.000000,0.002938,0.000653,0.000000,0.000000,0.073171,0.268293,0.186253,0.472284,0.027125,0.763110,0.162749,0.003617,0.007233,0.025316,0.001808,0.009042
N20001360,0.950704,0.021127,0.028169,0.049065,0.007075,0.002342,0.007026,0.002342,0.001916,0.000426,0.000000,0.000000,0.102689,0.354523,0.220049,0.322738,0.039813,0.789227,0.107728,0.000000,0.002342,0.037471,0.000000,0.023419
N20001361,0.933457,0.012939,0.053604,0.062847,0.007394,0.001848,0.001848,0.001848,0.000000,0.000000,0.000000,0.000000,0.222506,0.358056,0.235294,0.184143,0.031423,0.770795,0.134935,0.007394,0.012939,0.009242,0.003697,0.029575
N20001362,0.941884,0.032064,0.026052,0.031884,0.006064,0.022000,0.000000,0.000000,0.003556,0.000444,0.000000,0.000000,0.181287,0.350877,0.219298,0.248538,0.042084,0.821643,0.070140,0.006012,0.004008,0.036072,0.000000,0.020040
N20001363,0.929600,0.043200,0.027200,0.048000,0.003200,0.020800,0.012800,0.003200,0.002844,0.000356,0.000000,0.000000,0.062780,0.311659,0.168161,0.457399,0.048000,0.782400,0.139200,0.001600,0.008000,0.011200,0.003200,0.006400
N20001364,0.971284,0.010135,0.018581,0.070610,0.003401,0.000000,0.001684,0.000000,0.003928,0.000561,0.000000,0.000561,0.125301,0.327711,0.284337,0.262651,0.032040,0.774030,0.148398,0.013491,0.003373,0.013491,0.005059,0.010118
N20001365,0.871901,0.030992,0.097107,0.088843,0.004132,0.010331,0.010331,0.000000,0.005071,0.001127,0.000000,0.000000,0.068736,0.268293,0.161863,0.501109,0.070103,0.690722,0.144330,0.004124,0.002062,0.012371,0.006186,0.070103
N20001366,0.951220,0.024390,0.024390,0.072874,0.007359,0.009732,0.000000,0.004866,0.001892,0.000270,0.000000,0.000270,0.147601,0.324723,0.199262,0.328413,0.043902,0.795122,0.119512,0.002439,0.000000,0.021951,0.007317,0.009756
N20001367,0.955335,0.034739,0.009926,0.051631,0.005110,0.007407,0.009877,0.000000,0.009602,0.001372,0.000000,0.001372,0.181467,0.440154,0.138996,0.239382,0.034739,0.789082,0.119107,0.002481,0.002481,0.032258,0.004963,0.014888
N20001368,0.892857,0.011905,0.095238,0.044252,-0.000047,0.007968,0.003984,0.000000,0.000000,0.000000,0.000000,0.000000,0.119171,0.373057,0.248705,0.259067,0.059524,0.773810,0.142857,0.000000,0.000000,0.011905,0.000000,0.011905
N20001369,0.048421,0.806316,0.145263,0.000000,0.084211,0.273684,0.296842,0.040000,0.050140,0.046609,0.014830,0.000000,0.049505,0.198020,0.103960,0.648515,0.646934,0.023256,0.139535,0.008457,0.128964,0.000000,0.002114,0.050740
N20001370,0.040076,0.839695,0.120229,0.007634,0.085878,0.276718,0.343511,0.043893,0.038676,0.031270,0.013166,0.006583,0.045977,0.200000,0.151724,0.602299,0.711832,0.022901,0.116412,0.000000,0.122137,0.001908,0.001908,0.022901
N20001371,0.318182,0.564935,0.116883,0.021645,0.064935,0.244589,0.125541,0.062771,0.028933,0.023393,0.009849,0.004925,0.256338,0.332394,0.214085,0.197183,0.367965,0.240260,0.127706,0.008658,0.175325,0.032468,0.008658,0.038961
N20001372,0.023881,0.871642,0.104478,0.003109,0.100128,0.252226,0.424332,0.062315,0.014668,0.013635,0.004338,0.000000,0.040892,0.234201,0.171004,0.553903,0.680597,0.014925,0.128358,0.000000,0.137313,0.005970,0.005970,0.026866
N20001373,0.400341,0.511073,0.088586,0.034694,0.062094,0.168367,0.197279,0.030612,0.022733,0.018380,0.007739,0.003869,0.127517,0.315436,0.205817,0.351230,0.413675,0.304274,0.153846,0.005128,0.068376,0.020513,0.003419,0.030769
N20001374,0.945493,0.037736,0.016771,0.031447,0.012579,0.008386,0.004193,0.004193,0.003503,0.002548,0.002176,0.000159,0.217158,0.327078,0.262735,0.193029,0.073069,0.695198,0.152401,0.018789,0.010438,0.022965,0.012526,0.014614
N20001375,0.015437,0.806175,0.178388,0.006861,0.077187,0.308748,0.250429,0.048027,0.050872,0.036998,0.031602,0.002312,0.073753,0.273319,0.195228,0.457701,0.642123,0.018836,0.107877,0.003425,0.162671,0.000000,0.003425,0.061644
N20001376,0.057143,0.776190,0.166667,0.023650,0.077626,0.339713,0.196172,0.028708,0.060202,0.055963,0.017806,0.000000,0.000000,0.189873,0.234177,0.575949,0.550725,0.048309,0.222222,0.000000,0.135266,0.000000,0.000000,0.043478
N20001377,0.134715,0.764249,0.101036,0.031088,0.108808,0.313472,0.199482,0.056995,0.035712,0.025972,0.022185,0.001623,0.038627,0.175966,0.167382,0.618026,0.622739,0.103359,0.111111,0.000000,0.105943,0.010336,0.015504,0.031008
N20001378,0.105925,0.739677,0.154399,0.028725,0.105925,0.256732,0.244165,0.014363,0.053246,0.049497,0.015749,0.000000,0.047297,0.236486,0.189189,0.527027,0.635548,0.046679,0.122083,0.000000,0.098743,0.001795,0.005386,0.089767
N20001379,0.059184,0.769388,0.171429,0.006122,0.091837,0.275510,0.263265,0.046939,0.048105,0.028183,0.014091,0.001458,0.053398,0.225728,0.247573,0.473301,0.560081,0.032587,0.126273,0.000000,0.169043,0.000000,0.006110,0.105906
N20001380,0.043210,0.827160,0.129630,0.012298,0.099185,0.321484,0.194745,0.069552,0.078114,0.034145,0.028532,0.001403,0.176817,0.404715,0.259332,0.159136,0.552995,0.015361,0.155146,0.000000,0.211982,0.003072,0.003072,0.058372
N20001381,0.045760,0.865410,0.088829,0.010767,0.090175,0.320323,0.289367,0.065949,0.050970,0.038081,0.010545,0.000000,0.039936,0.241214,0.148562,0.570288,0.632075,0.030997,0.133423,0.000000,0.163073,0.004043,0.000000,0.036388
N20001382,0.047170,0.801887,0.150943,0.030738,0.057755,0.321596,0.251174,0.053991,0.049028,0.035657,0.030457,0.002229,0.093248,0.305466,0.163987,0.437299,0.660377,0.042453,0.117925,0.000000,0.120283,0.007075,0.004717,0.047170
N20001383,0.081911,0.781570,0.136519,0.005119,0.063140,0.324232,0.249147,0.032423,0.057639,0.043064,0.011925,0.000000,0.053743,0.190019,0.132438,0.623800,0.649063,0.035775,0.102215,0.000000,0.122658,0.005111,0.005111,0.080068
N20001384,0.063758,0.765101,0.171141,0.016620,0.066447,0.281145,0.244108,0.069024,0.039141,0.035127,0.021076,0.009033,0.037255,0.200000,0.149020,0.613725,0.613065,0.030151,0.142379,0.001675,0.122278,0.008375,0.006700,0.075377
N20001385,0.133515,0.735695,0.130790,0.035154,0.077225,0.306011,0.221311,0.049180,0.041948,0.031340,0.008679,0.000000,0.127273,0.225455,0.130909,0.516364,0.603825,0.081967,0.101093,0.005464,0.090164,0.013661,0.013661,0.090164
N20001386,0.063452,0.786802,0.149746,0.025381,0.101523,0.284264,0.200508,0.083756,0.064136,0.028036,0.023427,0.001152,0.179153,0.338762,0.283388,0.198697,0.573604,0.040609,0.182741,0.007614,0.152284,0.000000,0.007614,0.035533
N20001387,0.045238,0.802381,0.152381,0.009693,0.084371,0.317536,0.286730,0.059242,0.020506,0.019427,0.012411,0.002159,0.011869,0.204748,0.115727,0.667656,0.710214,0.026128,0.118765,0.000000,0.128266,0.002375,0.002375,0.011876
N20001388,0.037924,0.880240,0.081836,0.005924,0.066240,0.270000,0.350000,0.050000,0.079105,0.034579,0.028895,0.001421,0.145969,0.370370,0.298475,0.185185,0.684631,0.007984,0.125749,0.000000,0.117764,0.001996,0.011976,0.049900
N20001389,0.055160,0.702847,0.241993,0.016084,0.058087,0.278863,0.245115,0.021314,0.037423,0.035454,0.022651,0.003939,0.021782,0.148515,0.116832,0.712871,0.674336,0.038938,0.115044,0.003540,0.102655,0.003540,0.000000,0.061947
N20001390,0.031561,0.875415,0.093023,0.004983,0.078073,0.345515,0.267442,0.088040,0.034187,0.044029,0.017094,0.001036,0.024254,0.311567,0.156716,0.507463,0.697521,0.024793,0.105785,0.001653,0.153719,0.000000,0.003306,0.013223
N20001391,0.029083,0.879195,0.091723,0.008903,0.076504,0.347534,0.291480,0.042601,0.066512,0.029074,0.024295,0.001195,0.157593,0.412607,0.220630,0.209169,0.668904,0.011186,0.131991,0.002237,0.156600,0.002237,0.000000,0.026846
N20001392,0.044118,0.865196,0.090686,0.002451,0.093137,0.316176,0.252451,0.105392,0.053857,0.023542,0.019672,0.000967,0.158576,0.417476,0.245955,0.177994,0.666667,0.012346,0.123457,0.002469,0.167901,0.000000,0.004938,0.022222
N20001393,0.028571,0.804762,0.166667,0.000000,0.095238,0.228571,0.295238,0.042857,0.050691,0.065284,0.025346,0.001536,0.000000,0.230769,0.104895,0.664336,0.723810,0.000000,0.076190,0.000000,0.100000,0.000000,0.004762,0.095238
N20001394,0.104651,0.723837,0.171512,0.026163,0.061047,0.293605,0.276163,0.034884,0.021802,0.019566,0.011740,0.005031,0.102310,0.198020,0.168317,0.531353,0.517442,0.049419,0.177326,0.002907,0.078488,0.005814,0.005814,0.162791
N20001395,0.068259,0.853242,0.078498,0.020478,0.078498,0.310580,0.279863,0.109215,0.028250,0.026763,0.017099,0.002974,0.042056,0.205607,0.149533,0.602804,0.658703,0.040956,0.112628,0.003413,0.139932,0.003413,0.000000,0.040956
N20001396,0.090487,0.819026,0.090487,0.013921,0.081206,0.348028,0.262181,0.027842,0.032089,0.041424,0.022754,0.003501,0.035484,0.135484,0.132258,0.696774,0.661215,0.049065,0.095794,0.000000,0.144860,0.000000,0.004673,0.044393
N20001397,0.100437,0.705240,0.194323,0.021662,0.094737,0.221007,0.266958,0.035011,0.031058,0.039999,0.015529,0.000941,0.060606,0.190909,0.106061,0.642424,0.606987,0.052402,0.131004,0.008734,0.076419,0.004367,0.002183,0.117904
N20001398,0.052342,0.804408,0.143251,0.027548,0.096419,0.283747,0.272727,0.052342,0.031898,0.041177,0.022619,0.003480,0.061594,0.170290,0.181159,0.586957,0.684932,0.021918,0.106849,0.000000,0.112329,0.008219,0.005479,0.060274
N20001399,0.030142,0.810284,0.159574,0.006969,0.091924,0.354724,0.194296,0.065954,0.036686,0.047247,0.018343,0.001112,0.023697,0.172986,0.125592,0.677725,0.724199,0.035587,0.101423,0.000000,0.117438,0.003559,0.003559,0.014235
N20001400,0.128906,0.644531,0.226562,0.003906,0.078125,0.273438,0.167969,0.039062,0.032227,0.028921,0.017353,0.007437,0.066351,0.189573,0.161137,0.582938,0.492248,0.069767,0.139535,0.011628,0.093023,0.015504,0.007752,0.170543
N20001401,0.109489,0.718248,0.172263,0.021770,0.105675,0.244152,0.187135,0.074561,0.055904,0.032752,0.016376,0.001694,0.122371,0.225621,0.217973,0.434034,0.512409,0.054015,0.166423,0.001460,0.150365,0.001460,0.010219,0.103650
N20001402,0.134752,0.696809,0.168440,0.025017,0.086189,0.277876,0.192920,0.040708,0.045248,0.037348,0.016519,0.000000,0.121951,0.397749,0.234522,0.245779,0.529930,0.051056,0.119718,0.003521,0.144366,0.005282,0.021127,0.125000
N20001403,0.003571,0.825000,0.171429,0.000000,0.060714,0.367857,0.271429,0.025000,0.045652,0.037681,0.016667,0.000000,0.034188,0.162393,0.158120,0.645299,0.642857,0.010714,0.164286,0.000000,0.128571,0.014286,0.000000,0.039286
N20001404,0.073710,0.732187,0.194103,0.031941,0.090909,0.314496,0.147420,0.056511,0.064350,0.037700,0.018850,0.001950,0.062893,0.264151,0.135220,0.537736,0.528256,0.061425,0.154791,0.007371,0.137592,0.000000,0.000000,0.110565
N20001405,0.022857,0.876190,0.100952,0.017121,0.097988,0.338432,0.317400,0.019120,0.047136,0.038906,0.017208,0.000000,0.030374,0.168224,0.203271,0.598131,0.658397,0.015267,0.104962,0.001908,0.177481,0.001908,0.005725,0.034351
N20001406,0.049080,0.806748,0.144172,0.003208,0.060571,0.333333,0.272171,0.021407,0.038360,0.049520,0.027201,0.004185,0.045267,0.139918,0.094650,0.720165,0.687117,0.052147,0.095092,0.000000,0.098160,0.003067,0.000000,0.064417
N20001407,0.066282,0.766571,0.167147,0.020173,0.046110,0.345821,0.195965,0.112392,0.022360,0.023958,0.017569,0.002396,0.019355,0.177419,0.132258,0.670968,0.659942,0.031700,0.106628,0.000000,0.135447,0.005764,0.011527,0.048991
N20001408,0.045181,0.885542,0.069277,0.012048,0.081325,0.349398,0.240964,0.069277,0.049085,0.075859,0.016064,0.003570,0.013746,0.178694,0.216495,0.591065,0.695122,0.021341,0.082317,0.000000,0.155488,0.000000,0.000000,0.045732
N20001409,0.017544,0.859649,0.122807,0.008772,0.065789,0.267544,0.377193,0.048246,0.032446,0.041885,0.023007,0.003540,0.028249,0.203390,0.146893,0.621469,0.635965,0.021930,0.171053,0.000000,0.100877,0.000000,0.004386,0.065789
N20001410,0.023649,0.912162,0.064189,0.000159,0.043035,0.345638,0.298658,0.140940,0.034382,0.031632,0.017879,0.000000,0.055814,0.162791,0.125581,0.655814,0.740741,0.020202,0.074074,0.000000,0.164983,0.000000,0.000000,0.000000
N20001411,0.067568,0.824324,0.108108,0.006757,0.065315,0.313063,0.236486,0.074324,0.045879,0.070904,0.015015,0.003337,0.073684,0.210526,0.200000,0.515789,0.589686,0.031390,0.139013,0.004484,0.159193,0.000000,0.015695,0.060538
N20001412,0.065934,0.739927,0.194139,0.003663,0.084249,0.289377,0.186813,0.069597,0.035345,0.045627,0.025063,0.003856,0.063415,0.190244,0.136585,0.609756,0.699634,0.040293,0.084249,0.000000,0.087912,0.000000,0.003663,0.084249
N20001413,0.232394,0.665493,0.102113,0.017983,0.073226,0.231986,0.209139,0.063269,0.029644,0.031761,0.023292,0.003176,0.056962,0.261603,0.160338,0.521097,0.525483,0.172232,0.108963,0.008787,0.151142,0.000000,0.005272,0.028120
N20001414,0.722714,0.221239,0.056047,0.032448,0.032448,0.082596,0.056047,0.008850,0.031834,0.006883,0.002581,0.000000,0.076642,0.171533,0.244526,0.507299,0.201183,0.571006,0.091716,0.002959,0.062130,0.026627,0.000000,0.044379
N20001415,0.036474,0.857143,0.106383,0.000000,0.033435,0.376900,0.224924,0.072948,0.050565,0.078146,0.016548,0.003677,0.034965,0.157343,0.122378,0.685315,0.755352,0.030581,0.082569,0.000000,0.113150,0.000000,0.003058,0.015291
N20001416,0.052314,0.863179,0.084507,0.016097,0.100604,0.344064,0.309859,0.048290,0.024522,0.027823,0.005659,0.002358,0.025070,0.128134,0.259053,0.587744,0.698795,0.032129,0.102410,0.002008,0.136546,0.004016,0.002008,0.022088
N20001417,0.097938,0.801546,0.100515,0.007732,0.054124,0.309278,0.293814,0.036082,0.043976,0.049895,0.010148,0.004228,0.014925,0.226866,0.179104,0.579104,0.677835,0.028351,0.079897,0.000000,0.170103,0.000000,0.002577,0.041237
N20001418,0.440678,0.351090,0.208232,0.087167,0.055690,0.096852,0.128329,0.004843,0.050393,0.010896,0.004086,0.000000,0.163743,0.321637,0.157895,0.356725,0.271845,0.262136,0.152913,0.007282,0.048544,0.007282,0.012136,0.237864
N20001419,0.969555,0.014052,0.016393,0.046838,0.007026,0.007026,0.000000,0.000000,0.000000,0.000000,0.000000,0.000000,0.071856,0.218563,0.110778,0.598802,0.044917,0.773050,0.122931,0.002364,0.007092,0.035461,0.007092,0.007092
N20001420,0.854167,0.068452,0.077381,0.047045,0.003170,0.011869,0.017804,0.005935,0.010010,0.010725,0.007865,0.001073,0.060000,0.193333,0.140000,0.606667,0.086310,0.660714,0.110119,0.017857,0.011905,0.020833,0.000000,0.092262
N20001421,0.700000,0.222222,0.077778,0.083073,0.032913,0.064588,0.071269,0.011136,0.017343,0.015955,0.009018,0.000000,0.038348,0.141593,0.117994,0.702065,0.203991,0.541020,0.128603,0.002217,0.002217,0.031042,0.002217,0.088692
N20001422,0.656338,0.205634,0.138028,0.081690,0.039437,0.061972,0.036620,0.008451,0.030986,0.018153,0.009077,0.000939,0.182692,0.387821,0.131410,0.298077,0.120787,0.558989,0.162921,0.008427,0.033708,0.014045,0.005618,0.095506
N20001423,0.842975,0.061983,0.095041,0.041322,0.016529,0.020661,0.012397,0.000000,0.009556,0.002066,0.000775,0.000000,0.035000,0.135000,0.105000,0.725000,0.102881,0.662551,0.135802,0.012346,0.016461,0.008230,0.000000,0.061728
N20001424,0.091339,0.752756,0.155906,0.022047,0.072441,0.302362,0.259843,0.029921,0.035827,0.040650,0.008268,0.003445,0.033457,0.252788,0.236059,0.477695,0.662992,0.061417,0.086614,0.000000,0.162205,0.000000,0.001575,0.025197
N20001425,0.778547,0.089965,0.131488,0.070643,0.007491,0.010309,0.013746,0.010309,0.043926,0.002092,0.002092,0.000000,0.141762,0.521073,0.157088,0.180077,0.121951,0.428571,0.073171,0.010453,0.000000,0.034843,0.017422,0.313589
N20001426,0.917085,0.042714,0.040201,0.045226,0.005025,0.012563,0.002513,0.010050,0.004265,0.006592,0.001396,0.000310,0.023739,0.157270,0.094955,0.724036,0.075188,0.711779,0.165414,0.000000,0.000000,0.020050,0.010025,0.017544
N20001427,0.916667,0.035256,0.048077,0.051282,0.006410,0.014423,0.003205,0.000000,0.010242,0.000488,0.000488,0.000000,0.087549,0.276265,0.097276,0.538911,0.065705,0.711538,0.112179,0.006410,0.001603,0.027244,0.001603,0.073718
N20001428,0.831597,0.076389,0.092014,0.072015,0.020640,0.019164,0.012195,0.010453,0.004288,0.004288,0.005360,0.000000,0.061404,0.195175,0.138158,0.605263,0.103147,0.611888,0.159091,0.001748,0.013986,0.013986,0.003497,0.092657
N20001429,0.929204,0.035398,0.035398,0.035398,0.007080,0.014159,0.000000,0.001770,0.009499,0.002065,0.000413,0.000413,0.035225,0.162427,0.090020,0.712329,0.037168,0.792920,0.102655,0.007080,0.005310,0.017699,0.001770,0.035398
N20001430,0.812925,0.034014,0.153061,0.068027,0.013605,0.003401,0.003401,0.000000,0.010488,0.002268,0.000850,0.000000,0.118143,0.400844,0.109705,0.371308,0.057627,0.559322,0.186441,0.013559,0.010169,0.040678,0.000000,0.132203
N20001431,0.899371,0.050314,0.050314,0.063409,0.018769,0.000000,0.003155,0.003155,0.010343,0.009515,0.005378,0.000000,0.003817,0.125954,0.083969,0.786260,0.059561,0.717868,0.141066,0.006270,0.009404,0.025078,0.000000,0.040752
N20001432,0.974026,0.009740,0.016234,0.042430,-0.000032,0.000000,0.006515,0.000000,0.001335,0.001228,0.000694,0.000000,0.000000,0.172000,0.172000,0.656000,0.064725,0.734628,0.171521,0.000000,0.000000,0.012945,0.006472,0.009709
N20001433,0.908019,0.063679,0.028302,0.030372,0.011915,0.021176,0.000000,0.002353,0.021647,0.004706,0.000941,0.000941,0.032353,0.188235,0.079412,0.700000,0.059102,0.695035,0.172577,0.011820,0.002364,0.016548,0.011820,0.030733
N20001434,0.915254,0.039548,0.045198,0.047277,0.000222,0.008427,0.014045,0.011236,0.005129,0.000244,0.000244,0.000000,0.043189,0.205980,0.146179,0.604651,0.045198,0.720339,0.158192,0.000000,0.016949,0.022599,0.002825,0.033898
N20001435,0.804035,0.046110,0.149856,0.023055,0.000000,0.014409,0.017291,0.000000,0.012231,0.000000,0.001843,0.000335,0.048193,0.132530,0.057229,0.762048,0.051873,0.662824,0.123919,0.017291,0.002882,0.008646,0.002882,0.129683
N20001436,0.954545,0.034759,0.010695,0.034759,0.005348,0.016043,0.005348,0.000000,0.002468,0.002468,0.003085,0.000000,0.038835,0.297735,0.142395,0.521036,0.048128,0.721925,0.184492,0.013369,0.008021,0.018717,0.002674,0.002674
N20001437,0.902613,0.064133,0.033254,0.027015,0.009109,0.031100,0.004785,0.000000,0.007844,0.007216,0.004079,0.000000,0.017391,0.142029,0.086957,0.753623,0.050000,0.702381,0.178571,0.000000,0.014286,0.011905,0.007143,0.035714
N20001438,0.942721,0.035800,0.021480,0.057829,0.014217,0.000000,0.002398,0.002398,0.012870,0.002798,0.000560,0.000560,0.026230,0.150820,0.078689,0.744262,0.055156,0.654676,0.179856,0.035971,0.002398,0.016787,0.002398,0.052758
N20001439,0.788562,0.095321,0.116118,0.068838,0.012276,0.020761,0.005190,0.001730,0.046994,0.000000,0.007081,0.001288,0.061224,0.283673,0.191837,0.463265,0.097054,0.625650,0.058925,0.001733,0.006932,0.022530,0.005199,0.181976
N20001440,0.964646,0.012626,0.022727,0.040213,0.000032,0.005038,0.007557,0.000000,0.000000,0.000000,0.000000,0.000000,0.056667,0.220000,0.153333,0.570000,0.045570,0.749367,0.162025,0.005063,0.000000,0.012658,0.000000,0.025316
N20001441,0.761905,0.083810,0.154286,0.088280,0.007908,0.024668,0.017078,0.001898,0.027382,0.000000,0.004126,0.000750,0.041667,0.287500,0.179167,0.491667,0.096591,0.600379,0.115530,0.000000,0.003788,0.015152,0.005682,0.162879
N20001442,0.938272,0.032922,0.028807,0.031247,0.010195,0.010331,0.008264,0.000000,0.001271,0.001271,0.001589,0.000000,0.090439,0.310078,0.131783,0.467700,0.071721,0.758197,0.098361,0.004098,0.010246,0.022541,0.004098,0.030738
N20001443,0.846995,0.049180,0.103825,0.046995,0.013564,0.008219,0.005479,0.005479,0.013953,0.000000,0.002103,0.000382,0.071895,0.320261,0.098039,0.509804,0.103825,0.601093,0.120219,0.000000,0.008197,0.010929,0.008197,0.147541
N20001444,0.942278,0.028081,0.029641,0.037441,0.004680,0.009360,0.007800,0.000000,0.004784,0.001040,0.000208,0.000208,0.026667,0.207619,0.066667,0.699048,0.071651,0.671340,0.197819,0.004673,0.009346,0.012461,0.000000,0.032710
N20001445,0.757576,0.111111,0.131313,0.070553,0.019508,0.002545,0.022901,0.000000,0.056157,0.000000,0.008462,0.001539,0.056548,0.288690,0.154762,0.500000,0.104061,0.550761,0.124365,0.000000,0.010152,0.032995,0.000000,0.177665
N20001446,0.332669,0.623506,0.043825,0.011312,0.068616,0.381238,0.127745,0.000000,0.032136,0.008347,0.004591,0.000835,0.141210,0.406340,0.270893,0.181556,0.431138,0.129741,0.227545,0.017964,0.135729,0.021956,0.015968,0.019960
N20001447,0.575676,0.316216,0.108108,0.055460,0.022416,0.097035,0.123989,0.035040,0.025550,0.008255,0.003538,0.000393,0.087819,0.356941,0.257790,0.297450,0.264865,0.267568,0.275676,0.016216,0.081081,0.016216,0.008108,0.070270
N20001448,0.500000,0.383721,0.116279,0.038760,0.046512,0.162791,0.147287,0.003876,0.015746,0.005087,0.002180,0.000242,0.040486,0.340081,0.267206,0.352227,0.344961,0.220930,0.294574,0.007752,0.058140,0.019380,0.003876,0.050388
N20001449,0.581545,0.396996,0.021459,0.032609,0.033166,0.134043,0.189362,0.002128,0.025931,0.008378,0.003590,0.000399,0.080838,0.224551,0.203593,0.491018,0.386752,0.196581,0.290598,0.012821,0.036325,0.014957,0.021368,0.040598
N20001450,0.587189,0.373665,0.039146,0.033617,0.032594,0.130357,0.151786,0.000000,0.039900,0.012891,0.005525,0.000614,0.080357,0.292411,0.379464,0.247768,0.353571,0.233929,0.257143,0.012500,0.080357,0.017857,0.010714,0.033929
N20001451,0.591503,0.379085,0.029412,0.007088,0.034929,0.081169,0.256494,0.000000,0.004397,0.001420,0.000609,0.000068,0.000000,0.186364,0.272727,0.540909,0.490196,0.156863,0.267974,0.022876,0.022876,0.000000,0.026144,0.013072
N20001452,0.560209,0.319372,0.120419,0.029561,0.053172,0.092820,0.129597,0.012259,0.021344,0.006896,0.002955,0.000328,0.114878,0.312618,0.291902,0.280603,0.237762,0.305944,0.316434,0.001748,0.052448,0.008741,0.019231,0.057692
N20001453,0.684322,0.235169,0.080508,0.022588,0.023753,0.103594,0.082452,0.014799,0.007157,0.002312,0.000991,0.000110,0.131944,0.268519,0.347222,0.252315,0.279661,0.292373,0.283898,0.012712,0.042373,0.033898,0.004237,0.050847
N20001454,0.931559,0.039924,0.028517,0.032319,0.011407,0.013308,0.011407,0.000000,0.003565,0.000238,0.000000,0.000000,0.091127,0.196643,0.280576,0.431655,0.098859,0.579848,0.249049,0.007605,0.013308,0.032319,0.013308,0.005703
N20001455,0.961310,0.038690,0.000000,0.057118,0.011744,0.017964,0.000000,0.000000,0.008421,0.000561,0.000000,0.000000,0.243028,0.362550,0.195219,0.199203,0.059347,0.623145,0.228487,0.011869,0.014837,0.008902,0.020772,0.032641
N20001456,0.927273,0.044628,0.028099,0.038200,0.001582,0.016556,0.008278,0.000000,0.017074,0.001138,0.000000,0.000000,0.143123,0.356877,0.239777,0.260223,0.084298,0.603306,0.244628,0.004959,0.008264,0.033058,0.009917,0.011570
N20001457,0.197505,0.756757,0.045738,0.006634,0.036840,0.479253,0.165975,0.000000,0.052282,0.013580,0.007469,0.001358,0.157333,0.333333,0.352000,0.157333,0.534447,0.139875,0.148225,0.004175,0.116910,0.006263,0.012526,0.037578
N20001458,0.642023,0.293774,0.064202,0.011673,0.031128,0.163424,0.052529,0.005837,0.030469,0.001385,0.007617,0.001385,0.178660,0.295285,0.364764,0.161290,0.233463,0.357977,0.284047,0.007782,0.064202,0.013619,0.011673,0.027237
N20001459,0.408257,0.510321,0.081422,0.024349,0.045953,0.229885,0.174713,0.001149,0.041034,0.010658,0.005862,0.001066,0.128508,0.376662,0.271787,0.223043,0.394495,0.163991,0.264908,0.009174,0.092890,0.014908,0.021789,0.037844
N20001460,0.764858,0.180879,0.054264,0.028960,0.037289,0.061538,0.041026,0.012821,0.021034,0.000956,0.005259,0.000956,0.347826,0.260870,0.210702,0.180602,0.159383,0.508997,0.241645,0.012853,0.017995,0.010283,0.002571,0.046272
N20001461,0.398876,0.569288,0.031835,0.018727,0.039326,0.380150,0.125468,0.009363,0.011172,0.000508,0.002793,0.000508,0.170616,0.331754,0.322275,0.175355,0.436330,0.168539,0.250936,0.001873,0.097378,0.005618,0.000000,0.039326
N20001462,0.843750,0.126562,0.029687,0.021044,0.013032,0.085537,0.020218,0.000000,0.005799,0.000264,0.001450,0.000264,0.179798,0.250505,0.367677,0.202020,0.093750,0.485938,0.326562,0.004687,0.037500,0.029687,0.009375,0.012500
N20001463,0.881988,0.065217,0.052795,0.030594,0.021874,0.015480,0.009288,0.000000,0.013853,0.000630,0.003463,0.000630,0.137037,0.270370,0.400000,0.192593,0.096273,0.493789,0.319876,0.000000,0.037267,0.015528,0.024845,0.012422
N20001464,0.191147,0.760563,0.048290,0.007679,0.034757,0.461694,0.237903,0.000000,0.016959,0.005139,0.002570,0.001542,0.160891,0.304455,0.398515,0.136139,0.513026,0.110220,0.192385,0.000000,0.136273,0.000000,0.008016,0.040080
N20001465,0.747387,0.228223,0.024390,0.020906,0.013937,0.118467,0.080139,0.001742,0.010394,0.000472,0.002598,0.000472,0.213992,0.306584,0.355967,0.123457,0.186087,0.514783,0.234783,0.005217,0.031304,0.017391,0.001739,0.008696
N20001466,0.615481,0.349563,0.034956,0.021223,0.006242,0.191011,0.123596,0.001248,0.016676,0.000981,0.000000,0.009809,0.189953,0.222920,0.431711,0.155416,0.255930,0.459426,0.174782,0.001248,0.066167,0.017478,0.007491,0.017478
N20001467,0.079365,0.904762,0.015873,0.006349,0.041270,0.260317,0.574603,0.003175,0.016433,0.004980,0.002490,0.001494,0.081712,0.178988,0.346304,0.392996,0.659306,0.025237,0.195584,0.009464,0.104101,0.000000,0.000000,0.006309
N20001468,0.893895,0.093023,0.013081,0.018895,0.010174,0.021802,0.046512,0.000000,0.009405,0.002850,0.001425,0.000855,0.119298,0.228070,0.424561,0.228070,0.101597,0.634253,0.193033,0.005806,0.011611,0.046444,0.001451,0.005806
N20001469,0.958395,0.029718,0.011887,0.022288,0.005944,0.002972,0.017831,0.000000,0.000892,0.001486,0.000594,0.000000,0.204263,0.262877,0.317940,0.214920,0.023810,0.697917,0.202381,0.011905,0.000000,0.026786,0.004464,0.032738
N20001470,0.906907,0.054054,0.039039,0.036036,0.000000,0.027027,0.021021,0.000000,0.001802,0.003003,0.001201,0.000000,0.027875,0.177700,0.324042,0.470383,0.068657,0.623881,0.238806,0.008955,0.002985,0.029851,0.000000,0.026866
N20001471,0.960894,0.022346,0.016760,0.039106,0.002793,0.002793,0.016760,0.000000,0.000000,0.000000,0.000000,0.000000,0.094203,0.181159,0.336957,0.387681,0.044444,0.722222,0.175000,0.002778,0.000000,0.033333,0.002778,0.019444
N20001472,0.949451,0.019780,0.030769,0.017582,0.006593,0.013187,0.000000,0.000000,0.000000,0.000000,0.000000,0.000000,0.048257,0.219839,0.554960,0.176944,0.017621,0.636564,0.273128,0.013216,0.004405,0.011013,0.002203,0.041850
N20001473,0.934783,0.027950,0.037267,0.027950,0.012422,0.009317,0.001553,0.000000,0.001398,0.002329,0.000932,0.000000,0.157407,0.246296,0.390741,0.205556,0.029503,0.746894,0.166149,0.000000,0.018634,0.012422,0.009317,0.017081
N20001474,0.876923,0.073846,0.049231,0.012308,0.015385,0.027692,0.021538,0.000000,0.002769,0.004615,0.001846,0.000000,0.117886,0.146341,0.150407,0.585366,0.080000,0.544615,0.246154,0.000000,0.006154,0.018462,0.006154,0.098462
N20001475,0.969290,0.007678,0.023033,0.009597,0.000000,0.000000,0.007678,0.000000,0.000000,0.000000,0.000000,0.000000,0.217195,0.183258,0.303167,0.296380,0.026923,0.719231,0.184615,0.003846,0.015385,0.017308,0.003846,0.028846
N20001476,0.961382,0.012195,0.026423,0.030488,0.000000,0.004065,0.006098,0.002033,0.000000,0.000000,0.000000,0.000000,0.161926,0.323851,0.275711,0.238512,0.022403,0.682281,0.207739,0.002037,0.006110,0.048880,0.014257,0.016293
N20001477,0.794163,0.190476,0.015361,0.018778,0.015092,0.053846,0.096923,0.000000,0.015928,0.004827,0.002413,0.001448,0.205405,0.272072,0.389189,0.133333,0.103395,0.598765,0.219136,0.000000,0.030864,0.027778,0.003086,0.016975
N20001478,0.854633,0.140575,0.004792,0.009585,0.004792,0.028754,0.102236,0.000000,0.002910,0.000171,0.000000,0.001712,0.220859,0.220859,0.451943,0.106339,0.098884,0.602871,0.240829,0.000000,0.039872,0.011164,0.000000,0.006380
N20001479,0.900285,0.068376,0.031339,0.038265,0.022857,0.015647,0.024182,0.000000,0.003682,0.001116,0.000558,0.000335,0.130217,0.248748,0.352254,0.268781,0.085592,0.611983,0.241084,0.008559,0.007133,0.021398,0.001427,0.022825
N20001480,0.747727,0.222727,0.029545,0.018798,0.008604,0.125285,0.082005,0.000000,0.004149,0.000244,0.000000,0.002441,0.176991,0.259587,0.436578,0.126844,0.175399,0.544419,0.205011,0.000000,0.031891,0.011390,0.002278,0.029613
N20001481,0.701961,0.251961,0.046078,0.057843,0.070588,0.094118,0.060784,0.004902,0.017097,0.003156,0.000263,0.001052,0.147826,0.202174,0.295652,0.354348,0.246575,0.334638,0.304305,0.003914,0.038160,0.033268,0.004892,0.034247
N20001482,0.522409,0.417367,0.060224,0.023810,0.044818,0.259104,0.089636,0.007003,0.013322,0.002460,0.000205,0.000820,0.189723,0.308300,0.377470,0.124506,0.375350,0.228291,0.240896,0.009804,0.085434,0.029412,0.008403,0.022409
N20001483,0.575064,0.379135,0.045802,0.010178,0.015267,0.175573,0.137405,0.000000,0.040340,0.007447,0.000621,0.002482,0.192308,0.178322,0.300699,0.328671,0.369898,0.201531,0.329082,0.007653,0.030612,0.015306,0.033163,0.012755
N20001484,0.252387,0.687585,0.060027,0.012278,0.070941,0.357435,0.210095,0.010914,0.030280,0.005590,0.000466,0.001863,0.169951,0.371921,0.243842,0.214286,0.498630,0.123288,0.197260,0.016438,0.109589,0.006849,0.013699,0.034247
N20001485,0.263043,0.660870,0.076087,0.023392,0.066098,0.333333,0.172113,0.013072,0.065094,0.007439,0.003720,0.000000,0.278592,0.392962,0.240469,0.087977,0.427646,0.127430,0.265659,0.004320,0.127430,0.008639,0.008639,0.030238
N20001486,0.446043,0.501199,0.052758,0.038369,0.040767,0.235012,0.203837,0.007194,0.012039,0.002055,0.000000,0.000294,0.097643,0.245791,0.215488,0.441077,0.441247,0.196643,0.242206,0.007194,0.057554,0.007194,0.009592,0.038369
N20001487,0.240506,0.708861,0.050633,0.005063,0.053165,0.339241,0.232911,0.010127,0.050385,0.010797,0.010797,0.001440,0.260684,0.282051,0.226496,0.230769,0.449239,0.152284,0.172589,0.010152,0.139594,0.015228,0.022843,0.038071
N20001488,0.384211,0.500000,0.115789,0.057895,0.105263,0.194737,0.121053,0.005263,0.061654,0.010526,0.000000,0.001504,0.034965,0.223776,0.167832,0.573427,0.405263,0.126316,0.231579,0.005263,0.110526,0.031579,0.010526,0.078947
N20001489,0.334821,0.613095,0.052083,0.017385,0.048267,0.251863,0.268256,0.007452,0.025569,0.005479,0.005479,0.000731,0.179070,0.297674,0.279070,0.244186,0.421365,0.142433,0.262611,0.000000,0.106825,0.007418,0.022255,0.037092
N20001490,0.443503,0.471751,0.084746,0.028249,0.031073,0.211864,0.180791,0.011299,0.030728,0.005246,0.000000,0.000749,0.051383,0.304348,0.197628,0.446640,0.393768,0.121813,0.249292,0.016997,0.065156,0.014164,0.005666,0.133144
N20001491,0.490342,0.456166,0.053492,0.014786,0.044315,0.214815,0.134815,0.011852,0.040370,0.006667,0.001852,0.001481,0.300813,0.429268,0.167480,0.102439,0.356612,0.216939,0.230312,0.004458,0.109955,0.028232,0.016345,0.037147
N20001492,0.509569,0.409091,0.081340,0.032461,0.038007,0.166265,0.159036,0.014458,0.025106,0.004146,0.001152,0.000921,0.263819,0.354271,0.173367,0.208543,0.301435,0.191388,0.325359,0.014354,0.071770,0.014354,0.011962,0.069378
N20001493,0.453184,0.494382,0.052434,0.052434,0.014981,0.198502,0.187266,0.033708,0.050141,0.008561,0.000000,0.001223,0.139175,0.170103,0.252577,0.438144,0.436090,0.169173,0.263158,0.000000,0.052632,0.011278,0.003759,0.063910
N20001494,0.512195,0.432373,0.055432,0.033259,0.044346,0.159645,0.186253,0.002217,0.027390,0.005869,0.005869,0.000783,0.159011,0.392226,0.265018,0.183746,0.305987,0.261641,0.263858,0.008869,0.090909,0.011086,0.017738,0.039911
N20001495,0.326007,0.520147,0.153846,0.035566,0.031176,0.242647,0.176471,0.018382,0.035575,0.015138,0.000757,0.000000,0.000000,0.142857,0.133929,0.723214,0.509158,0.161172,0.205128,0.007326,0.087912,0.003663,0.000000,0.025641
N20001496,0.657692,0.284615,0.057692,0.034615,0.015385,0.073077,0.180769,0.000000,0.010633,0.004525,0.000226,0.000000,0.019900,0.129353,0.263682,0.587065,0.333333,0.191571,0.363985,0.015326,0.065134,0.011494,0.007663,0.011494
N20001497,0.429856,0.501799,0.068345,0.028777,0.055755,0.255396,0.138489,0.014388,0.030271,0.004999,0.001389,0.001111,0.312500,0.328629,0.209677,0.149194,0.410072,0.206835,0.233813,0.005396,0.066547,0.019784,0.003597,0.053957
N20001498,0.543340,0.405920,0.050740,0.019027,0.033827,0.167019,0.179704,0.000000,0.017535,0.007462,0.000373,0.000000,0.057803,0.202312,0.254335,0.485549,0.402954,0.170886,0.310127,0.008439,0.063291,0.010549,0.002110,0.031646
N20001499,0.355049,0.560261,0.084691,0.024984,0.056993,0.222222,0.238562,0.013072,0.020185,0.004325,0.004325,0.000577,0.042636,0.209302,0.151163,0.596899,0.553746,0.127036,0.192182,0.006515,0.068404,0.006515,0.003257,0.042345
N20001500,0.624434,0.266968,0.108597,0.010798,0.030605,0.109091,0.104545,0.000000,0.015709,0.006684,0.000334,0.000000,0.025907,0.227979,0.145078,0.601036,0.307692,0.244344,0.316742,0.000000,0.054299,0.013575,0.022624,0.040724
N20001501,0.476327,0.444763,0.078910,0.031564,0.051650,0.164993,0.179340,0.008608,0.032197,0.005317,0.001477,0.001182,0.167722,0.371835,0.199367,0.261076,0.318508,0.219512,0.295552,0.007174,0.083214,0.018651,0.022956,0.034433
N20001502,0.297297,0.603604,0.099099,0.007705,0.058355,0.246606,0.248869,0.002262,0.032606,0.006987,0.006987,0.000932,0.042373,0.152542,0.217514,0.587571,0.565611,0.101810,0.217195,0.000000,0.056561,0.009050,0.002262,0.047511
N20001503,0.474057,0.464623,0.061321,0.014151,0.044811,0.221698,0.169811,0.002358,0.020793,0.003434,0.000954,0.000763,0.146199,0.283626,0.304094,0.266082,0.382075,0.209906,0.308962,0.002358,0.075472,0.009434,0.004717,0.007075
N20001504,0.504488,0.385996,0.109515,0.043088,0.037702,0.159785,0.168761,0.003591,0.011168,0.004752,0.000238,0.000000,0.021739,0.197826,0.197826,0.582609,0.379496,0.140288,0.366906,0.012590,0.055755,0.005396,0.005396,0.034173
N20001505,0.439068,0.510753,0.050179,0.011011,0.034134,0.241007,0.201439,0.003597,0.023905,0.004447,0.001112,0.001112,0.129676,0.354115,0.309227,0.206983,0.391771,0.225403,0.236136,0.008945,0.085868,0.003578,0.019678,0.028623
N20001506,0.359914,0.584052,0.056034,0.027300,0.070013,0.254860,0.174946,0.021598,0.050200,0.008290,0.002303,0.001842,0.086514,0.302799,0.180662,0.430025,0.487069,0.090517,0.267241,0.008621,0.086207,0.023707,0.017241,0.019397
N20001507,0.636187,0.328794,0.035019,0.026050,0.022751,0.144250,0.122807,0.009747,0.020210,0.008600,0.000430,0.000000,0.007833,0.172324,0.167102,0.652742,0.380117,0.206628,0.317739,0.000000,0.044834,0.017544,0.009747,0.023392
N20001508,0.464384,0.469863,0.065753,0.034247,0.052055,0.221918,0.163014,0.006849,0.020349,0.003786,0.000946,0.000946,0.133005,0.402299,0.284072,0.180624,0.367123,0.220548,0.258904,0.008219,0.087671,0.020548,0.008219,0.028767
N20001509,0.619910,0.341629,0.038462,0.031674,0.015837,0.151584,0.153846,0.000000,0.014074,0.005989,0.000299,0.000000,0.040698,0.186047,0.284884,0.488372,0.352144,0.241535,0.277652,0.000000,0.058691,0.029345,0.013544,0.027088
N20001510,0.537572,0.404624,0.057803,0.027016,0.041860,0.193858,0.122841,0.009597,0.028512,0.005304,0.001326,0.001326,0.096419,0.303030,0.325069,0.275482,0.373077,0.238462,0.246154,0.013462,0.050000,0.015385,0.025000,0.038462
N20001511,0.305112,0.659744,0.035144,0.014377,0.039936,0.420128,0.137380,0.019169,0.036819,0.004208,0.002104,0.000000,0.233766,0.264069,0.400433,0.101732,0.487179,0.147436,0.227564,0.001603,0.110577,0.003205,0.009615,0.012821
N20001512,0.888158,0.085526,0.026316,0.019449,0.019881,0.043764,0.015317,0.000000,0.005604,0.000640,0.000320,0.000000,0.100515,0.242268,0.353093,0.304124,0.079295,0.574890,0.306167,0.006608,0.006608,0.011013,0.002203,0.013216
N20001513,0.573237,0.367089,0.059675,0.028111,0.025933,0.196751,0.110108,0.003610,0.026195,0.002994,0.001497,0.000000,0.149068,0.320911,0.393375,0.136646,0.332731,0.305606,0.209765,0.010850,0.066908,0.041591,0.023508,0.009042
N20001514,0.143654,0.716876,0.139470,0.030998,0.125777,0.279555,0.253129,0.006954,0.043475,0.007985,0.000000,0.000000,0.213303,0.405963,0.192661,0.188073,0.477051,0.058414,0.211405,0.013908,0.136300,0.002782,0.026426,0.073713
N20001515,0.174312,0.743119,0.082569,0.023282,0.111540,0.318078,0.254005,0.011442,0.040598,0.007457,0.000000,0.000000,0.163880,0.334448,0.173913,0.327759,0.545872,0.052752,0.229358,0.006881,0.112385,0.002294,0.027523,0.022936
N20001516,0.128931,0.768868,0.102201,0.013970,0.068081,0.395276,0.245669,0.003150,0.046673,0.005537,0.004483,0.000000,0.108268,0.316929,0.307087,0.267717,0.598746,0.014107,0.200627,0.006270,0.123824,0.001567,0.025078,0.029781
N20001517,0.287834,0.646884,0.065282,0.038576,0.044510,0.397626,0.115727,0.005935,0.068401,0.008115,0.006570,0.000000,0.153846,0.338462,0.288462,0.219231,0.458333,0.122024,0.235119,0.000000,0.122024,0.005952,0.035714,0.020833
N20001518,0.202561,0.674040,0.123399,0.021698,0.080107,0.322054,0.169195,0.007001,0.078771,0.009346,0.007566,0.000000,0.307346,0.434783,0.145427,0.112444,0.512821,0.081585,0.172494,0.017483,0.131702,0.004662,0.031469,0.047786
N20001519,0.132013,0.772277,0.095710,0.012808,0.063668,0.374172,0.298013,0.006623,0.024534,0.002911,0.002356,0.000000,0.034483,0.142241,0.280172,0.543103,0.567657,0.042904,0.207921,0.003300,0.141914,0.000000,0.016502,0.019802
N20001520,0.080000,0.838462,0.081538,0.010769,0.069231,0.470769,0.196923,0.009231,0.075993,0.009016,0.007299,0.000000,0.179487,0.371795,0.286325,0.162393,0.549231,0.040000,0.183077,0.003077,0.155385,0.001538,0.009231,0.058462
N20001521,0.214418,0.685767,0.099815,0.014787,0.086876,0.343808,0.195933,0.005545,0.043350,0.006526,0.002331,0.001398,0.211640,0.349206,0.238095,0.201058,0.505535,0.108856,0.210332,0.003690,0.090406,0.007380,0.033210,0.040590
N20001522,0.077364,0.782235,0.140401,0.008596,0.060172,0.378223,0.234957,0.002865,0.085736,0.012906,0.004609,0.002766,0.173745,0.297297,0.285714,0.243243,0.597701,0.043103,0.103448,0.008621,0.183908,0.008621,0.022989,0.031609
N20001523,0.044811,0.870283,0.084906,0.018807,0.075957,0.304965,0.434988,0.000000,0.043972,0.006619,0.002364,0.001418,0.021407,0.186544,0.275229,0.516820,0.665094,0.014151,0.139151,0.007075,0.146226,0.007075,0.002358,0.018868
N20001524,0.170213,0.686654,0.143133,0.036750,0.112186,0.294004,0.147002,0.003868,0.104802,0.015777,0.005635,0.003381,0.156448,0.420719,0.162791,0.260042,0.508704,0.027079,0.263056,0.001934,0.098646,0.005803,0.017408,0.077369
N20001525,0.164623,0.747811,0.087566,0.022767,0.075306,0.394046,0.147110,0.001751,0.104805,0.015777,0.005635,0.003381,0.300640,0.396588,0.240938,0.061834,0.520070,0.104712,0.164049,0.001745,0.127400,0.010471,0.026178,0.045375
N20001526,0.154989,0.764331,0.080679,0.014862,0.078556,0.424628,0.133758,0.008493,0.083227,0.006402,0.020121,0.009146,0.132022,0.401685,0.308989,0.157303,0.542553,0.040426,0.174468,0.006383,0.176596,0.008511,0.008511,0.042553
N20001527,0.102874,0.818457,0.078669,0.012103,0.078669,0.524962,0.136157,0.013616,0.045537,0.003503,0.011009,0.005004,0.162500,0.304167,0.387500,0.145833,0.552194,0.043873,0.177005,0.000000,0.184569,0.001513,0.004539,0.036309
N20001528,0.079819,0.823795,0.096386,0.012150,0.082442,0.463158,0.162406,0.006015,0.076842,0.005911,0.018577,0.008444,0.222649,0.241843,0.326296,0.209213,0.564955,0.051360,0.157100,0.013595,0.152568,0.006042,0.012085,0.042296
N20001529,0.063882,0.874693,0.061425,0.027027,0.085995,0.496314,0.162162,0.002457,0.089435,0.006880,0.021622,0.009828,0.209877,0.280864,0.317901,0.191358,0.555283,0.027027,0.184275,0.000000,0.159705,0.004914,0.031941,0.036855
N20001530,0.332888,0.592246,0.074866,0.014706,0.069519,0.258021,0.164439,0.000000,0.070968,0.002604,0.007813,0.018882,0.250909,0.287273,0.376364,0.085455,0.382353,0.153743,0.276738,0.002674,0.097594,0.021390,0.021390,0.044118
N20001531,0.670927,0.277955,0.051118,0.031949,0.038339,0.143770,0.031949,0.019169,0.031310,0.002408,0.007569,0.003441,0.246914,0.197531,0.209877,0.345679,0.269231,0.410256,0.227564,0.009615,0.022436,0.022436,0.000000,0.038462
N20001532,0.769882,0.204738,0.025381,0.024949,0.015549,0.109797,0.065878,0.000000,0.009459,0.000728,0.002287,0.001040,0.176221,0.246285,0.405520,0.171975,0.233108,0.429054,0.255068,0.003378,0.023649,0.032095,0.010135,0.013514
N20001533,0.084211,0.873684,0.042105,0.021218,0.041663,0.496063,0.244094,0.005249,0.061305,0.002250,0.006749,0.016310,0.225455,0.221818,0.436364,0.116364,0.616798,0.036745,0.204724,0.002625,0.104987,0.002625,0.015748,0.015748
N20001534,0.442857,0.497619,0.059524,-0.001057,0.060865,0.291169,0.112172,0.000000,0.023389,0.001799,0.005654,0.002570,0.180064,0.250804,0.427653,0.141479,0.429929,0.273159,0.185273,0.002375,0.078385,0.019002,0.002375,0.009501
N20001535,0.162630,0.750865,0.086505,0.009852,0.042532,0.319444,0.322917,0.010417,0.030423,0.011243,0.007275,0.006614,0.050209,0.121339,0.322176,0.506276,0.579861,0.045139,0.267361,0.000000,0.086806,0.003472,0.003472,0.013889
N20001536,0.145119,0.765172,0.089710,0.007916,0.050132,0.408971,0.208443,0.000000,0.053461,0.019758,0.012784,0.011622,0.076923,0.190476,0.358974,0.373626,0.608924,0.065617,0.181102,0.000000,0.112861,0.000000,0.005249,0.026247
N20001537,0.264151,0.679245,0.056604,0.017153,0.056604,0.367067,0.193825,0.008576,0.029119,0.010761,0.006963,0.006330,0.164706,0.200000,0.261176,0.374118,0.501712,0.164384,0.169521,0.003425,0.090753,0.003425,0.003425,0.063356
N20001538,0.801085,0.164557,0.034358,0.021302,0.003907,0.095668,0.063177,0.000000,0.001340,0.000125,0.000286,0.000054,0.213251,0.258799,0.397516,0.130435,0.161525,0.569873,0.170599,0.003630,0.047187,0.014519,0.003630,0.029038
N20001539,0.524523,0.425068,0.050409,0.019074,0.054496,0.235695,0.066757,0.005450,0.044358,0.001628,0.004883,0.011802,0.273205,0.301226,0.320490,0.105079,0.322888,0.365123,0.182561,0.006812,0.059946,0.008174,0.009537,0.044959
N20001540,0.819367,0.096834,0.083799,0.040968,0.022346,0.037244,0.020484,0.000000,0.011173,0.005157,0.000000,0.000430,0.132797,0.205231,0.338028,0.323944,0.096834,0.443203,0.191806,0.018622,0.014898,0.022346,0.000000,0.212291
N20001541,0.798658,0.154362,0.046980,0.033557,0.024609,0.038031,0.060403,0.000000,0.020880,0.009637,0.000000,0.000803,0.120548,0.265753,0.350685,0.263014,0.158837,0.362416,0.297539,0.002237,0.026846,0.046980,0.011186,0.093960
N20001542,0.591837,0.374150,0.034014,0.017973,0.021877,0.254545,0.059091,0.001136,0.027847,0.002599,0.005941,0.001114,0.204082,0.287172,0.371720,0.137026,0.282955,0.407955,0.200000,0.007955,0.068182,0.021591,0.000000,0.011364
N20001543,0.666197,0.254930,0.078873,0.038388,0.038637,0.144663,0.047753,0.001404,0.014981,0.006914,0.000000,0.000576,0.083799,0.208566,0.348231,0.359404,0.232068,0.407876,0.274262,0.001406,0.023910,0.015471,0.005626,0.039381
N20001544,0.462838,0.493243,0.043919,0.003378,0.038851,0.309122,0.069257,0.000000,0.056446,0.005268,0.012042,0.002258,0.178715,0.291165,0.409639,0.120482,0.383446,0.354730,0.172297,0.006757,0.038851,0.010135,0.011824,0.021959
N20001545,0.782961,0.196755,0.020284,0.020766,0.009763,0.119919,0.024390,0.000000,0.031695,0.002958,0.006762,0.001268,0.282443,0.287532,0.325700,0.104326,0.180527,0.494929,0.237323,0.018256,0.024341,0.026369,0.000000,0.018256
N20001546,0.908012,0.041543,0.050445,0.008902,0.011869,0.005935,0.020772,0.000000,0.002203,0.000206,0.000470,0.000088,0.226415,0.283019,0.384906,0.105660,0.053254,0.668639,0.168639,0.000000,0.029586,0.047337,0.017751,0.014793
N20001547,0.108527,0.715762,0.175711,0.025840,0.089147,0.279070,0.245478,0.021964,0.042358,0.032712,0.002936,0.002097,0.021978,0.208791,0.211931,0.557300,0.562016,0.025840,0.239018,0.002584,0.113695,0.014212,0.003876,0.038760
N20001548,0.325035,0.466113,0.208852,0.054316,0.075229,0.128453,0.133978,0.013812,0.095000,0.007616,0.009219,0.002806,0.252174,0.356522,0.188406,0.202899,0.322759,0.180690,0.213793,0.002759,0.081379,0.008276,0.034483,0.155862
N20001549,0.125813,0.691974,0.182213,0.019982,0.089382,0.311015,0.200864,0.002160,0.073381,0.005883,0.007121,0.002167,0.132979,0.324468,0.172872,0.369681,0.518438,0.028200,0.190889,0.004338,0.145336,0.008677,0.023861,0.080260
N20001550,0.124736,0.655391,0.219873,0.035941,0.078224,0.327696,0.194503,0.016913,0.020123,0.015541,0.001395,0.000996,0.027919,0.065990,0.131980,0.774112,0.619450,0.023256,0.234672,0.002114,0.057082,0.008457,0.004228,0.050740
N20001551,0.202381,0.610119,0.187500,0.020291,0.087731,0.250746,0.179104,0.017910,0.039462,0.030476,0.002735,0.001954,0.124031,0.189922,0.255814,0.430233,0.500000,0.062874,0.251497,0.005988,0.104790,0.002994,0.029940,0.041916
N20001552,0.217489,0.670404,0.112108,0.038917,0.085582,0.243304,0.276786,0.015625,0.031593,0.008585,0.004808,0.004121,0.074257,0.378713,0.240099,0.306931,0.565315,0.033784,0.202703,0.002252,0.114865,0.009009,0.011261,0.060811
N20001553,0.157687,0.672799,0.169514,0.035319,0.099115,0.259211,0.234211,0.011842,0.036181,0.027942,0.002508,0.001791,0.033183,0.119155,0.138763,0.708899,0.635526,0.050000,0.175000,0.001316,0.106579,0.000000,0.006579,0.025000
N20001554,0.144928,0.687371,0.167702,0.016563,0.078675,0.202899,0.314700,0.020704,0.037224,0.028747,0.002580,0.001843,0.030726,0.220670,0.195531,0.553073,0.650924,0.047228,0.160164,0.000000,0.102669,0.010267,0.006160,0.022587
N20001555,0.254032,0.610887,0.135081,0.049992,0.085635,0.248485,0.189899,0.004040,0.068637,0.005503,0.006661,0.002027,0.186944,0.323442,0.213650,0.275964,0.393145,0.090726,0.211694,0.012097,0.159274,0.010081,0.018145,0.104839
N20001556,0.148148,0.649832,0.202020,0.039674,0.107459,0.206780,0.281356,0.003390,0.032713,0.008889,0.004978,0.004267,0.173611,0.357639,0.291667,0.177083,0.400673,0.053872,0.249158,0.010101,0.138047,0.013468,0.037037,0.097643
N20001557,0.220065,0.640777,0.139159,0.016181,0.074434,0.244337,0.221683,0.017799,0.053093,0.014427,0.008079,0.006925,0.094306,0.386121,0.261566,0.258007,0.431118,0.055105,0.231767,0.003241,0.192869,0.006483,0.009724,0.069692
N20001558,0.249538,0.658041,0.092421,0.018911,0.086085,0.238007,0.184502,0.018450,0.108553,0.008703,0.010535,0.003206,0.363889,0.302778,0.211111,0.122222,0.413603,0.090074,0.251838,0.012868,0.119485,0.023897,0.044118,0.044118
N20001559,0.192575,0.628770,0.178654,0.032483,0.055684,0.236659,0.296984,0.002320,0.023883,0.006490,0.003634,0.003115,0.016349,0.149864,0.117166,0.716621,0.577726,0.025522,0.201856,0.000000,0.122970,0.011601,0.009281,0.051044
N20001560,0.271654,0.618110,0.110236,0.024618,0.084513,0.201581,0.211462,0.021739,0.081885,0.006565,0.007947,0.002419,0.273273,0.405405,0.162162,0.159159,0.432220,0.125737,0.243615,0.001965,0.106090,0.001965,0.033399,0.055010
N20001561,0.200418,0.649269,0.150313,0.016317,0.080232,0.171548,0.290795,0.014644,0.066322,0.017152,0.003430,0.005146,0.078947,0.223684,0.205263,0.492105,0.449791,0.037657,0.255230,0.000000,0.117155,0.014644,0.012552,0.112971
N20001562,0.231844,0.594972,0.173184,0.027933,0.086592,0.167598,0.206704,0.005587,0.101201,0.015919,0.009097,0.002274,0.162963,0.255556,0.248148,0.333333,0.435754,0.089385,0.192737,0.008380,0.078212,0.000000,0.019553,0.175978
N20001563,0.180769,0.682692,0.136538,0.013783,0.058892,0.230326,0.328215,0.011516,0.034576,0.009396,0.005262,0.004510,0.033097,0.163121,0.229314,0.574468,0.626204,0.030829,0.184971,0.003854,0.113680,0.001927,0.000000,0.038536
N20001564,0.169118,0.661765,0.169118,0.020699,0.087555,0.170316,0.313869,0.002433,0.063109,0.016321,0.003264,0.004896,0.006250,0.218750,0.168750,0.606250,0.565534,0.024272,0.250000,0.000000,0.123786,0.004854,0.000000,0.031553
N20001565,0.191344,0.646925,0.161731,0.036446,0.054670,0.257403,0.209567,0.013667,0.080420,0.020798,0.004160,0.006239,0.033133,0.186747,0.298193,0.481928,0.435080,0.043280,0.264237,0.000000,0.118451,0.006834,0.011390,0.120729
N20001566,0.253205,0.628205,0.118590,0.028846,0.054487,0.214744,0.323718,0.000000,0.022682,0.006164,0.003452,0.002959,0.050000,0.122727,0.186364,0.640909,0.549839,0.041801,0.244373,0.003215,0.096463,0.009646,0.019293,0.035370
N20001567,0.252155,0.625000,0.122845,0.034483,0.073276,0.252155,0.211207,0.006466,0.064503,0.010146,0.005798,0.001449,0.096463,0.237942,0.218650,0.446945,0.529158,0.082073,0.177106,0.002160,0.082073,0.010799,0.008639,0.107991
N20001568,0.440087,0.437908,0.122004,0.045752,0.095861,0.119826,0.141612,0.008715,0.054304,0.008796,0.003442,0.005354,0.119318,0.275568,0.258523,0.346591,0.334783,0.134783,0.284783,0.010870,0.073913,0.019565,0.010870,0.130435
N20001569,0.241287,0.678284,0.080429,0.011954,0.072951,0.272000,0.176000,0.008000,0.112794,0.018270,0.007149,0.011121,0.377778,0.323810,0.250794,0.047619,0.442667,0.077333,0.253333,0.010667,0.125333,0.008000,0.032000,0.050667
N20001570,0.343348,0.469957,0.186695,0.051502,0.092275,0.158798,0.148069,0.008584,0.049014,0.007710,0.004406,0.001101,0.146132,0.194842,0.197708,0.461318,0.366953,0.075107,0.253219,0.008584,0.047210,0.027897,0.032189,0.188841
N20001571,0.340541,0.524324,0.135135,0.019888,0.073237,0.184783,0.173913,0.010870,0.065821,0.007246,0.006643,0.001812,0.000000,0.153846,0.208791,0.637363,0.464865,0.070270,0.216216,0.000000,0.054054,0.016216,0.010811,0.167568
N20001572,0.261818,0.594545,0.143636,0.041417,0.095456,0.260474,0.169399,0.010929,0.041996,0.010861,0.002172,0.003258,0.154519,0.227405,0.230321,0.387755,0.501825,0.078467,0.173358,0.005474,0.087591,0.010949,0.014599,0.127737
N20001573,0.429126,0.444660,0.126214,0.025243,0.058252,0.120388,0.176699,0.005825,0.063065,0.010215,0.003997,0.006218,0.054863,0.314214,0.314214,0.316708,0.405825,0.133981,0.275728,0.007767,0.062136,0.009709,0.021359,0.083495
N20001574,0.517298,0.373970,0.108731,0.036244,0.034596,0.123558,0.179572,0.003295,0.026603,0.002929,0.002685,0.000732,0.009597,0.140115,0.238004,0.612284,0.354201,0.077430,0.210873,0.003295,0.070840,0.011532,0.008237,0.263591
N20001575,0.496552,0.404598,0.098851,0.034309,0.045330,0.144165,0.180778,0.000000,0.027714,0.003051,0.002797,0.000763,0.022222,0.208333,0.216667,0.552778,0.397701,0.131034,0.303448,0.002299,0.068966,0.000000,0.002299,0.094253
N20001576,0.411471,0.418953,0.169576,0.028013,0.065569,0.140351,0.112782,0.010025,0.072849,0.008020,0.007352,0.002005,0.105590,0.242236,0.180124,0.472050,0.339152,0.072319,0.194514,0.004988,0.089776,0.012469,0.027431,0.259352
N20001577,0.318841,0.597826,0.083333,0.032609,0.057971,0.304348,0.152174,0.014493,0.060175,0.004092,0.002407,0.002166,0.280255,0.363057,0.197452,0.159236,0.369565,0.115942,0.231884,0.032609,0.108696,0.025362,0.028986,0.086957
N20001578,0.280936,0.561873,0.157191,0.020067,0.063545,0.170569,0.183946,0.016722,0.102614,0.011297,0.010356,0.002824,0.054902,0.254902,0.109804,0.580392,0.434783,0.096990,0.260870,0.000000,0.103679,0.010033,0.010033,0.083612
N20001579,0.482890,0.418251,0.098859,0.026951,0.046603,0.103448,0.214559,0.011494,0.034029,0.003746,0.003434,0.000937,0.023041,0.175115,0.221198,0.580645,0.402299,0.164751,0.218391,0.000000,0.091954,0.015326,0.003831,0.103448
N20001580,0.284404,0.574312,0.141284,0.016514,0.058716,0.233028,0.207339,0.012844,0.047121,0.007632,0.002987,0.004646,0.077393,0.329939,0.256619,0.336049,0.454044,0.101103,0.215074,0.007353,0.141544,0.020221,0.001838,0.058824
N20001581,0.372807,0.535088,0.092105,0.040203,0.058064,0.166302,0.247265,0.015317,0.036361,0.005889,0.002305,0.003585,0.085366,0.246951,0.228659,0.439024,0.450766,0.105033,0.277899,0.002188,0.096280,0.013129,0.006565,0.048140
N20001582,0.222930,0.590234,0.186837,0.022503,0.082771,0.170576,0.211087,0.012793,0.098782,0.006717,0.003951,0.003556,0.296167,0.334495,0.139373,0.229965,0.502137,0.111111,0.170940,0.006410,0.076923,0.006410,0.012821,0.113248
N20001583,0.158590,0.779736,0.061674,0.014785,0.098320,0.351770,0.190265,0.013274,0.108407,0.010619,0.002655,0.004425,0.159664,0.406162,0.277311,0.156863,0.530837,0.059471,0.185022,0.011013,0.160793,0.004405,0.026432,0.022026
N20001584,0.239011,0.670330,0.090659,0.023752,0.092673,0.234332,0.234332,0.016349,0.079641,0.007802,0.001950,0.003251,0.201923,0.403846,0.230769,0.163462,0.427793,0.117166,0.231608,0.000000,0.130790,0.005450,0.035422,0.051771
N20001585,0.240530,0.636364,0.123106,0.036372,0.084379,0.198488,0.230624,0.030246,0.072929,0.010897,0.005030,0.003772,0.189655,0.426724,0.226293,0.157328,0.438563,0.098299,0.251418,0.003781,0.117202,0.009452,0.020794,0.060491
N20001586,0.268966,0.577011,0.154023,0.029885,0.064368,0.209195,0.193103,0.011494,0.086408,0.005876,0.003456,0.003111,0.099398,0.286145,0.274096,0.340361,0.443678,0.068966,0.227586,0.004598,0.094253,0.011494,0.002299,0.147126
N20001587,0.225670,0.606488,0.167842,0.024827,0.099466,0.198034,0.206461,0.005618,0.076300,0.011401,0.005262,0.003947,0.199115,0.364307,0.203540,0.233038,0.452750,0.057828,0.245416,0.005642,0.122708,0.004231,0.021157,0.090268
N20001588,0.278515,0.596817,0.124668,0.017301,0.058558,0.237467,0.179420,0.015831,0.090728,0.008888,0.002222,0.003703,0.172185,0.344371,0.182119,0.301325,0.450928,0.084881,0.278515,0.000000,0.082228,0.018568,0.021220,0.063660
N20001589,0.171975,0.716561,0.111465,0.025478,0.089172,0.235669,0.289809,0.009554,0.079394,0.007777,0.001944,0.003241,0.088106,0.352423,0.246696,0.312775,0.491256,0.071542,0.232114,0.001590,0.127186,0.003180,0.028617,0.044515
N20001590,0.205508,0.694915,0.099576,0.023305,0.095339,0.230932,0.228814,0.025424,0.100006,0.006800,0.004000,0.003600,0.226667,0.440000,0.143333,0.190000,0.440678,0.103814,0.203390,0.008475,0.150424,0.012712,0.031780,0.048729
N20001591,0.208054,0.654362,0.137584,0.031583,0.091337,0.247059,0.198319,0.008403,0.095493,0.006494,0.003820,0.003438,0.185355,0.377574,0.226545,0.210526,0.436242,0.068792,0.224832,0.011745,0.135906,0.006711,0.023490,0.092282
N20001592,0.265403,0.590047,0.144550,0.035545,0.061611,0.210900,0.220379,0.014218,0.071298,0.006984,0.001746,0.002910,0.182957,0.416040,0.258145,0.142857,0.390995,0.075829,0.279621,0.004739,0.099526,0.016588,0.040284,0.092417
N20001593,0.179487,0.694139,0.126374,0.014652,0.078755,0.289377,0.203297,0.010989,0.096041,0.009408,0.002352,0.003920,0.239035,0.436404,0.210526,0.114035,0.454212,0.075092,0.197802,0.003663,0.144689,0.007326,0.045788,0.071429
N20001594,0.191288,0.727273,0.081439,0.022407,0.082111,0.328273,0.203036,0.015180,0.086252,0.005865,0.003450,0.003105,0.192182,0.459283,0.169381,0.179153,0.501901,0.074144,0.205323,0.011407,0.121673,0.003802,0.017110,0.064639
N20001595,0.030488,0.826220,0.143293,0.012083,0.093091,0.365031,0.294479,0.003067,0.055548,0.008300,0.003831,0.002873,0.030418,0.152091,0.174905,0.642586,0.665644,0.006135,0.159509,0.003067,0.144172,0.003067,0.000000,0.018405
N20001596,0.162829,0.722039,0.115132,0.020206,0.107285,0.301639,0.168852,0.013115,0.103256,0.015429,0.007121,0.005341,0.396104,0.378788,0.138528,0.086580,0.547697,0.046053,0.194079,0.006579,0.100329,0.009868,0.041118,0.054276
N20001597,0.043357,0.909091,0.047552,0.019480,0.100102,0.356742,0.266854,0.012640,0.160413,0.005695,0.001898,0.004746,0.173038,0.277666,0.372233,0.177062,0.560839,0.050350,0.191608,0.013986,0.124476,0.005594,0.013986,0.039161
N20001598,0.024768,0.922601,0.052632,0.009336,0.092354,0.327160,0.432099,0.000000,0.065917,0.002340,0.000780,0.001950,0.251572,0.220126,0.220126,0.308176,0.586420,0.033951,0.188272,0.021605,0.120370,0.018519,0.018519,0.012346
N20001599,0.327078,0.536193,0.136729,0.066439,0.094704,0.191489,0.180851,0.010638,0.049562,0.004819,0.002753,0.001377,0.231939,0.254753,0.212928,0.300380,0.348525,0.093834,0.227882,0.016086,0.080429,0.005362,0.018767,0.209115
N20001600,0.036184,0.858553,0.105263,0.006481,0.046671,0.264026,0.475248,0.003300,0.051227,0.013058,0.002009,0.003013,0.035573,0.130435,0.142292,0.691700,0.686469,0.009901,0.198020,0.000000,0.069307,0.000000,0.003300,0.033003
N20001601,0.019608,0.868347,0.112045,0.002754,0.070595,0.339888,0.396067,0.014045,0.035296,0.008997,0.001384,0.002076,0.144144,0.306306,0.162162,0.387387,0.535411,0.011331,0.195467,0.000000,0.186969,0.005666,0.014164,0.050992
N20001602,0.042493,0.869688,0.087819,0.014164,0.113314,0.385269,0.254958,0.014164,0.062720,0.006119,0.024986,0.008159,0.222222,0.363636,0.207071,0.207071,0.507082,0.025496,0.198300,0.031161,0.138810,0.002833,0.062323,0.033994
N20001603,0.304813,0.545455,0.149733,0.034759,0.098930,0.176471,0.200535,0.013369,0.047562,0.004624,0.002642,0.001321,0.110092,0.366972,0.307339,0.215596,0.410188,0.131367,0.284182,0.010724,0.072386,0.010724,0.010724,0.069705
N20001604,0.234637,0.631285,0.134078,0.057515,0.112835,0.265683,0.154982,0.020295,0.065639,0.006382,0.003647,0.001823,0.247126,0.353448,0.114943,0.284483,0.407063,0.079926,0.267658,0.018587,0.085502,0.003717,0.040892,0.096654
N20001605,0.017699,0.929204,0.053097,0.005969,0.049438,0.337243,0.492669,0.002933,0.034681,0.008840,0.001360,0.002040,0.037453,0.205993,0.262172,0.494382,0.663717,0.002950,0.215339,0.000000,0.088496,0.000000,0.002950,0.026549
N20001606,0.044177,0.903614,0.052209,0.012177,0.071614,0.360000,0.404000,0.008000,0.044348,0.011304,0.001739,0.002609,0.074074,0.419753,0.253086,0.253086,0.546185,0.024096,0.200803,0.000000,0.160643,0.004016,0.024096,0.040161
N20001607,0.261745,0.592841,0.145414,0.029083,0.125280,0.201342,0.203579,0.020134,0.032080,0.006416,0.002807,0.001203,0.232639,0.343750,0.170139,0.253472,0.434004,0.147651,0.232662,0.020134,0.087248,0.020134,0.026846,0.031320
N20001608,0.292453,0.518868,0.188679,0.034591,0.078616,0.169811,0.226415,0.009434,0.026107,0.005221,0.002284,0.000979,0.085271,0.279070,0.131783,0.503876,0.446541,0.088050,0.245283,0.015723,0.110063,0.025157,0.003145,0.066038
N20001609,0.251479,0.650888,0.097633,0.023669,0.056213,0.292899,0.162722,0.026627,0.095893,0.009369,0.002756,0.004409,0.414474,0.325658,0.180921,0.078947,0.369822,0.106509,0.286982,0.005917,0.085799,0.035503,0.029586,0.079882
N20001610,0.214953,0.633645,0.151402,0.037383,0.102804,0.220561,0.196262,0.014953,0.074766,0.014953,0.006542,0.002804,0.313673,0.367292,0.160858,0.158177,0.404097,0.141527,0.216015,0.009311,0.094972,0.013035,0.054004,0.067039
N20001611,0.211720,0.663516,0.124764,0.035917,0.124764,0.245747,0.236295,0.009452,0.040309,0.003938,0.001158,0.001853,0.301587,0.314286,0.250794,0.133333,0.433962,0.103774,0.277358,0.005660,0.100000,0.007547,0.033962,0.037736
N20001612,0.262940,0.428571,0.308489,0.027403,0.067001,0.144628,0.159091,0.010331,0.035865,0.007173,0.003138,0.001345,0.043689,0.230583,0.118932,0.606796,0.485477,0.045643,0.284232,0.010373,0.068465,0.006224,0.010373,0.089212
N20001613,0.191150,0.718584,0.090265,0.030088,0.100885,0.318584,0.208850,0.030088,0.051327,0.005015,0.001475,0.002360,0.377724,0.401937,0.133172,0.087167,0.397869,0.104796,0.248668,0.001776,0.161634,0.008881,0.058615,0.017762
N20001614,0.203285,0.673511,0.123203,0.016427,0.112936,0.289528,0.221766,0.006160,0.036780,0.003593,0.001057,0.001691,0.135447,0.337176,0.141210,0.386167,0.549180,0.047131,0.223361,0.006148,0.073770,0.014344,0.024590,0.061475
N20001615,0.288288,0.512012,0.199700,0.033033,0.078078,0.175676,0.169670,0.009009,0.067877,0.006632,0.001950,0.003121,0.239601,0.381032,0.207987,0.171381,0.388889,0.109610,0.241742,0.012012,0.138138,0.025526,0.018018,0.066066
N20001616,0.350000,0.530357,0.119643,0.060714,0.100000,0.216071,0.144643,0.017857,0.045848,0.002969,0.001979,0.000990,0.322751,0.357143,0.119048,0.201058,0.330341,0.166966,0.289048,0.010772,0.102334,0.028725,0.023339,0.048474
N20001617,0.030488,0.886179,0.083333,0.010286,0.112441,0.474747,0.193939,0.020202,0.052182,0.005091,0.020788,0.006788,0.291667,0.250000,0.311111,0.147222,0.507071,0.010101,0.208081,0.000000,0.202020,0.018182,0.024242,0.030303
N20001618,0.221774,0.633065,0.145161,0.050403,0.108871,0.221774,0.213710,0.022177,0.056748,0.005544,0.001631,0.002609,0.402913,0.347087,0.123786,0.126214,0.356855,0.080645,0.310484,0.010081,0.120968,0.016129,0.030242,0.074597
N20001619,0.038660,0.863402,0.097938,0.012887,0.077320,0.510309,0.182990,0.000000,0.086156,0.003059,0.001020,0.002549,0.189964,0.315412,0.358423,0.136201,0.575835,0.015424,0.177378,0.002571,0.154242,0.007712,0.028278,0.038560
N20001620,0.286501,0.561983,0.151515,0.044077,0.126722,0.184573,0.176309,0.013774,0.053658,0.003474,0.002316,0.001158,0.206107,0.320611,0.190840,0.282443,0.325069,0.173554,0.305785,0.013774,0.101928,0.016529,0.022039,0.041322
N20001621,0.346809,0.514894,0.138298,0.049340,0.107721,0.151899,0.118143,0.006329,0.103074,0.013864,0.009042,0.004822,0.265060,0.415663,0.126506,0.192771,0.340426,0.204255,0.191489,0.008511,0.074468,0.023404,0.044681,0.112766
N20001622,0.273563,0.586207,0.140230,0.024715,0.060861,0.258065,0.225806,0.004608,0.029051,0.003907,0.002548,0.001359,0.068750,0.215625,0.159375,0.556250,0.453917,0.087558,0.292627,0.004608,0.080645,0.009217,0.013825,0.057604
N20001623,0.308017,0.588608,0.103376,0.026504,0.090708,0.210084,0.147059,0.029412,0.098579,0.006383,0.004255,0.002128,0.383978,0.339779,0.185083,0.091160,0.387712,0.173729,0.197034,0.014831,0.129237,0.033898,0.031780,0.031780
N20001624,0.338061,0.591017,0.070922,0.037825,0.054374,0.222222,0.186761,0.030733,0.085814,0.005556,0.003704,0.001852,0.413284,0.398524,0.129151,0.059041,0.338095,0.164286,0.292857,0.004762,0.102381,0.028571,0.040476,0.028571
N20001625,0.320000,0.540000,0.140000,0.028000,0.072000,0.196000,0.208000,0.016000,0.042497,0.002752,0.001834,0.000917,0.179348,0.211957,0.298913,0.309783,0.361446,0.216867,0.253012,0.004016,0.108434,0.016064,0.004016,0.036145
N20001626,0.321041,0.544469,0.134490,0.034085,0.094469,0.176087,0.191304,0.004348,0.061671,0.008295,0.005410,0.002885,0.120401,0.294314,0.163880,0.421405,0.415217,0.145652,0.236957,0.004348,0.082609,0.017391,0.017391,0.080435
N20001627,0.076682,0.776213,0.147105,0.018689,0.099097,0.405956,0.205329,0.006270,0.040742,0.004462,0.007566,0.006790,0.235698,0.297483,0.297483,0.169336,0.507812,0.056250,0.212500,0.004687,0.143750,0.010937,0.029687,0.034375
N20001628,0.461538,0.482517,0.055944,0.034965,0.111888,0.101399,0.132867,0.027972,0.088684,0.009096,0.003411,0.007201,0.515957,0.345745,0.063830,0.074468,0.249123,0.315789,0.221053,0.000000,0.084211,0.042105,0.028070,0.059649
N20001629,0.261168,0.580756,0.158076,0.074094,0.090960,0.258503,0.156463,0.017007,0.045566,0.006129,0.003997,0.002132,0.108844,0.455782,0.176871,0.258503,0.391753,0.123711,0.264605,0.006873,0.123711,0.010309,0.024055,0.054983
N20001630,0.398268,0.428571,0.173160,0.046217,0.074360,0.105832,0.118790,0.036717,0.073185,0.009844,0.006420,0.003424,0.195349,0.516279,0.086047,0.202326,0.248380,0.272138,0.278618,0.004320,0.062635,0.017279,0.015119,0.101512
N20001631,0.356223,0.557940,0.085837,0.039307,0.093272,0.137045,0.171306,0.027837,0.105120,0.010782,0.004043,0.008535,0.373219,0.333333,0.168091,0.125356,0.331197,0.222222,0.235043,0.006410,0.074786,0.023504,0.034188,0.072650
N20001632,0.343354,0.575949,0.080696,0.042245,0.111607,0.234548,0.131537,0.022187,0.062239,0.006383,0.002394,0.005054,0.380805,0.396285,0.126935,0.095975,0.310127,0.243671,0.256329,0.015823,0.090190,0.018987,0.037975,0.026899
N20001633,0.385768,0.378277,0.235955,0.052434,0.082397,0.110487,0.076779,0.028090,0.063455,0.008535,0.005566,0.002969,0.030075,0.710526,0.073308,0.186090,0.195122,0.270169,0.279550,0.000000,0.080675,0.037523,0.033771,0.103189
N20001634,0.170968,0.735484,0.093548,0.026040,0.091361,0.334944,0.172303,0.009662,0.087019,0.009531,0.016161,0.014503,0.232184,0.349425,0.220690,0.197701,0.441935,0.087097,0.264516,0.012903,0.112903,0.009677,0.033871,0.037097
N20001635,0.399671,0.440789,0.159539,0.052060,0.076704,0.187809,0.095552,0.014827,0.053916,0.005530,0.002074,0.004378,0.300216,0.429806,0.161987,0.107991,0.307566,0.220395,0.238487,0.003289,0.088816,0.034539,0.021382,0.085526
N20001636,0.065089,0.842209,0.092702,0.018030,0.079464,0.464706,0.201961,0.001961,0.057882,0.005647,0.023059,0.007529,0.159091,0.290404,0.257576,0.292929,0.533465,0.013780,0.175197,0.003937,0.204724,0.000000,0.035433,0.033465
N20001637,0.369919,0.560976,0.069106,0.040675,0.070178,0.220859,0.143149,0.016360,0.090351,0.009267,0.003475,0.007336,0.574675,0.250000,0.094156,0.081169,0.319018,0.245399,0.282209,0.008180,0.067485,0.016360,0.020450,0.040900
N20001638,0.390769,0.455385,0.153846,0.048219,0.059071,0.135177,0.150538,0.029186,0.066611,0.006832,0.002562,0.005409,0.313692,0.357019,0.157712,0.171577,0.341014,0.219662,0.218126,0.007680,0.059908,0.041475,0.033794,0.078341
N20001639,0.028777,0.879496,0.091727,0.005396,0.039568,0.510791,0.253597,0.000000,0.042683,0.013204,0.011669,0.007984,0.124722,0.305122,0.365256,0.204900,0.655856,0.005405,0.165766,0.001802,0.129730,0.003604,0.007207,0.030631
N20001640,0.099788,0.845011,0.055202,0.017161,0.069587,0.457627,0.201271,0.004237,0.076809,0.008412,0.014265,0.012802,0.259843,0.307087,0.248031,0.185039,0.597015,0.042644,0.223881,0.006397,0.078891,0.006397,0.008529,0.036247
N20001641,0.057348,0.853047,0.089606,0.014337,0.075269,0.501792,0.146953,0.003584,0.077151,0.007527,0.030735,0.010036,0.288462,0.197115,0.288462,0.225962,0.539286,0.032143,0.200000,0.010714,0.182143,0.007143,0.003571,0.025000
N20001642,0.026210,0.889113,0.084677,0.003987,0.040628,0.286869,0.496970,0.000000,0.036528,0.011300,0.009986,0.006833,0.038860,0.238342,0.186528,0.536269,0.684848,0.010101,0.125253,0.004040,0.137374,0.008081,0.010101,0.020202
N20001643,0.087193,0.839237,0.073569,0.016155,0.090603,0.382514,0.259563,0.000000,0.065533,0.006393,0.026107,0.008525,0.102273,0.340909,0.344697,0.212121,0.553134,0.043597,0.174387,0.021798,0.152589,0.000000,0.027248,0.027248
N20001644,0.043236,0.853556,0.103208,0.008368,0.090656,0.418410,0.210600,0.006974,0.086817,0.009508,0.016123,0.014469,0.188034,0.297436,0.287179,0.227350,0.599721,0.012552,0.186890,0.005579,0.157601,0.005579,0.001395,0.030683
N20001645,0.117424,0.801136,0.081439,0.007783,0.056335,0.510397,0.134216,0.003781,0.054475,0.016852,0.014892,0.010189,0.217500,0.192500,0.367500,0.222500,0.587902,0.045369,0.177694,0.000000,0.147448,0.001890,0.009452,0.030246
N20001646,0.048611,0.868056,0.083333,0.006944,0.045139,0.402778,0.305556,0.003472,0.062782,0.019422,0.017164,0.011743,0.146667,0.231111,0.373333,0.248889,0.650519,0.020761,0.211073,0.006920,0.083045,0.000000,0.003460,0.024221
N20001647,0.087523,0.834264,0.078212,0.011173,0.061453,0.426443,0.253259,0.007449,0.058596,0.006418,0.010882,0.009766,0.232804,0.272487,0.293651,0.201058,0.579143,0.039106,0.160149,0.001862,0.150838,0.001862,0.029795,0.037244
N20001648,0.103679,0.839465,0.056856,0.023411,0.110368,0.421405,0.207358,0.013378,0.049134,0.015200,0.013432,0.009191,0.153509,0.289474,0.372807,0.184211,0.494983,0.056856,0.257525,0.000000,0.137124,0.000000,0.026756,0.026756
N20001649,0.098870,0.824859,0.076271,0.008475,0.073446,0.508475,0.132768,0.000000,0.062250,0.019257,0.017018,0.011644,0.131086,0.265918,0.310861,0.292135,0.500000,0.019774,0.285311,0.011299,0.129944,0.011299,0.022599,0.019774
N20001650,0.078431,0.843137,0.078431,0.005602,0.058824,0.613445,0.098039,0.005602,0.037986,0.011751,0.010385,0.007105,0.076642,0.295620,0.368613,0.259124,0.640669,0.047354,0.167131,0.002786,0.094708,0.002786,0.005571,0.038997
N20001651,0.574468,0.198582,0.226950,0.117325,0.070010,0.007143,0.078571,0.035714,0.005804,0.000595,0.000149,0.000595,0.208333,0.416667,0.281250,0.093750,0.099291,0.304965,0.319149,0.028369,0.028369,0.014184,0.021277,0.184397
N20001652,0.522772,0.441584,0.035644,0.021782,0.027723,0.124752,0.255446,0.000000,0.027672,0.002853,0.000285,0.002853,0.192982,0.277778,0.318713,0.210526,0.330693,0.304950,0.227723,0.009901,0.047525,0.025743,0.015842,0.037624
N20001653,0.788069,0.172684,0.039246,0.070440,0.021358,0.054602,0.060842,0.003120,0.029287,0.003475,0.000000,0.000000,0.415888,0.273364,0.242991,0.067757,0.132812,0.565625,0.168750,0.003125,0.014063,0.035937,0.025000,0.054688
N20001654,0.718254,0.194444,0.087302,0.023810,0.051587,0.055556,0.083333,0.000000,0.003547,0.000421,0.000000,0.000000,0.065728,0.103286,0.178404,0.652582,0.237154,0.367589,0.272727,0.015810,0.031621,0.011858,0.000000,0.063241
N20001655,0.762565,0.176776,0.060659,0.056175,0.023063,0.069085,0.051813,0.000000,0.029335,0.003480,0.000000,0.000000,0.273349,0.252847,0.328018,0.145786,0.170435,0.506087,0.205217,0.006957,0.041739,0.020870,0.005217,0.043478
N20001656,0.806162,0.130937,0.062901,0.043646,0.030809,0.037227,0.050064,0.003851,0.008033,0.000953,0.000000,0.000000,0.158779,0.326718,0.296183,0.218321,0.119537,0.526992,0.213368,0.007712,0.028278,0.034704,0.008997,0.060411
N20001657,0.716867,0.225904,0.057229,0.051205,0.045181,0.093373,0.051205,0.012048,0.019578,0.002008,0.000502,0.002008,0.300000,0.270588,0.305882,0.123529,0.211940,0.474627,0.185075,0.026866,0.029851,0.026866,0.014925,0.029851
N20001658,0.183422,0.726631,0.089947,0.024411,0.110024,0.371025,0.178445,0.003534,0.052285,0.005390,0.000539,0.005390,0.135514,0.261682,0.432243,0.170561,0.544974,0.091711,0.222222,0.003527,0.086420,0.015873,0.005291,0.029982
N20001659,0.617729,0.265928,0.116343,0.041551,0.066482,0.096953,0.063712,0.002770,0.029259,0.003001,0.000750,0.003001,0.277311,0.222689,0.210084,0.289916,0.218837,0.382271,0.210526,0.008310,0.047091,0.033241,0.036011,0.063712
N20001660,0.782561,0.174393,0.043046,0.039735,0.027594,0.044150,0.082781,0.000000,0.017760,0.002107,0.000000,0.000000,0.183805,0.244216,0.255784,0.316195,0.182119,0.472406,0.229581,0.009934,0.022075,0.025386,0.011038,0.047461
N20001661,0.774775,0.159159,0.066066,0.048048,0.054054,0.051051,0.048048,0.000000,0.004880,0.000501,0.000125,0.000501,0.100806,0.318548,0.205645,0.375000,0.186186,0.447447,0.234234,0.009009,0.021021,0.015015,0.003003,0.084084
N20001662,0.717063,0.187905,0.095032,0.049676,0.034557,0.060475,0.071274,0.002160,0.015794,0.001620,0.000405,0.001620,0.063636,0.136364,0.200000,0.600000,0.227273,0.400433,0.277056,0.006494,0.021645,0.017316,0.012987,0.036797
N20001663,0.790429,0.153465,0.056106,0.046205,0.028053,0.061056,0.047855,0.006601,0.008045,0.000825,0.000206,0.000825,0.038462,0.215812,0.254274,0.491453,0.165846,0.418719,0.315271,0.001642,0.034483,0.029557,0.008210,0.026273
N20001664,0.683511,0.265957,0.050532,0.034574,0.039894,0.079787,0.122340,0.000000,0.019448,0.001995,0.000499,0.001995,0.207273,0.323636,0.200000,0.269091,0.300532,0.343085,0.265957,0.002660,0.010638,0.026596,0.013298,0.037234
N20001665,0.870968,0.082437,0.046595,0.028392,0.018037,0.016100,0.028623,0.000000,0.016176,0.001668,0.000167,0.001668,0.160550,0.252294,0.415138,0.172018,0.105735,0.525090,0.277778,0.003584,0.012545,0.025090,0.001792,0.048387
N20001666,0.261538,0.640385,0.098077,0.019231,0.086538,0.271154,0.219231,0.001923,0.050587,0.005215,0.000522,0.005215,0.188862,0.246973,0.380145,0.184019,0.479846,0.128599,0.241843,0.003839,0.092131,0.009597,0.015355,0.028791
N20001667,0.885514,0.070093,0.044393,0.044393,0.018692,0.002336,0.018692,0.002336,0.020802,0.001809,0.005427,0.000000,0.285223,0.247423,0.288660,0.178694,0.053864,0.557377,0.290398,0.007026,0.018735,0.028103,0.009368,0.035129
N20001668,0.776213,0.178404,0.045383,0.036743,0.031758,0.051482,0.057722,0.003120,0.028213,0.002909,0.000291,0.002909,0.229645,0.275574,0.352818,0.141962,0.148670,0.483568,0.248826,0.007825,0.020344,0.050078,0.003130,0.037559
N20001669,0.062370,0.792100,0.145530,0.008203,0.079600,0.406250,0.195833,0.006250,0.082237,0.014011,0.003655,0.004264,0.133676,0.200514,0.323907,0.341902,0.604990,0.006237,0.216216,0.004158,0.130977,0.000000,0.002079,0.035343
N20001670,0.267760,0.631148,0.101093,0.034883,0.047586,0.312329,0.205479,0.002740,0.049748,0.008476,0.002211,0.002580,0.184669,0.212544,0.397213,0.205575,0.448087,0.112022,0.234973,0.000000,0.106557,0.035519,0.024590,0.038251
N20001671,0.334123,0.601896,0.063981,0.024431,0.029792,0.189125,0.300236,0.000000,0.065323,0.011129,0.002903,0.003387,0.073099,0.128655,0.353801,0.444444,0.483412,0.172986,0.220379,0.000000,0.094787,0.002370,0.002370,0.023697
N20001672,0.047231,0.884365,0.068404,0.004955,0.069731,0.427642,0.281301,0.003252,0.080873,0.013778,0.003594,0.004193,0.079918,0.284836,0.356557,0.278689,0.586319,0.017915,0.174267,0.000000,0.184039,0.004886,0.016287,0.016287
N20001673,0.923469,0.057823,0.018707,0.025510,0.022109,0.006803,0.010204,0.000000,0.013880,0.001207,0.003621,0.000000,0.227273,0.260101,0.338384,0.174242,0.085324,0.559727,0.252560,0.005119,0.008532,0.049488,0.008532,0.030717
N20001674,0.167457,0.753555,0.078989,0.011901,0.051967,0.447619,0.133333,0.001587,0.086924,0.003779,0.008503,0.019841,0.151631,0.280230,0.437620,0.130518,0.484992,0.064771,0.262243,0.011058,0.118483,0.017378,0.020537,0.020537
N20001675,0.938230,0.036728,0.025042,0.024897,0.010061,0.005000,0.006667,0.001667,0.009892,0.000860,0.002581,0.000000,0.160271,0.214447,0.480813,0.144470,0.040067,0.657763,0.235392,0.005008,0.011686,0.021703,0.010017,0.018364
N20001676,0.625678,0.325497,0.048825,0.020942,0.046809,0.143898,0.078324,0.001821,0.039899,0.001735,0.003903,0.009107,0.166297,0.303769,0.339246,0.190687,0.255898,0.333938,0.288566,0.003630,0.090744,0.010889,0.005445,0.010889
N20001677,0.925081,0.035831,0.039088,0.051295,0.016413,0.009709,0.009709,0.000000,0.000000,0.000000,0.000000,0.000000,0.167488,0.349754,0.251232,0.231527,0.077922,0.577922,0.233766,0.000000,0.022727,0.016234,0.006494,0.064935
N20001678,0.864494,0.089194,0.046312,0.010542,0.006720,0.056701,0.015464,0.000000,0.007527,0.000327,0.000736,0.001718,0.184486,0.209644,0.431866,0.174004,0.116838,0.450172,0.352234,0.000000,0.017182,0.034364,0.006873,0.022337
N20001679,0.972678,0.021858,0.005464,0.024449,0.013684,0.005450,0.000000,0.000000,0.002725,0.000000,0.000000,0.000000,0.156364,0.240000,0.360000,0.243636,0.065574,0.603825,0.248634,0.010929,0.005464,0.027322,0.002732,0.035519
N20001680,0.926916,0.051693,0.021390,0.042164,0.007367,0.015957,0.024823,0.001773,0.001773,0.000000,0.000000,0.000000,0.263566,0.348837,0.258398,0.129199,0.096429,0.607143,0.189286,0.000000,0.003571,0.039286,0.014286,0.050000
N20001681,0.944338,0.042226,0.013436,0.032460,0.007744,0.013410,0.015326,0.000000,0.004196,0.000182,0.000411,0.000958,0.104213,0.281596,0.423503,0.190687,0.051823,0.600768,0.285988,0.000000,0.005758,0.023033,0.013436,0.019194
N20001682,0.946667,0.037333,0.016000,0.041905,0.002942,0.002646,0.013228,0.005291,0.013228,0.000000,0.000000,0.000000,0.078431,0.300654,0.281046,0.339869,0.045576,0.613941,0.241287,0.021448,0.008043,0.024129,0.002681,0.042895
N20001683,0.881398,0.096130,0.022472,0.016230,0.021223,0.046192,0.013733,0.000000,0.010939,0.000476,0.001070,0.002497,0.160550,0.285933,0.394495,0.159021,0.104869,0.599251,0.232210,0.006242,0.008739,0.027466,0.007491,0.013733
N20001684,0.935083,0.041436,0.023481,0.038531,0.015230,0.020690,0.002759,0.000000,0.002759,0.000000,0.000000,0.000000,0.313830,0.273050,0.290780,0.122340,0.063536,0.628453,0.234807,0.011050,0.002762,0.029006,0.002762,0.027624
N20001685,0.133333,0.781395,0.085271,0.006004,0.084190,0.420807,0.164596,0.003106,0.064514,0.021505,0.012903,0.009775,0.188285,0.242678,0.374477,0.194561,0.544186,0.063566,0.231008,0.007752,0.079070,0.023256,0.020155,0.031008
N20001686,0.124031,0.790698,0.085271,0.016722,0.072191,0.430793,0.115086,0.004666,0.105388,0.010978,0.029640,0.021956,0.371739,0.306522,0.128261,0.193478,0.528771,0.059098,0.189736,0.010886,0.167963,0.001555,0.020218,0.021773
N20001687,0.182796,0.689964,0.127240,0.013731,0.074856,0.318345,0.178058,0.000000,0.067199,0.014084,0.020119,0.017303,0.136456,0.325866,0.244399,0.293279,0.526032,0.050269,0.175943,0.000000,0.145422,0.007181,0.008977,0.086176
N20001688,0.128878,0.747017,0.124105,0.016438,0.055629,0.342105,0.239234,0.002392,0.060944,0.012773,0.018247,0.015692,0.111413,0.285326,0.307065,0.296196,0.553699,0.045346,0.183771,0.000000,0.138425,0.004773,0.002387,0.071599
N20001689,0.187599,0.739269,0.073132,0.022520,0.091650,0.417460,0.111111,0.006349,0.070713,0.007366,0.019888,0.014732,0.130926,0.408578,0.268623,0.191874,0.494436,0.052464,0.257552,0.003180,0.128776,0.004769,0.019078,0.039746
N20001690,0.111429,0.714286,0.174286,0.014286,0.100000,0.268571,0.185714,0.014286,0.082489,0.017288,0.024697,0.021240,0.046154,0.226923,0.250000,0.476923,0.586402,0.014164,0.226629,0.002833,0.124646,0.008499,0.011331,0.025496
N20001691,0.136691,0.733813,0.129496,0.029035,0.075918,0.346890,0.167464,0.009569,0.084060,0.008756,0.023642,0.017513,0.200000,0.240741,0.225926,0.333333,0.563246,0.066826,0.169451,0.007160,0.138425,0.007160,0.021480,0.026253
N20001692,0.166929,0.740157,0.092913,0.028346,0.078740,0.343307,0.138583,0.020472,0.090041,0.018871,0.026958,0.023184,0.206831,0.282732,0.256167,0.254269,0.537618,0.056426,0.224138,0.015674,0.117555,0.007837,0.006270,0.034483
N20001693,0.060504,0.784874,0.154622,0.006903,0.069631,0.376884,0.241206,0.000000,0.042348,0.033630,0.014947,0.006228,0.020161,0.147177,0.137097,0.695565,0.654941,0.011725,0.160804,0.006700,0.122278,0.000000,0.001675,0.041876
N20001694,0.211221,0.597360,0.191419,0.019802,0.089109,0.290429,0.161716,0.006601,0.021579,0.017136,0.007616,0.003173,0.087649,0.390438,0.155378,0.366534,0.478548,0.039604,0.264026,0.000000,0.138614,0.006601,0.036304,0.036304
N20001695,0.128954,0.734793,0.136253,0.004866,0.085158,0.374696,0.184915,0.012165,0.044076,0.009237,0.013196,0.011349,0.053512,0.197324,0.227425,0.521739,0.591241,0.051095,0.187348,0.000000,0.138686,0.004866,0.007299,0.019465
N20001696,0.116190,0.771429,0.112381,0.017143,0.116190,0.398095,0.133333,0.015238,0.063727,0.015106,0.020298,0.009441,0.235872,0.388206,0.218673,0.157248,0.483810,0.041905,0.209524,0.005714,0.184762,0.015238,0.013333,0.045714
N20001697,0.168050,0.734440,0.097510,0.016598,0.107884,0.342324,0.188797,0.006224,0.052363,0.012412,0.016679,0.007758,0.126316,0.286842,0.347368,0.239474,0.532225,0.029106,0.226611,0.002079,0.112266,0.010395,0.022869,0.064449
N20001698,0.191344,0.651481,0.157175,0.035738,0.120588,0.247140,0.205950,0.002288,0.032917,0.026140,0.011618,0.004841,0.077586,0.209770,0.235632,0.477011,0.466819,0.073227,0.283753,0.004577,0.091533,0.011442,0.004577,0.064073
N20001699,0.110251,0.767892,0.121857,0.025145,0.079304,0.369439,0.164410,0.017408,0.086168,0.008976,0.024235,0.017952,0.248521,0.340237,0.136095,0.275148,0.506744,0.053950,0.221580,0.005780,0.131021,0.000000,0.026975,0.053950
N20001700,0.180851,0.710106,0.109043,0.023936,0.130319,0.316489,0.146277,0.002660,0.049850,0.039587,0.017594,0.007331,0.072398,0.212670,0.208145,0.506787,0.510638,0.042553,0.260638,0.002660,0.103723,0.005319,0.002660,0.071809
N20001701,0.175127,0.659898,0.164975,0.020697,0.100405,0.316456,0.169620,0.000000,0.043093,0.010215,0.013726,0.006384,0.017910,0.065672,0.173134,0.743284,0.585859,0.030303,0.161616,0.002525,0.085859,0.000000,0.010101,0.123737
N20001702,0.233333,0.660256,0.106410,0.015385,0.064103,0.316667,0.179487,0.005128,0.047925,0.013693,0.027712,0.005542,0.105344,0.265649,0.302290,0.326718,0.480818,0.038363,0.276215,0.007673,0.139386,0.007673,0.016624,0.033248
N20001703,0.514019,0.261682,0.224299,0.037383,0.070093,0.107477,0.051402,0.000000,0.014258,0.011323,0.005032,0.002097,0.082278,0.170886,0.227848,0.518987,0.313364,0.101382,0.419355,0.004608,0.050691,0.013825,0.032258,0.064516
N20001704,0.070288,0.814696,0.115016,0.012595,0.080722,0.487179,0.150641,0.003205,0.054557,0.012932,0.017377,0.008082,0.084444,0.168889,0.311111,0.435556,0.634615,0.012821,0.208333,0.000000,0.092949,0.003205,0.019231,0.028846
N20001705,0.092308,0.813187,0.094505,0.008974,0.109239,0.438596,0.135965,0.004386,0.074191,0.024730,0.014838,0.011241,0.127596,0.356083,0.305638,0.210682,0.567033,0.032967,0.178022,0.000000,0.116484,0.004396,0.037363,0.063736
N20001706,0.122363,0.748945,0.128692,0.016878,0.078059,0.388186,0.126582,0.004219,0.089158,0.021134,0.028398,0.013209,0.158879,0.227414,0.252336,0.361371,0.597046,0.042194,0.183544,0.006329,0.124473,0.008439,0.002110,0.035865
N20001707,0.067146,0.812950,0.119904,0.004796,0.062350,0.390887,0.258993,0.011990,0.052663,0.017554,0.010533,0.007979,0.085627,0.183486,0.250765,0.480122,0.617788,0.031250,0.197115,0.004808,0.125000,0.000000,0.000000,0.024038
N20001708,0.123791,0.723404,0.152805,0.016099,0.104173,0.361538,0.163462,0.001923,0.054787,0.018262,0.010957,0.008301,0.211663,0.334773,0.272138,0.181425,0.533589,0.034549,0.211132,0.005758,0.155470,0.003839,0.005758,0.049904
N20001709,0.200820,0.698770,0.100410,0.038934,0.114754,0.325820,0.143443,0.004098,0.055898,0.015971,0.032322,0.006464,0.164444,0.311111,0.293333,0.231111,0.448770,0.065574,0.241803,0.000000,0.168033,0.014344,0.010246,0.051230
N20001710,0.165545,0.729475,0.104980,0.017497,0.072678,0.305518,0.183042,0.004038,0.082946,0.023699,0.047962,0.009592,0.184962,0.407519,0.225564,0.181955,0.516824,0.045760,0.232840,0.001346,0.148048,0.014805,0.020188,0.020188
N20001711,0.160237,0.786350,0.053412,0.035608,0.056380,0.412463,0.192878,0.002967,0.061458,0.017559,0.035537,0.007107,0.239130,0.360870,0.221739,0.178261,0.551929,0.062315,0.163205,0.020772,0.157270,0.005935,0.002967,0.035608
N20001712,0.100000,0.817391,0.082609,0.000000,0.076087,0.476087,0.091304,0.006522,0.099300,0.008511,0.024589,0.034991,0.130682,0.267045,0.352273,0.250000,0.598698,0.065076,0.197397,0.002169,0.093275,0.004338,0.010846,0.028200
N20001713,0.108303,0.725632,0.166065,0.016411,0.076983,0.356757,0.163964,0.009009,0.070581,0.023527,0.014116,0.010694,0.064706,0.313725,0.300000,0.321569,0.579710,0.016304,0.239130,0.009058,0.128623,0.000000,0.014493,0.012681
N20001714,0.147343,0.785024,0.067633,0.007246,0.045894,0.521739,0.070048,0.007246,0.069173,0.008318,0.021014,0.041591,0.127726,0.327103,0.395639,0.149533,0.601449,0.077295,0.171498,0.000000,0.086957,0.009662,0.014493,0.038647
N20001715,0.525504,0.434164,0.040332,0.017171,0.053211,0.245238,0.065476,0.000000,0.045421,0.002341,0.018262,0.004214,0.199367,0.232595,0.430380,0.137658,0.276066,0.281991,0.290284,0.002370,0.088863,0.020142,0.016588,0.023697
N20001716,0.422424,0.502831,0.074745,0.021518,0.046433,0.276331,0.067950,0.009060,0.066644,0.003435,0.026795,0.006183,0.194805,0.256854,0.411255,0.137085,0.329558,0.225368,0.265006,0.004530,0.093998,0.031710,0.010193,0.039638
N20001717,0.116197,0.795775,0.088028,0.003521,0.038732,0.457746,0.070423,0.007042,0.109529,0.013171,0.033275,0.065856,0.144186,0.316279,0.339535,0.200000,0.580986,0.070423,0.172535,0.003521,0.126761,0.000000,0.007042,0.038732
N20001718,0.925806,0.048387,0.025806,0.012903,0.009677,0.019355,0.000000,0.000000,0.011482,0.000984,0.002843,0.004046,0.098765,0.213992,0.362140,0.325103,0.064725,0.563107,0.278317,0.000000,0.006472,0.012945,0.006472,0.067961
N20001719,0.960854,0.019573,0.019573,0.010676,0.003559,0.007117,0.003559,0.000000,0.003167,0.000271,0.000784,0.001116,0.160079,0.270751,0.436759,0.132411,0.035587,0.640569,0.236655,0.000000,0.007117,0.037367,0.005338,0.037367
N20001720,0.213618,0.734312,0.052069,0.007227,0.059213,0.456724,0.089214,0.002663,0.062458,0.007511,0.018975,0.037554,0.248322,0.250000,0.355705,0.145973,0.514019,0.104139,0.228304,0.000000,0.098798,0.010681,0.020027,0.024032
N20001721,0.376114,0.556150,0.067736,0.021390,0.053476,0.292335,0.124777,0.012478,0.038889,0.016762,0.012739,0.004693,0.152542,0.315678,0.252119,0.279661,0.468806,0.162210,0.226381,0.005348,0.074866,0.024955,0.021390,0.016043
N20001722,0.500645,0.458065,0.041290,0.009032,0.030968,0.263226,0.080000,0.002581,0.048223,0.004133,0.011941,0.016993,0.142405,0.262658,0.476266,0.118671,0.357786,0.319176,0.223938,0.002574,0.061776,0.012870,0.012870,0.009009
N20001723,0.303704,0.637037,0.059259,0.023704,0.068148,0.325926,0.131852,0.010370,0.053605,0.023106,0.017560,0.006470,0.104762,0.365714,0.257143,0.272381,0.483013,0.152142,0.209749,0.002954,0.103397,0.013294,0.014771,0.020679
N20001724,0.918773,0.025271,0.055957,0.014440,0.005415,0.014440,0.001805,0.001805,0.001071,0.000092,0.000265,0.000377,0.203320,0.238589,0.379668,0.178423,0.063177,0.646209,0.182310,0.003610,0.010830,0.043321,0.005415,0.045126
N20001725,0.687500,0.284722,0.027778,0.005208,0.012153,0.192708,0.031250,0.001736,0.027807,0.002383,0.006886,0.009799,0.274554,0.345982,0.310268,0.069196,0.168111,0.462738,0.233969,0.005199,0.039861,0.060659,0.013865,0.015598
N20001726,0.321429,0.623377,0.055195,0.017857,0.055195,0.454545,0.051948,0.000000,0.030459,0.003663,0.009253,0.018314,0.273810,0.307540,0.297619,0.121032,0.394137,0.193811,0.203583,0.008143,0.136808,0.014658,0.009772,0.039088
N20001727,0.577778,0.389744,0.032479,0.010256,0.030769,0.246154,0.051282,0.000000,0.030385,0.003654,0.009231,0.018269,0.124726,0.343545,0.389497,0.142232,0.333333,0.343590,0.230769,0.000000,0.042735,0.015385,0.011966,0.022222
N20001728,0.870968,0.093842,0.035191,0.035191,0.005865,0.055718,0.008798,0.000000,0.006749,0.000643,0.005142,0.010927,0.045936,0.208481,0.240283,0.505300,0.131195,0.489796,0.233236,0.014577,0.005831,0.034985,0.002915,0.087464
N20001729,0.767568,0.167568,0.064865,0.031081,0.025676,0.075676,0.033784,0.001351,0.008941,0.000852,0.006812,0.014476,0.099533,0.244168,0.387247,0.269051,0.129730,0.420270,0.236486,0.001351,0.022973,0.016216,0.001351,0.171622
N20001730,0.276451,0.672355,0.051195,0.013475,0.042597,0.411765,0.044983,0.027682,0.041807,0.003982,0.031853,0.067687,0.140187,0.500000,0.294393,0.065421,0.477509,0.134948,0.217993,0.000000,0.124567,0.024221,0.013841,0.006920
N20001731,0.579186,0.401207,0.019608,0.006033,0.034691,0.276018,0.045249,0.000000,0.022342,0.002687,0.006787,0.013433,0.270059,0.279843,0.277886,0.172211,0.325792,0.405732,0.208145,0.009050,0.040724,0.003017,0.004525,0.003017
N20001732,0.934653,0.017822,0.047525,0.057183,0.003988,0.009881,0.001976,0.000000,0.001797,0.000180,0.000000,0.000000,0.156187,0.375254,0.172414,0.296146,0.017751,0.798817,0.116371,0.000000,0.001972,0.017751,0.003945,0.043393
N20001733,0.963930,0.018657,0.017413,0.038372,0.000046,0.014888,0.003722,0.000000,0.000000,0.000000,0.000000,0.000000,0.381988,0.330745,0.170807,0.116460,0.017348,0.835192,0.105328,0.001239,0.004957,0.024783,0.000000,0.011152
N20001734,0.932377,0.026639,0.040984,0.045313,0.004052,0.000000,0.002053,0.000000,0.018372,0.002161,0.000000,0.000000,0.066845,0.291444,0.184492,0.457219,0.004124,0.692784,0.251546,0.000000,0.004124,0.032990,0.000000,0.014433
N20001735,0.864169,0.063232,0.072600,0.063699,0.016283,0.002347,0.000000,0.000000,0.044601,0.000000,0.000000,0.000000,0.054545,0.551515,0.160606,0.233333,0.088993,0.690867,0.154567,0.002342,0.004684,0.028103,0.000000,0.030445
N20001736,0.949033,0.019332,0.031634,0.049209,0.001757,0.001757,0.005272,0.000000,0.009435,0.001110,0.000000,0.000000,0.081858,0.287611,0.201327,0.429204,0.028120,0.785589,0.133568,0.000000,0.007030,0.014060,0.005272,0.026362
N20001737,0.918644,0.037288,0.044068,0.068304,0.006676,0.006803,0.000000,0.000000,0.023810,0.000000,0.000000,0.000000,0.073529,0.284314,0.191176,0.450980,0.040541,0.706081,0.155405,0.013514,0.000000,0.057432,0.006757,0.020270
N20001738,0.907449,0.024831,0.067720,0.095232,0.006731,0.000000,0.000000,0.000000,0.018100,0.000000,0.000000,0.000000,0.160714,0.360119,0.190476,0.288690,0.031746,0.814059,0.061224,0.002268,0.006803,0.031746,0.002268,0.049887
N20001739,0.944171,0.019704,0.036125,0.039880,-0.000098,0.000000,0.011551,0.000000,0.007382,0.000869,0.000000,0.000000,0.092050,0.251046,0.219665,0.437238,0.041186,0.799012,0.143328,0.001647,0.003295,0.003295,0.001647,0.006590
N20001740,0.907563,0.031513,0.060924,0.088235,0.004202,0.000000,0.002101,0.000000,0.025210,0.000000,0.000000,0.000000,0.267442,0.366279,0.145349,0.220930,0.035639,0.735849,0.132075,0.004193,0.000000,0.023061,0.008386,0.060797
N20001741,0.889205,0.068182,0.042614,0.065843,0.014051,0.014245,0.028490,0.002849,0.007647,0.000900,0.000000,0.000000,0.033195,0.190871,0.116183,0.659751,0.076705,0.730114,0.113636,0.000000,0.011364,0.022727,0.025568,0.019886
N20001742,0.954902,0.007843,0.037255,0.048652,0.003937,0.000000,0.000000,0.000000,0.003495,0.000411,0.000000,0.000000,0.037313,0.273632,0.216418,0.472637,0.015686,0.792157,0.147059,0.011765,0.001961,0.017647,0.003922,0.009804
N20001743,0.716667,0.091667,0.191667,0.098409,0.021127,0.016598,0.024896,0.000000,0.025988,0.003057,0.000000,0.000000,0.133333,0.233333,0.161905,0.471429,0.087500,0.566667,0.087500,0.004167,0.004167,0.016667,0.008333,0.225000
N20001744,0.919897,0.077519,0.002584,0.043928,0.007752,0.002584,0.025840,0.002584,0.034680,0.004080,0.000000,0.000000,0.036585,0.243902,0.125000,0.594512,0.033679,0.784974,0.124352,0.000000,0.015544,0.012953,0.007772,0.020725
N20001745,0.931232,0.031519,0.037249,0.091232,0.002947,0.000000,0.011429,0.000000,0.015338,0.001805,0.000000,0.000000,0.058182,0.225455,0.065455,0.650909,0.031519,0.753582,0.131805,0.000000,0.000000,0.025788,0.002865,0.054441
N20001746,0.959302,0.017442,0.023256,0.011780,0.011611,0.002915,0.000000,0.000000,0.002915,0.000000,0.000000,0.000000,0.078838,0.228216,0.153527,0.539419,0.031792,0.742775,0.176301,0.000000,0.011561,0.005780,0.002890,0.028902
N20001747,0.939709,0.041580,0.018711,0.033264,0.012474,0.018711,0.004158,0.000000,0.006237,0.000000,0.000000,0.000000,0.076923,0.153846,0.109890,0.659341,0.052192,0.778706,0.125261,0.004175,0.002088,0.027140,0.004175,0.006263
N20001748,0.929204,0.046460,0.024336,0.078983,0.004610,0.015419,0.019824,0.002203,0.004405,0.000000,0.000000,0.000000,0.167109,0.265252,0.185676,0.381963,0.052980,0.743929,0.123620,0.004415,0.002208,0.026490,0.002208,0.044150
N20001749,0.962264,0.025157,0.012579,0.022013,0.012579,0.012579,0.000000,0.000000,0.000000,0.000000,0.000000,0.000000,0.063973,0.101010,0.104377,0.730640,0.034591,0.827044,0.084906,0.000000,0.009434,0.025157,0.000000,0.018868
N20001750,0.870813,0.076555,0.052632,0.066986,0.019139,0.028708,0.014354,0.000000,0.012843,0.001511,0.000000,0.000000,0.073770,0.172131,0.139344,0.614754,0.081340,0.555024,0.258373,0.000000,0.014354,0.014354,0.000000,0.076555
N20001751,0.958167,0.023904,0.017928,0.034016,0.005940,0.011976,0.000000,0.000000,0.005489,0.000499,0.000000,0.000000,0.061728,0.192593,0.133333,0.612346,0.039920,0.802395,0.131737,0.000000,0.000000,0.015968,0.000000,0.009980
N20001752,0.969762,0.023758,0.006479,0.038877,0.006479,0.000000,0.012959,0.000000,0.004320,0.000000,0.000000,0.000000,0.002545,0.122137,0.094148,0.781170,0.045356,0.805616,0.129590,0.000000,0.000000,0.015119,0.000000,0.004320
N20001753,0.960059,0.014793,0.025148,0.035392,0.002976,0.002954,0.004431,0.000000,0.003939,0.000492,0.000000,0.000000,0.079336,0.282288,0.134686,0.503690,0.020710,0.818047,0.131657,0.000000,0.004438,0.013314,0.001479,0.010355
N20001754,0.089655,0.806897,0.103448,0.020927,0.057756,0.295533,0.384880,0.034364,0.033410,0.000000,0.000955,0.000000,0.035714,0.210317,0.202381,0.551587,0.629252,0.040816,0.129252,0.003401,0.102041,0.013605,0.017007,0.064626
N20001755,0.975806,0.016129,0.008065,0.020251,0.001988,0.000000,0.002020,0.008081,0.004040,0.000000,0.000000,0.000000,0.046620,0.132867,0.149184,0.671329,0.016162,0.826263,0.137374,0.000000,0.004040,0.006061,0.000000,0.010101
N20001756,0.780864,0.095679,0.123457,0.098765,0.015432,0.030864,0.024691,0.006173,0.018004,0.000000,0.000514,0.000000,0.074627,0.246269,0.108209,0.570896,0.123457,0.555556,0.163580,0.006173,0.012346,0.024691,0.015432,0.098765
N20001757,0.933718,0.027378,0.038905,0.025937,0.011527,0.015850,0.000000,0.000000,0.000000,0.000000,0.000000,0.000000,0.017991,0.146927,0.151424,0.683658,0.043228,0.726225,0.175793,0.007205,0.000000,0.023055,0.004323,0.020173
N20001758,0.937220,0.031390,0.031390,0.058296,0.015695,0.004484,0.008969,0.000000,0.002055,0.000187,0.000000,0.000000,0.058140,0.197674,0.148256,0.595930,0.029018,0.772321,0.116071,0.013393,0.011161,0.033482,0.004464,0.020089
N20001759,0.957111,0.018059,0.024831,0.058462,0.006797,0.009009,0.000000,0.000000,0.002065,0.000188,0.000000,0.000000,0.046575,0.109589,0.205479,0.638356,0.036117,0.762980,0.164786,0.002257,0.002257,0.015801,0.000000,0.015801
N20001760,0.976695,0.019068,0.004237,0.033898,0.000000,0.006356,0.006356,0.000000,0.006356,0.000000,0.000000,0.000000,0.080729,0.229167,0.101562,0.588542,0.014925,0.797441,0.138593,0.000000,0.006397,0.038380,0.000000,0.004264
N20001761,0.902985,0.044776,0.052239,0.100746,0.011194,0.007463,0.009328,0.000000,0.016325,0.000000,0.000466,0.000000,0.115124,0.270880,0.153499,0.460497,0.026071,0.756052,0.132216,0.003724,0.000000,0.029795,0.001862,0.050279
N20001762,0.964004,0.019123,0.016873,0.043870,0.002250,0.003375,0.006749,0.000000,0.005999,0.000750,0.000000,0.000000,0.075314,0.262204,0.153417,0.509066,0.021372,0.840270,0.103487,0.001125,0.004499,0.013498,0.000000,0.015748
N20001763,0.945833,0.022917,0.031250,0.020833,0.004167,0.008333,0.010417,0.000000,0.000000,0.000000,0.000000,0.000000,0.023861,0.242950,0.132321,0.600868,0.039583,0.754167,0.125000,0.000000,0.012500,0.035417,0.006250,0.027083
N20001764,0.895548,0.035959,0.068493,0.077055,0.005137,0.005137,0.005137,0.001712,0.018312,0.000000,0.000523,0.000000,0.090308,0.337004,0.145374,0.427313,0.044521,0.729452,0.143836,0.001712,0.003425,0.017123,0.001712,0.058219
N20001765,0.942918,0.016913,0.040169,0.035941,0.004228,0.004228,0.000000,0.000000,0.007752,0.000705,0.000000,0.000000,0.075130,0.220207,0.186528,0.518135,0.031579,0.783158,0.147368,0.000000,0.002105,0.021053,0.000000,0.014737
N20001766,0.939891,0.024590,0.035519,0.036045,0.013601,0.000000,0.002747,0.000000,0.007555,0.000687,0.000000,0.000000,0.035336,0.190813,0.155477,0.618375,0.011019,0.812672,0.110193,0.011019,0.005510,0.022039,0.002755,0.024793
N20001767,0.777174,0.205163,0.017663,0.022764,0.011133,0.126187,0.052917,0.001357,0.012335,0.001234,0.000000,0.000000,0.233169,0.330049,0.249589,0.187192,0.097693,0.654003,0.172320,0.005427,0.027137,0.012212,0.001357,0.029851
N20001768,0.834711,0.154270,0.011019,0.015533,0.003585,0.079452,0.041096,0.000000,0.028932,0.001205,0.000000,0.000000,0.107143,0.250000,0.259740,0.383117,0.082645,0.644628,0.231405,0.005510,0.008264,0.011019,0.000000,0.016529
N20001769,0.948913,0.031522,0.019565,0.047719,0.007635,0.009772,0.009772,0.001086,0.003127,0.000130,0.000000,0.000000,0.224270,0.379416,0.176651,0.219662,0.029348,0.764130,0.140217,0.001087,0.003261,0.028261,0.009783,0.023913
N20001770,0.974138,0.015517,0.010345,0.034483,0.001724,0.005172,0.003448,0.001724,0.003310,0.000138,0.000000,0.000000,0.034623,0.199593,0.156823,0.608961,0.027586,0.700000,0.196552,0.000000,0.010345,0.041379,0.000000,0.024138
N20001771,0.892617,0.075503,0.031879,0.075811,0.028445,0.016807,0.018487,0.000000,0.011765,0.000000,0.000000,0.000000,0.537102,0.257951,0.134276,0.070671,0.033557,0.726510,0.144295,0.011745,0.005034,0.030201,0.023490,0.025168
N20001772,0.908333,0.039583,0.052083,0.058333,0.010417,0.006250,0.002083,0.000000,0.020833,0.000000,0.000000,0.000000,0.431818,0.375000,0.102273,0.090909,0.047619,0.739130,0.115942,0.018634,0.000000,0.037267,0.012422,0.028986
N20001773,0.957490,0.024291,0.018219,0.031260,-0.000299,0.004098,0.008197,0.000000,0.011803,0.000492,0.000000,0.000000,0.075000,0.229545,0.175000,0.520455,0.042945,0.789366,0.141104,0.004090,0.000000,0.010225,0.002045,0.010225
N20001774,0.948760,0.023140,0.028099,0.051409,0.001617,0.014901,0.001656,0.000000,0.004768,0.000199,0.000000,0.000000,0.018051,0.198556,0.133574,0.649819,0.046358,0.705298,0.195364,0.009934,0.011589,0.016556,0.001656,0.013245
N20001775,0.913907,0.066225,0.019868,0.062422,0.003519,0.036304,0.016502,0.000000,0.006601,0.001650,0.001467,0.000183,0.055085,0.275424,0.131356,0.538136,0.056291,0.764901,0.165563,0.003311,0.000000,0.000000,0.000000,0.009934
N20001776,0.965385,0.025000,0.009615,0.080769,0.003846,0.009615,0.003846,0.001923,0.005211,0.000558,0.000000,0.000000,0.134111,0.411079,0.276968,0.177843,0.007692,0.815385,0.103846,0.000000,0.001923,0.038462,0.007692,0.025000
N20001777,0.932143,0.041071,0.026786,0.052000,0.016027,0.007156,0.012522,0.000000,0.005367,0.000000,0.000000,0.000000,0.322581,0.311828,0.150538,0.215054,0.030357,0.758929,0.167857,0.007143,0.000000,0.016071,0.001786,0.017857
N20001778,0.964218,0.020716,0.015066,0.043166,0.001919,0.000000,0.007519,0.000000,0.010187,0.001091,0.000000,0.000000,0.209932,0.329571,0.185102,0.275395,0.037523,0.814259,0.112570,0.000000,0.001876,0.013133,0.007505,0.013133
N20001779,0.940678,0.022034,0.037288,0.069274,0.000037,0.013536,0.001692,0.001692,0.003046,0.001015,0.000508,0.000508,0.063241,0.193676,0.197628,0.545455,0.047619,0.692177,0.176871,0.005102,0.000000,0.030612,0.005102,0.042517
N20001780,0.962906,0.024730,0.012365,0.037324,0.009226,0.010853,0.000000,0.000000,0.002791,0.000930,0.000465,0.000465,0.125227,0.274047,0.252269,0.348457,0.023148,0.787037,0.129630,0.007716,0.012346,0.016975,0.004630,0.018519
N20001781,0.906445,0.041580,0.051975,0.070686,0.012474,0.006237,0.014553,0.000000,0.008316,0.000000,0.000000,0.000000,0.296703,0.289377,0.234432,0.179487,0.037422,0.746362,0.166320,0.008316,0.000000,0.010395,0.010395,0.020790
N20001782,0.967949,0.012821,0.019231,0.033654,0.004808,0.003205,0.003205,0.000000,0.000962,0.000321,0.000160,0.000160,0.030560,0.208829,0.154499,0.606112,0.043339,0.749599,0.138042,0.008026,0.006421,0.014446,0.014446,0.025682
N20001783,0.959036,0.016867,0.024096,0.043373,0.004819,0.002410,0.004819,0.000000,0.004353,0.000466,0.000000,0.000000,0.228571,0.304762,0.212698,0.253968,0.026506,0.761446,0.120482,0.004819,0.000000,0.043373,0.007229,0.036145
N20001784,0.871841,0.068592,0.059567,0.094863,0.014635,0.023381,0.019784,0.000000,0.007194,0.001799,0.001599,0.000200,0.170960,0.407494,0.121780,0.299766,0.062950,0.688849,0.115108,0.005396,0.012590,0.043165,0.007194,0.064748
N20001785,0.978610,0.007130,0.014260,0.048128,0.000000,0.001783,0.003565,0.000000,0.001610,0.000173,0.000000,0.000000,0.329545,0.325000,0.204545,0.140909,0.021352,0.825623,0.099644,0.005338,0.003559,0.026690,0.001779,0.016014
N20001786,0.946140,0.023339,0.030521,0.036068,0.007152,0.003597,0.007194,0.000000,0.003237,0.001079,0.000540,0.000540,0.048964,0.150659,0.180791,0.619586,0.030521,0.745063,0.157989,0.003591,0.014363,0.026930,0.007181,0.014363
N20001787,0.875000,0.100000,0.025000,0.055556,0.005556,0.061111,0.019444,0.005556,0.005556,0.001389,0.001235,0.000154,0.052239,0.208955,0.175373,0.563433,0.088889,0.700000,0.158333,0.002778,0.005556,0.030556,0.008333,0.005556
N20001788,0.966054,0.021216,0.012730,0.036875,0.004219,0.000000,0.005666,0.000000,0.010235,0.001097,0.000000,0.000000,0.226754,0.401305,0.190865,0.181077,0.018388,0.820368,0.110325,0.004243,0.000000,0.032532,0.009901,0.004243
N20001789,0.786967,0.077694,0.135338,0.120301,0.017544,0.020050,0.022556,0.000000,0.016447,0.000548,0.000548,0.000000,0.142857,0.303951,0.088146,0.465046,0.072682,0.521303,0.205514,0.007519,0.015038,0.015038,0.010025,0.152882
N20001790,0.715068,0.173973,0.110959,0.088695,0.050346,0.057692,0.031593,0.008242,0.017399,0.004350,0.003867,0.000483,0.246795,0.455128,0.157051,0.141026,0.090535,0.552812,0.183813,0.004115,0.035665,0.032922,0.010974,0.089163
N20001791,0.884135,0.087344,0.028520,0.067409,0.019728,0.030249,0.016014,0.005338,0.010676,0.002669,0.002372,0.000297,0.112554,0.354978,0.127706,0.404762,0.046346,0.734403,0.158645,0.003565,0.005348,0.026738,0.001783,0.023173
N20001792,0.952532,0.026899,0.020570,0.055380,0.006329,0.000000,0.003165,0.000000,0.015721,0.001684,0.000000,0.000000,0.399533,0.308411,0.189252,0.102804,0.022152,0.780063,0.120253,0.004747,0.006329,0.036392,0.007911,0.022152
N20001793,0.765957,0.081560,0.152482,0.139623,0.035297,0.003559,0.003559,0.000000,0.026097,0.006524,0.005799,0.000725,0.125000,0.402174,0.081522,0.391304,0.056738,0.602837,0.170213,0.000000,0.024823,0.042553,0.000000,0.102837
N20001794,0.719745,0.124204,0.156051,0.087999,0.019442,0.050794,0.034921,0.009524,0.006349,0.001587,0.001411,0.000176,0.066421,0.483395,0.121771,0.328413,0.085987,0.528662,0.207006,0.009554,0.041401,0.028662,0.022293,0.076433
N20001795,0.833656,0.075435,0.090909,0.056957,0.017183,0.023301,0.021359,0.003883,0.008155,0.000777,0.000777,0.000000,0.112821,0.425641,0.169231,0.292308,0.052427,0.660194,0.151456,0.005825,0.019417,0.019417,0.017476,0.073786
N20001796,0.926276,0.026465,0.047259,0.058601,0.005671,0.000000,0.013233,0.001890,0.004764,0.000454,0.000454,0.000000,0.171765,0.355294,0.117647,0.355294,0.026415,0.745283,0.166038,0.000000,0.005660,0.022642,0.003774,0.030189
N20001797,0.713415,0.134146,0.152439,0.138947,0.018645,0.048632,0.036474,0.003040,0.025646,0.000855,0.000855,0.000000,0.138790,0.455516,0.106762,0.298932,0.103659,0.591463,0.155488,0.006098,0.021341,0.027439,0.006098,0.088415
N20001798,0.872510,0.047809,0.079681,0.118542,0.008126,0.027778,0.011905,0.000000,0.000000,0.000000,0.000000,0.000000,0.179245,0.188679,0.089623,0.542453,0.091633,0.665339,0.159363,0.003984,0.000000,0.015936,0.011952,0.051793
N20001799,0.925984,0.036220,0.037795,0.083465,0.011024,0.004724,0.003150,0.001575,0.013228,0.001260,0.001260,0.000000,0.129630,0.251852,0.172222,0.446296,0.033071,0.702362,0.159055,0.000000,0.007874,0.026772,0.004724,0.066142
N20001800,0.812500,0.075521,0.111979,0.164206,0.044025,0.002625,0.010499,0.000000,0.015433,0.001470,0.001470,0.000000,0.257042,0.408451,0.126761,0.207746,0.067708,0.591146,0.169271,0.007812,0.007812,0.018229,0.013021,0.125000
N20001801,0.838926,0.060403,0.100671,0.153496,0.007423,0.009934,0.016556,0.000000,0.024834,0.000828,0.000828,0.000000,0.250000,0.338983,0.076271,0.334746,0.076412,0.528239,0.129568,0.003322,0.000000,0.059801,0.013289,0.189369
N20001802,0.830827,0.071429,0.097744,0.131942,0.015666,0.026022,0.000000,0.000000,0.027881,0.000929,0.000929,0.000000,0.123223,0.184834,0.075829,0.616114,0.106464,0.604563,0.144487,0.000000,0.011407,0.022814,0.000000,0.110266
N20001803,0.886970,0.084772,0.028257,0.034537,0.004710,0.043956,0.025118,0.001570,0.007737,0.001682,0.000000,0.000000,0.435361,0.235741,0.197719,0.131179,0.080063,0.671900,0.156986,0.003140,0.007849,0.040816,0.003140,0.036107
N20001804,0.916840,0.045738,0.037422,0.039757,0.012405,0.002083,0.006250,0.000000,0.020536,0.004464,0.000000,0.000000,0.482759,0.324138,0.135632,0.057471,0.045643,0.771784,0.095436,0.002075,0.002075,0.039419,0.002075,0.041494
N20001805,0.919178,0.057534,0.023288,0.057724,0.031471,0.010974,0.006859,0.001372,0.005634,0.001225,0.000000,0.000000,0.365019,0.349810,0.157795,0.127376,0.049383,0.769547,0.111111,0.004115,0.010974,0.017833,0.005487,0.031550
N20001806,0.927916,0.031455,0.040629,0.044561,0.003932,0.010485,0.007864,0.000000,0.006796,0.000000,0.002379,0.000000,0.331034,0.346207,0.166897,0.155862,0.032765,0.803408,0.094364,0.005242,0.003932,0.024902,0.005242,0.030144
N20001807,0.912000,0.059200,0.028800,0.052800,0.006400,0.030400,0.014400,0.000000,0.006571,0.001429,0.000000,0.000000,0.496124,0.317829,0.129845,0.056202,0.030449,0.802885,0.091346,0.000000,0.006410,0.032051,0.006410,0.030449
N20001808,0.964824,0.030151,0.005025,0.030151,0.010050,0.010050,0.000000,0.000000,0.009664,0.000387,0.000000,0.000000,0.102041,0.265306,0.061224,0.571429,0.044776,0.616915,0.273632,0.009950,0.000000,0.029851,0.014925,0.009950
N20001809,0.926635,0.043062,0.030303,0.079745,0.015949,0.001595,0.014354,0.004785,0.006134,0.000245,0.000000,0.000000,0.026132,0.242160,0.165505,0.566202,0.047923,0.675719,0.182109,0.000000,0.011182,0.044728,0.004792,0.033546
N20001810,0.950739,0.011494,0.037767,0.044182,0.001658,0.006557,0.000000,0.000000,0.003153,0.000126,0.000000,0.000000,0.345420,0.293893,0.238550,0.122137,0.031148,0.745902,0.139344,0.001639,0.011475,0.045902,0.006557,0.018033
N20001811,0.938865,0.045124,0.016012,0.020736,0.005650,0.010234,0.017544,0.001462,0.006396,0.001279,0.002558,0.000000,0.034691,0.202112,0.135747,0.627451,0.046512,0.710756,0.172965,0.010174,0.007267,0.024709,0.002907,0.024709
N20001812,0.854314,0.104668,0.041018,0.052054,0.008622,0.048023,0.015537,0.004237,0.020925,0.000000,0.007324,0.000000,0.353618,0.317434,0.220395,0.108553,0.090523,0.759547,0.074965,0.007072,0.001414,0.039604,0.009901,0.016973
N20001813,0.917241,0.056897,0.025862,0.027586,-0.001724,0.024138,0.031034,0.000000,0.002155,0.000431,0.000862,0.000000,0.063604,0.153710,0.151943,0.630742,0.072539,0.670121,0.186528,0.003454,0.001727,0.039724,0.000000,0.025907
N20001814,0.981100,0.010309,0.008591,0.055110,0.001703,0.000000,0.003442,0.000000,0.004965,0.000199,0.000000,0.000000,0.415686,0.307843,0.192157,0.084314,0.008576,0.838765,0.113208,0.003431,0.000000,0.010292,0.006861,0.018868
N20001815,0.934483,0.029310,0.036207,0.036559,0.003359,0.013841,0.006920,0.000000,0.003244,0.000649,0.001298,0.000000,0.038596,0.178947,0.135088,0.647368,0.053356,0.659208,0.220310,0.003442,0.008606,0.037866,0.001721,0.015491
N20001816,0.940351,0.031579,0.028070,0.054386,0.001754,0.015789,0.000000,0.000000,0.013495,0.000540,0.000000,0.000000,0.176364,0.330909,0.301818,0.190909,0.015817,0.796134,0.119508,0.000000,0.008787,0.024605,0.001757,0.033392
N20001817,0.915332,0.057208,0.027460,0.029748,0.011442,0.011442,0.025172,0.000000,0.005721,0.001144,0.002288,0.000000,0.056373,0.245098,0.159314,0.539216,0.043478,0.711670,0.192220,0.002288,0.029748,0.016018,0.002288,0.002288
N20001818,0.903704,0.037037,0.059259,0.017004,0.014870,0.004926,0.009852,0.002463,0.004516,0.000411,0.000000,0.000000,0.009975,0.154613,0.109726,0.725686,0.041769,0.727273,0.142506,0.002457,0.007371,0.056511,0.002457,0.019656
N20001819,0.956822,0.025907,0.017271,0.036132,0.008665,0.015517,0.001724,0.000000,0.000000,0.000000,0.000000,0.000000,0.048165,0.302752,0.139908,0.509174,0.015544,0.796200,0.151986,0.006908,0.008636,0.015544,0.001727,0.003454
N20001820,0.943910,0.027244,0.028846,0.026845,0.001725,0.009569,0.009569,0.000000,0.002552,0.001914,0.001914,0.000000,0.333333,0.311111,0.216667,0.138889,0.019231,0.756410,0.134615,0.014423,0.003205,0.044872,0.001603,0.025641
N20001821,0.964000,0.010000,0.026000,0.059808,0.006008,0.000000,0.001996,0.000000,0.001830,0.000166,0.000000,0.000000,0.116883,0.290043,0.090909,0.502165,0.024000,0.828000,0.106000,0.004000,0.000000,0.014000,0.000000,0.024000
N20001822,0.979167,0.015152,0.005682,0.041667,0.005682,0.001894,0.001894,0.000000,0.004025,0.001657,0.000000,0.000000,0.061966,0.226496,0.194444,0.517094,0.049242,0.732955,0.151515,0.007576,0.001894,0.028409,0.000000,0.028409
N20001823,0.894253,0.057471,0.048276,0.013793,0.000000,0.009195,0.032184,0.000000,0.014751,0.001341,0.000000,0.000000,0.004695,0.246479,0.129108,0.619718,0.071264,0.726437,0.131034,0.009195,0.002299,0.025287,0.004598,0.029885
N20001824,0.952459,0.016393,0.031148,0.059016,0.008197,0.001639,0.001639,0.000000,0.004322,0.000000,0.000596,0.000000,0.607069,0.243243,0.097713,0.051975,0.040917,0.759411,0.103110,0.009820,0.003273,0.042553,0.009820,0.031097
N20001825,0.919771,0.054441,0.025788,0.040115,0.005731,0.008596,0.011461,0.000000,0.025180,0.000000,0.003473,0.000000,0.042763,0.174342,0.138158,0.644737,0.057143,0.722857,0.177143,0.000000,0.000000,0.014286,0.000000,0.028571
N20001826,0.916667,0.067982,0.015351,0.019511,0.015466,0.028446,0.008753,0.000000,0.014728,0.000589,0.000000,0.000000,0.084951,0.174757,0.206311,0.533981,0.083333,0.664474,0.166667,0.002193,0.006579,0.035088,0.000000,0.041667
N20001827,0.924908,0.036630,0.038462,0.043738,0.009208,0.003656,0.020110,0.000000,0.003656,0.000000,0.000000,0.000000,0.033937,0.147059,0.219457,0.599548,0.043956,0.728938,0.163004,0.000000,0.012821,0.021978,0.009158,0.020147
N20001828,0.932584,0.051685,0.015730,0.053933,0.002247,0.006742,0.015730,0.002247,0.024719,0.000000,0.000000,0.000000,0.038554,0.146988,0.125301,0.689157,0.049217,0.619687,0.279642,0.002237,0.011186,0.024609,0.004474,0.008949
N20001829,0.947750,0.023222,0.029028,0.050649,0.004381,0.008696,0.007246,0.000000,0.002657,0.000242,0.000000,0.000000,0.182927,0.312500,0.135671,0.368902,0.027536,0.792754,0.124638,0.000000,0.004348,0.020290,0.001449,0.028986
N20001830,0.983577,0.009124,0.007299,0.047445,0.005474,0.001825,0.000000,0.000000,0.001659,0.000166,0.000000,0.000000,0.026726,0.164811,0.207127,0.601336,0.023723,0.784672,0.138686,0.003650,0.000000,0.032847,0.000000,0.016423
N20001831,0.937853,0.028249,0.033898,0.037477,0.005692,0.003759,0.015038,0.001880,0.001880,0.000000,0.000000,0.000000,0.031026,0.219570,0.205251,0.544153,0.035714,0.684211,0.244361,0.001880,0.000000,0.009398,0.005639,0.018797
N20001832,0.895928,0.079186,0.024887,0.013841,0.013426,0.022676,0.009070,0.000000,0.024093,0.009921,0.000000,0.000000,0.069519,0.197861,0.074866,0.657754,0.079545,0.718182,0.163636,0.000000,0.000000,0.009091,0.000000,0.029545
N20001833,0.886700,0.066502,0.046798,0.048862,0.012448,0.041769,0.002457,0.000000,0.003931,0.002948,0.002948,0.000000,0.135770,0.289817,0.138381,0.436031,0.068966,0.689655,0.160099,0.007389,0.027094,0.014778,0.007389,0.024631
N20001834,0.936709,0.039783,0.023508,0.082392,0.003812,0.007194,0.007194,0.001799,0.017386,0.000000,0.002398,0.000000,0.413706,0.337563,0.180203,0.068528,0.014519,0.802178,0.107078,0.007260,0.001815,0.034483,0.010889,0.021779
N20001835,0.964623,0.011792,0.023585,0.025943,0.000000,0.004717,0.002358,0.000000,0.003341,0.001376,0.000000,0.000000,0.066092,0.158046,0.172414,0.603448,0.028369,0.765957,0.177305,0.004728,0.007092,0.014184,0.000000,0.002364
N20001836,0.973427,0.015385,0.011189,0.053147,0.005594,0.006993,0.002797,0.000000,0.000000,0.000000,0.000000,0.000000,0.083916,0.180070,0.192308,0.543706,0.032168,0.752448,0.187413,0.004196,0.001399,0.009790,0.001399,0.011189
N20001837,0.963605,0.013865,0.022530,0.048674,0.001712,0.010417,0.001736,0.000000,0.000000,0.000000,0.000000,0.000000,0.072917,0.191667,0.156250,0.579167,0.034722,0.769097,0.128472,0.000000,0.010417,0.029514,0.017361,0.010417
N20001838,0.937255,0.027451,0.035294,0.058824,0.003922,0.007843,0.007843,0.000000,0.007130,0.000713,0.000000,0.000000,0.094787,0.208531,0.109005,0.587678,0.052941,0.729412,0.168627,0.000000,0.000000,0.023529,0.000000,0.025490
N20001839,0.966495,0.010309,0.023196,0.025926,0.005141,0.002584,0.000000,0.000000,0.001034,0.000775,0.000775,0.000000,0.274566,0.346821,0.184971,0.193642,0.010390,0.841558,0.096104,0.000000,0.000000,0.033766,0.000000,0.018182
N20001840,0.892857,0.064732,0.042411,0.034430,0.026530,0.006742,0.008989,0.002247,0.017773,0.000000,0.002451,0.000000,0.306931,0.429043,0.128713,0.135314,0.035635,0.743875,0.126949,0.004454,0.004454,0.031180,0.011136,0.042316
N20001841,0.934685,0.031532,0.033784,0.049550,0.015766,0.000000,0.006757,0.000000,0.006381,0.002628,0.000000,0.000000,0.044693,0.187151,0.142458,0.625698,0.045249,0.794118,0.106335,0.000000,0.002262,0.036199,0.004525,0.011312
N20001842,0.982301,0.002212,0.015487,0.035634,-0.000010,0.002222,0.000000,0.000000,0.000000,0.000000,0.000000,0.000000,0.063830,0.210106,0.154255,0.571809,0.022124,0.798673,0.137168,0.017699,0.004425,0.006637,0.000000,0.013274
N20001843,0.932759,0.037931,0.029310,0.020842,0.029295,0.003454,0.003454,0.000000,0.000864,0.000432,0.000432,0.000000,0.053364,0.271462,0.171694,0.503480,0.034483,0.765517,0.143103,0.006897,0.000000,0.031034,0.000000,0.018966
N20001844,0.955423,0.020802,0.023774,0.050520,0.001486,0.004458,0.004458,0.001486,0.008105,0.000810,0.000000,0.000000,0.355895,0.384279,0.146288,0.113537,0.019316,0.787519,0.123328,0.004458,0.001486,0.026746,0.000000,0.037147
N20001845,0.974320,0.018127,0.007553,0.026952,-0.001422,0.009023,0.007519,0.000000,0.001504,0.000752,0.000752,0.000000,0.056680,0.313765,0.180162,0.449393,0.030075,0.747368,0.174436,0.000000,0.010526,0.019549,0.003008,0.015038
N20001846,0.984375,0.009375,0.006250,0.058909,0.000058,0.000000,0.006211,0.000000,0.001242,0.000932,0.000932,0.000000,0.298319,0.277311,0.189076,0.235294,0.071207,0.770898,0.130031,0.009288,0.000000,0.003096,0.000000,0.015480
N20001847,0.937299,0.030547,0.032154,0.046800,0.009613,0.012882,0.000000,0.000000,0.004026,0.002013,0.002013,0.000000,0.134361,0.361233,0.154185,0.350220,0.064309,0.662379,0.200965,0.008039,0.004823,0.024116,0.008039,0.027331
N20001848,0.962233,0.022989,0.014778,0.041051,0.009852,0.004926,0.001642,0.000000,0.003284,0.001642,0.001642,0.000000,0.080435,0.232609,0.280435,0.406522,0.016474,0.774300,0.158155,0.000000,0.008237,0.014827,0.003295,0.024712
N20001849,0.911602,0.038674,0.049724,0.030387,0.005525,0.016575,0.016575,0.000000,0.000000,0.000000,0.000000,0.000000,0.113744,0.398104,0.303318,0.184834,0.044321,0.747922,0.149584,0.013850,0.002770,0.019391,0.000000,0.022161
N20001850,0.579639,0.338259,0.082102,0.025717,0.037606,0.147059,0.093137,0.009804,0.045397,0.001434,0.001434,0.002389,0.631961,0.314770,0.041162,0.012107,0.219313,0.405892,0.216039,0.014730,0.052373,0.016367,0.022913,0.052373
N20001851,0.696787,0.246988,0.056225,0.035497,0.045375,0.078629,0.062500,0.008065,0.046980,0.001484,0.001484,0.002473,0.389908,0.399083,0.126147,0.084862,0.170683,0.483936,0.186747,0.000000,0.048193,0.042169,0.016064,0.052209
N20001852,0.318267,0.608286,0.073446,0.053230,0.050016,0.261278,0.250000,0.030075,0.011791,0.003845,0.000769,0.000513,0.289125,0.291777,0.230769,0.188329,0.435028,0.246704,0.171375,0.015066,0.073446,0.009416,0.015066,0.033898
N20001853,0.119772,0.773764,0.106464,0.013308,0.051331,0.304183,0.342205,0.030418,0.031801,0.010370,0.002074,0.001383,0.020408,0.145125,0.192744,0.641723,0.607547,0.043396,0.177358,0.009434,0.116981,0.005660,0.007547,0.032075
N20001854,0.488048,0.422311,0.089641,0.051428,0.074222,0.142857,0.158954,0.006036,0.036065,0.001139,0.001139,0.001898,0.461290,0.274194,0.138710,0.125806,0.251497,0.357285,0.177645,0.015968,0.075848,0.041916,0.009980,0.069860
N20001855,0.428899,0.458716,0.112385,0.061927,0.050459,0.181193,0.178899,0.006881,0.037000,0.001168,0.001168,0.001947,0.416422,0.234604,0.155425,0.193548,0.308756,0.317972,0.163594,0.006912,0.076037,0.018433,0.020737,0.087558
N20001856,0.070450,0.849315,0.080235,0.009785,0.058708,0.338552,0.344423,0.082192,0.017731,0.005782,0.001156,0.000771,0.050761,0.170051,0.195431,0.583756,0.621094,0.019531,0.214844,0.000000,0.101562,0.000000,0.005859,0.037109
N20001857,0.143192,0.767606,0.089202,0.030516,0.065728,0.288732,0.326291,0.039906,0.032722,0.010670,0.002134,0.001423,0.047904,0.221557,0.119760,0.610778,0.535211,0.124413,0.157277,0.004695,0.129108,0.009390,0.004695,0.035211
N20001858,0.702970,0.188119,0.108911,0.027723,0.025743,0.075248,0.041584,0.009901,0.030845,0.002399,0.002399,0.000000,0.235789,0.467368,0.141053,0.155789,0.180198,0.538614,0.158416,0.005941,0.033663,0.019802,0.003960,0.059406
N20001859,0.508711,0.400697,0.090592,0.044239,0.048877,0.166378,0.109185,0.015598,0.052493,0.004083,0.004083,0.000000,0.122568,0.391051,0.221790,0.264591,0.249564,0.287958,0.282723,0.001745,0.062827,0.024433,0.024433,0.066318
N20001860,0.560209,0.363874,0.075916,0.054974,0.036649,0.141361,0.130890,0.026178,0.025808,0.000815,0.000815,0.001358,0.448000,0.316000,0.120000,0.116000,0.259162,0.403141,0.219895,0.007853,0.018325,0.031414,0.031414,0.028796
N20001861,0.702703,0.197297,0.100000,0.067568,0.018919,0.045946,0.056757,0.002703,0.063150,0.004912,0.004912,0.000000,0.228814,0.370056,0.189266,0.211864,0.094340,0.539084,0.183288,0.035040,0.056604,0.010782,0.002695,0.078167
N20001862,0.226221,0.699229,0.074550,0.033419,0.064267,0.372751,0.213368,0.020566,0.020464,0.004837,0.001860,0.001116,0.142395,0.307443,0.355987,0.194175,0.514139,0.131105,0.149100,0.005141,0.136247,0.020566,0.002571,0.041131
N20001863,0.441758,0.479121,0.079121,0.050073,0.048049,0.190372,0.188184,0.032823,0.014252,0.003369,0.001296,0.000777,0.204762,0.285714,0.152381,0.357143,0.287912,0.320879,0.219780,0.004396,0.074725,0.028571,0.021978,0.041758
N20001864,0.280864,0.638889,0.080247,0.017706,0.050654,0.216718,0.300310,0.027864,0.031367,0.007414,0.002852,0.001711,0.053812,0.210762,0.147982,0.587444,0.498462,0.101538,0.200000,0.006154,0.092308,0.018462,0.009231,0.073846
N20001865,0.260870,0.648221,0.090909,0.012838,0.053733,0.299213,0.192913,0.023622,0.056983,0.013469,0.005180,0.003108,0.090909,0.406699,0.296651,0.205742,0.442231,0.167331,0.203187,0.000000,0.059761,0.019920,0.003984,0.103586
N20001866,0.132791,0.718157,0.149051,0.057320,0.063171,0.277628,0.264151,0.026954,0.065364,0.013477,0.003369,0.004043,0.066225,0.264901,0.228477,0.440397,0.506775,0.081301,0.154472,0.002710,0.113821,0.018970,0.005420,0.116531
N20001867,0.456954,0.454746,0.088300,0.049381,0.038265,0.247216,0.133630,0.024499,0.009637,0.000750,0.000750,0.000000,0.196335,0.342932,0.217277,0.243455,0.320175,0.265351,0.225877,0.010965,0.057018,0.015351,0.006579,0.098684
N20001868,0.170996,0.733766,0.095238,0.023810,0.064935,0.216450,0.339827,0.056277,0.042647,0.008793,0.002198,0.002638,0.040541,0.283784,0.118919,0.556757,0.558442,0.075758,0.186147,0.002165,0.112554,0.004329,0.010823,0.049784
N20001869,0.114173,0.814961,0.070866,0.007664,0.059537,0.339250,0.351085,0.027613,0.028399,0.005856,0.001464,0.001757,0.050847,0.217918,0.186441,0.544794,0.536346,0.049116,0.188605,0.011788,0.143418,0.003929,0.011788,0.055010
N20001870,0.600000,0.309804,0.090196,0.082213,0.041029,0.114625,0.110672,0.011858,0.023962,0.004941,0.001235,0.001482,0.035714,0.250000,0.158163,0.556122,0.218750,0.347656,0.265625,0.007812,0.035156,0.003906,0.000000,0.121094
N20001871,0.362847,0.520833,0.116319,0.056088,0.065027,0.225303,0.183709,0.008666,0.027593,0.006522,0.002508,0.001505,0.216958,0.316708,0.266833,0.199501,0.401384,0.219723,0.228374,0.006920,0.057093,0.027682,0.006920,0.051903
N20001872,0.587956,0.248811,0.163233,0.041924,0.039288,0.103175,0.071429,0.004762,0.026099,0.002030,0.002030,0.000000,0.345679,0.382716,0.183422,0.088183,0.250396,0.412044,0.129952,0.011094,0.049128,0.028526,0.026941,0.091918
N20001873,0.263158,0.648557,0.088285,0.025467,0.050934,0.285229,0.237691,0.028862,0.031808,0.006549,0.003742,0.003742,0.113150,0.400612,0.226300,0.259939,0.500000,0.175170,0.158163,0.001701,0.076531,0.013605,0.008503,0.066327
N20001874,0.741525,0.190678,0.067797,0.059322,0.019068,0.031780,0.046610,0.002119,0.069038,0.014235,0.003559,0.004270,0.063939,0.401535,0.184143,0.350384,0.177966,0.379237,0.197034,0.010593,0.014831,0.008475,0.002119,0.209746
N20001875,0.318182,0.592476,0.089342,0.032468,0.050875,0.288854,0.202512,0.020408,0.020697,0.004261,0.002435,0.002435,0.139089,0.299760,0.215827,0.345324,0.471787,0.184953,0.169279,0.014107,0.067398,0.021944,0.014107,0.056426
N20001876,0.083499,0.813121,0.103380,0.017893,0.061630,0.343936,0.332008,0.045726,0.021021,0.005866,0.002444,0.000489,0.072319,0.271820,0.276808,0.379052,0.526946,0.063872,0.203593,0.009980,0.115768,0.001996,0.019960,0.057884
N20001877,0.645833,0.210227,0.143939,0.111482,0.046105,0.061069,0.059160,0.003817,0.038406,0.000000,0.001670,0.000000,0.113580,0.338272,0.130864,0.417284,0.160000,0.453333,0.188571,0.001905,0.017143,0.043810,0.011429,0.123810
N20001878,0.517241,0.385776,0.096983,0.033440,0.027245,0.166307,0.129590,0.002160,0.041962,0.008639,0.004937,0.004937,0.198758,0.413043,0.186335,0.201863,0.298056,0.317495,0.194384,0.004320,0.062635,0.032397,0.002160,0.088553
N20001879,0.270270,0.640927,0.088803,0.022688,0.074195,0.276596,0.216634,0.027079,0.032211,0.006632,0.003790,0.003790,0.243316,0.379679,0.187166,0.189840,0.420849,0.150579,0.227799,0.007722,0.100386,0.021236,0.025097,0.046332
N20001880,0.177835,0.713918,0.108247,0.038660,0.067010,0.368557,0.203608,0.030928,0.030886,0.008619,0.003591,0.000718,0.052830,0.271698,0.207547,0.467925,0.555556,0.116279,0.178295,0.007752,0.087855,0.002584,0.000000,0.051680
N20001881,0.881250,0.075000,0.043750,0.094416,0.021708,0.025078,0.015674,0.000000,0.008839,0.002467,0.001028,0.000206,0.159184,0.285714,0.265306,0.289796,0.084112,0.647975,0.168224,0.009346,0.009346,0.034268,0.003115,0.043614
N20001882,0.646635,0.269231,0.084135,0.057692,0.016827,0.120192,0.093750,0.009615,0.020334,0.005675,0.002364,0.000473,0.147208,0.385787,0.177665,0.289340,0.192308,0.401442,0.197115,0.000000,0.036058,0.024038,0.012019,0.137019
N20001883,0.809709,0.097087,0.093204,0.146285,0.025103,0.019455,0.029183,0.000000,0.022374,0.000000,0.000973,0.000000,0.081678,0.291391,0.136865,0.490066,0.093750,0.609375,0.179688,0.005859,0.005859,0.031250,0.005859,0.068359
N20001884,0.584043,0.251064,0.164894,0.126686,0.049571,0.067164,0.092751,0.011727,0.028856,0.000995,0.000000,0.000000,0.190962,0.431487,0.188047,0.189504,0.214058,0.399361,0.155485,0.020234,0.029819,0.026624,0.015974,0.138445
N20001885,0.531842,0.418244,0.049914,0.034432,0.036552,0.162349,0.174439,0.022453,0.015827,0.004417,0.001840,0.000368,0.053571,0.232143,0.183036,0.531250,0.302926,0.407917,0.204819,0.008606,0.051635,0.003442,0.001721,0.018933
N20001886,0.567723,0.386167,0.046110,0.060519,0.054755,0.132565,0.152738,0.011527,0.028678,0.000843,0.004217,0.000843,0.168919,0.209459,0.168919,0.452703,0.357349,0.340058,0.221902,0.008646,0.025937,0.017291,0.002882,0.025937
N20001887,0.932870,0.048611,0.018519,0.034722,0.000000,0.009259,0.025463,0.002315,0.010931,0.000000,0.000643,0.000000,0.048780,0.241192,0.143631,0.566396,0.046189,0.681293,0.200924,0.002309,0.000000,0.034642,0.011547,0.023095
N20001888,0.555714,0.344286,0.100000,0.064286,0.031429,0.138571,0.108571,0.007143,0.056619,0.001952,0.000000,0.000000,0.305400,0.348231,0.152700,0.193669,0.221429,0.352857,0.242857,0.014286,0.062857,0.021429,0.007143,0.077143
N20001889,0.854237,0.061017,0.084746,0.054577,0.016874,0.027165,0.006791,0.000000,0.009762,0.000000,0.000424,0.000000,0.489474,0.284211,0.119298,0.107018,0.098305,0.700000,0.125424,0.003390,0.008475,0.027119,0.006780,0.030508
N20001890,0.955166,0.031189,0.013645,0.040936,0.007797,0.003899,0.011696,0.000000,0.007364,0.000000,0.000433,0.000000,0.052632,0.237986,0.199085,0.510297,0.031189,0.795322,0.118908,0.003899,0.007797,0.013645,0.000000,0.029240
N20001891,0.665455,0.274545,0.060000,0.044765,0.042241,0.116152,0.074410,0.003630,0.036842,0.001270,0.000000,0.000000,0.232104,0.286334,0.245119,0.236443,0.189091,0.469091,0.181818,0.007273,0.043636,0.034545,0.010909,0.063636
N20001892,0.926441,0.063618,0.009940,0.032019,0.009833,0.023904,0.027888,0.000000,0.001881,0.000000,0.000111,0.000000,0.060680,0.206311,0.135922,0.597087,0.063618,0.683897,0.204771,0.013917,0.003976,0.019881,0.003976,0.005964
N20001893,0.115464,0.806186,0.078351,0.020814,0.053099,0.335391,0.343621,0.026749,0.028607,0.004944,0.008123,0.005651,0.064965,0.378190,0.232019,0.324826,0.532922,0.059671,0.259259,0.010288,0.065844,0.014403,0.002058,0.055556
N20001894,0.215385,0.700000,0.084615,0.030295,0.065039,0.336761,0.239075,0.017995,0.024863,0.004297,0.007060,0.004911,0.142857,0.393728,0.337979,0.125436,0.487245,0.135204,0.188776,0.000000,0.079082,0.015306,0.022959,0.071429
N20001895,0.768882,0.179758,0.051360,0.032834,0.024404,0.067873,0.057315,0.009050,0.017511,0.000515,0.002575,0.000515,0.316574,0.340782,0.212291,0.130354,0.145865,0.590977,0.160902,0.007519,0.037594,0.024060,0.010526,0.022556
N20001896,0.895687,0.069208,0.035105,0.049996,0.012093,0.023046,0.021042,0.005010,0.006647,0.000196,0.000978,0.000196,0.272388,0.312189,0.203980,0.211443,0.066000,0.731000,0.152000,0.007000,0.004000,0.017000,0.006000,0.017000
N20001897,0.206897,0.711823,0.081281,0.032020,0.044335,0.330049,0.241379,0.004926,0.055088,0.009521,0.015642,0.010882,0.221154,0.407051,0.233974,0.137821,0.490148,0.177340,0.182266,0.002463,0.115764,0.002463,0.007389,0.022167
N20001898,0.218487,0.705882,0.075630,0.018065,0.053984,0.327004,0.251055,0.021097,0.031882,0.005510,0.009053,0.006298,0.256098,0.358537,0.278049,0.107317,0.443038,0.158228,0.170886,0.000000,0.154008,0.021097,0.027426,0.025316
N20001899,0.044843,0.919283,0.035874,0.002242,0.060538,0.477578,0.280269,0.026906,0.044726,0.007730,0.012700,0.008835,0.180685,0.361371,0.246106,0.211838,0.626966,0.031461,0.148315,0.000000,0.125843,0.002247,0.026966,0.038202
N20001900,0.791353,0.156015,0.052632,0.035714,0.031955,0.060150,0.050752,0.000000,0.010911,0.000321,0.001605,0.000321,0.409465,0.370370,0.135802,0.084362,0.118421,0.644737,0.122180,0.000000,0.020677,0.039474,0.015038,0.039474
N20001901,0.913897,0.060423,0.025680,0.043807,0.010574,0.025680,0.012085,0.000000,0.011413,0.000000,0.000671,0.000000,0.318110,0.337008,0.188976,0.155906,0.048338,0.779456,0.110272,0.004532,0.006042,0.021148,0.009063,0.021148
N20001902,0.279232,0.619546,0.101222,0.038394,0.075044,0.207679,0.282723,0.005236,0.030892,0.006178,0.007863,0.003932,0.195341,0.421147,0.216846,0.166667,0.381119,0.199301,0.188811,0.010490,0.117133,0.024476,0.006993,0.071678
N20001903,0.489157,0.450602,0.060241,0.029108,0.017188,0.140436,0.271186,0.007264,0.009184,0.001837,0.002338,0.001169,0.040000,0.153846,0.227692,0.578462,0.384988,0.251816,0.232446,0.002421,0.055690,0.009685,0.004843,0.058111
N20001904,0.870866,0.067717,0.061417,0.038059,0.012511,0.022082,0.018927,0.000000,0.013604,0.000000,0.000591,0.000000,0.308642,0.368607,0.211640,0.111111,0.031299,0.718310,0.150235,0.015649,0.010955,0.028169,0.006260,0.039124
N20001905,0.052036,0.900452,0.047511,0.000000,0.031674,0.348416,0.472851,0.006787,0.025745,0.005149,0.006553,0.003277,0.000000,0.177249,0.253968,0.568783,0.608597,0.024887,0.248869,0.000000,0.101810,0.000000,0.000000,0.015837
N20001906,0.926702,0.023560,0.049738,0.052356,0.000000,0.005236,0.010471,0.000000,0.004965,0.000993,0.001264,0.000632,0.028213,0.200627,0.147335,0.623824,0.086614,0.509186,0.299213,0.013123,0.000000,0.041995,0.000000,0.049869
N20001907,0.419223,0.484663,0.096115,0.031012,0.043606,0.154472,0.213415,0.008130,0.041118,0.008224,0.010466,0.005233,0.279545,0.409091,0.190909,0.120455,0.346856,0.308316,0.127789,0.008114,0.113590,0.012170,0.026369,0.056795
N20001908,0.521839,0.436782,0.041379,0.032184,0.025287,0.209195,0.144828,0.011494,0.039201,0.003872,0.002904,0.000000,0.152000,0.360000,0.336000,0.152000,0.285057,0.367816,0.259770,0.009195,0.036782,0.013793,0.011494,0.016092
N20001909,0.912791,0.067829,0.019380,0.025194,0.003876,0.029070,0.023256,0.005814,0.004405,0.000881,0.000529,0.000000,0.049438,0.184270,0.152809,0.613483,0.149515,0.446602,0.304854,0.009709,0.009709,0.033010,0.000000,0.046602
N20001910,0.763975,0.163561,0.072464,0.023311,0.016258,0.080913,0.058091,0.000000,0.006287,0.001257,0.000754,0.000000,0.120000,0.285714,0.231429,0.362857,0.188406,0.465839,0.265010,0.008282,0.014493,0.033126,0.006211,0.018634
N20001911,0.853659,0.100271,0.046070,0.062898,0.016032,0.029891,0.035326,0.002717,0.012352,0.002470,0.001482,0.000000,0.080332,0.285319,0.293629,0.340720,0.111413,0.529891,0.165761,0.010870,0.005435,0.027174,0.010870,0.138587
N20001912,0.838509,0.102484,0.059006,0.051573,0.023169,0.029549,0.038880,0.001555,0.007069,0.001414,0.000848,0.000000,0.163934,0.254098,0.254098,0.327869,0.090062,0.574534,0.201863,0.007764,0.015528,0.032609,0.003106,0.074534
N20001913,0.815745,0.095477,0.088777,0.061977,0.018425,0.018425,0.035176,0.000000,0.017766,0.003553,0.002132,0.000000,0.444444,0.287796,0.136612,0.131148,0.107203,0.537688,0.199330,0.008375,0.008375,0.040201,0.013400,0.085427
N20001914,0.618056,0.351852,0.030093,0.020833,0.027778,0.127315,0.150463,0.004630,0.035088,0.002193,0.004386,0.000000,0.077670,0.330097,0.132686,0.459547,0.238979,0.366589,0.292343,0.011601,0.048724,0.020882,0.002320,0.018561
N20001915,0.597911,0.365535,0.036554,0.043224,0.053035,0.114583,0.122396,0.023438,0.044408,0.004386,0.003289,0.000000,0.289634,0.310976,0.179878,0.219512,0.214099,0.438642,0.242820,0.005222,0.049608,0.015666,0.015666,0.018277
N20001916,0.582048,0.346424,0.071529,0.033661,0.053296,0.126227,0.136045,0.002805,0.023621,0.001476,0.002953,0.000000,0.216169,0.383128,0.210896,0.189807,0.243319,0.319269,0.267229,0.007032,0.043601,0.036568,0.026723,0.056259
N20001917,0.497227,0.445471,0.057301,0.015678,0.054327,0.199262,0.138376,0.007380,0.036829,0.005363,0.003933,0.000000,0.444444,0.313333,0.168889,0.073333,0.277264,0.299445,0.247689,0.012939,0.073937,0.033272,0.022181,0.033272
N20001918,0.517941,0.438378,0.043682,0.040632,0.047141,0.175274,0.170579,0.007825,0.029989,0.004367,0.003203,0.000000,0.150097,0.374269,0.307992,0.167641,0.297806,0.368339,0.219436,0.007837,0.047022,0.010972,0.018809,0.029781
N20001919,0.639726,0.310959,0.049315,0.028767,0.024658,0.119178,0.101370,0.005479,0.048126,0.007009,0.005140,0.000000,0.320611,0.367939,0.160305,0.151145,0.229711,0.374140,0.269601,0.006878,0.056396,0.019257,0.004127,0.039890
N20001920,0.601942,0.351456,0.046602,0.018284,0.034336,0.103113,0.140078,0.003891,0.055923,0.008144,0.005972,0.000000,0.429806,0.365011,0.131749,0.073434,0.232558,0.432171,0.211240,0.009690,0.042636,0.023256,0.013566,0.034884
N20001921,0.620401,0.319398,0.060201,0.046823,0.036789,0.137124,0.091973,0.018395,0.029942,0.002957,0.002218,0.000000,0.210643,0.345898,0.206208,0.237251,0.265000,0.408333,0.221667,0.008333,0.046667,0.018333,0.001667,0.030000
N20001922,0.308642,0.650206,0.041152,0.030864,0.055556,0.440329,0.088477,0.000000,0.056140,0.005545,0.004159,0.000000,0.272480,0.280654,0.326975,0.119891,0.446502,0.218107,0.158436,0.006173,0.106996,0.014403,0.008230,0.041152
N20001923,0.782344,0.191781,0.025875,0.034241,0.017274,0.098634,0.037936,0.006070,0.023715,0.003211,0.004446,0.000494,0.202783,0.310139,0.320080,0.166998,0.152207,0.487062,0.248097,0.006088,0.033486,0.031963,0.006088,0.035008
N20001924,0.910995,0.034904,0.054101,0.021521,0.008588,0.015789,0.007018,0.000000,0.002992,0.000295,0.000222,0.000000,0.073022,0.239351,0.277890,0.409736,0.073298,0.631763,0.218150,0.012216,0.005236,0.017452,0.005236,0.036649
N20001925,0.884615,0.057692,0.057692,0.055441,0.005869,0.011516,0.015355,0.005758,0.012796,0.001485,0.003999,0.000914,0.253071,0.351351,0.191646,0.203931,0.044231,0.698077,0.165385,0.001923,0.015385,0.017308,0.001923,0.055769
N20001926,0.794183,0.147651,0.058166,0.077330,0.017314,0.044944,0.056180,0.006742,0.014981,0.001739,0.004682,0.001070,0.366071,0.380952,0.142857,0.110119,0.114350,0.582960,0.183857,0.006726,0.033632,0.033632,0.008969,0.035874
N20001927,0.736776,0.254408,0.008816,0.025721,0.013202,0.118090,0.064070,0.013819,0.033657,0.004558,0.006311,0.000701,0.223114,0.245586,0.361156,0.170144,0.177945,0.446115,0.276942,0.013784,0.025063,0.023810,0.017544,0.018797
N20001928,0.536697,0.323394,0.139908,0.056148,0.028200,0.125858,0.132723,0.022883,0.009056,0.001461,0.002483,0.000730,0.400000,0.315942,0.185507,0.098551,0.243119,0.366972,0.181193,0.018349,0.084862,0.018349,0.029817,0.057339
N20001929,0.468384,0.482436,0.049180,0.031468,0.031501,0.278037,0.091121,0.007009,0.055640,0.007535,0.010433,0.001159,0.231975,0.307210,0.332288,0.128527,0.320093,0.350467,0.163551,0.018692,0.119159,0.004673,0.004673,0.018692
N20001930,0.111748,0.833811,0.054441,0.009184,0.064580,0.321937,0.339031,0.062678,0.030066,0.004849,0.008244,0.002425,0.034091,0.291667,0.242424,0.431818,0.536932,0.099432,0.230114,0.008523,0.096591,0.014205,0.002841,0.011364
N20001931,0.063898,0.859425,0.076677,0.016279,0.056250,0.292063,0.425397,0.044444,0.027221,0.004390,0.007464,0.002195,0.101322,0.264317,0.202643,0.431718,0.607029,0.022364,0.210863,0.009585,0.124601,0.003195,0.000000,0.022364
N20001932,0.057582,0.927063,0.015355,0.015436,0.030512,0.381226,0.429119,0.055556,0.020217,0.003261,0.005543,0.001630,0.131980,0.395939,0.271574,0.200508,0.623800,0.049904,0.138196,0.000000,0.147793,0.001919,0.017274,0.021113
N20001933,0.052632,0.896332,0.051037,0.009501,0.051284,0.303514,0.476038,0.035144,0.020019,0.003229,0.005489,0.001614,0.051331,0.290875,0.205323,0.452471,0.650718,0.031898,0.162679,0.000000,0.138756,0.004785,0.000000,0.011164
N20001934,0.101868,0.797963,0.100170,0.018534,0.070071,0.282313,0.382653,0.022109,0.026921,0.004342,0.007382,0.002171,0.093750,0.420139,0.300347,0.185764,0.533107,0.076401,0.190153,0.000000,0.154499,0.010187,0.005093,0.030560
N20001935,0.475806,0.490323,0.033871,0.020968,0.033871,0.274194,0.141935,0.006452,0.022581,0.002621,0.007056,0.001613,0.148230,0.351770,0.323009,0.176991,0.325282,0.341385,0.191626,0.001610,0.088567,0.012882,0.009662,0.028986
N20001936,0.523052,0.424483,0.052464,0.015875,0.032139,0.242424,0.121212,0.001595,0.020177,0.002732,0.003783,0.000420,0.165254,0.313559,0.262712,0.258475,0.302067,0.348172,0.214626,0.011129,0.058824,0.027027,0.012719,0.025437
N20001937,0.580786,0.360262,0.058952,0.031766,0.048715,0.193900,0.089325,0.004357,0.017835,0.002415,0.003344,0.000372,0.193634,0.310345,0.315650,0.180371,0.272926,0.388646,0.189956,0.019651,0.045852,0.045852,0.008734,0.028384
N20001938,0.801782,0.164811,0.033408,0.035115,0.007033,0.108889,0.022222,0.000000,0.019845,0.002687,0.003721,0.000413,0.235149,0.289604,0.316832,0.158416,0.148559,0.623060,0.159645,0.000000,0.017738,0.026608,0.002217,0.022173
N20001939,0.090164,0.814208,0.095628,0.002732,0.062842,0.360656,0.314208,0.019126,0.038251,0.004440,0.011954,0.002732,0.137931,0.351097,0.203762,0.307210,0.521858,0.068306,0.248634,0.002732,0.128415,0.002732,0.002732,0.024590
N20001940,0.085714,0.869388,0.044898,0.008163,0.061224,0.432653,0.289796,0.024490,0.040816,0.004738,0.012755,0.002915,0.226994,0.294479,0.294479,0.184049,0.520492,0.086066,0.151639,0.000000,0.143443,0.004098,0.036885,0.057377
N20001941,0.072727,0.924675,0.002597,0.007282,0.018916,0.484293,0.311518,0.018325,0.061082,0.007090,0.019088,0.004363,0.186207,0.320690,0.337931,0.155172,0.585938,0.078125,0.125000,0.000000,0.171875,0.005208,0.015625,0.018229
N20001942,0.850772,0.114923,0.034305,0.025729,0.030875,0.048027,0.027444,0.003431,0.004540,0.000605,0.000000,0.000000,0.268657,0.341418,0.240672,0.149254,0.108062,0.610635,0.207547,0.000000,0.015437,0.030875,0.013722,0.013722
N20001943,0.714844,0.187500,0.097656,0.035156,0.003906,0.085938,0.070312,0.000000,0.024127,0.003217,0.000000,0.000000,0.060241,0.222892,0.271084,0.445783,0.175781,0.390625,0.273438,0.003906,0.109375,0.007812,0.011719,0.027344
N20001944,0.732794,0.226721,0.040486,0.019084,0.025108,0.133065,0.052419,0.002016,0.012453,0.001660,0.000000,0.000000,0.162730,0.309711,0.246719,0.280840,0.211694,0.500000,0.195565,0.006048,0.024194,0.016129,0.006048,0.040323
N20001945,0.324324,0.628993,0.046683,0.009828,0.041769,0.272727,0.171990,0.004914,0.091728,0.010647,0.028665,0.006552,0.256338,0.290141,0.307042,0.146479,0.493857,0.238329,0.149877,0.000000,0.100737,0.004914,0.000000,0.012285
N20001946,0.583630,0.370107,0.046263,0.027810,0.023313,0.178147,0.149644,0.003563,0.010648,0.004792,0.000000,0.000000,0.222222,0.265873,0.263228,0.248677,0.312352,0.385986,0.211401,0.001188,0.042755,0.020190,0.002375,0.023753
N20001947,0.210614,0.731343,0.058043,0.013594,0.047568,0.355960,0.243377,0.009934,0.055400,0.006113,0.007641,0.005349,0.165657,0.301010,0.294949,0.238384,0.514950,0.132890,0.240864,0.008306,0.078073,0.004983,0.008306,0.011628
N20001948,0.189394,0.787879,0.022727,0.021720,0.031081,0.388218,0.285498,0.003021,0.059532,0.006569,0.008211,0.005748,0.144603,0.323829,0.358452,0.173116,0.554545,0.124242,0.137879,0.000000,0.136364,0.009091,0.006061,0.031818
N20001949,0.636686,0.330178,0.033136,0.015385,0.011834,0.207101,0.094675,0.000000,0.011426,0.005142,0.000000,0.000000,0.140187,0.299065,0.392523,0.168224,0.214709,0.481613,0.167260,0.002372,0.083037,0.028470,0.003559,0.018980
N20001950,0.217786,0.711434,0.070780,0.010136,0.041124,0.437158,0.182149,0.000000,0.037924,0.004185,0.005231,0.003662,0.093525,0.318945,0.354916,0.232614,0.517304,0.145719,0.194900,0.001821,0.114754,0.005464,0.007286,0.012750
N20001951,0.478022,0.505495,0.016484,0.029304,0.036630,0.238095,0.161172,0.007326,0.046304,0.005109,0.006387,0.004471,0.200000,0.219277,0.400000,0.180723,0.369963,0.276557,0.260073,0.007326,0.036630,0.016484,0.010989,0.021978
N20001952,0.155203,0.809524,0.035273,0.009076,0.033115,0.327465,0.429577,0.000000,0.015320,0.002601,0.001156,0.000289,0.085106,0.153191,0.259574,0.502128,0.654321,0.068783,0.151675,0.005291,0.093474,0.021164,0.000000,0.005291
N20001953,0.949425,0.029885,0.020690,0.018391,0.011494,0.013793,0.000000,0.000000,0.003171,0.001427,0.000000,0.000000,0.180328,0.344262,0.338798,0.136612,0.027586,0.675862,0.213793,0.004598,0.013793,0.025287,0.002299,0.036782
N20001954,0.630468,0.333333,0.036199,0.021706,0.019134,0.160121,0.137462,0.000000,0.012055,0.003258,0.001303,0.000000,0.184358,0.337058,0.286778,0.191806,0.257919,0.413273,0.224736,0.009050,0.037707,0.036199,0.001508,0.019608
N20001955,0.120968,0.845161,0.033871,0.008065,0.054839,0.396774,0.324194,0.012903,0.041977,0.004632,0.005790,0.004053,0.109123,0.262970,0.411449,0.216458,0.572581,0.082258,0.222581,0.003226,0.082258,0.003226,0.008065,0.025806
N20001956,0.873720,0.095563,0.030717,0.030985,0.004965,0.041026,0.039316,0.000000,0.007441,0.002011,0.000804,0.000000,0.169772,0.223602,0.447205,0.159420,0.068376,0.625641,0.188034,0.000000,0.044444,0.064957,0.000000,0.008547
N20001957,0.423729,0.516949,0.059322,0.010963,0.023332,0.170213,0.289362,0.000000,0.026929,0.004573,0.002032,0.000508,0.010870,0.239130,0.233696,0.516304,0.365957,0.217021,0.297872,0.008511,0.059574,0.012766,0.008511,0.029787
N20001958,0.218605,0.679070,0.102326,0.018605,0.055814,0.376744,0.223256,0.000000,0.018396,0.003124,0.001388,0.000347,0.163636,0.200000,0.236364,0.400000,0.490741,0.129630,0.222222,0.013889,0.092593,0.009259,0.027778,0.013889
N20001959,0.611006,0.358634,0.030361,0.018975,0.013283,0.237192,0.066414,0.000000,0.033023,0.005608,0.002492,0.000623,0.195181,0.233735,0.332530,0.238554,0.265655,0.447818,0.231499,0.007590,0.026565,0.011385,0.001898,0.007590
N20001960,0.819672,0.142857,0.037471,0.021077,0.009368,0.084309,0.044496,0.000000,0.004480,0.000000,0.000000,0.000204,0.166667,0.365497,0.201754,0.266082,0.126761,0.563380,0.241784,0.000000,0.016432,0.023474,0.000000,0.028169
N20001961,0.586081,0.380952,0.032967,0.023009,0.015322,0.219378,0.109689,0.001828,0.027477,0.004666,0.002074,0.000518,0.202326,0.279070,0.279070,0.239535,0.272894,0.377289,0.249084,0.005495,0.040293,0.023810,0.009158,0.021978
N20001962,0.868263,0.105788,0.025948,0.011976,0.011976,0.053892,0.029940,0.000000,0.009546,0.000000,0.000000,0.000434,0.216667,0.369048,0.221429,0.192857,0.094000,0.634000,0.198000,0.006000,0.016000,0.020000,0.008000,0.024000
N20001963,0.845070,0.138028,0.016901,0.071059,0.025034,0.079096,0.025424,0.002825,0.005404,0.000000,0.000000,0.000246,0.158103,0.316206,0.185771,0.339921,0.112676,0.566197,0.261972,0.002817,0.014085,0.016901,0.000000,0.025352
N20001964,0.908873,0.035971,0.055156,0.029355,0.004646,0.014458,0.004819,0.000000,0.011524,0.000000,0.000000,0.000524,0.171717,0.320707,0.217172,0.290404,0.067308,0.665865,0.197115,0.000000,0.000000,0.021635,0.016827,0.031250
N20001965,0.821012,0.093385,0.085603,0.076826,0.019742,0.011628,0.015504,0.003876,0.039356,0.000000,0.003280,0.000000,0.092233,0.213592,0.281553,0.412621,0.073359,0.563707,0.196911,0.000000,0.000000,0.034749,0.003861,0.127413
N20001966,0.895000,0.080000,0.025000,0.018128,0.008453,0.024958,0.036606,0.000000,0.009549,0.000000,0.000000,0.000434,0.196305,0.281755,0.286374,0.235566,0.063439,0.686144,0.186978,0.006678,0.008347,0.018364,0.006678,0.023372
N20001967,0.942568,0.028716,0.028716,0.025198,0.006794,0.005059,0.008432,0.003373,0.004839,0.000000,0.000000,0.000220,0.133929,0.312500,0.242857,0.310714,0.040541,0.689189,0.199324,0.000000,0.005068,0.033784,0.000000,0.032095
N20001968,0.863962,0.114558,0.021480,0.019464,0.004511,0.031100,0.074163,0.000000,0.003785,0.000643,0.000286,0.000071,0.157746,0.239437,0.419718,0.183099,0.101205,0.607229,0.236145,0.009639,0.009639,0.026506,0.000000,0.009639
N20001969,0.884507,0.047887,0.067606,0.064789,0.008451,0.008451,0.030986,0.000000,0.000000,0.000000,0.000000,0.000000,0.067416,0.161049,0.119850,0.651685,0.101695,0.564972,0.220339,0.002825,0.008475,0.022599,0.011299,0.067797
N20001970,0.950980,0.026961,0.022059,0.049020,0.000000,0.004902,0.019608,0.000000,0.002262,0.000000,0.000189,0.000000,0.243478,0.414493,0.217391,0.124638,0.021845,0.735437,0.174757,0.014563,0.000000,0.029126,0.004854,0.019417
N20001971,0.727407,0.244444,0.028148,0.023704,0.023704,0.139259,0.042963,0.000000,0.027945,0.007553,0.003021,0.000000,0.223938,0.239382,0.333977,0.202703,0.156018,0.503715,0.240713,0.000000,0.031204,0.043091,0.002972,0.022288
N20001972,0.925532,0.047872,0.026596,0.053191,0.002660,0.015957,0.026596,0.000000,0.002455,0.000000,0.000205,0.000000,0.028881,0.151625,0.238267,0.581227,0.087766,0.622340,0.202128,0.005319,0.010638,0.021277,0.010638,0.039894
N20001973,0.919622,0.049645,0.030733,0.025754,0.000117,0.040094,0.002358,0.002358,0.004354,0.000363,0.000000,0.000000,0.019608,0.103641,0.165266,0.711485,0.091765,0.560000,0.270588,0.002353,0.014118,0.030588,0.000000,0.030588
N20001974,0.929907,0.056075,0.014019,0.051402,0.002336,0.021028,0.032710,0.000000,0.000000,0.000000,0.000000,0.000000,0.176271,0.267797,0.274576,0.281356,0.086449,0.619159,0.257009,0.000000,0.007009,0.023364,0.000000,0.007009
N20001975,0.968085,0.023936,0.007979,0.044805,-0.002519,0.023810,0.000000,0.000000,0.002442,0.000204,0.000000,0.000000,0.031373,0.188235,0.156863,0.623529,0.066313,0.668435,0.214854,0.002653,0.002653,0.018568,0.005305,0.021220
N20001976,0.947842,0.032374,0.019784,0.041367,0.005396,0.008993,0.010791,0.003597,0.003197,0.000400,0.000000,0.000000,0.062657,0.260652,0.170426,0.506266,0.059246,0.631957,0.253142,0.003591,0.001795,0.028725,0.007181,0.014363
N20001977,0.892578,0.064453,0.042969,0.058270,0.009872,0.005848,0.015595,0.003899,0.025991,0.003249,0.000000,0.000000,0.065491,0.193955,0.163728,0.576826,0.074364,0.645793,0.244618,0.001957,0.009785,0.003914,0.001957,0.017613
N20001978,0.960168,0.025157,0.014675,0.044201,0.004149,0.010504,0.002101,0.006303,0.001939,0.000162,0.000000,0.000000,0.042440,0.198939,0.201592,0.557029,0.041929,0.679245,0.215933,0.008386,0.002096,0.014675,0.002096,0.035639
N20001979,0.944573,0.030023,0.025404,0.036952,0.002309,0.006928,0.013857,0.000000,0.006395,0.000533,0.000000,0.000000,0.071429,0.294286,0.145714,0.488571,0.066820,0.601382,0.258065,0.004608,0.006912,0.027650,0.002304,0.032258
N20001980,0.876426,0.102662,0.020913,0.051331,0.022814,0.034221,0.024715,0.011407,0.008450,0.001056,0.000000,0.000000,0.166065,0.314079,0.122744,0.397112,0.106667,0.596190,0.247619,0.007619,0.005714,0.026667,0.001905,0.007619
N20001981,0.980583,0.009709,0.009709,0.024166,0.007287,0.000000,0.000000,0.000000,0.001757,0.000475,0.000190,0.000000,0.123839,0.266254,0.421053,0.188854,0.043689,0.686893,0.211165,0.000000,0.000000,0.043689,0.000000,0.014563
N20001982,0.938398,0.041068,0.020534,0.032854,0.002053,0.004107,0.028747,0.000000,0.005686,0.000474,0.000000,0.000000,0.042821,0.141058,0.151134,0.664987,0.069959,0.753086,0.150206,0.002058,0.002058,0.004115,0.000000,0.018519
N20001983,0.952107,0.024904,0.022989,0.032721,0.003791,0.001919,0.013436,0.000000,0.005315,0.000443,0.000000,0.000000,0.052273,0.225000,0.145455,0.577273,0.055556,0.626437,0.247126,0.009579,0.003831,0.038314,0.001916,0.017241
N20001984,0.945032,0.029598,0.025370,0.017372,0.008322,0.014894,0.000000,0.000000,0.005674,0.000709,0.000000,0.000000,0.026954,0.242588,0.153639,0.576819,0.059829,0.606838,0.247863,0.004274,0.000000,0.025641,0.014957,0.040598
N20001985,0.924658,0.038813,0.036530,0.018479,0.006776,0.016018,0.011442,0.000000,0.004068,0.000509,0.000000,0.000000,0.038363,0.176471,0.248082,0.537084,0.073227,0.535469,0.112128,0.000000,0.009153,0.020595,0.002288,0.247140
N20001986,0.955817,0.033873,0.010309,0.054492,0.005891,0.007364,0.010309,0.002946,0.007364,0.000000,0.000000,0.000000,0.173077,0.323077,0.292308,0.211538,0.036873,0.697640,0.206490,0.004425,0.000000,0.016224,0.005900,0.032448
N20001987,0.922470,0.057819,0.019711,0.052562,0.011827,0.023653,0.017083,0.001314,0.003942,0.000000,0.000000,0.000000,0.203219,0.309859,0.237425,0.249497,0.059055,0.671916,0.200787,0.007874,0.005249,0.026247,0.002625,0.026247
N20001988,0.688742,0.284768,0.026490,0.027815,0.011921,0.180132,0.080795,0.005298,0.005866,0.000000,0.000189,0.000568,0.185430,0.311258,0.311258,0.192053,0.187831,0.462963,0.216931,0.000000,0.054233,0.042328,0.007937,0.027778
N20001989,0.730715,0.232819,0.036466,0.022850,0.024954,0.096910,0.096910,0.004213,0.007133,0.001928,0.000771,0.000000,0.169844,0.313692,0.372617,0.143847,0.173427,0.535664,0.208392,0.005594,0.029371,0.020979,0.006993,0.019580
N20001990,0.624378,0.325871,0.049751,0.029110,0.019519,0.225405,0.047323,0.000000,0.029781,0.000000,0.000961,0.002882,0.180704,0.243492,0.384380,0.191424,0.248756,0.472637,0.189055,0.000000,0.034826,0.013682,0.004975,0.036070
N20001991,0.654661,0.313559,0.031780,0.035512,0.019942,0.159574,0.104255,0.000000,0.026383,0.000000,0.000851,0.002553,0.149733,0.227273,0.409091,0.213904,0.243070,0.471215,0.204691,0.004264,0.034115,0.014925,0.004264,0.023454
N20001992,0.671362,0.286385,0.042254,0.023474,0.021127,0.147887,0.061033,0.000000,0.049899,0.000000,0.001610,0.004829,0.176301,0.219653,0.323699,0.280347,0.209412,0.442353,0.232941,0.016471,0.042353,0.018824,0.014118,0.023529
N20001993,0.822034,0.165254,0.012712,0.033004,0.013356,0.080169,0.071730,0.000000,0.000000,0.000000,0.000000,0.000000,0.118919,0.151351,0.362162,0.367568,0.143460,0.510549,0.286920,0.004219,0.016878,0.000000,0.000000,0.037975
N20001994,0.915058,0.054054,0.030888,0.048263,0.001931,0.019305,0.021236,0.001931,0.009653,0.000000,0.000000,0.000000,0.178490,0.329519,0.178490,0.313501,0.073218,0.662813,0.179191,0.000000,0.005780,0.042389,0.000000,0.036609
N20001995,0.900844,0.084388,0.014768,0.031096,0.004556,0.014706,0.037815,0.010504,0.016807,0.000000,0.000000,0.000000,0.189252,0.280374,0.184579,0.345794,0.050740,0.585624,0.268499,0.004228,0.016913,0.023256,0.002114,0.048626
N20001996,0.962076,0.027944,0.009980,0.024076,0.005944,0.010000,0.008000,0.000000,0.004000,0.000000,0.000000,0.000000,0.144050,0.315240,0.221294,0.319415,0.047904,0.660679,0.217565,0.007984,0.000000,0.041916,0.001996,0.021956
N20001997,0.934681,0.043546,0.021773,0.024883,0.004666,0.026439,0.004666,0.004666,0.003110,0.000000,0.000000,0.000000,0.212281,0.368421,0.242105,0.177193,0.049767,0.654743,0.199067,0.003110,0.010886,0.018663,0.000000,0.063764
N20001998,0.856552,0.124138,0.019310,0.035615,0.007058,0.048209,0.053719,0.001377,0.011422,0.000000,0.000000,0.002352,0.128776,0.300477,0.270270,0.300477,0.088154,0.577135,0.252066,0.015152,0.011019,0.020661,0.002755,0.033058
N20001999,0.969799,0.023490,0.006711,0.013423,0.006711,0.003356,0.010067,0.000000,0.002783,0.000000,0.000000,0.000573,0.105263,0.271255,0.275304,0.348178,0.020134,0.775168,0.154362,0.000000,0.000000,0.033557,0.000000,0.016779
N20002000,0.605941,0.370297,0.023762,0.035921,0.023157,0.136095,0.195266,0.000000,0.012273,0.000000,0.002104,0.001403,0.064343,0.211796,0.260054,0.463807,0.291089,0.295050,0.310891,0.000000,0.047525,0.029703,0.005941,0.019802
N20002001,0.687619,0.281905,0.030476,0.039330,0.008141,0.121673,0.115970,0.001901,0.026616,0.000000,0.004563,0.003042,0.174641,0.246411,0.155502,0.423445,0.182857,0.432381,0.293333,0.003810,0.015238,0.017143,0.019048,0.036190
N20002002,0.673317,0.284289,0.042394,0.014169,0.023638,0.117794,0.130326,0.000000,0.009747,0.000000,0.001671,0.001114,0.053628,0.205047,0.239748,0.501577,0.174564,0.374065,0.339152,0.002494,0.032419,0.019950,0.007481,0.049875
N20002003,0.935897,0.032051,0.032051,0.025641,0.003205,0.012821,0.016026,0.000000,0.000000,0.000000,0.000000,0.000000,0.016529,0.090909,0.247934,0.644628,0.080128,0.560897,0.307692,0.003205,0.003205,0.025641,0.000000,0.019231
N20002004,0.759191,0.202206,0.038603,0.026590,0.009898,0.056777,0.109890,0.000000,0.019943,0.000000,0.003419,0.002279,0.114967,0.223427,0.255965,0.405640,0.175824,0.446886,0.276557,0.003663,0.021978,0.031136,0.010989,0.032967
N20002005,0.810127,0.175407,0.014467,0.023508,0.003617,0.079566,0.092224,0.000000,0.000000,0.000000,0.000000,0.000000,0.167431,0.263761,0.376147,0.192661,0.133816,0.529837,0.271248,0.000000,0.016275,0.034358,0.005425,0.009042
N20002006,0.661232,0.313406,0.025362,0.017471,0.016842,0.121157,0.115732,0.005425,0.044987,0.000000,0.000000,0.009262,0.224824,0.311475,0.283372,0.180328,0.209765,0.403255,0.278481,0.010850,0.032550,0.021700,0.012658,0.030741
N20002007,0.348199,0.591767,0.060034,0.013147,0.050530,0.290378,0.176976,0.041237,0.024221,0.004212,0.000527,0.003686,0.107399,0.241050,0.288783,0.362768,0.450342,0.181507,0.226027,0.005137,0.095890,0.008562,0.015411,0.017123
N20002008,0.299838,0.683955,0.016207,0.009724,0.030794,0.406807,0.136143,0.079417,0.022847,0.003973,0.000497,0.003477,0.101382,0.285714,0.437788,0.175115,0.463533,0.218801,0.210697,0.001621,0.059968,0.019449,0.003241,0.022690
N20002009,0.644706,0.301176,0.054118,0.024097,0.015462,0.124122,0.149883,0.004684,0.005579,0.000827,0.000413,0.000207,0.070175,0.198830,0.242690,0.488304,0.254118,0.397647,0.216471,0.000000,0.040000,0.030588,0.007059,0.054118
N20002010,0.392694,0.579909,0.027397,0.022831,0.029680,0.264840,0.271689,0.002283,0.009065,0.001343,0.000672,0.000336,0.034783,0.176812,0.237681,0.550725,0.445205,0.203196,0.232877,0.000000,0.077626,0.009132,0.002283,0.029680
N20002011,0.578292,0.382562,0.039146,0.023925,0.031404,0.124777,0.180036,0.000000,0.036804,0.005452,0.002726,0.001363,0.163972,0.217090,0.212471,0.406467,0.265957,0.363475,0.267730,0.008865,0.049645,0.007092,0.007092,0.030142
N20002012,0.889785,0.083333,0.026882,0.016812,0.013063,0.010811,0.035135,0.002703,0.015856,0.002883,0.001441,0.001441,0.019455,0.225681,0.167315,0.587549,0.083333,0.599462,0.258065,0.000000,0.005376,0.013441,0.000000,0.040323
N20002013,0.525424,0.447740,0.026836,0.014124,0.018362,0.158192,0.224576,0.012712,0.025150,0.004374,0.000547,0.003827,0.095986,0.277487,0.277487,0.349040,0.320621,0.292373,0.271186,0.002825,0.064972,0.014124,0.004237,0.029661
N20002014,0.852060,0.108614,0.039326,0.022472,0.005618,0.033708,0.054307,0.000000,0.010986,0.001998,0.000999,0.000999,0.076923,0.298368,0.249417,0.375291,0.108411,0.579439,0.226168,0.000000,0.001869,0.013084,0.005607,0.065421
N20002015,0.246241,0.733083,0.020677,0.015904,0.032708,0.288390,0.286517,0.059925,0.032447,0.001947,0.000000,0.031149,0.082742,0.269504,0.411348,0.236407,0.532833,0.172608,0.172608,0.001876,0.090056,0.001876,0.007505,0.020638
N20002016,0.552023,0.381503,0.066474,0.039055,0.024154,0.109510,0.170029,0.046110,0.023247,0.004227,0.002113,0.002113,0.061818,0.261818,0.225455,0.450909,0.245665,0.312139,0.257225,0.002890,0.075145,0.034682,0.008671,0.063584
N20002017,0.391697,0.546931,0.061372,0.014440,0.048736,0.290614,0.176895,0.014440,0.010481,0.001310,0.000262,0.004192,0.184019,0.278450,0.326877,0.210654,0.375451,0.247292,0.194946,0.005415,0.090253,0.012635,0.021661,0.052347
N20002018,0.796069,0.149877,0.054054,0.009828,0.004914,0.031941,0.103194,0.000000,0.007207,0.001310,0.000655,0.000655,0.121127,0.276056,0.380282,0.222535,0.139706,0.558824,0.210784,0.002451,0.029412,0.007353,0.004902,0.046569
N20002019,0.582645,0.398760,0.018595,0.004132,0.014463,0.171488,0.175620,0.022727,0.007160,0.000430,0.000000,0.006873,0.169761,0.106101,0.493369,0.230769,0.307851,0.421488,0.210744,0.002066,0.037190,0.012397,0.000000,0.008264
N20002020,0.419501,0.526077,0.054422,0.018590,0.013549,0.207289,0.255125,0.015945,0.025057,0.004556,0.002278,0.002278,0.096026,0.149007,0.192053,0.562914,0.364465,0.284738,0.232346,0.002278,0.066059,0.013667,0.000000,0.036446
N20002021,0.341808,0.579096,0.079096,0.015047,0.052335,0.183099,0.301408,0.033803,0.006197,0.001127,0.000563,0.000563,0.046875,0.242188,0.222656,0.488281,0.389831,0.200565,0.251412,0.005650,0.096045,0.011299,0.008475,0.036723
N20002022,0.190114,0.798479,0.011407,0.014542,0.035120,0.290076,0.377863,0.045802,0.036387,0.006616,0.003308,0.003308,0.172131,0.254098,0.390710,0.183060,0.453510,0.104364,0.223909,0.000000,0.174573,0.003795,0.011385,0.028463
N20002023,0.849153,0.135593,0.015254,0.023729,0.005085,0.040678,0.047458,0.042373,0.000000,0.000000,0.000000,0.000000,0.138425,0.274463,0.369928,0.217184,0.100000,0.605085,0.196610,0.005085,0.028814,0.040678,0.003390,0.020339
N20002024,0.151248,0.829662,0.019090,0.014684,0.036711,0.468429,0.261380,0.051395,0.007579,0.000947,0.000189,0.003032,0.198473,0.209924,0.412214,0.179389,0.519824,0.108664,0.209985,0.000000,0.142438,0.000000,0.001468,0.017621
N20002025,0.296137,0.682403,0.021459,0.015335,0.011916,0.368195,0.204871,0.032951,0.041593,0.005199,0.001040,0.016637,0.198934,0.243339,0.330373,0.227353,0.531519,0.151862,0.163324,0.001433,0.093123,0.037249,0.000000,0.021490
N20002026,0.853273,0.135440,0.011287,0.020316,0.002257,0.097065,0.033860,0.000000,0.001117,0.000067,0.000000,0.001073,0.066879,0.162420,0.535032,0.235669,0.124717,0.564626,0.263039,0.002268,0.015873,0.022676,0.000000,0.006803
N20002027,0.266010,0.706897,0.027094,0.006751,0.022946,0.217284,0.283951,0.153086,0.014668,0.000880,0.000000,0.014081,0.045732,0.207317,0.359756,0.387195,0.511002,0.124694,0.229829,0.000000,0.110024,0.004890,0.004890,0.014670
N20002028,0.236890,0.737794,0.025316,0.011258,0.013967,0.283394,0.227437,0.129964,0.041105,0.002466,0.000000,0.039461,0.108545,0.254042,0.387991,0.249423,0.488246,0.169982,0.175407,0.001808,0.130199,0.001808,0.003617,0.028933
N20002029,0.335338,0.578947,0.085714,0.043357,0.023728,0.065053,0.290469,0.130106,0.033440,0.004519,0.014762,0.016871,0.155378,0.296813,0.430279,0.117530,0.465257,0.217523,0.167674,0.000000,0.095166,0.018127,0.004532,0.031722
N20002030,0.188256,0.728843,0.082902,0.020436,0.045452,0.072664,0.399654,0.100346,0.053206,0.007190,0.023487,0.026843,0.213429,0.311751,0.326139,0.148681,0.538194,0.144097,0.156250,0.001736,0.090278,0.000000,0.022569,0.046875
N20002031,0.529006,0.437845,0.033149,0.012477,0.038396,0.067493,0.214876,0.041322,0.046402,0.000000,0.005682,0.023674,0.152878,0.285971,0.357914,0.203237,0.307163,0.366391,0.190083,0.013774,0.046832,0.016529,0.008264,0.050964
N20002032,0.307563,0.636975,0.055462,0.018487,0.026891,0.028571,0.342857,0.142857,0.046033,0.006221,0.020321,0.023224,0.254989,0.252772,0.365854,0.126386,0.478992,0.183193,0.226891,0.001681,0.090756,0.003361,0.000000,0.015126
N20002033,0.288754,0.677812,0.033435,0.011315,0.055860,0.073171,0.365854,0.064024,0.057135,0.007721,0.025222,0.028825,0.368421,0.206478,0.291498,0.133603,0.443769,0.167173,0.155015,0.000000,0.155015,0.027356,0.018237,0.033435
N20002034,0.490305,0.484765,0.024931,0.020860,0.051431,0.027778,0.297222,0.072222,0.021759,0.000926,0.003241,0.010185,0.126866,0.138060,0.313433,0.421642,0.311111,0.311111,0.252778,0.000000,0.077778,0.008333,0.008333,0.030556
N20002035,0.424837,0.461874,0.113290,0.023965,0.037037,0.026144,0.287582,0.071895,0.023630,0.001006,0.003519,0.011061,0.128205,0.212821,0.348718,0.310256,0.359307,0.274892,0.222944,0.004329,0.051948,0.010823,0.010823,0.064935
N20002036,0.467505,0.465409,0.067086,0.055371,0.046999,0.048117,0.288703,0.043933,0.022691,0.000966,0.003379,0.010621,0.148148,0.272487,0.235450,0.343915,0.357741,0.286611,0.228033,0.000000,0.052301,0.016736,0.020921,0.037657
N20002037,0.812887,0.167286,0.019827,0.030979,0.013631,0.023544,0.087980,0.016109,0.015939,0.000000,0.001952,0.008132,0.178947,0.245113,0.351880,0.224060,0.137376,0.585396,0.221535,0.004950,0.004950,0.009901,0.004950,0.030941
N20002038,0.962696,0.032491,0.004813,0.013420,0.009544,0.010870,0.007246,0.002415,0.001479,0.000000,0.000181,0.000755,0.186186,0.226727,0.414414,0.172673,0.048019,0.803121,0.106843,0.000000,0.001200,0.013205,0.002401,0.025210
N20002039,0.438395,0.528653,0.032951,0.012894,0.053009,0.031519,0.330946,0.077364,0.017211,0.002326,0.007597,0.008683,0.207477,0.278505,0.398131,0.115888,0.370529,0.266094,0.237482,0.000000,0.065808,0.022890,0.000000,0.037196
N20002040,0.776892,0.173971,0.049137,0.023904,0.015936,0.009296,0.123506,0.006640,0.015888,0.000338,0.002366,0.000000,0.160194,0.270227,0.341424,0.228155,0.140770,0.527224,0.179283,0.002656,0.022576,0.030544,0.005312,0.091633
N20002041,0.543478,0.436455,0.020067,0.007465,0.026070,0.026801,0.296482,0.038526,0.029270,0.001246,0.004359,0.013701,0.208520,0.237668,0.421525,0.132287,0.324415,0.387960,0.155518,0.001672,0.070234,0.018395,0.005017,0.036789
N20002042,0.845714,0.125714,0.028571,0.027012,0.011210,0.009542,0.070611,0.007634,0.022831,0.000486,0.003400,0.000000,0.023310,0.160839,0.207459,0.608392,0.152091,0.429658,0.264259,0.005703,0.013308,0.017110,0.011407,0.106464
N20002043,0.760000,0.166154,0.073846,0.036923,0.021538,0.024615,0.067692,0.021538,0.026294,0.000559,0.003916,0.000000,0.058824,0.156863,0.338235,0.446078,0.169231,0.433846,0.255385,0.003077,0.006154,0.012308,0.000000,0.120000
N20002044,0.723282,0.276718,0.000000,0.012001,0.012855,0.009560,0.212237,0.026769,0.011418,0.000862,0.001077,0.001939,0.117506,0.273381,0.412470,0.196643,0.211429,0.577143,0.163810,0.003810,0.015238,0.005714,0.005714,0.017143
N20002045,0.782353,0.173529,0.044118,0.023529,0.020588,0.005882,0.129412,0.008824,0.007540,0.000160,0.001123,0.000000,0.020408,0.142857,0.269388,0.567347,0.158824,0.455882,0.261765,0.002941,0.038235,0.014706,0.000000,0.067647
N20002046,0.683386,0.249216,0.067398,0.034483,0.023511,0.032915,0.147335,0.031348,0.012055,0.000256,0.001795,0.000000,0.224670,0.359031,0.220264,0.196035,0.207165,0.478193,0.197819,0.001558,0.018692,0.015576,0.020249,0.060748
N20002047,0.729545,0.236364,0.034091,0.020455,0.031818,0.013636,0.152273,0.027273,0.009711,0.000207,0.001446,0.000000,0.159686,0.248691,0.295812,0.295812,0.163636,0.454545,0.268182,0.000000,0.018182,0.018182,0.013636,0.063636
N20002048,0.899329,0.078859,0.021812,0.023490,0.005034,0.005034,0.050336,0.005034,0.010020,0.000756,0.000945,0.001701,0.128421,0.263158,0.389474,0.218947,0.063758,0.651007,0.211409,0.000000,0.006711,0.035235,0.008389,0.023490
N20002049,0.872017,0.086768,0.041215,0.023861,0.002169,0.002169,0.078091,0.000000,0.002657,0.000000,0.000325,0.001356,0.142433,0.204748,0.261128,0.391691,0.080087,0.666667,0.183983,0.000000,0.004329,0.004329,0.002165,0.058442
N20002050,0.633197,0.336066,0.030738,0.029501,0.015737,0.059548,0.197125,0.018480,0.033722,0.002545,0.003181,0.005726,0.182768,0.227154,0.365535,0.224543,0.190574,0.545082,0.202869,0.002049,0.034836,0.012295,0.000000,0.012295
N20002051,0.741379,0.229885,0.028736,0.028736,0.020115,0.018678,0.149425,0.014368,0.016752,0.001861,0.004963,0.003723,0.221805,0.266917,0.323308,0.187970,0.176724,0.528736,0.205460,0.000000,0.040230,0.020115,0.004310,0.024425
N20002052,0.577371,0.417637,0.004992,0.045033,0.031236,0.048093,0.252073,0.038143,0.035900,0.002709,0.003387,0.006096,0.214137,0.226611,0.328482,0.230769,0.229236,0.435216,0.182724,0.001661,0.056478,0.036545,0.011628,0.046512
N20002053,0.822183,0.158451,0.019366,0.021127,0.012324,0.021127,0.100352,0.017606,0.005257,0.000397,0.000496,0.000893,0.122642,0.193396,0.332547,0.351415,0.110915,0.565141,0.260563,0.000000,0.024648,0.012324,0.000000,0.026408
N20002054,0.889465,0.075993,0.034542,0.046632,0.006908,0.010363,0.034542,0.012090,0.007419,0.000824,0.002198,0.001649,0.078603,0.163755,0.286026,0.471616,0.069204,0.615917,0.249135,0.006920,0.008651,0.012111,0.001730,0.036332
N20002055,0.729397,0.244772,0.025830,0.029890,0.019403,0.028325,0.158867,0.024631,0.008313,0.000924,0.002463,0.001847,0.178964,0.270016,0.401884,0.149137,0.170972,0.565806,0.191882,0.003690,0.018450,0.015990,0.008610,0.024600
N20002056,0.771488,0.205451,0.023061,0.034094,0.014274,0.014706,0.079832,0.081933,0.009024,0.001003,0.002674,0.002005,0.146132,0.277937,0.404011,0.171920,0.111345,0.621849,0.168067,0.010504,0.021008,0.023109,0.008403,0.035714
N20002057,0.545910,0.407346,0.046745,0.019947,0.045537,0.028476,0.194305,0.090452,0.037852,0.001262,0.002523,0.006939,0.197590,0.281928,0.318072,0.202410,0.262104,0.362270,0.247078,0.005008,0.075125,0.011686,0.003339,0.033389
N20002058,0.824586,0.135359,0.040055,0.041436,0.026243,0.008287,0.070442,0.002762,0.021525,0.000718,0.001435,0.003946,0.176360,0.249531,0.390244,0.183865,0.096685,0.613260,0.220994,0.004144,0.004144,0.013812,0.006906,0.040055
N20002059,0.856796,0.087379,0.055825,0.030709,0.014915,0.009662,0.036232,0.000000,0.020704,0.000690,0.001380,0.003796,0.216828,0.233010,0.300971,0.249191,0.104116,0.629540,0.198547,0.002421,0.000000,0.004843,0.002421,0.058111
N20002060,0.810510,0.143312,0.046178,0.028662,0.004777,0.020701,0.089172,0.012739,0.015924,0.000000,0.000000,0.000000,0.138462,0.149451,0.393407,0.318681,0.132166,0.549363,0.253185,0.000000,0.009554,0.014331,0.001592,0.039809
N20002061,0.424658,0.471461,0.103881,0.023515,0.074890,0.030857,0.259429,0.040000,0.045009,0.002864,0.012684,0.005728,0.368421,0.202552,0.314195,0.114833,0.331808,0.302059,0.209382,0.004577,0.051487,0.014874,0.014874,0.070938
N20002062,0.698630,0.229452,0.071918,0.045639,0.049965,0.017094,0.138462,0.008547,0.011409,0.001210,0.001556,0.001210,0.245935,0.321138,0.282520,0.150407,0.183533,0.473413,0.210978,0.001715,0.022298,0.027444,0.008576,0.072041
N20002063,0.723881,0.218284,0.057836,0.041045,0.031716,0.005597,0.139925,0.009328,0.024714,0.000824,0.001648,0.004531,0.196185,0.267030,0.343324,0.193460,0.195896,0.507463,0.214552,0.007463,0.011194,0.011194,0.001866,0.050373
N20002064,0.697168,0.259259,0.043573,0.017343,0.061891,0.013158,0.094298,0.041667,0.035778,0.003795,0.004879,0.003795,0.175676,0.313514,0.367568,0.143243,0.198257,0.455338,0.230937,0.000000,0.056645,0.017429,0.010893,0.030501
N20002065,0.301521,0.612725,0.085754,0.026279,0.051176,0.024896,0.337483,0.125864,0.049775,0.003168,0.014028,0.006335,0.207018,0.285965,0.385965,0.121053,0.435685,0.175657,0.225450,0.005533,0.074689,0.015214,0.023513,0.044260
N20002066,0.884900,0.067582,0.047518,0.030777,0.024241,0.013742,0.011628,0.006342,0.011628,0.000000,0.000000,0.000000,0.183844,0.341226,0.306407,0.168524,0.075949,0.623418,0.193038,0.020042,0.006329,0.028481,0.005274,0.047468
N20002067,0.700000,0.266667,0.033333,0.015353,0.032227,0.014523,0.139004,0.031120,0.036925,0.003916,0.005035,0.003916,0.164835,0.307692,0.406593,0.120879,0.177686,0.448347,0.252066,0.002066,0.043388,0.047521,0.010331,0.018595
N20002068,0.495482,0.448795,0.055723,0.039025,0.062909,0.013514,0.237237,0.076577,0.039762,0.002530,0.011206,0.005061,0.188213,0.193916,0.311787,0.306084,0.308846,0.359820,0.196402,0.011994,0.035982,0.008996,0.025487,0.052474
N20002069,0.647205,0.296894,0.055901,0.027329,0.021118,0.022360,0.185093,0.019876,0.039476,0.003140,0.005832,0.000000,0.200278,0.305981,0.307371,0.186370,0.227329,0.406211,0.268323,0.001242,0.037267,0.018634,0.007453,0.033540
N20002070,0.568233,0.375839,0.055928,0.019126,0.061107,0.008929,0.223214,0.026786,0.045470,0.003617,0.006717,0.000000,0.295181,0.346386,0.201807,0.156627,0.231626,0.423163,0.211581,0.004454,0.037862,0.011136,0.024499,0.055679
N20002071,0.556240,0.395994,0.047766,0.032357,0.035439,0.010786,0.249615,0.081664,0.012555,0.000799,0.003538,0.001598,0.206186,0.307216,0.350515,0.136082,0.261941,0.363636,0.257319,0.004622,0.052388,0.010786,0.003082,0.046225
N20002072,0.562900,0.402985,0.034115,0.042644,0.051173,0.021322,0.257996,0.031983,0.030042,0.003186,0.004097,0.003186,0.193277,0.260504,0.420168,0.126050,0.229299,0.426752,0.210191,0.002123,0.042463,0.031847,0.019108,0.038217
N20002073,0.475291,0.492733,0.031977,0.031977,0.033430,0.010174,0.360465,0.066860,0.016168,0.001715,0.002205,0.001715,0.193727,0.311808,0.298893,0.195572,0.345428,0.377358,0.168360,0.011611,0.063861,0.004354,0.011611,0.017417
N20002074,0.892057,0.081466,0.026477,0.018330,0.008147,0.002037,0.046843,0.002037,0.018473,0.000000,0.003930,0.000000,0.269231,0.252747,0.343407,0.134615,0.061475,0.737705,0.141393,0.006148,0.004098,0.016393,0.002049,0.030738
N20002075,0.767399,0.201465,0.031136,0.026523,0.009859,0.000000,0.105839,0.056569,0.023790,0.001892,0.003514,0.000000,0.229469,0.217391,0.388889,0.164251,0.146252,0.550274,0.159049,0.001828,0.047532,0.009141,0.003656,0.082267
N20002076,0.837838,0.142857,0.019305,0.019305,0.009653,0.015444,0.098456,0.000000,0.015918,0.000000,0.003387,0.000000,0.231198,0.242340,0.353760,0.172702,0.106178,0.623552,0.162162,0.000000,0.015444,0.028958,0.001931,0.061776
N20002077,0.897582,0.068279,0.034139,0.034529,0.012644,0.000000,0.012839,0.002853,0.032546,0.002589,0.004808,0.000000,0.220104,0.197574,0.322357,0.259965,0.044223,0.526391,0.171184,0.000000,0.007133,0.029957,0.001427,0.219686
N20002078,0.754923,0.199125,0.045952,0.015317,0.028446,0.004376,0.146608,0.000000,0.016239,0.000000,0.003455,0.000000,0.244318,0.292614,0.363636,0.099432,0.177632,0.543860,0.217105,0.000000,0.004386,0.010965,0.006579,0.039474
N20002079,0.900415,0.060858,0.038728,0.026454,0.012381,0.009695,0.036011,0.000000,0.002284,0.000000,0.000486,0.000000,0.194690,0.267257,0.407080,0.130973,0.073306,0.683264,0.152144,0.004149,0.006916,0.020747,0.000000,0.059474
N20002080,0.642045,0.342803,0.015152,0.017045,0.015152,0.005682,0.263258,0.011364,0.039042,0.000000,0.008307,0.000000,0.160287,0.279904,0.418660,0.141148,0.225379,0.479167,0.159091,0.003788,0.047348,0.030303,0.003788,0.051136
N20002081,0.411881,0.528713,0.059406,0.031683,0.041584,0.067327,0.312871,0.031683,0.050802,0.006493,0.006111,0.011841,0.165714,0.354286,0.265714,0.214286,0.390099,0.243564,0.213861,0.005941,0.065347,0.009901,0.037624,0.033663
N20002082,0.140143,0.800475,0.059382,0.019002,0.057007,0.123515,0.363420,0.135392,0.081785,0.010454,0.009839,0.019063,0.272727,0.337662,0.269481,0.120130,0.526190,0.090476,0.216667,0.011905,0.095238,0.004762,0.007143,0.047619
N20002083,0.262931,0.706897,0.030172,0.037125,0.055284,0.068817,0.408602,0.062366,0.075498,0.009650,0.009082,0.017597,0.294118,0.247678,0.291022,0.167183,0.489177,0.151515,0.231602,0.002165,0.064935,0.006494,0.021645,0.032468
N20002084,0.316190,0.588571,0.095238,0.051039,0.056374,0.039773,0.331439,0.054924,0.071604,0.009152,0.008614,0.016690,0.221264,0.284483,0.264368,0.229885,0.410208,0.166352,0.219282,0.000000,0.109641,0.020794,0.022684,0.051040
N20002085,0.600000,0.326087,0.073913,0.030435,0.030435,0.052174,0.169565,0.017391,0.041107,0.005567,0.006851,0.002997,0.170213,0.347518,0.212766,0.269504,0.268398,0.398268,0.177489,0.004329,0.025974,0.004329,0.012987,0.108225
N20002086,0.784932,0.126027,0.089041,0.043836,0.015068,0.009589,0.043836,0.004110,0.044587,0.004820,0.003615,0.000402,0.045545,0.158416,0.158416,0.637624,0.150685,0.432877,0.223288,0.002740,0.005479,0.031507,0.004110,0.149315
N20002087,0.545775,0.362676,0.091549,0.030836,0.023484,0.033392,0.200351,0.026362,0.057517,0.007789,0.009586,0.004194,0.349421,0.270270,0.206564,0.173745,0.223592,0.419014,0.149648,0.005282,0.051056,0.019366,0.028169,0.103873
N20002088,0.667925,0.250943,0.081132,0.030189,0.033962,0.024528,0.132075,0.015094,0.037452,0.001702,0.002724,0.003405,0.247335,0.349680,0.219616,0.183369,0.175141,0.419962,0.171375,0.005650,0.039548,0.026365,0.013183,0.148776
N20002089,0.757576,0.187879,0.054545,0.048485,0.042424,0.009091,0.090909,0.003030,0.035407,0.003828,0.002871,0.000319,0.068345,0.176259,0.140288,0.615108,0.181818,0.384848,0.300000,0.006061,0.009091,0.009091,0.006061,0.103030
N20002090,0.543058,0.356766,0.100176,0.039549,0.037468,0.031579,0.177193,0.042105,0.055939,0.004161,0.004623,0.003698,0.280561,0.350701,0.218437,0.150301,0.264912,0.326316,0.242105,0.003509,0.050877,0.014035,0.017544,0.080702
N20002091,0.772840,0.158025,0.069136,0.047592,0.024361,0.034653,0.034653,0.022277,0.035119,0.003797,0.002847,0.000316,0.076923,0.201465,0.285714,0.435897,0.135468,0.403941,0.307882,0.017241,0.007389,0.022167,0.002463,0.103448
N20002092,0.607509,0.305461,0.087031,0.049488,0.034130,0.027304,0.139932,0.034130,0.057202,0.004255,0.004727,0.003782,0.055238,0.260952,0.274286,0.409524,0.225641,0.304274,0.181197,0.001709,0.047863,0.018803,0.003419,0.217094
N20002093,0.487267,0.392190,0.120543,0.035654,0.039049,0.015280,0.232598,0.045840,0.048582,0.003614,0.004015,0.003212,0.135354,0.319192,0.254545,0.290909,0.282095,0.236486,0.266892,0.006757,0.047297,0.011824,0.000000,0.148649
N20002094,0.697279,0.236395,0.066327,0.051623,0.028558,0.017036,0.149915,0.015332,0.018584,0.002517,0.003097,0.001355,0.260355,0.357002,0.214990,0.167653,0.147959,0.394558,0.258503,0.011905,0.039116,0.049320,0.001701,0.096939
N20002095,0.862500,0.057143,0.080357,0.049666,0.010797,0.001783,0.017825,0.000000,0.022315,0.002412,0.001809,0.000201,0.047847,0.267943,0.191388,0.492823,0.166071,0.466071,0.226786,0.008929,0.007143,0.026786,0.000000,0.098214
N20002096,0.735736,0.186186,0.078078,0.035736,0.043762,0.009091,0.081818,0.003030,0.042572,0.002956,0.001183,0.001774,0.049383,0.230453,0.193416,0.526749,0.176647,0.434132,0.239521,0.011976,0.020958,0.002994,0.011976,0.101796
N20002097,0.483333,0.439583,0.077083,0.032600,0.045453,0.029350,0.247379,0.048218,0.056561,0.004207,0.004674,0.003740,0.265714,0.288571,0.228571,0.217143,0.317427,0.278008,0.224066,0.008299,0.064315,0.016598,0.010373,0.080913
N20002098,0.639626,0.204368,0.156006,0.051482,0.032761,0.012480,0.056162,0.028081,0.062496,0.006756,0.005067,0.000563,0.092166,0.207373,0.269585,0.430876,0.202808,0.330733,0.184087,0.003120,0.029641,0.015601,0.010920,0.223089
N20002099,0.643045,0.312336,0.044619,0.064511,0.034849,0.034031,0.128272,0.044503,0.058458,0.002657,0.004251,0.005314,0.356223,0.304721,0.206009,0.133047,0.204724,0.464567,0.236220,0.005249,0.039370,0.015748,0.005249,0.028871
N20002100,0.533589,0.422265,0.044146,0.030710,0.042226,0.013436,0.291747,0.026871,0.034433,0.001777,0.008220,0.003554,0.255875,0.323760,0.284595,0.135770,0.259615,0.369231,0.253846,0.001923,0.051923,0.032692,0.009615,0.021154
N20002101,0.701357,0.208145,0.090498,0.066222,0.027965,0.018018,0.090090,0.009009,0.055372,0.003845,0.001538,0.002307,0.062857,0.280000,0.205714,0.451429,0.157658,0.315315,0.306306,0.004505,0.022523,0.018018,0.000000,0.175676
N20002102,0.540856,0.321012,0.138132,0.088429,0.053051,0.027184,0.159223,0.023301,0.048179,0.002190,0.003504,0.004380,0.263736,0.277473,0.252747,0.206044,0.225681,0.313230,0.180934,0.007782,0.027237,0.036965,0.021401,0.186770
N20002103,0.674877,0.216749,0.108374,0.040073,0.032925,0.009804,0.132353,0.014706,0.023673,0.001644,0.000658,0.000986,0.021807,0.292835,0.258567,0.426791,0.192118,0.376847,0.261084,0.002463,0.039409,0.009852,0.000000,0.118227
N20002104,0.622951,0.278689,0.098361,0.021077,0.028103,0.016393,0.133489,0.018735,0.067792,0.003081,0.004930,0.006163,0.151603,0.288630,0.361516,0.198251,0.238876,0.281030,0.189696,0.007026,0.023419,0.007026,0.000000,0.252927
N20002105,0.496269,0.350746,0.152985,0.063433,0.059701,0.037313,0.145522,0.044776,0.055697,0.003868,0.001547,0.002321,0.126374,0.368132,0.175824,0.329670,0.279851,0.208955,0.250000,0.007463,0.041045,0.026119,0.018657,0.167910
N20002106,0.540000,0.344000,0.116000,0.027026,0.016655,0.027944,0.233533,0.013972,0.037743,0.005111,0.006290,0.002752,0.088889,0.222222,0.288889,0.400000,0.282000,0.268000,0.256000,0.002000,0.038000,0.016000,0.004000,0.134000
N20002107,0.547619,0.298942,0.153439,0.066138,0.050265,0.021164,0.156085,0.007937,0.055749,0.003871,0.001549,0.002323,0.105455,0.174545,0.214545,0.505455,0.240741,0.267196,0.216931,0.010582,0.034392,0.018519,0.010582,0.201058
N20002108,0.401015,0.504230,0.094755,0.034461,0.043081,0.030405,0.329392,0.045608,0.040541,0.005490,0.006757,0.002956,0.074398,0.251641,0.336980,0.336980,0.394247,0.186125,0.181049,0.008460,0.042301,0.018613,0.001692,0.167513
N20002109,0.424431,0.534161,0.041408,0.039337,0.060041,0.037267,0.302277,0.053830,0.057942,0.002991,0.013831,0.005981,0.334177,0.220253,0.346835,0.098734,0.351240,0.254132,0.247934,0.006198,0.107438,0.016529,0.004132,0.012397
N20002110,0.287879,0.583333,0.128788,0.043518,0.038221,0.041353,0.357143,0.060150,0.065116,0.007472,0.008540,0.005337,0.073034,0.213483,0.325843,0.387640,0.405303,0.185606,0.143939,0.018939,0.071970,0.011364,0.015152,0.147727
N20002111,0.511579,0.408421,0.080000,0.034688,0.034471,0.042017,0.241597,0.052521,0.028478,0.003268,0.003735,0.002334,0.428094,0.311037,0.113712,0.147157,0.280000,0.294737,0.263158,0.006316,0.046316,0.031579,0.016842,0.061053
N20002112,0.619469,0.294985,0.085546,0.064573,0.039792,0.041543,0.175074,0.020772,0.013408,0.001539,0.001758,0.001099,0.325893,0.379464,0.142857,0.151786,0.235988,0.427729,0.200590,0.002950,0.008850,0.023599,0.011799,0.088496
N20002113,0.551230,0.403689,0.045082,0.029757,0.029455,0.053170,0.241309,0.044990,0.028753,0.001307,0.002091,0.002614,0.474926,0.289086,0.117994,0.117994,0.245902,0.393443,0.206967,0.000000,0.047131,0.034836,0.022541,0.049180
N20002114,0.693593,0.247911,0.058496,0.055710,0.061281,0.022284,0.108635,0.008357,0.035661,0.004092,0.004677,0.002923,0.235294,0.403361,0.168067,0.193277,0.225627,0.445682,0.183844,0.011142,0.011142,0.027855,0.019499,0.075209
N20002115,0.805634,0.146479,0.047887,0.054221,0.030660,0.014124,0.079096,0.014124,0.006382,0.000732,0.000837,0.000523,0.321705,0.368217,0.178295,0.131783,0.118644,0.460452,0.257062,0.002825,0.005650,0.050847,0.016949,0.087571
N20002116,0.598859,0.294677,0.106464,0.059960,0.032817,0.018975,0.189753,0.026565,0.020006,0.002296,0.002624,0.001640,0.028169,0.204225,0.269953,0.497653,0.239544,0.332700,0.271863,0.011407,0.022814,0.022814,0.009506,0.089354
N20002117,0.114286,0.817582,0.068132,0.013849,0.033740,0.067686,0.475983,0.124454,0.083040,0.004286,0.019822,0.008572,0.154696,0.212707,0.309392,0.323204,0.545055,0.068132,0.182418,0.006593,0.129670,0.006593,0.021978,0.039560
N20002118,0.151899,0.787342,0.060759,0.012658,0.093671,0.101266,0.437975,0.081013,0.052684,0.002719,0.012576,0.005438,0.155844,0.318182,0.366883,0.159091,0.548223,0.083756,0.210660,0.022843,0.093909,0.000000,0.020305,0.020305
N20002119,0.134021,0.806186,0.059794,0.024516,0.052053,0.126033,0.421488,0.119835,0.062270,0.003214,0.014865,0.006428,0.139241,0.283544,0.293671,0.283544,0.553498,0.067901,0.199588,0.012346,0.109053,0.014403,0.016461,0.026749
N20002120,0.306595,0.602496,0.090909,0.028520,0.065954,0.064171,0.370766,0.051693,0.035816,0.001849,0.008550,0.003697,0.156863,0.333333,0.291939,0.217865,0.413547,0.165775,0.245989,0.012478,0.058824,0.017825,0.024955,0.060606
N20002121,0.412975,0.530063,0.056962,0.025316,0.053797,0.066456,0.305380,0.077532,0.024116,0.000928,0.000000,0.001855,0.121951,0.341463,0.404472,0.132114,0.373418,0.291139,0.226266,0.001582,0.034810,0.015823,0.012658,0.044304
N20002122,0.396707,0.564371,0.038922,0.008067,0.032234,0.026906,0.408072,0.043348,0.039090,0.002538,0.001015,0.011168,0.201613,0.233871,0.401210,0.163306,0.399701,0.252994,0.208084,0.007485,0.083832,0.013473,0.002994,0.031437
N20002123,0.240385,0.719231,0.040385,0.025684,0.051919,0.032882,0.533849,0.013540,0.074182,0.000989,0.000000,0.011869,0.123426,0.241814,0.395466,0.239295,0.525000,0.203846,0.163462,0.001923,0.053846,0.001923,0.025000,0.025000
N20002124,0.827916,0.147228,0.024857,0.019120,0.017208,0.022945,0.087954,0.007648,0.008334,0.000541,0.000216,0.002381,0.130548,0.206266,0.276762,0.386423,0.151052,0.464627,0.267686,0.007648,0.028681,0.049713,0.009560,0.021033
N20002125,0.568182,0.367769,0.064050,0.039136,0.035818,0.043568,0.221992,0.029046,0.033481,0.001288,0.000000,0.002575,0.216802,0.249322,0.346883,0.186992,0.240741,0.384774,0.213992,0.000000,0.049383,0.030864,0.014403,0.065844
N20002126,0.256311,0.656311,0.087379,0.027184,0.046602,0.056311,0.448544,0.060194,0.032442,0.002107,0.000843,0.009269,0.084270,0.213483,0.297753,0.404494,0.474708,0.103113,0.241245,0.003891,0.050584,0.013619,0.031128,0.081712
N20002127,0.215278,0.701389,0.083333,0.032669,0.056171,0.104348,0.426087,0.043478,0.051797,0.003363,0.001345,0.014799,0.170833,0.354167,0.264583,0.210417,0.493955,0.094991,0.238342,0.001727,0.112263,0.010363,0.005181,0.043178
N20002128,0.917927,0.062635,0.019438,0.045909,0.025759,0.004338,0.013015,0.004338,0.013614,0.000524,0.000000,0.001047,0.118156,0.244957,0.293948,0.342939,0.088553,0.673866,0.168467,0.004320,0.010799,0.028078,0.000000,0.025918
N20002129,0.607780,0.353323,0.038898,0.023364,0.014037,0.042208,0.215909,0.048701,0.027671,0.000369,0.000000,0.004427,0.187629,0.290722,0.350515,0.171134,0.300325,0.371753,0.178571,0.000000,0.073052,0.021104,0.009740,0.045455
N20002130,0.266968,0.693816,0.039216,0.012066,0.048265,0.066365,0.496229,0.048265,0.029566,0.000394,0.000000,0.004731,0.173570,0.351085,0.341223,0.134122,0.490196,0.162896,0.197587,0.006033,0.069382,0.019608,0.024133,0.030166
N20002131,0.900232,0.071926,0.027842,0.095128,0.013921,0.002320,0.041763,0.000000,0.012481,0.000480,0.000000,0.000960,0.088136,0.186441,0.274576,0.450847,0.071429,0.617512,0.239631,0.000000,0.013825,0.004608,0.004608,0.048387
N20002132,0.744966,0.181208,0.073826,0.026846,0.015660,0.026846,0.100671,0.022371,0.014914,0.000373,0.000373,0.000000,0.150895,0.352941,0.248082,0.248082,0.179372,0.412556,0.275785,0.002242,0.042601,0.042601,0.004484,0.040359
N20002133,0.722022,0.229242,0.048736,0.049360,0.045789,0.023381,0.116906,0.021583,0.020555,0.000514,0.000514,0.000000,0.155556,0.280808,0.222222,0.341414,0.230631,0.340541,0.281081,0.005405,0.027027,0.045045,0.005405,0.064865
N20002134,0.773585,0.158019,0.068396,0.023585,0.025943,0.025943,0.075472,0.016509,0.013477,0.000337,0.000337,0.000000,0.060071,0.265018,0.233216,0.441696,0.141509,0.403302,0.356132,0.004717,0.021226,0.004717,0.004717,0.063679
N20002135,0.621777,0.318052,0.060172,0.021210,0.037598,0.059490,0.184136,0.016997,0.018886,0.000472,0.000472,0.000000,0.223048,0.342007,0.241636,0.193309,0.253561,0.333333,0.256410,0.000000,0.028490,0.028490,0.019943,0.079772
N20002136,0.644737,0.256579,0.098684,0.022220,0.011546,0.066225,0.125828,0.019868,0.031536,0.000788,0.000788,0.000000,0.095238,0.190476,0.202381,0.511905,0.289474,0.230263,0.282895,0.000000,0.046053,0.006579,0.006579,0.138158
N20002137,0.854962,0.108779,0.036260,0.049618,0.017176,0.007634,0.055344,0.009542,0.017110,0.000658,0.000000,0.001316,0.111111,0.255814,0.302326,0.330749,0.114504,0.599237,0.179389,0.009542,0.009542,0.038168,0.000000,0.049618
N20002138,0.782278,0.162025,0.055696,0.041724,0.015930,0.037783,0.085642,0.010076,0.011995,0.000300,0.000300,0.000000,0.070064,0.127389,0.175159,0.627389,0.202020,0.340909,0.275253,0.010101,0.010101,0.002525,0.005051,0.154040
N20002139,0.361801,0.614907,0.023292,0.027950,0.038820,0.077640,0.374224,0.093168,0.017431,0.002204,0.006011,0.005410,0.267961,0.304854,0.316505,0.110680,0.417702,0.243789,0.181677,0.006211,0.094720,0.018634,0.020186,0.017081
N20002140,0.097192,0.863931,0.038877,0.008448,0.043585,0.041126,0.601732,0.112554,0.050909,0.003636,0.007273,0.003117,0.097035,0.423181,0.245283,0.234501,0.600432,0.025918,0.187905,0.004320,0.112311,0.000000,0.006479,0.062635
N20002141,0.089710,0.815303,0.094987,0.005277,0.044855,0.052770,0.522427,0.110818,0.066195,0.004728,0.009456,0.004053,0.157718,0.409396,0.218121,0.214765,0.572559,0.060686,0.171504,0.002639,0.139842,0.010554,0.010554,0.031662
N20002142,0.545194,0.417504,0.037303,0.029434,0.022088,0.044413,0.250716,0.048711,0.028949,0.003660,0.009982,0.008984,0.188034,0.263248,0.372650,0.176068,0.302292,0.358166,0.216332,0.001433,0.084527,0.018625,0.001433,0.017192
N20002143,0.082218,0.822180,0.095602,0.013252,0.048233,0.059387,0.465517,0.128352,0.094621,0.006759,0.013517,0.005793,0.205584,0.375635,0.271574,0.147208,0.522989,0.026820,0.176245,0.000000,0.149425,0.003831,0.026820,0.093870
N20002144,0.747384,0.209268,0.043348,0.020518,0.024193,0.025373,0.097015,0.029851,0.018430,0.002330,0.006355,0.005720,0.182777,0.356766,0.309315,0.151142,0.213433,0.477612,0.217910,0.013433,0.020896,0.025373,0.004478,0.026866
N20002145,0.408621,0.560345,0.031034,0.025862,0.048276,0.051724,0.270690,0.093103,0.072211,0.002434,0.012982,0.008925,0.246341,0.263415,0.329268,0.160976,0.360345,0.234483,0.248276,0.013793,0.084483,0.025862,0.003448,0.029310
N20002146,0.711160,0.264770,0.024070,0.036487,0.026779,0.030568,0.150655,0.052402,0.003266,0.000110,0.000587,0.000404,0.041667,0.285256,0.269231,0.403846,0.287582,0.385621,0.257081,0.000000,0.013072,0.026144,0.004357,0.026144
N20002147,0.275862,0.673981,0.050157,0.012870,0.026737,0.103937,0.318110,0.103937,0.068062,0.008606,0.023470,0.021123,0.186047,0.218992,0.436047,0.158915,0.533123,0.182965,0.146688,0.000000,0.116719,0.001577,0.004732,0.014196
N20002148,0.432348,0.533437,0.034215,0.013997,0.043546,0.041991,0.284603,0.091757,0.053504,0.001804,0.009619,0.006613,0.216942,0.330579,0.316116,0.136364,0.363354,0.293478,0.200311,0.009317,0.076087,0.021739,0.010870,0.024845
N20002149,0.623894,0.267699,0.108407,0.051207,0.036422,0.013216,0.169604,0.015419,0.024710,0.000833,0.004442,0.003054,0.030075,0.243108,0.157895,0.568922,0.207965,0.289823,0.294248,0.002212,0.050885,0.044248,0.000000,0.110619
N20002150,0.184416,0.740260,0.075325,0.017314,0.024855,0.417755,0.219321,0.013055,0.053068,0.004245,0.001061,0.006899,0.179577,0.345070,0.228873,0.246479,0.410390,0.127273,0.223377,0.000000,0.153247,0.015584,0.007792,0.062338
N20002151,0.529630,0.444444,0.025926,0.010077,0.025450,0.258845,0.108007,0.027933,0.019682,0.001575,0.000394,0.002559,0.280612,0.303571,0.336735,0.079082,0.276753,0.363469,0.204797,0.001845,0.105166,0.020295,0.003690,0.023985
N20002152,0.617934,0.354776,0.027290,0.016766,0.018200,0.132296,0.155642,0.021401,0.019747,0.002724,0.000000,0.004767,0.165432,0.256790,0.293827,0.283951,0.288499,0.319688,0.278752,0.005848,0.044834,0.027290,0.015595,0.019493
N20002153,0.332700,0.646388,0.020913,0.007605,0.030418,0.376426,0.153992,0.030418,0.044824,0.003586,0.000896,0.005827,0.215190,0.318987,0.321519,0.144304,0.423954,0.190114,0.214829,0.000000,0.127376,0.020913,0.011407,0.011407
N20002154,0.765504,0.186047,0.048450,0.018889,0.006163,0.003868,0.096712,0.009671,0.050484,0.006963,0.000000,0.012186,0.120000,0.218824,0.315294,0.345882,0.158301,0.376448,0.372587,0.001931,0.017375,0.023166,0.003861,0.046332
N20002155,0.629008,0.354198,0.016794,0.015267,0.015267,0.088550,0.180153,0.024427,0.033206,0.004580,0.000000,0.008015,0.138122,0.222836,0.410681,0.228361,0.248855,0.363359,0.299237,0.012214,0.033588,0.019847,0.001527,0.021374
N20002156,0.647469,0.324607,0.027923,0.019197,0.020942,0.164049,0.102967,0.005236,0.025540,0.002043,0.000511,0.003320,0.335541,0.350993,0.207506,0.105960,0.193380,0.459930,0.236934,0.003484,0.062718,0.013937,0.005226,0.024390
N20002157,0.787415,0.190476,0.022109,0.025916,0.013304,0.057922,0.102215,0.005111,0.008562,0.000764,0.000688,0.001911,0.299389,0.293279,0.289206,0.118126,0.124150,0.493197,0.272109,0.001701,0.037415,0.049320,0.003401,0.018707
N20002158,0.444915,0.508475,0.046610,0.022082,0.026445,0.247357,0.114165,0.040169,0.065316,0.005225,0.001306,0.008491,0.230769,0.266484,0.332418,0.170330,0.327004,0.299578,0.246835,0.014768,0.046414,0.002110,0.016878,0.046414
N20002159,0.892388,0.102362,0.005249,0.016073,0.007625,0.047368,0.021053,0.005263,0.015115,0.001350,0.001215,0.003374,0.265018,0.247350,0.286219,0.201413,0.094488,0.485564,0.304462,0.002625,0.015748,0.068241,0.010499,0.018373
N20002160,0.810420,0.175109,0.014472,0.023155,0.015919,0.037627,0.086831,0.018813,0.010613,0.001198,0.000000,0.004108,0.157801,0.351064,0.315603,0.175532,0.144718,0.542692,0.259045,0.010130,0.008683,0.017366,0.005789,0.011577
N20002161,0.604113,0.332905,0.062982,0.019280,0.041131,0.118252,0.115681,0.012853,0.032298,0.002884,0.002595,0.007209,0.232236,0.268631,0.384749,0.114385,0.215109,0.373880,0.227913,0.002561,0.056338,0.025608,0.016645,0.081946
N20002162,0.808850,0.162832,0.028319,0.006358,0.006248,0.040925,0.081851,0.001779,0.021352,0.002411,0.000000,0.008265,0.212446,0.266094,0.362661,0.158798,0.141071,0.580357,0.185714,0.008929,0.035714,0.010714,0.007143,0.030357
N20002163,0.793103,0.177719,0.029178,0.026525,0.005305,0.042440,0.119363,0.002653,0.005305,0.000599,0.000000,0.002054,0.178571,0.296429,0.296429,0.228571,0.148541,0.525199,0.212202,0.000000,0.058355,0.042440,0.002653,0.010610
N20002164,0.575263,0.385064,0.039673,0.022170,0.021004,0.152859,0.124854,0.011669,0.052166,0.003844,0.002746,0.015924,0.226389,0.320833,0.276389,0.176389,0.240373,0.341890,0.259043,0.003501,0.085181,0.017503,0.003501,0.049008
N20002165,0.474916,0.500000,0.025084,0.010810,0.029215,0.141903,0.181970,0.033389,0.081503,0.007277,0.006549,0.018193,0.192560,0.216630,0.446389,0.144420,0.325503,0.261745,0.258389,0.005034,0.102349,0.023490,0.001678,0.021812
N20002166,0.824451,0.128527,0.047022,0.006841,0.002740,0.015723,0.072327,0.000000,0.024509,0.003112,0.001945,0.008170,0.170068,0.193878,0.329932,0.306122,0.065831,0.583072,0.181818,0.000000,0.012539,0.037618,0.000000,0.119122
N20002167,0.843750,0.076389,0.079861,0.049325,0.003218,0.010453,0.020906,0.003484,0.024893,0.003161,0.001976,0.008298,0.033175,0.208531,0.251185,0.507109,0.066202,0.515679,0.250871,0.000000,0.010453,0.013937,0.006969,0.135889
N20002168,0.548387,0.405330,0.046283,0.020454,0.019855,0.206704,0.122905,0.005587,0.035122,0.002588,0.001849,0.010721,0.261993,0.245387,0.385609,0.107011,0.296765,0.350211,0.233474,0.000000,0.050633,0.037975,0.004219,0.026723
N20002169,0.729345,0.236467,0.034188,0.018743,0.018702,0.002865,0.148997,0.002865,0.040942,0.005199,0.003249,0.013647,0.250000,0.216418,0.212687,0.320896,0.220000,0.448571,0.191429,0.002857,0.022857,0.025714,0.011429,0.077143
N20002170,0.798343,0.151934,0.049724,0.018398,0.015443,0.047354,0.061281,0.000000,0.024373,0.002321,0.001161,0.000000,0.065934,0.124542,0.249084,0.560440,0.164384,0.389041,0.309589,0.010959,0.016438,0.013699,0.013699,0.082192
N20002171,0.711957,0.250000,0.038043,0.044687,0.011302,0.110307,0.070524,0.005425,0.045886,0.004370,0.002185,0.000000,0.082040,0.266075,0.301552,0.350333,0.234545,0.370909,0.290909,0.001818,0.023636,0.018182,0.001818,0.058182
N20002172,0.746711,0.226974,0.026316,0.027239,0.012452,0.069307,0.105611,0.009901,0.025990,0.002475,0.001238,0.000000,0.068966,0.172414,0.270936,0.487685,0.237624,0.412541,0.264026,0.000000,0.023102,0.003300,0.000000,0.059406
N20002173,0.774545,0.210909,0.014545,0.036364,0.014545,0.110909,0.070909,0.000000,0.010160,0.000749,0.000535,0.003102,0.186364,0.252273,0.429545,0.131818,0.158182,0.521818,0.258182,0.001818,0.014545,0.014545,0.003636,0.027273
N20002174,0.678679,0.295796,0.025526,0.019520,0.013514,0.070571,0.130631,0.034535,0.030231,0.003839,0.002399,0.010077,0.202627,0.281426,0.367730,0.148218,0.215361,0.490964,0.186747,0.000000,0.046687,0.027108,0.000000,0.033133
N20002175,0.739750,0.245989,0.014260,0.021390,0.019608,0.028520,0.149733,0.028520,0.013072,0.001476,0.000000,0.005060,0.275120,0.210526,0.327751,0.186603,0.190391,0.476868,0.245552,0.005338,0.017794,0.033808,0.012456,0.017794
N20002176,0.714477,0.262735,0.022788,0.017426,0.012064,0.072386,0.140751,0.000000,0.026218,0.001932,0.001380,0.008003,0.216495,0.242268,0.364261,0.176976,0.197051,0.486595,0.207775,0.000000,0.052279,0.014745,0.005362,0.036193
N20002177,0.724138,0.244663,0.031199,0.030059,0.027558,0.062500,0.069079,0.023026,0.044872,0.004006,0.003606,0.010016,0.170886,0.248945,0.409283,0.170886,0.182566,0.481908,0.254934,0.000000,0.044408,0.009868,0.003289,0.023026
N20002178,0.822976,0.133710,0.043315,0.030132,0.020716,0.013183,0.079096,0.015066,0.003669,0.000466,0.000291,0.001223,0.183333,0.221429,0.426190,0.169048,0.178908,0.497175,0.258004,0.003766,0.011299,0.011299,0.000000,0.039548
N20002179,0.846491,0.144737,0.008772,0.021930,0.004386,0.013158,0.070175,0.017544,0.025638,0.003256,0.002035,0.008546,0.249351,0.210390,0.433766,0.106494,0.085339,0.625821,0.218818,0.002188,0.045952,0.002188,0.002188,0.017505
N20002180,0.465517,0.498276,0.036207,0.012849,0.023233,0.013769,0.289157,0.086059,0.057372,0.006478,0.000000,0.022209,0.181818,0.243902,0.501109,0.073171,0.359240,0.305699,0.202073,0.008636,0.086356,0.015544,0.003454,0.018998
N20002181,0.489655,0.424138,0.086207,0.034483,0.034483,0.131034,0.201724,0.029310,0.025222,0.001576,0.000000,0.000788,0.198770,0.288934,0.290984,0.221311,0.348276,0.256897,0.227586,0.005172,0.037931,0.022414,0.017241,0.084483
N20002182,0.761324,0.181185,0.057491,0.023933,0.019446,0.043478,0.071304,0.015652,0.029532,0.001772,0.000000,0.000000,0.177388,0.348928,0.309942,0.163743,0.146341,0.463415,0.236934,0.006969,0.031359,0.013937,0.012195,0.088850
N20002183,0.866071,0.059949,0.073980,0.051257,0.015249,0.010217,0.010217,0.002554,0.014225,0.003743,0.001497,0.002246,0.030792,0.139296,0.173021,0.656891,0.133588,0.468193,0.243003,0.008906,0.007634,0.022901,0.000000,0.115776
N20002184,0.696429,0.209821,0.093750,0.052776,0.053919,0.040089,0.086860,0.002227,0.017510,0.004608,0.001843,0.002765,0.060827,0.116788,0.270073,0.552311,0.225951,0.237136,0.304251,0.006711,0.026846,0.029083,0.002237,0.167785
N20002185,0.848138,0.117479,0.034384,0.054441,0.011461,0.025788,0.048711,0.002865,0.027031,0.001622,0.000000,0.000000,0.075269,0.200717,0.336918,0.387097,0.162857,0.411429,0.277143,0.000000,0.008571,0.034286,0.008571,0.097143
N20002186,0.700965,0.257235,0.041801,0.022508,0.028939,0.122186,0.080386,0.006431,0.018201,0.001092,0.000000,0.000000,0.196581,0.294872,0.264957,0.243590,0.211039,0.324675,0.340909,0.012987,0.032468,0.022727,0.009740,0.045455
N20002187,0.899642,0.062724,0.037634,0.043011,0.012545,0.010753,0.028674,0.000000,0.010144,0.000609,0.000000,0.000000,0.403846,0.314904,0.165865,0.115385,0.060932,0.637993,0.204301,0.008961,0.010753,0.032258,0.005376,0.039427
N20002188,0.814815,0.092593,0.092593,0.010387,-0.003348,0.025830,0.022140,0.011070,0.033737,0.002109,0.000000,0.001054,0.031111,0.160000,0.271111,0.537778,0.118519,0.403704,0.277778,0.003704,0.007407,0.007407,0.000000,0.181481
N20002189,0.633588,0.323155,0.043257,0.044302,0.034890,0.153061,0.094388,0.028061,0.012033,0.000722,0.000000,0.000000,0.245059,0.355731,0.197628,0.201581,0.247449,0.318878,0.262755,0.002551,0.038265,0.025510,0.007653,0.096939
N20002190,0.859070,0.079460,0.061469,0.055178,0.024071,0.022455,0.022455,0.001497,0.008474,0.000508,0.000000,0.000000,0.146465,0.292929,0.265993,0.294613,0.083832,0.479042,0.302395,0.020958,0.010479,0.016467,0.011976,0.074850
N20002191,0.896936,0.075209,0.027855,0.033426,0.019499,0.030641,0.019499,0.000000,0.005256,0.000315,0.000000,0.000000,0.075908,0.171617,0.138614,0.613861,0.077994,0.448468,0.309192,0.008357,0.025070,0.027855,0.002786,0.100279
N20002192,0.621864,0.306452,0.071685,0.030466,0.025090,0.105735,0.136201,0.003584,0.028477,0.003928,0.001964,0.001473,0.104558,0.198391,0.268097,0.428954,0.249097,0.285199,0.245487,0.014440,0.028881,0.012635,0.009025,0.155235
N20002193,0.785851,0.137667,0.076482,0.045889,0.019120,0.032505,0.055449,0.007648,0.020978,0.001311,0.000000,0.000656,0.144444,0.355556,0.288889,0.211111,0.114723,0.453155,0.252390,0.003824,0.011472,0.032505,0.011472,0.120459
N20002194,0.915033,0.065359,0.019608,0.050404,0.006408,0.021834,0.019651,0.000000,0.015970,0.000998,0.000000,0.000499,0.115727,0.219585,0.213650,0.451039,0.107456,0.453947,0.348684,0.002193,0.002193,0.024123,0.006579,0.054825
N20002195,0.655804,0.252546,0.091650,0.046048,0.039131,0.075203,0.071138,0.022358,0.035527,0.004900,0.002450,0.001838,0.108108,0.175676,0.199324,0.516892,0.175153,0.291242,0.199593,0.000000,0.022403,0.012220,0.002037,0.297352
N20002196,0.556671,0.340029,0.103300,0.062386,0.035743,0.154286,0.125714,0.005714,0.016284,0.000807,0.001077,0.000404,0.294118,0.318786,0.199241,0.187856,0.243902,0.365854,0.219512,0.002869,0.077475,0.012912,0.015782,0.061693
N20002197,0.294574,0.607235,0.098191,0.034934,0.054536,0.233933,0.223650,0.010283,0.074382,0.003688,0.004918,0.001844,0.059016,0.209836,0.268852,0.462295,0.394330,0.128866,0.213918,0.002577,0.077320,0.007732,0.015464,0.159794
N20002198,0.821114,0.093842,0.085044,0.063002,0.017145,0.011799,0.011799,0.005900,0.037499,0.005172,0.002586,0.001940,0.095436,0.203320,0.290456,0.410788,0.099707,0.322581,0.225806,0.011730,0.017595,0.020528,0.005865,0.296188
N20002199,0.650000,0.221429,0.128571,0.063428,0.027082,0.077739,0.053004,0.010601,0.042112,0.005809,0.002904,0.002178,0.032710,0.186916,0.261682,0.518692,0.146953,0.229391,0.275986,0.000000,0.035842,0.017921,0.000000,0.293907
N20002200,0.121331,0.759295,0.119374,0.012849,0.051209,0.268245,0.321499,0.041420,0.067447,0.003344,0.004459,0.001672,0.039120,0.212714,0.246944,0.501222,0.500982,0.035363,0.151277,0.003929,0.166994,0.003929,0.007859,0.129666
N20002201,0.269625,0.655290,0.075085,0.013652,0.020478,0.225256,0.344710,0.030717,0.020007,0.005884,0.001177,0.007061,0.242105,0.252632,0.310526,0.194737,0.455479,0.133562,0.147260,0.000000,0.130137,0.037671,0.023973,0.071918
N20002202,0.852697,0.051867,0.095436,0.035270,0.006224,0.008299,0.014523,0.000000,0.020865,0.001304,0.000000,0.000652,0.112532,0.237852,0.199488,0.450128,0.106029,0.417879,0.297297,0.004158,0.002079,0.031185,0.014553,0.126819
N20002203,0.916107,0.030201,0.053691,0.033557,0.003356,0.013423,0.003356,0.000000,0.009564,0.000503,0.000000,0.000000,0.047120,0.188482,0.345550,0.418848,0.104027,0.473154,0.365772,0.006711,0.000000,0.003356,0.000000,0.046980
N20002204,0.903226,0.029326,0.067449,0.038123,0.005865,0.000000,0.005865,0.000000,0.016716,0.000880,0.000000,0.000000,0.068273,0.152610,0.172691,0.606426,0.076023,0.538012,0.228070,0.014620,0.011696,0.020468,0.002924,0.108187
N20002205,0.872659,0.089888,0.037453,0.076363,0.004702,0.022222,0.018519,0.000000,0.036693,0.001550,0.004651,0.001550,0.057971,0.149758,0.246377,0.545894,0.112360,0.378277,0.337079,0.007491,0.014981,0.022472,0.003745,0.123596
N20002206,0.244828,0.655172,0.100000,0.044828,0.075862,0.217241,0.231034,0.017241,0.099775,0.004948,0.006597,0.002474,0.048077,0.211538,0.283654,0.456731,0.380623,0.062284,0.186851,0.000000,0.103806,0.006920,0.017301,0.242215
N20002207,0.515487,0.420354,0.064159,0.030973,0.013274,0.168142,0.161504,0.033186,0.038797,0.001924,0.002565,0.000962,0.190616,0.184751,0.246334,0.378299,0.287611,0.327434,0.214602,0.004425,0.064159,0.004425,0.006637,0.090708
N20002208,0.698864,0.241477,0.059659,0.073864,0.028409,0.065341,0.102273,0.034091,0.009382,0.000396,0.001189,0.000396,0.030303,0.162879,0.329545,0.477273,0.205714,0.325714,0.248571,0.005714,0.034286,0.020000,0.008571,0.151429
N20002209,0.356589,0.609819,0.033592,0.031008,0.038760,0.229974,0.242894,0.054264,0.025751,0.007574,0.001515,0.009088,0.357143,0.187075,0.207483,0.248299,0.376289,0.193299,0.239691,0.002577,0.097938,0.000000,0.000000,0.090206
N20002210,0.931857,0.042589,0.025554,0.040331,0.001911,0.010169,0.015254,0.003390,0.011271,0.000593,0.000000,0.000000,0.130435,0.330435,0.336232,0.202899,0.064846,0.597270,0.259386,0.001706,0.001706,0.025597,0.001706,0.047782
N20002211,0.627072,0.303867,0.069061,0.034785,0.055934,0.093664,0.121212,0.008264,0.014534,0.004275,0.000855,0.005130,0.265060,0.365462,0.184739,0.184739,0.253444,0.410468,0.173554,0.002755,0.063361,0.044077,0.011019,0.041322
N20002212,0.830645,0.129032,0.040323,0.081319,0.015825,0.035040,0.010782,0.002695,0.053407,0.002257,0.006770,0.002257,0.007117,0.142349,0.291815,0.558719,0.099196,0.380697,0.300268,0.005362,0.008043,0.013405,0.008043,0.184987
N20002213,0.785511,0.159091,0.055398,0.048967,0.044360,0.039660,0.038244,0.007082,0.024557,0.001038,0.003113,0.001038,0.143363,0.396460,0.283186,0.176991,0.114731,0.372521,0.273371,0.008499,0.038244,0.039660,0.004249,0.148725
N20002214,0.915138,0.052752,0.032110,0.043578,0.009174,0.009174,0.004587,0.000000,0.027261,0.001704,0.000000,0.000852,0.177112,0.294278,0.275204,0.253406,0.071101,0.511468,0.261468,0.011468,0.004587,0.029817,0.009174,0.100917
N20002215,0.868762,0.101664,0.029575,0.020613,0.014627,0.020370,0.050000,0.009259,0.007037,0.000370,0.000000,0.000000,0.207843,0.174510,0.323529,0.294118,0.105360,0.480591,0.251386,0.005545,0.014787,0.042514,0.003697,0.096118
N20002216,0.770517,0.180851,0.048632,0.042831,0.028052,0.057489,0.069592,0.004539,0.017486,0.000739,0.002217,0.000739,0.193141,0.299639,0.196751,0.310469,0.185410,0.445289,0.267477,0.007599,0.006079,0.028875,0.009119,0.050152
N20002217,0.132450,0.803532,0.064018,0.030905,0.035320,0.346578,0.309051,0.066225,0.027175,0.007993,0.001599,0.009591,0.296296,0.322222,0.270370,0.111111,0.523179,0.094923,0.167770,0.006623,0.147903,0.006623,0.011038,0.041943
N20002218,0.662526,0.269151,0.068323,0.033895,0.040935,0.093361,0.074689,0.010373,0.029189,0.008585,0.001717,0.010302,0.239186,0.323155,0.290076,0.147583,0.200828,0.393375,0.260870,0.002070,0.031056,0.043478,0.006211,0.062112
N20002219,0.810345,0.112069,0.077586,0.053510,0.028616,0.023022,0.044604,0.000000,0.013067,0.000552,0.001656,0.000552,0.203980,0.343284,0.265340,0.187396,0.113997,0.412698,0.238095,0.005772,0.012987,0.064935,0.008658,0.142857
N20002220,0.687755,0.273469,0.038776,0.030612,0.040816,0.114286,0.091837,0.014286,0.007178,0.002111,0.000422,0.002533,0.401515,0.325758,0.161616,0.111111,0.137014,0.433538,0.233129,0.000000,0.059305,0.036810,0.030675,0.069530
N20002221,0.702166,0.238267,0.059567,0.030065,0.022687,0.023551,0.179348,0.000000,0.009511,0.002114,0.001057,0.000000,0.114286,0.316667,0.450000,0.119048,0.188065,0.509946,0.202532,0.003617,0.030741,0.012658,0.000000,0.052441
N20002222,0.447433,0.491443,0.061125,0.029340,0.017115,0.356968,0.088020,0.000000,0.024346,0.001249,0.001561,0.002185,0.144262,0.219672,0.331148,0.304918,0.330073,0.256724,0.202934,0.000000,0.114914,0.012225,0.002445,0.080685
N20002223,0.926056,0.056338,0.017606,0.021127,0.022887,0.005282,0.024648,0.000000,0.002641,0.000587,0.000293,0.000000,0.138947,0.193684,0.345263,0.322105,0.044014,0.669014,0.218310,0.000000,0.010563,0.038732,0.000000,0.019366
N20002224,0.975221,0.012389,0.012389,0.023009,0.007080,0.000000,0.000000,0.000000,0.003982,0.000885,0.000442,0.000000,0.203390,0.250000,0.375000,0.171610,0.014184,0.810284,0.122340,0.000000,0.007092,0.039007,0.003546,0.003546
N20002225,0.858672,0.104925,0.036403,0.020031,0.007261,0.021231,0.065817,0.000000,0.008809,0.000452,0.000565,0.000791,0.234987,0.263708,0.331593,0.169713,0.027660,0.653191,0.234043,0.000000,0.019149,0.027660,0.000000,0.038298
N20002226,0.553957,0.420144,0.025899,0.036616,0.054537,0.151734,0.179191,0.002890,0.026381,0.001353,0.001691,0.002367,0.237477,0.289425,0.393321,0.079777,0.312680,0.380403,0.231988,0.001441,0.036023,0.010086,0.005764,0.021614
N20002227,0.373853,0.605505,0.020642,0.027523,0.050459,0.240826,0.240826,0.004587,0.057095,0.002928,0.003660,0.005124,0.266667,0.260000,0.370000,0.103333,0.431193,0.245413,0.178899,0.000000,0.071101,0.038991,0.006881,0.027523
N20002228,0.963462,0.028846,0.007692,0.021154,0.005769,0.001923,0.015385,0.000000,0.004327,0.000962,0.000481,0.000000,0.209246,0.245742,0.369830,0.175182,0.026923,0.721154,0.201923,0.000000,0.001923,0.028846,0.011538,0.007692
N20002229,0.914352,0.060185,0.025463,0.034444,0.016305,0.011547,0.013857,0.011547,0.005749,0.000295,0.000369,0.000516,0.183099,0.301408,0.323944,0.191549,0.060046,0.568129,0.290993,0.006928,0.009238,0.039261,0.000000,0.025404
N20002230,0.710345,0.266667,0.022989,0.025287,0.032184,0.108046,0.066667,0.009195,0.041966,0.002152,0.002690,0.003766,0.343195,0.257396,0.272189,0.127219,0.149770,0.423963,0.294931,0.013825,0.032258,0.029954,0.016129,0.039171
N20002231,0.957672,0.035714,0.006614,0.018519,0.006614,0.002646,0.014550,0.000000,0.008929,0.001984,0.000992,0.000000,0.226667,0.280000,0.368333,0.125000,0.031746,0.759259,0.185185,0.001323,0.003968,0.010582,0.002646,0.005291
N20002232,0.608491,0.372642,0.018868,0.025943,0.011792,0.113208,0.155660,0.047170,0.036230,0.003814,0.003814,0.000953,0.220126,0.283019,0.339623,0.157233,0.275943,0.391509,0.231132,0.002358,0.051887,0.028302,0.000000,0.018868
N20002233,0.751582,0.210443,0.037975,0.034363,0.022449,0.050553,0.105845,0.004739,0.026201,0.000655,0.000000,0.000000,0.172291,0.285968,0.269982,0.271758,0.156646,0.384494,0.270570,0.009494,0.045886,0.050633,0.003165,0.079114
N20002234,0.749469,0.233546,0.016985,0.016985,0.029724,0.050955,0.078556,0.050955,0.018882,0.001988,0.001988,0.000497,0.225248,0.245050,0.353960,0.175743,0.127660,0.519149,0.270213,0.012766,0.014894,0.014894,0.014894,0.025532
N20002235,0.899441,0.091248,0.009311,0.027933,0.022346,0.005587,0.042831,0.000000,0.016562,0.001743,0.001743,0.000436,0.218415,0.254818,0.346895,0.179872,0.055866,0.735568,0.139665,0.001862,0.027933,0.014898,0.000000,0.024209
N20002236,0.764275,0.175695,0.060029,0.056922,0.021284,0.073529,0.050000,0.000000,0.030129,0.000753,0.000000,0.000000,0.153481,0.302215,0.287975,0.256329,0.128843,0.431918,0.243045,0.002928,0.035139,0.026354,0.007321,0.124451
N20002237,0.944000,0.041333,0.014667,0.025117,0.012078,0.006649,0.002660,0.000000,0.012842,0.000000,0.000000,0.007104,0.228571,0.192063,0.373016,0.206349,0.038615,0.732357,0.165113,0.001332,0.001332,0.026631,0.001332,0.033289
N20002238,0.906344,0.072508,0.021148,0.054157,0.022734,0.016591,0.025641,0.003017,0.004415,0.000110,0.000000,0.000000,0.210169,0.257627,0.274576,0.257627,0.063540,0.547655,0.282905,0.009077,0.019667,0.016641,0.004539,0.055976
N20002239,0.861702,0.113982,0.024316,0.043796,0.009278,0.042489,0.050076,0.007587,0.003681,0.000387,0.000387,0.000097,0.281307,0.279492,0.297641,0.141561,0.082067,0.711246,0.135258,0.001520,0.030395,0.034954,0.000000,0.004559
N20002240,0.963359,0.025954,0.010687,0.016794,0.001527,0.000000,0.007634,0.000000,0.010813,0.000000,0.000000,0.005981,0.234127,0.299603,0.361111,0.105159,0.054962,0.731298,0.152672,0.003053,0.004580,0.029008,0.000000,0.024427
N20002241,0.923529,0.067647,0.008824,0.029412,0.000000,0.008824,0.032353,0.005882,0.013255,0.000000,0.000000,0.007333,0.224409,0.177165,0.283465,0.314961,0.047059,0.711765,0.117647,0.002941,0.011765,0.008824,0.005882,0.094118
N20002242,0.698957,0.260805,0.040238,0.015848,0.018652,0.106129,0.122571,0.008969,0.003626,0.000382,0.000382,0.000095,0.221344,0.270751,0.260870,0.247036,0.185075,0.447761,0.276119,0.005970,0.056716,0.016418,0.000000,0.011940
N20002243,0.755556,0.238384,0.006061,0.044444,0.028283,0.028283,0.131313,0.000000,0.032517,0.000000,0.000000,0.017988,0.178392,0.288945,0.391960,0.140704,0.174442,0.614604,0.139959,0.004057,0.036511,0.020284,0.004057,0.006085
N20002244,0.656184,0.320755,0.023061,0.041929,0.020964,0.127883,0.132075,0.002096,0.017875,0.002648,0.003972,0.013241,0.174731,0.274194,0.282258,0.268817,0.255814,0.456660,0.188161,0.002114,0.044397,0.004228,0.002114,0.046512
N20002245,0.521292,0.421439,0.057269,0.019090,0.030837,0.170338,0.145374,0.033774,0.027411,0.003343,0.000669,0.009694,0.292365,0.273743,0.279330,0.154562,0.281296,0.315169,0.248895,0.002946,0.069219,0.025037,0.010309,0.047128
N20002246,0.322344,0.646520,0.031136,0.014087,0.039181,0.275229,0.271560,0.001835,0.039144,0.004774,0.000955,0.013844,0.221973,0.264574,0.289238,0.224215,0.383486,0.220183,0.192661,0.003670,0.143119,0.016514,0.007339,0.033028
N20002247,0.618271,0.314845,0.066884,0.036304,0.027960,0.124590,0.140984,0.001639,0.009318,0.001381,0.002071,0.006903,0.107212,0.159844,0.358674,0.374269,0.237013,0.383117,0.250000,0.009740,0.030844,0.014610,0.004870,0.069805
N20002248,0.908982,0.062275,0.028743,0.041916,0.004790,0.014371,0.025150,0.000000,0.011566,0.000000,0.000000,0.006398,0.228777,0.258993,0.381295,0.130935,0.053892,0.742515,0.159281,0.005988,0.025150,0.005988,0.000000,0.007186
N20002249,0.496599,0.489796,0.013605,0.015370,0.025632,0.242321,0.100683,0.013652,0.071672,0.008741,0.001748,0.025348,0.320796,0.296460,0.250000,0.132743,0.301020,0.363946,0.192177,0.003401,0.085034,0.027211,0.010204,0.017007
N20002250,0.645669,0.328740,0.025591,0.038174,0.011186,0.167653,0.090730,0.005917,0.025226,0.003737,0.005606,0.018686,0.165468,0.359712,0.347722,0.127098,0.216535,0.450787,0.250000,0.000000,0.049213,0.001969,0.023622,0.007874
N20002251,0.919694,0.063098,0.017208,0.038241,0.003824,0.007648,0.051625,0.000000,0.000000,0.000000,0.000000,0.000000,0.161593,0.241218,0.362998,0.234192,0.043893,0.685115,0.213740,0.001908,0.005725,0.036260,0.005725,0.007634
N20002252,0.181648,0.604869,0.213483,0.037453,0.089888,0.194757,0.179775,0.029963,0.076404,0.019850,0.007491,0.006742,0.102381,0.300000,0.188095,0.409524,0.434457,0.089888,0.228464,0.001873,0.101124,0.005618,0.020599,0.117978
N20002253,0.213559,0.647458,0.138983,0.044640,0.093404,0.155405,0.195946,0.037162,0.114475,0.029741,0.011223,0.010101,0.125000,0.409483,0.267241,0.198276,0.448980,0.091837,0.193878,0.000000,0.098639,0.040816,0.006803,0.119048
N20002254,0.170782,0.679012,0.150206,0.041152,0.106996,0.248971,0.135802,0.049383,0.095334,0.024768,0.009346,0.008412,0.180233,0.418605,0.279070,0.122093,0.517454,0.078029,0.164271,0.004107,0.100616,0.002053,0.014374,0.119097
N20002255,0.164234,0.580292,0.255474,0.025039,0.107764,0.186813,0.172161,0.051282,0.043062,0.011188,0.004222,0.003800,0.135965,0.280702,0.153509,0.429825,0.510949,0.069343,0.270073,0.003650,0.032847,0.003650,0.007299,0.102190
N20002256,0.232877,0.657534,0.109589,0.031963,0.091324,0.203196,0.205479,0.025114,0.091572,0.023791,0.008978,0.008080,0.268750,0.337500,0.212500,0.181250,0.446224,0.112128,0.217391,0.006865,0.121281,0.013730,0.029748,0.052632
N20002257,0.406995,0.472178,0.120827,0.047695,0.054054,0.166932,0.155803,0.023847,0.049473,0.012853,0.004850,0.004365,0.491803,0.348361,0.067623,0.092213,0.376789,0.220986,0.243243,0.007949,0.087440,0.017488,0.015898,0.030207
N20002258,0.125214,0.740995,0.133791,0.016967,0.072610,0.204467,0.305842,0.065292,0.062240,0.010950,0.010085,0.009509,0.160256,0.322650,0.307692,0.209402,0.510274,0.034247,0.198630,0.001712,0.181507,0.006849,0.025685,0.041096
N20002259,0.056795,0.819473,0.123732,0.014199,0.107505,0.281947,0.267748,0.052738,0.073476,0.012926,0.011906,0.011225,0.343902,0.326829,0.163415,0.165854,0.522358,0.022358,0.223577,0.010163,0.146341,0.010163,0.026423,0.038618
N20002260,0.136194,0.750000,0.113806,0.005597,0.091418,0.313433,0.225746,0.024254,0.063827,0.011229,0.010342,0.009751,0.402439,0.326829,0.153659,0.117073,0.496269,0.080224,0.188433,0.005597,0.138060,0.022388,0.024254,0.044776
N20002261,0.130977,0.760915,0.108108,0.016632,0.103950,0.226611,0.336798,0.033264,0.040444,0.007115,0.006553,0.006179,0.412470,0.364508,0.158273,0.064748,0.534304,0.051975,0.201663,0.008316,0.147609,0.022869,0.024948,0.008316
N20002262,0.132505,0.722567,0.144928,0.029836,0.116818,0.162218,0.320329,0.030801,0.074647,0.006885,0.009784,0.001087,0.366279,0.363372,0.159884,0.110465,0.478439,0.063655,0.244353,0.004107,0.104723,0.012320,0.041068,0.051335
N20002263,0.251174,0.617371,0.131455,0.038910,0.103220,0.169811,0.221698,0.021226,0.078200,0.008553,0.012219,0.002444,0.420382,0.372611,0.095541,0.111465,0.356132,0.106132,0.212264,0.014151,0.134434,0.014151,0.044811,0.117925
N20002264,0.184314,0.721569,0.094118,0.011765,0.100000,0.227451,0.272549,0.017647,0.083952,0.007743,0.011003,0.001223,0.296830,0.432277,0.164265,0.106628,0.452941,0.117647,0.225490,0.009804,0.107843,0.017647,0.019608,0.049020
N20002265,0.150000,0.719231,0.130769,0.046154,0.115385,0.203846,0.296154,0.034615,0.053383,0.005839,0.008341,0.001668,0.211340,0.340206,0.159794,0.288660,0.507692,0.069231,0.238462,0.000000,0.080769,0.015385,0.007692,0.080769
N20002266,0.215238,0.651429,0.133333,0.032381,0.085714,0.169524,0.281905,0.017143,0.078476,0.007238,0.010286,0.001143,0.554745,0.311436,0.107056,0.026764,0.356190,0.078095,0.287619,0.022857,0.158095,0.007619,0.024762,0.064762
N20002267,0.200000,0.662295,0.137705,0.032787,0.118033,0.108197,0.327869,0.042623,0.050563,0.005530,0.007900,0.001580,0.183673,0.311224,0.153061,0.352041,0.527869,0.049180,0.249180,0.009836,0.078689,0.013115,0.013115,0.059016
N20002268,0.205581,0.700465,0.093953,0.020809,0.086723,0.156917,0.283194,0.041783,0.101245,0.009152,0.010010,0.011440,0.299387,0.360736,0.239264,0.100613,0.477695,0.094796,0.215613,0.004647,0.137546,0.011152,0.024164,0.034387
N20002269,0.122222,0.704762,0.173016,0.022222,0.119048,0.225397,0.198413,0.052381,0.089774,0.010773,0.005386,0.003591,0.276000,0.306000,0.226000,0.192000,0.472266,0.093502,0.218700,0.001585,0.152139,0.007924,0.019017,0.034865
N20002270,0.222222,0.591270,0.186508,0.051587,0.123016,0.130952,0.222222,0.059524,0.042838,0.004685,0.006693,0.001339,0.237209,0.386047,0.186047,0.190698,0.502008,0.132530,0.208835,0.008032,0.088353,0.008032,0.008032,0.044177
N20002271,0.214128,0.607064,0.178808,0.027875,0.086000,0.166297,0.281596,0.011086,0.047872,0.005236,0.007480,0.001496,0.480296,0.317734,0.147783,0.054187,0.296214,0.104677,0.307350,0.024499,0.167038,0.013363,0.024499,0.062361
N20002272,0.262385,0.565138,0.172477,0.053898,0.107573,0.178967,0.169742,0.029520,0.061175,0.006691,0.009559,0.001912,0.441237,0.395876,0.065979,0.096907,0.339483,0.110701,0.243542,0.001845,0.147601,0.018450,0.033210,0.105166
N20002273,0.242593,0.638889,0.118519,0.024880,0.116749,0.151292,0.243542,0.031365,0.077505,0.007149,0.010158,0.001129,0.530928,0.296392,0.097938,0.074742,0.366667,0.159259,0.233333,0.016667,0.116667,0.009259,0.018519,0.079630
N20002274,0.138402,0.756335,0.105263,0.015114,0.108586,0.281800,0.244618,0.037182,0.068974,0.008277,0.004138,0.002759,0.549223,0.290155,0.111399,0.049223,0.417969,0.072266,0.248047,0.019531,0.128906,0.023438,0.052734,0.037109
N20002275,0.230384,0.627713,0.141903,0.028381,0.105175,0.151920,0.268781,0.011686,0.072827,0.006717,0.009545,0.001061,0.526802,0.360444,0.053604,0.059150,0.358932,0.141903,0.242070,0.003339,0.150250,0.025042,0.028381,0.050083
N20002276,0.286585,0.632114,0.081301,0.018837,0.072276,0.150101,0.271805,0.046653,0.070092,0.006336,0.006930,0.007920,0.327824,0.344353,0.181818,0.146006,0.494949,0.127273,0.177778,0.004040,0.141414,0.016162,0.018182,0.020202
N20002277,0.138614,0.768034,0.093352,0.011315,0.093352,0.272984,0.173975,0.038190,0.127140,0.022367,0.020601,0.019424,0.425182,0.310219,0.167883,0.096715,0.445545,0.094767,0.183876,0.005658,0.169731,0.016973,0.052334,0.031117
N20002278,0.101299,0.818182,0.080519,0.005691,0.102420,0.291990,0.297158,0.025840,0.079181,0.008998,0.006598,0.005999,0.429630,0.274074,0.181481,0.114815,0.459740,0.122078,0.153247,0.007792,0.166234,0.018182,0.031169,0.041558
N20002279,0.166667,0.694444,0.138889,0.026667,0.134444,0.232000,0.200000,0.020000,0.084857,0.009643,0.007071,0.006429,0.566434,0.377622,0.027972,0.027972,0.412000,0.152000,0.172000,0.012000,0.080000,0.048000,0.028000,0.096000
N20002280,0.136674,0.783599,0.079727,0.023038,0.106326,0.256818,0.279545,0.020455,0.094643,0.010755,0.007887,0.007170,0.585443,0.265823,0.060127,0.088608,0.400000,0.077273,0.263636,0.015909,0.150000,0.009091,0.045455,0.038636
N20002281,0.153610,0.757296,0.089094,0.035330,0.105991,0.273425,0.253456,0.015361,0.089396,0.010728,0.005364,0.003576,0.642398,0.271949,0.057816,0.027837,0.424196,0.091884,0.212864,0.026034,0.122511,0.007657,0.055130,0.059724
N20002282,0.135392,0.712589,0.152019,0.023220,0.089677,0.264916,0.241050,0.035800,0.063757,0.007245,0.005313,0.004830,0.423333,0.236667,0.173333,0.166667,0.511848,0.078199,0.191943,0.014218,0.109005,0.002370,0.023697,0.068720
N20002283,0.161290,0.700461,0.138249,0.019738,0.147949,0.255708,0.200913,0.027397,0.053816,0.006115,0.004485,0.004077,0.430769,0.376923,0.100000,0.092308,0.377880,0.092166,0.216590,0.041475,0.138249,0.013825,0.041475,0.078341
N20002284,0.108462,0.810489,0.081049,0.014303,0.081049,0.287247,0.246722,0.030989,0.126305,0.011417,0.012488,0.014272,0.432974,0.271186,0.241911,0.053929,0.480334,0.061979,0.227652,0.007151,0.148987,0.003576,0.041716,0.028605
N20002285,0.090406,0.802583,0.107011,0.018715,0.074642,0.334559,0.235294,0.025735,0.101633,0.009187,0.010048,0.011484,0.418719,0.347291,0.199507,0.034483,0.477860,0.044280,0.177122,0.012915,0.193727,0.016605,0.036900,0.040590
N20002286,0.095116,0.832905,0.071979,0.020566,0.084833,0.380463,0.185090,0.017995,0.126338,0.011420,0.012491,0.014275,0.455939,0.180077,0.268199,0.095785,0.559278,0.056701,0.185567,0.030928,0.128866,0.002577,0.012887,0.023196
N20002287,0.430451,0.466165,0.103383,0.042504,0.042437,0.209040,0.120527,0.047081,0.033267,0.003383,0.004793,0.005638,0.326180,0.300429,0.201717,0.171674,0.335217,0.318267,0.160075,0.005650,0.086629,0.032015,0.024482,0.037665
N20002288,0.894737,0.063830,0.041433,0.058598,0.014447,0.012346,0.024691,0.001122,0.010449,0.000774,0.000000,0.000000,0.248780,0.414634,0.209756,0.126829,0.069351,0.722595,0.143177,0.003356,0.008949,0.014541,0.005593,0.032438
N20002289,0.591362,0.347730,0.060908,0.037159,0.050163,0.192478,0.060841,0.007743,0.025794,0.002623,0.003716,0.004372,0.233333,0.272464,0.304348,0.189855,0.253052,0.480577,0.166482,0.007769,0.052164,0.018868,0.001110,0.019978
N20002290,0.892116,0.093361,0.014523,0.042943,0.035510,0.016529,0.010331,0.012397,0.017313,0.001282,0.000000,0.000000,0.331776,0.331776,0.207944,0.128505,0.076605,0.592133,0.171843,0.016563,0.043478,0.049689,0.020704,0.028986
N20002291,0.794271,0.138021,0.067708,0.054688,0.026042,0.046875,0.046875,0.002604,0.014547,0.001078,0.000000,0.000000,0.148810,0.294643,0.258929,0.297619,0.171875,0.460938,0.291667,0.007812,0.010417,0.026042,0.000000,0.031250
N20002292,0.919236,0.045521,0.035242,0.023648,0.010227,0.008824,0.013235,0.007353,0.005477,0.000406,0.000000,0.000000,0.306306,0.402402,0.181682,0.109610,0.058824,0.710294,0.151471,0.016176,0.008824,0.029412,0.008824,0.016176
N20002293,0.660156,0.251953,0.087891,0.031250,0.035156,0.072266,0.076172,0.021484,0.032904,0.002757,0.004963,0.006250,0.420323,0.258661,0.251732,0.069284,0.217899,0.385214,0.272374,0.007782,0.054475,0.019455,0.021401,0.021401
N20002294,0.367188,0.576172,0.056641,0.022158,0.059603,0.181287,0.224172,0.042885,0.047892,0.004013,0.007224,0.009097,0.224324,0.272973,0.383784,0.118919,0.384766,0.208984,0.281250,0.027344,0.050781,0.011719,0.027344,0.007812
N20002295,0.620800,0.278400,0.100800,0.056697,0.054041,0.033654,0.110577,0.020833,0.041623,0.003488,0.006278,0.007906,0.303279,0.309426,0.266393,0.120902,0.216000,0.328000,0.313600,0.012800,0.035200,0.038400,0.017600,0.038400
N20002296,0.363889,0.500000,0.136111,0.023611,0.063889,0.118056,0.205556,0.025000,0.061826,0.006287,0.008907,0.010479,0.173454,0.466063,0.235294,0.125189,0.406639,0.219917,0.190871,0.005533,0.112033,0.019364,0.009682,0.035961
N20002297,0.391608,0.494755,0.113636,0.033217,0.054196,0.115385,0.216783,0.027972,0.056823,0.005779,0.008186,0.009631,0.175904,0.344578,0.315663,0.163855,0.427320,0.220665,0.190893,0.008757,0.082312,0.015762,0.021016,0.033275
N20002298,0.258065,0.673118,0.068817,0.037508,0.073547,0.259101,0.203426,0.038544,0.069144,0.005794,0.010430,0.013133,0.339726,0.331507,0.208219,0.120548,0.387097,0.167742,0.288172,0.004301,0.120430,0.017204,0.000000,0.015054
N20002299,0.414343,0.537849,0.047809,0.024681,0.066676,0.119284,0.210736,0.037773,0.072569,0.006081,0.010946,0.013784,0.428928,0.316708,0.192020,0.062344,0.305389,0.209581,0.279441,0.011976,0.105788,0.035928,0.029940,0.021956
N20002300,0.255172,0.594828,0.150000,0.021896,0.097400,0.137221,0.236707,0.044597,0.054383,0.012888,0.004715,0.006916,0.332083,0.360225,0.183865,0.123827,0.371773,0.117040,0.285714,0.008606,0.139415,0.025818,0.017212,0.034423
N20002301,0.129129,0.783784,0.087087,0.018018,0.057057,0.246246,0.249249,0.123123,0.071719,0.008832,0.007772,0.019784,0.261603,0.329114,0.329114,0.080169,0.522523,0.093093,0.180180,0.003003,0.138138,0.006006,0.027027,0.030030
N20002302,0.164882,0.751606,0.083512,0.019893,0.099154,0.277186,0.206823,0.046908,0.080626,0.009929,0.008738,0.022242,0.308605,0.338279,0.240356,0.112760,0.505353,0.083512,0.218415,0.006424,0.137045,0.004283,0.010707,0.034261
N20002303,0.252252,0.589189,0.158559,0.030231,0.094604,0.115523,0.182310,0.068592,0.088333,0.020934,0.007659,0.011233,0.333333,0.329268,0.243902,0.093496,0.384892,0.109712,0.293165,0.005396,0.124101,0.028777,0.012590,0.041367
N20002304,0.174142,0.707124,0.118734,0.029406,0.083440,0.186842,0.276316,0.047368,0.077993,0.018484,0.006762,0.009918,0.246006,0.424920,0.217252,0.111821,0.444737,0.076316,0.210526,0.015789,0.144737,0.018421,0.031579,0.057895
N20002305,0.574468,0.335106,0.090426,0.030142,0.056738,0.101064,0.086879,0.033688,0.045108,0.006696,0.002819,0.002114,0.560074,0.297597,0.099815,0.042514,0.164894,0.450355,0.196809,0.005319,0.093972,0.017730,0.026596,0.044326
N20002306,0.541880,0.311111,0.147009,0.054701,0.066667,0.083761,0.087179,0.025641,0.038053,0.005648,0.002378,0.001784,0.407473,0.398577,0.153025,0.040925,0.210256,0.391453,0.193162,0.000000,0.094017,0.030769,0.030769,0.049573
N20002307,0.516129,0.413490,0.070381,0.029326,0.058651,0.199413,0.052786,0.032258,0.055955,0.008306,0.003497,0.002623,0.558304,0.286219,0.095406,0.060071,0.240469,0.378299,0.164223,0.002933,0.137830,0.026393,0.026393,0.023460
N20002308,0.573441,0.287726,0.138833,0.052314,0.066398,0.078471,0.074447,0.028169,0.029987,0.006060,0.003107,0.001088,0.380851,0.368085,0.155319,0.095745,0.190669,0.434077,0.204868,0.008114,0.064909,0.034483,0.016227,0.046653
N20002309,0.479718,0.389771,0.130511,0.043322,0.073516,0.123675,0.113074,0.008834,0.052662,0.010642,0.005457,0.001910,0.287619,0.466667,0.154286,0.091429,0.241623,0.395062,0.171076,0.001764,0.105820,0.014109,0.024691,0.045855
N20002310,0.458387,0.448143,0.093470,0.025608,0.043534,0.147247,0.121639,0.037132,0.078383,0.011635,0.004899,0.003674,0.517647,0.307353,0.125000,0.050000,0.332051,0.276923,0.216667,0.015385,0.082051,0.026923,0.017949,0.032051
N20002311,0.168224,0.766355,0.065421,0.011316,0.087198,0.213115,0.241218,0.060890,0.108754,0.013393,0.011786,0.030001,0.511945,0.262799,0.167235,0.058020,0.474299,0.088785,0.224299,0.011682,0.102804,0.025701,0.044393,0.028037
N20002312,0.444254,0.432247,0.123499,0.041166,0.063465,0.121784,0.121784,0.053173,0.053683,0.010848,0.005563,0.001947,0.290503,0.413408,0.184358,0.111732,0.255575,0.277873,0.291595,0.012007,0.090909,0.008576,0.013722,0.049743
N20002313,0.101695,0.753296,0.145009,0.018832,0.062147,0.271186,0.282486,0.050847,0.064554,0.013045,0.006689,0.002341,0.189873,0.434599,0.267932,0.107595,0.536723,0.035782,0.218456,0.003766,0.180791,0.000000,0.007533,0.016949
N20002314,0.139073,0.688742,0.172185,0.013245,0.109272,0.168874,0.241722,0.056291,0.083894,0.016953,0.008694,0.003043,0.156794,0.435540,0.264808,0.142857,0.539735,0.043046,0.175497,0.003311,0.165563,0.006623,0.009934,0.056291
N20002315,0.133641,0.695853,0.170507,0.018433,0.096774,0.198157,0.228111,0.064516,0.080699,0.016307,0.008363,0.002927,0.155914,0.341398,0.260753,0.241935,0.481567,0.036866,0.225806,0.000000,0.156682,0.002304,0.013825,0.082949
N20002316,0.111782,0.761329,0.126888,0.018127,0.105740,0.238671,0.268882,0.057402,0.067538,0.013648,0.006999,0.002450,0.238754,0.266436,0.235294,0.259516,0.530303,0.042424,0.124242,0.000000,0.233333,0.009091,0.024242,0.036364
N20002317,0.186555,0.727731,0.085714,0.028571,0.100840,0.179832,0.285714,0.058824,0.071966,0.006031,0.010855,0.013669,0.289417,0.399568,0.196544,0.114471,0.462185,0.110924,0.243697,0.003361,0.126050,0.006723,0.010084,0.036975
N20002318,0.419048,0.508333,0.072619,0.121429,0.104762,0.151190,0.135714,0.046429,0.046596,0.005738,0.005050,0.012854,0.446281,0.280992,0.181818,0.090909,0.321386,0.297491,0.201912,0.008363,0.076464,0.010753,0.007168,0.076464
N20002319,0.198100,0.683853,0.118046,0.033698,0.090103,0.111413,0.315217,0.043478,0.085219,0.020196,0.007389,0.010837,0.253589,0.346093,0.258373,0.141946,0.457026,0.098226,0.208731,0.010914,0.115962,0.015007,0.021828,0.072306
N20002320,0.125668,0.693850,0.180481,0.021390,0.102941,0.179144,0.243316,0.030749,0.086174,0.018952,0.022802,0.009772,0.284722,0.451389,0.181944,0.081944,0.420561,0.080107,0.217623,0.002670,0.169559,0.017356,0.034713,0.057410
N20002321,0.085714,0.730357,0.183929,0.014158,0.100661,0.214669,0.166369,0.042934,0.128744,0.028315,0.034066,0.014600,0.323194,0.365019,0.203422,0.108365,0.423971,0.032200,0.275492,0.001789,0.211091,0.003578,0.008945,0.042934
N20002322,0.068323,0.782609,0.149068,0.013806,0.111269,0.157321,0.292835,0.079439,0.088705,0.019509,0.023472,0.010059,0.267552,0.385199,0.208729,0.138520,0.574534,0.031056,0.144410,0.012422,0.161491,0.007764,0.012422,0.055901
N20002323,0.088283,0.723917,0.187801,0.014446,0.096308,0.168539,0.255217,0.056180,0.092414,0.020325,0.024453,0.010480,0.260870,0.318261,0.288696,0.132174,0.500803,0.027287,0.219904,0.001605,0.150883,0.008026,0.019262,0.072231
N20002324,0.090090,0.825826,0.084084,0.012129,0.086695,0.199400,0.338831,0.074963,0.083546,0.010289,0.009054,0.023047,0.299603,0.285714,0.281746,0.132937,0.521021,0.037538,0.201201,0.000000,0.190691,0.003003,0.022523,0.024024
N20002325,0.079137,0.785971,0.134892,0.018095,0.134266,0.183124,0.262118,0.091562,0.071906,0.015814,0.019027,0.008154,0.146853,0.405594,0.265734,0.181818,0.533095,0.028623,0.212880,0.000000,0.168157,0.001789,0.014311,0.041145
N20002326,0.257840,0.641115,0.101045,0.037736,0.083056,0.213172,0.204506,0.058925,0.067186,0.007135,0.005351,0.001784,0.422572,0.341207,0.139108,0.097113,0.433798,0.137631,0.240418,0.001742,0.088850,0.015679,0.031359,0.050523
N20002327,0.124661,0.775068,0.100271,0.018970,0.081301,0.254743,0.235772,0.089431,0.093882,0.009970,0.007477,0.002492,0.333333,0.397436,0.188034,0.081197,0.472826,0.070652,0.184783,0.010870,0.173913,0.008152,0.029891,0.048913
N20002328,0.112500,0.750000,0.137500,0.033002,0.114017,0.211297,0.259414,0.064854,0.082827,0.008796,0.006597,0.002199,0.152778,0.452778,0.244444,0.150000,0.579167,0.039583,0.156250,0.002083,0.160417,0.000000,0.010417,0.052083
N20002329,0.068598,0.742378,0.189024,0.016847,0.100065,0.240487,0.232877,0.050228,0.055336,0.044772,0.013583,0.005031,0.044199,0.270718,0.276243,0.408840,0.538813,0.021309,0.225266,0.009132,0.124810,0.001522,0.013699,0.065449
N20002330,0.194286,0.674286,0.131429,0.051156,0.120851,0.194656,0.187023,0.070611,0.076382,0.011161,0.009766,0.003837,0.277937,0.404011,0.169054,0.148997,0.462857,0.064762,0.190476,0.005714,0.156190,0.034286,0.032381,0.053333
N20002331,0.392157,0.279412,0.328431,0.022059,0.056373,0.112745,0.051471,0.017157,0.031466,0.004598,0.004023,0.001580,0.007389,0.179803,0.184729,0.628079,0.367647,0.218137,0.213235,0.009804,0.110294,0.014706,0.002451,0.063725
N20002332,0.057234,0.729730,0.213037,0.012719,0.093800,0.236884,0.268680,0.041335,0.041497,0.033575,0.010186,0.003772,0.063918,0.255670,0.265979,0.414433,0.578025,0.022293,0.143312,0.001592,0.189490,0.004777,0.003185,0.057325
N20002333,0.175258,0.690722,0.134021,0.015464,0.090206,0.162371,0.250000,0.090206,0.073960,0.010807,0.009456,0.003715,0.393382,0.308824,0.205882,0.091912,0.512953,0.085492,0.209845,0.007772,0.106218,0.010363,0.028497,0.038860
N20002334,0.092827,0.721519,0.185654,0.012432,0.075539,0.270804,0.246827,0.033850,0.044046,0.035637,0.010811,0.004004,0.025373,0.173134,0.226866,0.574627,0.594937,0.032349,0.149086,0.000000,0.156118,0.000000,0.001406,0.066104
N20002335,0.212903,0.544086,0.243011,0.034409,0.075269,0.204301,0.163441,0.025806,0.035083,0.028385,0.008611,0.003189,0.057416,0.169856,0.215311,0.557416,0.548387,0.124731,0.163441,0.002151,0.113978,0.008602,0.010753,0.027957
N20002336,0.184615,0.655385,0.160000,0.009231,0.090769,0.160000,0.221538,0.073846,0.085052,0.011378,0.004551,0.008249,0.292642,0.448161,0.147157,0.112040,0.456923,0.060000,0.250769,0.007692,0.124615,0.018462,0.010769,0.070769
N20002337,0.084746,0.790254,0.125000,0.010436,0.095987,0.292994,0.197452,0.053079,0.113837,0.016634,0.014555,0.005718,0.300000,0.432258,0.154839,0.112903,0.484076,0.057325,0.214437,0.002123,0.163482,0.016985,0.025478,0.036093
N20002338,0.220930,0.624031,0.155039,0.038760,0.093023,0.244186,0.182171,0.034884,0.052686,0.007698,0.006736,0.002646,0.512821,0.314103,0.070513,0.102564,0.381323,0.108949,0.214008,0.019455,0.159533,0.019455,0.023346,0.073930
N20002339,0.132867,0.741259,0.125874,0.021498,0.100888,0.176334,0.278422,0.060325,0.094616,0.013825,0.012097,0.004752,0.279152,0.371025,0.240283,0.109541,0.456674,0.070258,0.154567,0.014052,0.182670,0.000000,0.011710,0.110070
N20002340,0.134199,0.731602,0.134199,0.008112,0.088123,0.221739,0.269565,0.078261,0.041653,0.014293,0.011434,0.006534,0.053691,0.295302,0.167785,0.483221,0.624454,0.043668,0.174672,0.000000,0.096070,0.000000,0.004367,0.056769
N20002341,0.165103,0.671670,0.163227,0.037523,0.103189,0.219512,0.187617,0.060038,0.057094,0.019591,0.015673,0.008956,0.193995,0.311778,0.258661,0.235566,0.568480,0.050657,0.174484,0.001876,0.105066,0.003752,0.018762,0.076923
N20002342,0.267465,0.518962,0.213573,0.041465,0.122962,0.126000,0.156000,0.036000,0.056558,0.014295,0.004351,0.002797,0.257669,0.466258,0.210634,0.065440,0.312000,0.140000,0.204000,0.010000,0.176000,0.016000,0.008000,0.134000
N20002343,0.191011,0.654494,0.154494,0.020620,0.093042,0.187151,0.175978,0.089385,0.082267,0.012021,0.010518,0.004132,0.265060,0.329317,0.212851,0.192771,0.466480,0.064246,0.201117,0.005587,0.128492,0.000000,0.030726,0.103352
N20002344,0.234528,0.587948,0.177524,0.026059,0.094463,0.144951,0.208469,0.045603,0.073553,0.009840,0.003936,0.007134,0.243612,0.420784,0.226576,0.109029,0.452033,0.104065,0.170732,0.000000,0.149593,0.017886,0.014634,0.091057
N20002345,0.160428,0.676471,0.163102,0.028707,0.079696,0.241935,0.209677,0.056452,0.049991,0.017154,0.013723,0.007842,0.056291,0.251656,0.245033,0.447020,0.522667,0.069333,0.200000,0.002667,0.106667,0.005333,0.008000,0.085333
N20002346,0.246073,0.568063,0.185864,0.011863,0.073326,0.152632,0.181579,0.071053,0.073099,0.004678,0.009357,0.002339,0.197452,0.334395,0.159236,0.308917,0.455263,0.105263,0.197368,0.005263,0.107895,0.010526,0.010526,0.107895
N20002347,0.133962,0.684906,0.181132,0.028501,0.110518,0.209040,0.216573,0.071563,0.043512,0.014931,0.011945,0.006825,0.056098,0.329268,0.190244,0.424390,0.603774,0.033962,0.124528,0.009434,0.096226,0.007547,0.018868,0.105660
N20002348,0.223301,0.580097,0.196602,0.042372,0.095990,0.173594,0.188264,0.034230,0.049602,0.017020,0.013616,0.007781,0.106383,0.443769,0.191489,0.258359,0.526699,0.082524,0.206311,0.004854,0.092233,0.007282,0.012136,0.067961
N20002349,0.266362,0.526636,0.207002,0.038052,0.076104,0.141553,0.123288,0.035008,0.117330,0.015696,0.006279,0.011380,0.305031,0.405660,0.237421,0.051887,0.360731,0.126332,0.208524,0.007610,0.141553,0.001522,0.021309,0.132420
N20002350,0.229839,0.582661,0.187500,0.038306,0.068548,0.165323,0.203629,0.024194,0.098830,0.006325,0.012650,0.003163,0.210826,0.472934,0.159544,0.156695,0.494949,0.082828,0.195960,0.006061,0.082828,0.010101,0.014141,0.113131
N20002351,0.339791,0.414307,0.245902,0.056632,0.099851,0.084948,0.116244,0.022355,0.065918,0.016661,0.005071,0.003260,0.289394,0.378788,0.177273,0.154545,0.305514,0.193741,0.169896,0.001490,0.131148,0.020864,0.011923,0.165425
N20002352,0.198819,0.683071,0.118110,0.023966,0.074034,0.165029,0.288802,0.039293,0.094701,0.006061,0.012122,0.003030,0.105660,0.433962,0.222642,0.237736,0.551181,0.037402,0.202756,0.013780,0.080709,0.003937,0.019685,0.090551
N20002353,0.295261,0.535844,0.168894,0.020656,0.093560,0.178615,0.149453,0.036452,0.060551,0.008100,0.003240,0.005873,0.184244,0.368488,0.217281,0.229987,0.450790,0.115431,0.196841,0.007290,0.109356,0.010936,0.010936,0.098420
N20002354,0.367412,0.533546,0.099042,0.045869,0.093032,0.106109,0.186495,0.045016,0.074832,0.017669,0.008834,0.001559,0.045455,0.314050,0.264463,0.376033,0.446945,0.102894,0.254019,0.000000,0.115756,0.000000,0.003215,0.077170
N20002355,0.497959,0.381633,0.120408,0.036735,0.040816,0.122449,0.144898,0.022449,0.037106,0.008761,0.004381,0.000773,0.053985,0.257069,0.231362,0.457584,0.408163,0.097959,0.320408,0.004082,0.053061,0.012245,0.018367,0.085714
N20002356,0.466387,0.388655,0.144958,0.044118,0.054622,0.142857,0.115546,0.010504,0.047475,0.012173,0.003348,0.002130,0.106667,0.245333,0.304000,0.344000,0.366316,0.157895,0.216842,0.002105,0.065263,0.021053,0.002105,0.168421
N20002357,0.428241,0.412037,0.159722,0.054107,0.037903,0.113164,0.157044,0.013857,0.065505,0.015466,0.007733,0.001365,0.145349,0.354651,0.255814,0.244186,0.378190,0.125290,0.229698,0.004640,0.095128,0.009281,0.013921,0.143852
N20002358,0.410959,0.473973,0.115068,0.025089,0.069081,0.157609,0.111413,0.027174,0.084635,0.011322,0.004529,0.008209,0.225714,0.482857,0.171429,0.120000,0.371274,0.214092,0.154472,0.013550,0.094851,0.018970,0.016260,0.116531
N20002359,0.426009,0.412556,0.161435,0.064402,0.033092,0.107143,0.147321,0.017857,0.077922,0.018398,0.009199,0.001623,0.038043,0.326087,0.244565,0.391304,0.424107,0.102679,0.272321,0.008929,0.040179,0.017857,0.008929,0.125000
N20002360,0.277108,0.544177,0.178715,0.034137,0.058233,0.160643,0.196787,0.024096,0.081304,0.010877,0.004351,0.007886,0.267030,0.444142,0.122616,0.166213,0.469880,0.116466,0.184739,0.006024,0.092369,0.012048,0.020080,0.098394
N20002361,0.570694,0.295630,0.133676,0.023380,0.042433,0.102302,0.084399,0.000000,0.048216,0.012187,0.003709,0.002384,0.078261,0.234783,0.246377,0.440580,0.465116,0.136951,0.191214,0.005168,0.054264,0.025840,0.031008,0.090439
N20002362,0.310502,0.512938,0.176560,0.034588,0.072389,0.150915,0.193598,0.033537,0.045455,0.010732,0.005366,0.000947,0.080247,0.296296,0.300412,0.323045,0.482496,0.065449,0.214612,0.001522,0.065449,0.003044,0.022831,0.144597
N20002363,0.297665,0.544747,0.157588,0.025116,0.054551,0.152941,0.241176,0.023529,0.052763,0.012458,0.006229,0.001099,0.085919,0.300716,0.233890,0.379475,0.458090,0.089669,0.191033,0.011696,0.072125,0.005848,0.009747,0.161793
N20002364,0.421610,0.402542,0.175847,0.026311,0.077756,0.094017,0.136752,0.008547,0.061974,0.015664,0.004767,0.003065,0.089947,0.275132,0.174603,0.460317,0.383795,0.172708,0.217484,0.019190,0.093817,0.004264,0.008529,0.100213
N20002365,0.194631,0.567114,0.238255,0.026846,0.093960,0.231544,0.147651,0.010067,0.045053,0.029906,0.006214,0.002719,0.007491,0.262172,0.202247,0.528090,0.513423,0.046980,0.221477,0.013423,0.087248,0.000000,0.000000,0.117450
N20002366,0.220408,0.597959,0.181633,0.043579,0.083732,0.158537,0.252033,0.024390,0.057784,0.014817,0.004075,0.002593,0.090226,0.398496,0.185464,0.325815,0.461224,0.081633,0.175510,0.002041,0.124490,0.008163,0.008163,0.138776
N20002367,0.381057,0.449339,0.169604,0.022816,0.082306,0.136264,0.142857,0.021978,0.047809,0.012084,0.003678,0.002364,0.079235,0.267760,0.292350,0.360656,0.490110,0.096703,0.217582,0.015385,0.076923,0.006593,0.013187,0.083516
N20002368,0.162109,0.617188,0.220703,0.033954,0.120100,0.161165,0.223301,0.042718,0.037540,0.024919,0.005178,0.002265,0.051111,0.175556,0.242222,0.531111,0.534247,0.052838,0.144814,0.003914,0.129159,0.005871,0.011742,0.117417
N20002369,0.269953,0.629108,0.100939,0.052972,0.070146,0.150943,0.216981,0.061321,0.094058,0.023773,0.007235,0.004651,0.147059,0.307190,0.290850,0.254902,0.472941,0.096471,0.162353,0.000000,0.150588,0.009412,0.009412,0.098824
N20002370,0.073222,0.656904,0.269874,0.018714,0.101348,0.201258,0.222222,0.048218,0.045035,0.029894,0.006212,0.002718,0.043584,0.176755,0.239709,0.539952,0.620545,0.008386,0.155136,0.000000,0.109015,0.004193,0.012579,0.090147
N20002371,0.100228,0.633257,0.266515,0.013864,0.083257,0.234091,0.190909,0.006818,0.063468,0.042130,0.008754,0.003830,0.043956,0.241758,0.148352,0.565934,0.522727,0.027273,0.186364,0.002273,0.136364,0.004545,0.013636,0.106818
N20002372,0.271014,0.618841,0.110145,0.040580,0.102899,0.165217,0.200000,0.028986,0.088744,0.022755,0.006258,0.003982,0.293233,0.426065,0.172932,0.107769,0.472464,0.097101,0.237681,0.008696,0.092754,0.024638,0.023188,0.043478
N20002373,0.281831,0.545064,0.173104,0.026117,0.072207,0.140000,0.200000,0.047143,0.062483,0.016021,0.004406,0.002804,0.075812,0.252708,0.194946,0.476534,0.477208,0.122507,0.183761,0.009972,0.075499,0.011396,0.012821,0.106838
N20002374,0.110000,0.676000,0.214000,0.024000,0.112000,0.258000,0.208000,0.028000,0.037593,0.024954,0.005185,0.002269,0.030303,0.214452,0.156177,0.599068,0.547284,0.038229,0.203219,0.000000,0.094567,0.008048,0.006036,0.102616
N20002375,0.090244,0.600000,0.309756,0.014449,0.076773,0.220049,0.212714,0.022005,0.036765,0.024405,0.005071,0.002219,0.035230,0.208672,0.186992,0.569106,0.579075,0.012165,0.206813,0.000000,0.121655,0.002433,0.000000,0.077859
N20002376,0.185841,0.597345,0.216814,0.027250,0.081927,0.224670,0.176211,0.052863,0.034361,0.012775,0.007048,0.007489,0.155689,0.119760,0.191617,0.532934,0.460177,0.163717,0.216814,0.008850,0.075221,0.004425,0.013274,0.057522
N20002377,0.665192,0.225664,0.109145,0.064897,0.051622,0.050147,0.066372,0.013274,0.025959,0.012979,0.003540,0.001770,0.298217,0.351702,0.217180,0.132901,0.147493,0.517699,0.169617,0.004425,0.060472,0.010324,0.007375,0.082596
N20002378,0.610801,0.324022,0.065177,0.042028,0.056364,0.117100,0.091078,0.027881,0.027046,0.001339,0.002678,0.000536,0.491329,0.260116,0.150289,0.098266,0.236499,0.432030,0.197393,0.011173,0.042831,0.027933,0.016760,0.035382
N20002379,0.104636,0.747020,0.148344,0.026490,0.113907,0.219868,0.194702,0.095364,0.068628,0.025516,0.014078,0.014957,0.100559,0.270019,0.238361,0.391061,0.612732,0.042440,0.145889,0.001326,0.095491,0.006631,0.010610,0.084881
N20002380,0.051887,0.719340,0.228774,0.016257,0.094637,0.237530,0.230404,0.073634,0.046730,0.019561,0.011411,0.005434,0.065672,0.286567,0.286567,0.361194,0.609929,0.030733,0.186761,0.002364,0.104019,0.000000,0.004728,0.061466
N20002381,0.431373,0.427015,0.141612,0.026144,0.065359,0.095861,0.217865,0.021786,0.015338,0.007669,0.002092,0.001046,0.196126,0.278450,0.234867,0.290557,0.281046,0.281046,0.267974,0.010893,0.102397,0.008715,0.010893,0.037037
N20002382,0.063963,0.711388,0.224649,0.023210,0.098536,0.199060,0.217868,0.076803,0.066958,0.028029,0.016350,0.007786,0.065401,0.329114,0.255274,0.350211,0.537500,0.029687,0.178125,0.001563,0.129688,0.020313,0.014063,0.089063
N20002383,0.347188,0.466993,0.185819,0.081832,0.068958,0.144963,0.125307,0.046683,0.045174,0.016795,0.009266,0.009846,0.167235,0.279863,0.160410,0.392491,0.348039,0.227941,0.196078,0.012255,0.058824,0.017157,0.009804,0.129902
N20002384,0.168357,0.600406,0.231237,0.026943,0.093335,0.165657,0.258586,0.016162,0.039111,0.019556,0.005333,0.002667,0.054893,0.198091,0.346062,0.400955,0.488889,0.058586,0.262626,0.000000,0.125253,0.008081,0.010101,0.046465
N20002385,0.720065,0.197411,0.082524,0.076052,0.053398,0.045307,0.061489,0.004854,0.027700,0.001371,0.002743,0.000549,0.519038,0.336673,0.092184,0.052104,0.146104,0.563312,0.191558,0.006494,0.029221,0.029221,0.011364,0.022727
N20002386,0.076682,0.699531,0.223787,0.017214,0.122066,0.241002,0.170579,0.043818,0.068612,0.028721,0.016754,0.007978,0.143836,0.321918,0.260274,0.273973,0.496088,0.045383,0.175274,0.001565,0.159624,0.009390,0.021909,0.090767
N20002387,0.358852,0.435407,0.205742,0.063796,0.092504,0.095694,0.110048,0.041467,0.053789,0.022516,0.013134,0.006254,0.233628,0.364602,0.141593,0.260177,0.342357,0.229299,0.165605,0.003185,0.101911,0.028662,0.012739,0.116242
N20002388,0.065517,0.701724,0.232759,0.010440,0.076939,0.278830,0.163511,0.084337,0.055145,0.023084,0.013466,0.006412,0.031068,0.293204,0.139806,0.535922,0.561102,0.022375,0.189329,0.003442,0.146299,0.012048,0.006885,0.058520
N20002389,0.637168,0.246018,0.116814,0.053394,0.048487,0.047619,0.061728,0.019400,0.058874,0.002915,0.005829,0.001166,0.428571,0.377820,0.129699,0.063910,0.138053,0.435398,0.235398,0.005310,0.030088,0.037168,0.030088,0.088496
N20002390,0.517007,0.438776,0.044218,0.044218,0.062925,0.136054,0.124150,0.042517,0.055112,0.000000,0.018017,0.000000,0.334906,0.339623,0.224057,0.101415,0.325976,0.358234,0.212224,0.001698,0.057725,0.020374,0.006791,0.016978
N20002391,0.492248,0.410853,0.096899,0.027132,0.062016,0.120155,0.174419,0.031008,0.017526,0.000000,0.005730,0.000000,0.197115,0.442308,0.278846,0.081731,0.325581,0.325581,0.209302,0.000000,0.089147,0.003876,0.015504,0.031008
N20002392,0.644156,0.287013,0.068831,0.050692,0.064791,0.081046,0.100654,0.022222,0.013792,0.000000,0.004509,0.000000,0.548621,0.364296,0.074020,0.013062,0.151751,0.461738,0.237354,0.006485,0.051881,0.035019,0.019455,0.036316
N20002393,0.337413,0.545455,0.117133,0.040210,0.117133,0.188811,0.129371,0.045455,0.049818,0.008086,0.005738,0.001043,0.284038,0.453052,0.171362,0.091549,0.409807,0.215412,0.199650,0.021016,0.084063,0.007005,0.019264,0.043783
N20002394,0.160600,0.657388,0.182013,0.021413,0.085653,0.248394,0.222698,0.025696,0.057721,0.009368,0.006648,0.001209,0.112861,0.275591,0.228346,0.383202,0.510684,0.068376,0.220085,0.000000,0.115385,0.014957,0.014957,0.055556
N20002395,0.702020,0.212121,0.085859,0.047980,0.063131,0.078283,0.053030,0.002525,0.011419,0.000000,0.003733,0.000000,0.393140,0.432718,0.116095,0.058047,0.106061,0.535354,0.189394,0.012626,0.063131,0.040404,0.015152,0.037879
N20002396,0.322857,0.557143,0.120000,0.054286,0.088571,0.157143,0.154286,0.037143,0.092419,0.015000,0.010645,0.001935,0.289916,0.369748,0.201681,0.138655,0.414286,0.202857,0.214286,0.008571,0.097143,0.020000,0.011429,0.031429
N20002397,0.304622,0.525210,0.170168,0.063532,0.114309,0.167715,0.163522,0.035639,0.033906,0.005503,0.003905,0.000710,0.344311,0.374251,0.131737,0.149701,0.344538,0.241597,0.193277,0.008403,0.073529,0.029412,0.054622,0.054622
N20002398,0.402198,0.386813,0.210989,0.029129,0.073347,0.116998,0.108168,0.044150,0.034003,0.005519,0.003917,0.000712,0.160757,0.335697,0.153664,0.349882,0.335541,0.205298,0.280353,0.008830,0.094923,0.013245,0.013245,0.048565
N20002399,0.398868,0.497878,0.103253,0.030224,0.078387,0.152542,0.158192,0.040960,0.059778,0.003280,0.003463,0.001276,0.474286,0.363810,0.106667,0.055238,0.338549,0.240398,0.192034,0.018492,0.103841,0.028450,0.032717,0.045519
N20002400,0.246711,0.608553,0.144737,0.032895,0.085526,0.180921,0.157895,0.052632,0.101337,0.016447,0.011672,0.002122,0.270115,0.442529,0.252874,0.034483,0.523026,0.111842,0.213816,0.019737,0.085526,0.003289,0.013158,0.029605
N20002401,0.279302,0.588529,0.132170,0.019401,0.095954,0.210396,0.138614,0.012376,0.104698,0.006938,0.015137,0.004415,0.491909,0.262136,0.152104,0.093851,0.353234,0.189055,0.216418,0.007463,0.124378,0.017413,0.047264,0.044776
N20002402,0.288835,0.478155,0.233010,0.032176,0.078640,0.130751,0.128329,0.012107,0.098834,0.016041,0.011384,0.002070,0.082019,0.422713,0.337539,0.157729,0.508475,0.116223,0.142857,0.002421,0.082324,0.016949,0.012107,0.118644
N20002403,0.220844,0.625310,0.153846,0.057072,0.153846,0.138958,0.196030,0.032258,0.089204,0.004416,0.008832,0.001766,0.273585,0.364780,0.204403,0.157233,0.354115,0.184539,0.276808,0.017456,0.077307,0.014963,0.027431,0.047382
N20002404,0.177033,0.472727,0.350239,0.022010,0.111005,0.070813,0.100478,0.037321,0.135000,0.007409,0.007820,0.002881,0.450902,0.290581,0.186373,0.072144,0.533014,0.068900,0.088995,0.010526,0.085167,0.005742,0.028708,0.178947
N20002405,0.268482,0.509728,0.221790,0.031128,0.071984,0.212062,0.089494,0.027237,0.086950,0.005762,0.012571,0.003667,0.242347,0.336735,0.275510,0.145408,0.410156,0.140625,0.207031,0.011719,0.101562,0.011719,0.015625,0.101562
N20002406,0.400709,0.496454,0.102837,0.039007,0.097518,0.171986,0.147163,0.035461,0.035376,0.002344,0.005115,0.001492,0.560241,0.349398,0.051205,0.039157,0.286988,0.237077,0.194296,0.016043,0.142602,0.030303,0.040998,0.051693
N20002407,0.119522,0.669323,0.211155,0.023904,0.119522,0.123506,0.231076,0.051793,0.106483,0.025353,0.011590,0.000000,0.115578,0.376884,0.256281,0.251256,0.516000,0.052000,0.180000,0.000000,0.140000,0.000000,0.000000,0.112000
N20002408,0.256637,0.623009,0.120354,0.034022,0.092974,0.204947,0.201413,0.045936,0.068544,0.003762,0.003971,0.001463,0.278061,0.408163,0.244898,0.068878,0.466312,0.131206,0.202128,0.007092,0.111702,0.019504,0.019504,0.042553
N20002409,0.155340,0.640777,0.203883,0.014904,0.098404,0.276029,0.140436,0.065375,0.044941,0.010700,0.004892,0.000000,0.076023,0.230994,0.195906,0.497076,0.474576,0.084746,0.230024,0.002421,0.111380,0.024213,0.009685,0.062954
N20002410,0.201005,0.633166,0.165829,0.033916,0.096457,0.248101,0.151899,0.025316,0.088900,0.005891,0.012853,0.003749,0.371648,0.348659,0.176245,0.103448,0.401515,0.075758,0.239899,0.020202,0.154040,0.017677,0.030303,0.060606
N20002411,0.267797,0.532203,0.200000,0.033395,0.083637,0.143339,0.141653,0.064081,0.073867,0.017587,0.008040,0.000000,0.211268,0.386318,0.142857,0.259557,0.352542,0.152542,0.237288,0.003390,0.130508,0.011864,0.022034,0.089831
N20002412,0.332632,0.490526,0.176842,0.028010,0.078762,0.189076,0.138655,0.010504,0.064832,0.003558,0.003756,0.001384,0.412698,0.256614,0.137566,0.193122,0.373418,0.185654,0.238397,0.000000,0.111814,0.010549,0.029536,0.050633
N20002413,0.231023,0.607261,0.161716,0.026403,0.115512,0.174917,0.155116,0.062706,0.079018,0.005236,0.011424,0.003332,0.556150,0.272727,0.032086,0.139037,0.342105,0.210526,0.233553,0.006579,0.095395,0.016447,0.023026,0.072368
N20002414,0.218045,0.552632,0.229323,0.037254,0.106304,0.169492,0.145009,0.056497,0.055926,0.013316,0.006087,0.000000,0.091518,0.377232,0.183036,0.348214,0.476460,0.080979,0.222222,0.009416,0.084746,0.013183,0.009416,0.103578
N20002415,0.205882,0.628959,0.165158,0.043782,0.099279,0.157534,0.230594,0.054795,0.064411,0.015336,0.007011,0.000000,0.064767,0.326425,0.209845,0.398964,0.450226,0.065611,0.221719,0.006787,0.128959,0.018100,0.004525,0.104072
N20002416,0.160194,0.662621,0.177184,0.018026,0.074670,0.214458,0.245783,0.036145,0.080736,0.004431,0.004677,0.001723,0.416667,0.341667,0.095833,0.145833,0.487864,0.065534,0.201456,0.002427,0.128641,0.004854,0.031553,0.077670
N20002417,0.180934,0.715953,0.103113,0.025292,0.093385,0.285992,0.212062,0.033074,0.080624,0.004425,0.004670,0.001721,0.635739,0.288660,0.037801,0.037801,0.466926,0.071984,0.202335,0.019455,0.132296,0.023346,0.050584,0.033074
N20002418,0.254717,0.537736,0.207547,0.036407,0.075295,0.136150,0.133803,0.072770,0.093989,0.017853,0.004726,0.003150,0.089674,0.326087,0.244565,0.339674,0.383529,0.080000,0.237647,0.007059,0.065882,0.011765,0.037647,0.176471
N20002419,0.304348,0.514493,0.181159,0.049868,0.095138,0.111111,0.111111,0.035842,0.126627,0.024052,0.006367,0.004244,0.218750,0.406250,0.223214,0.151786,0.302158,0.122302,0.241007,0.000000,0.079137,0.014388,0.014388,0.226619
N20002420,0.229474,0.587368,0.183158,0.035381,0.076820,0.111814,0.242616,0.075949,0.062940,0.011955,0.003165,0.002110,0.057534,0.309589,0.219178,0.413699,0.525316,0.080169,0.185654,0.002110,0.109705,0.004219,0.004219,0.088608
N20002421,0.282609,0.528986,0.188406,0.039855,0.101449,0.159420,0.152174,0.021739,0.073958,0.014048,0.003719,0.002479,0.156863,0.220588,0.151961,0.470588,0.406475,0.129496,0.205036,0.007194,0.075540,0.039568,0.014388,0.122302
N20002422,0.245353,0.579926,0.174721,0.048327,0.111524,0.159851,0.148699,0.048327,0.087556,0.016631,0.004402,0.002935,0.111111,0.333333,0.122807,0.432749,0.380597,0.126866,0.194030,0.007463,0.108209,0.003731,0.018657,0.160448
N20002423,0.243028,0.553785,0.203187,0.039841,0.065737,0.129482,0.262948,0.019920,0.059429,0.011288,0.002988,0.001992,0.044776,0.293532,0.194030,0.467662,0.518887,0.081511,0.174950,0.001988,0.067594,0.005964,0.021869,0.127237
N20002424,0.308271,0.567669,0.124060,0.049359,0.104255,0.176360,0.202627,0.031895,0.041808,0.007089,0.002000,0.001636,0.587302,0.301587,0.042328,0.068783,0.282486,0.158192,0.295669,0.013183,0.096045,0.043315,0.062147,0.048964
N20002425,0.249196,0.655949,0.094855,0.022508,0.075563,0.202572,0.221865,0.020900,0.107478,0.018225,0.005140,0.004206,0.545648,0.269639,0.110403,0.074310,0.363929,0.146538,0.231884,0.009662,0.117552,0.020934,0.049919,0.059581
N20002426,0.208696,0.667391,0.123913,0.023913,0.123913,0.258696,0.171739,0.041304,0.057093,0.009681,0.002731,0.002234,0.515493,0.357746,0.081690,0.045070,0.391304,0.141304,0.202174,0.021739,0.121739,0.019565,0.067391,0.034783
N20002427,0.249035,0.646718,0.104247,0.034749,0.083012,0.254826,0.158301,0.048263,0.081428,0.013807,0.003894,0.003186,0.366197,0.394366,0.154930,0.084507,0.360465,0.166667,0.195736,0.013566,0.191860,0.017442,0.040698,0.013566
N20002428,0.153846,0.739316,0.106838,0.021368,0.106838,0.252137,0.213675,0.047009,0.059462,0.040375,0.016884,0.002936,0.142045,0.278409,0.278409,0.301136,0.595745,0.046809,0.178723,0.004255,0.072340,0.017021,0.004255,0.080851
N20002429,0.052448,0.632867,0.314685,0.010490,0.152098,0.243007,0.148601,0.010490,0.039094,0.026546,0.011101,0.001931,0.040936,0.202729,0.208577,0.547758,0.550523,0.013937,0.172474,0.000000,0.141115,0.000000,0.017422,0.104530
N20002430,0.289044,0.573427,0.137529,0.037296,0.123543,0.251748,0.111888,0.011655,0.059364,0.010066,0.002839,0.002323,0.557864,0.272997,0.109792,0.059347,0.402326,0.162791,0.232558,0.009302,0.093023,0.011628,0.051163,0.037209
N20002431,0.086957,0.656751,0.256293,0.018619,0.112331,0.243736,0.164009,0.027335,0.054334,0.036894,0.015428,0.002683,0.010526,0.244737,0.200000,0.544737,0.544622,0.016018,0.157895,0.000000,0.141876,0.006865,0.006865,0.125858
N20002432,0.123967,0.638430,0.237603,0.020661,0.076446,0.264463,0.138430,0.072314,0.043122,0.029281,0.012245,0.002129,0.052786,0.249267,0.161290,0.536657,0.543388,0.041322,0.159091,0.008264,0.095041,0.010331,0.002066,0.140496
N20002433,0.198157,0.688940,0.112903,0.034184,0.072312,0.422633,0.110855,0.004619,0.062492,0.010596,0.002989,0.002445,0.536023,0.230548,0.187320,0.046110,0.436782,0.105747,0.183908,0.011494,0.154023,0.006897,0.055172,0.045977
N20002434,0.059925,0.808989,0.131086,0.037453,0.082397,0.438202,0.168539,0.026217,0.074518,0.012636,0.003564,0.002916,0.147783,0.369458,0.241379,0.241379,0.617978,0.018727,0.149813,0.003745,0.138577,0.026217,0.011236,0.033708
N20002435,0.192250,0.646796,0.160954,0.038289,0.111669,0.248132,0.131540,0.014948,0.115615,0.006638,0.010510,0.007745,0.457256,0.383698,0.089463,0.069583,0.376119,0.113433,0.265672,0.013433,0.122388,0.011940,0.037313,0.059701
N20002436,0.186667,0.722222,0.091111,0.035556,0.104444,0.273333,0.140000,0.042222,0.133482,0.007664,0.012135,0.008941,0.468750,0.360795,0.093750,0.076705,0.415556,0.106667,0.206667,0.002222,0.162222,0.013333,0.037778,0.055556
N20002437,0.227080,0.645980,0.126939,0.035801,0.094644,0.261603,0.144866,0.022504,0.100684,0.005781,0.009153,0.006744,0.555556,0.300166,0.099502,0.044776,0.405063,0.115331,0.198312,0.021097,0.154712,0.022504,0.033755,0.049226
N20002438,0.107143,0.806723,0.086134,0.018722,0.093038,0.330526,0.143158,0.046316,0.151074,0.018262,0.007747,0.016602,0.471642,0.265672,0.137313,0.125373,0.394130,0.081761,0.197065,0.004193,0.215933,0.018868,0.027254,0.060797
N20002439,0.186928,0.734641,0.078431,0.010458,0.100654,0.350327,0.113725,0.024837,0.113176,0.013681,0.005804,0.012437,0.373451,0.269027,0.279646,0.077876,0.477124,0.096732,0.211765,0.010458,0.129412,0.010458,0.039216,0.024837
N20002440,0.074534,0.836957,0.088509,0.009317,0.086957,0.360248,0.204969,0.024845,0.119401,0.008844,0.009213,0.022480,0.383648,0.266247,0.197065,0.153040,0.520186,0.043478,0.173913,0.004658,0.181677,0.010870,0.032609,0.032609
N20002441,0.145631,0.760518,0.093851,0.021036,0.095469,0.289644,0.237864,0.059871,0.057984,0.004295,0.004474,0.010917,0.441176,0.370588,0.133333,0.054902,0.449838,0.101942,0.210356,0.004854,0.152104,0.006472,0.048544,0.025890
N20002442,0.115174,0.760512,0.124314,0.023766,0.098720,0.343693,0.111517,0.034735,0.134040,0.016203,0.006874,0.014730,0.415313,0.327146,0.192575,0.064965,0.458867,0.085923,0.193784,0.007313,0.126143,0.012797,0.080439,0.034735
N20002443,0.089806,0.793689,0.116505,0.029126,0.126214,0.269417,0.262136,0.024272,0.083352,0.006174,0.006431,0.015693,0.579336,0.254613,0.118081,0.047970,0.444175,0.050971,0.242718,0.019417,0.111650,0.024272,0.065534,0.041262
N20002444,0.114583,0.796875,0.088542,0.029661,0.119232,0.383016,0.162912,0.005199,0.094450,0.006996,0.007288,0.017782,0.437500,0.323661,0.180804,0.058036,0.522569,0.076389,0.196181,0.008681,0.123264,0.010417,0.034722,0.027778
N20002445,0.126930,0.753002,0.120069,0.039150,0.111005,0.351119,0.175559,0.024096,0.071153,0.008601,0.003649,0.007819,0.432071,0.287305,0.227171,0.053452,0.537801,0.075601,0.199313,0.013746,0.099656,0.013746,0.032646,0.027491
N20002446,0.058043,0.850746,0.091211,0.013267,0.099502,0.356551,0.187396,0.043118,0.122567,0.009079,0.009457,0.023076,0.348889,0.395556,0.180000,0.075556,0.510000,0.030000,0.245000,0.005000,0.151667,0.015000,0.026667,0.016667
N20002447,0.094502,0.809278,0.096220,0.013746,0.091065,0.355670,0.173540,0.024055,0.123461,0.010497,0.015995,0.014995,0.388235,0.320000,0.190588,0.101176,0.522337,0.065292,0.166667,0.005155,0.154639,0.008591,0.032646,0.044674
N20002448,0.142268,0.727835,0.129897,0.026804,0.101031,0.278351,0.181443,0.032990,0.100052,0.007411,0.007720,0.018837,0.261658,0.365285,0.212435,0.160622,0.433265,0.084189,0.246407,0.002053,0.135524,0.016427,0.016427,0.065708
N20002449,0.065574,0.861566,0.072860,0.009004,0.104267,0.423358,0.153285,0.018248,0.121560,0.010335,0.015749,0.014764,0.385681,0.353349,0.212471,0.048499,0.509946,0.025316,0.188065,0.005425,0.182640,0.023508,0.036166,0.028933
N20002450,0.139098,0.750000,0.110902,0.030075,0.118421,0.332707,0.159774,0.022556,0.087229,0.007416,0.011301,0.010595,0.425629,0.400458,0.128146,0.045767,0.495310,0.076923,0.185741,0.007505,0.159475,0.020638,0.016886,0.037523
N20002451,0.059022,0.871838,0.069140,0.013491,0.106239,0.397976,0.138280,0.020236,0.146238,0.012300,0.021867,0.028701,0.281106,0.276498,0.338710,0.103687,0.595278,0.032040,0.158516,0.003373,0.151771,0.006745,0.010118,0.042159
N20002452,0.132673,0.762376,0.104950,0.027515,0.119519,0.371032,0.081349,0.025794,0.123262,0.010480,0.015969,0.014971,0.368020,0.230964,0.302030,0.098985,0.532544,0.080868,0.171598,0.017751,0.149901,0.009862,0.021696,0.015779
N20002453,0.175439,0.706140,0.118421,0.015351,0.098684,0.254386,0.175439,0.037281,0.098154,0.008256,0.014677,0.019264,0.234973,0.306011,0.344262,0.114754,0.451754,0.120614,0.201754,0.013158,0.125000,0.017544,0.041667,0.028509
N20002454,0.193237,0.660225,0.146538,0.009957,0.084663,0.273312,0.141479,0.022508,0.096694,0.008133,0.014459,0.018977,0.151625,0.306859,0.306859,0.234657,0.475884,0.143087,0.199357,0.006431,0.117363,0.017685,0.012862,0.027331
N20002455,0.253333,0.618667,0.128000,0.024000,0.082667,0.301333,0.130667,0.018667,0.059678,0.005020,0.008924,0.011712,0.124590,0.334426,0.265574,0.275410,0.490667,0.128000,0.229333,0.000000,0.077333,0.010667,0.016000,0.048000
N20002456,0.575712,0.308846,0.115442,0.078706,0.108247,0.074850,0.055389,0.034431,0.030889,0.002191,0.002848,0.000000,0.401099,0.326007,0.157509,0.115385,0.198804,0.355755,0.273543,0.010463,0.035874,0.040359,0.022422,0.062780
N20002457,0.490872,0.348884,0.160243,0.091278,0.077079,0.091278,0.085193,0.022312,0.062781,0.004453,0.005788,0.000000,0.461929,0.322335,0.114213,0.101523,0.235294,0.298174,0.223124,0.006085,0.079108,0.036511,0.022312,0.099391
N20002458,0.550088,0.344464,0.105448,0.057105,0.065517,0.112281,0.070175,0.056140,0.030755,0.004429,0.004921,0.000246,0.590604,0.306488,0.067114,0.035794,0.196837,0.409490,0.198594,0.012302,0.073814,0.045694,0.043937,0.019332
N20002459,0.455285,0.406504,0.138211,0.049162,0.088137,0.124490,0.063265,0.028571,0.087730,0.006222,0.008089,0.000000,0.300836,0.406685,0.181058,0.111421,0.268293,0.282520,0.250000,0.006098,0.056911,0.008130,0.032520,0.095528
N20002460,0.425101,0.336032,0.238866,0.097166,0.072874,0.101215,0.064777,0.028340,0.052459,0.007554,0.008393,0.000420,0.282407,0.356481,0.166667,0.194444,0.238866,0.275304,0.206478,0.004049,0.080972,0.028340,0.012146,0.153846
N20002461,0.418733,0.398072,0.183196,0.074426,0.079827,0.124829,0.109739,0.034294,0.035773,0.010499,0.002333,0.000778,0.388112,0.351399,0.117133,0.143357,0.294360,0.261348,0.210454,0.023384,0.059147,0.019257,0.031637,0.100413
N20002462,0.262500,0.547917,0.189583,0.046567,0.141208,0.178197,0.111111,0.027254,0.065303,0.019165,0.004259,0.001420,0.137931,0.397878,0.220159,0.244032,0.420290,0.126294,0.196687,0.008282,0.089027,0.020704,0.024845,0.113872
N20002463,0.542035,0.316372,0.141593,0.043144,0.079121,0.110865,0.082040,0.011086,0.028595,0.002028,0.002636,0.000000,0.420054,0.360434,0.140921,0.078591,0.233333,0.391111,0.220000,0.017778,0.055556,0.022222,0.024444,0.035556
N20002464,0.428899,0.412844,0.158257,0.078785,0.083325,0.100686,0.130435,0.034325,0.048836,0.007032,0.007814,0.000391,0.479592,0.333333,0.132653,0.054422,0.281818,0.229545,0.218182,0.013636,0.095455,0.025000,0.040909,0.095455
N20002465,0.503529,0.378824,0.117647,0.044706,0.089412,0.131765,0.080000,0.035294,0.032281,0.004648,0.005165,0.000258,0.400000,0.323810,0.168254,0.107937,0.239437,0.316901,0.220657,0.011737,0.091549,0.025822,0.016432,0.077465
N20002466,0.460251,0.397490,0.142259,0.085251,0.080823,0.108333,0.070833,0.054167,0.060367,0.017717,0.003937,0.001312,0.236264,0.357143,0.280220,0.126374,0.280335,0.255230,0.221757,0.012552,0.062762,0.012552,0.025105,0.129707
N20002467,0.442922,0.423135,0.133942,0.046581,0.084721,0.150915,0.114329,0.027439,0.034856,0.005019,0.005577,0.000279,0.413442,0.380855,0.112016,0.093686,0.272451,0.283105,0.263318,0.004566,0.085236,0.028919,0.022831,0.039574
N20002468,0.476703,0.365591,0.157706,0.084931,0.070421,0.127013,0.066190,0.032200,0.059983,0.004254,0.005530,0.000000,0.425837,0.416268,0.055024,0.102871,0.239714,0.372093,0.194991,0.001789,0.076923,0.044723,0.030411,0.039356
N20002469,0.506812,0.337875,0.155313,0.050290,0.093309,0.111413,0.054348,0.010870,0.051780,0.007456,0.008285,0.000414,0.416918,0.413897,0.123867,0.045317,0.267030,0.302452,0.275204,0.010899,0.032698,0.021798,0.029973,0.059946
N20002470,0.515602,0.361070,0.123328,0.063750,0.106255,0.105185,0.077037,0.031111,0.030050,0.008819,0.001960,0.000653,0.575581,0.298450,0.052326,0.073643,0.259644,0.332344,0.213650,0.008902,0.062315,0.045994,0.032641,0.044510
N20002471,0.497573,0.359223,0.143204,0.069349,0.079418,0.126521,0.075426,0.021898,0.042653,0.006142,0.006825,0.000341,0.443182,0.275568,0.153409,0.127841,0.269417,0.281553,0.237864,0.004854,0.058252,0.058252,0.041262,0.048544
N20002472,0.467811,0.424893,0.107296,0.047553,0.082220,0.127155,0.105603,0.030172,0.056536,0.008016,0.012235,0.002953,0.550314,0.238994,0.166667,0.044025,0.298925,0.264516,0.208602,0.004301,0.101075,0.019355,0.032258,0.070968
N20002473,0.561798,0.350562,0.087640,0.083146,0.083146,0.130337,0.069663,0.008989,0.050343,0.005145,0.002572,0.000367,0.456311,0.381877,0.113269,0.048544,0.283784,0.335586,0.202703,0.006757,0.051802,0.038288,0.020270,0.060811
N20002474,0.474790,0.390756,0.134454,0.059405,0.078868,0.125874,0.106294,0.015385,0.055434,0.005665,0.002832,0.000405,0.573693,0.297940,0.087163,0.041204,0.237762,0.325874,0.215385,0.006993,0.075524,0.036364,0.053147,0.048951
N20002475,0.457082,0.442060,0.100858,0.055794,0.077253,0.165236,0.128755,0.017167,0.046225,0.004724,0.002362,0.000337,0.549296,0.306338,0.091549,0.052817,0.252677,0.316916,0.256959,0.017131,0.059957,0.023555,0.036403,0.036403
N20002476,0.562139,0.304913,0.132948,0.063580,0.068602,0.083573,0.066282,0.034582,0.036778,0.005215,0.007959,0.001921,0.507223,0.308186,0.117175,0.067416,0.205202,0.349711,0.208092,0.007225,0.086705,0.057803,0.027457,0.057803
N20002477,0.430318,0.444988,0.124694,0.064464,0.059622,0.114634,0.151220,0.036585,0.071453,0.007302,0.003651,0.000522,0.541401,0.369427,0.060510,0.028662,0.365196,0.259804,0.198529,0.004902,0.068627,0.029412,0.022059,0.051471
N20002478,0.576826,0.295970,0.127204,0.061713,0.069270,0.091940,0.083123,0.016373,0.030385,0.003105,0.001553,0.000222,0.706806,0.225131,0.043630,0.024433,0.253468,0.332913,0.261034,0.015132,0.041614,0.041614,0.037831,0.016393
N20002479,0.616071,0.211310,0.172619,0.074405,0.053571,0.053571,0.023810,0.035714,0.031652,0.004488,0.006850,0.001653,0.335526,0.394737,0.171053,0.098684,0.232143,0.354167,0.235119,0.000000,0.065476,0.035714,0.020833,0.056548
N20002480,0.553018,0.259380,0.187602,0.029364,0.055465,0.101142,0.058728,0.014682,0.020819,0.002952,0.004506,0.001088,0.638047,0.239057,0.099327,0.023569,0.186688,0.347403,0.250000,0.019481,0.082792,0.053571,0.016234,0.043831
N20002481,0.365753,0.475342,0.158904,0.041096,0.069863,0.172603,0.135616,0.035616,0.043850,0.011439,0.004449,0.001907,0.321608,0.293132,0.137353,0.247906,0.363388,0.239071,0.217213,0.002732,0.083333,0.021858,0.017760,0.054645
N20002482,0.616595,0.207439,0.175966,0.060247,0.046241,0.045649,0.039943,0.005706,0.049559,0.007027,0.010725,0.002589,0.609023,0.272180,0.067669,0.051128,0.138968,0.398281,0.222063,0.011461,0.032951,0.047278,0.047278,0.101719
N20002483,0.574074,0.335802,0.090123,0.050089,0.077500,0.118081,0.066421,0.031980,0.029650,0.004204,0.006417,0.001549,0.602339,0.250000,0.096491,0.051170,0.225092,0.362854,0.211562,0.013530,0.070111,0.045510,0.024600,0.046740
N20002484,0.488095,0.380952,0.130952,0.068855,0.062663,0.146081,0.074822,0.035629,0.043931,0.011460,0.004457,0.001910,0.481262,0.260355,0.128205,0.130178,0.290822,0.313468,0.215733,0.004768,0.071514,0.033373,0.017878,0.052443
N20002485,0.750617,0.162963,0.086420,0.078203,0.071830,0.056650,0.019704,0.002463,0.009832,0.000596,0.001142,0.000745,0.409524,0.380952,0.114286,0.095238,0.125616,0.421182,0.246305,0.007389,0.029557,0.073892,0.046798,0.049261
N20002486,0.597015,0.343284,0.059701,0.033582,0.048507,0.115672,0.059701,0.018657,0.080435,0.004875,0.009343,0.006094,0.511494,0.258621,0.166667,0.063218,0.310861,0.397004,0.168539,0.007491,0.044944,0.029963,0.014981,0.026217
N20002487,0.704762,0.225850,0.069388,0.059864,0.046259,0.065306,0.055782,0.012245,0.036932,0.002238,0.004290,0.002798,0.562401,0.300158,0.086888,0.050553,0.179348,0.500000,0.176630,0.013587,0.036685,0.023098,0.033967,0.036685
N20002488,0.615799,0.308797,0.075404,0.031267,0.053401,0.115108,0.077338,0.021583,0.033027,0.002002,0.003836,0.002502,0.510776,0.325431,0.118534,0.045259,0.196429,0.371429,0.246429,0.019643,0.048214,0.032143,0.017857,0.067857
N20002489,0.494083,0.417160,0.088757,0.042755,0.063177,0.188791,0.085546,0.017699,0.045745,0.005718,0.005242,0.005242,0.314516,0.431452,0.137097,0.116935,0.286982,0.307692,0.221893,0.005917,0.100592,0.044379,0.011834,0.020710
N20002490,0.431746,0.468254,0.100000,0.035550,0.076812,0.210777,0.099842,0.020602,0.044472,0.005559,0.005096,0.005096,0.397820,0.356948,0.171662,0.073569,0.310016,0.241653,0.273450,0.003180,0.082671,0.015898,0.017488,0.055644
N20002491,0.458633,0.440647,0.100719,0.059353,0.100719,0.113309,0.120504,0.026978,0.058439,0.007305,0.006696,0.006696,0.385827,0.351706,0.165354,0.097113,0.304659,0.252688,0.252688,0.007168,0.053763,0.048387,0.028674,0.051971
N20002492,0.217765,0.604585,0.177650,0.040115,0.108883,0.163324,0.151862,0.034384,0.094359,0.021711,0.023381,0.006680,0.137705,0.400000,0.219672,0.242623,0.422857,0.102857,0.222857,0.000000,0.117143,0.017143,0.040000,0.077143
N20002493,0.175141,0.649718,0.175141,0.022599,0.104520,0.228814,0.251412,0.022599,0.027361,0.006295,0.006780,0.001937,0.096154,0.207692,0.173077,0.523077,0.563739,0.079320,0.192635,0.002833,0.099150,0.005666,0.028329,0.028329
N20002494,0.596154,0.266827,0.137019,0.080491,0.059598,0.074699,0.069880,0.002410,0.038898,0.008950,0.009639,0.002754,0.335038,0.391304,0.171355,0.102302,0.210145,0.304348,0.222222,0.021739,0.065217,0.057971,0.024155,0.094203
N20002495,0.683735,0.233434,0.082831,0.054217,0.042169,0.078313,0.061747,0.010542,0.030028,0.003753,0.003441,0.003441,0.513841,0.351211,0.076125,0.058824,0.186466,0.430075,0.200000,0.003008,0.054135,0.048120,0.036090,0.042105
N20002496,0.531973,0.346939,0.121088,0.036735,0.050340,0.125170,0.070748,0.024490,0.049197,0.011320,0.012190,0.003483,0.262840,0.444109,0.181269,0.111782,0.271370,0.336499,0.242877,0.002714,0.056988,0.017639,0.031208,0.040706
N20002497,0.625793,0.276956,0.097252,0.050740,0.065539,0.080338,0.050740,0.021142,0.038224,0.008795,0.009471,0.002706,0.253555,0.367299,0.203791,0.175355,0.221519,0.407173,0.232068,0.004219,0.059072,0.021097,0.008439,0.046414
N20002498,0.189055,0.689055,0.121891,0.023641,0.085045,0.283208,0.117794,0.027569,0.140068,0.008489,0.016271,0.010611,0.335366,0.356707,0.210366,0.097561,0.445274,0.154229,0.169154,0.007463,0.136816,0.019900,0.032338,0.034826
N20002499,0.408430,0.495640,0.095930,0.031619,0.071002,0.192754,0.071014,0.031884,0.102980,0.006241,0.011962,0.007802,0.521429,0.317857,0.100000,0.060714,0.284470,0.267054,0.239478,0.000000,0.110305,0.040639,0.020319,0.037736
N20002500,0.051198,0.827887,0.120915,0.018483,0.108148,0.255180,0.202835,0.069793,0.101851,0.044016,0.041457,0.004606,0.281167,0.444297,0.188329,0.086207,0.535442,0.029444,0.177754,0.013086,0.181025,0.005453,0.018539,0.039258
N20002501,0.055666,0.829026,0.115308,0.011928,0.131213,0.318091,0.170974,0.073559,0.071740,0.031003,0.029201,0.003245,0.376289,0.371134,0.154639,0.097938,0.585317,0.011905,0.166667,0.000000,0.164683,0.003968,0.025794,0.041667
N20002502,0.106280,0.760870,0.132850,0.024155,0.118357,0.231884,0.166667,0.060386,0.120312,0.019205,0.041234,0.002824,0.215625,0.393750,0.231250,0.159375,0.586957,0.009662,0.188406,0.000000,0.137681,0.004831,0.021739,0.050725
N20002503,0.100529,0.723104,0.176367,0.017928,0.164229,0.233743,0.149385,0.072056,0.067957,0.010848,0.023291,0.001595,0.250000,0.463115,0.194672,0.092213,0.426056,0.045775,0.242958,0.000000,0.170775,0.021127,0.028169,0.065141
N20002504,0.122112,0.653465,0.224422,0.001197,0.088106,0.209150,0.169935,0.068627,0.077104,0.012308,0.026425,0.001810,0.141667,0.362500,0.291667,0.204167,0.572848,0.029801,0.155629,0.003311,0.129139,0.006623,0.006623,0.096026
N20002505,0.075330,0.732580,0.192090,0.011179,0.102391,0.296226,0.116981,0.067925,0.098677,0.018736,0.027480,0.004164,0.474308,0.375494,0.104743,0.045455,0.461394,0.020716,0.237288,0.000000,0.188324,0.016949,0.024482,0.050847
N20002506,0.086154,0.710769,0.203077,0.008993,0.127436,0.237654,0.191358,0.037037,0.076866,0.012270,0.026344,0.001804,0.188235,0.392157,0.219608,0.200000,0.556231,0.009119,0.218845,0.000000,0.151976,0.003040,0.012158,0.048632
N20002507,0.083700,0.797357,0.118943,0.017911,0.126304,0.276316,0.210526,0.039474,0.094858,0.015142,0.032510,0.002227,0.143885,0.438849,0.201439,0.215827,0.488987,0.048458,0.229075,0.008811,0.127753,0.008811,0.008811,0.079295
N20002508,0.196154,0.611538,0.192308,0.038462,0.119231,0.186538,0.144231,0.036538,0.077569,0.015316,0.029150,0.002964,0.245478,0.431525,0.124031,0.198966,0.369025,0.040153,0.258126,0.007648,0.110899,0.015296,0.022945,0.175908
N20002509,0.094306,0.692171,0.213523,0.012746,0.147845,0.250000,0.125887,0.031915,0.090381,0.017161,0.025169,0.003814,0.378072,0.410208,0.124764,0.086957,0.470693,0.030195,0.222025,0.007105,0.186501,0.008881,0.021314,0.053286
N20002510,0.011696,0.780702,0.207602,0.008789,0.152795,0.252907,0.186047,0.049419,0.066004,0.044582,0.026633,0.002316,0.036913,0.312081,0.278523,0.372483,0.616279,0.026163,0.168605,0.000000,0.122093,0.002907,0.002907,0.061047
N20002511,0.023904,0.758964,0.217131,0.006012,0.126757,0.262425,0.141153,0.069583,0.084400,0.036474,0.034354,0.003817,0.096203,0.217722,0.286076,0.400000,0.564612,0.009940,0.178926,0.000000,0.184891,0.000000,0.001988,0.059642
N20002512,0.095541,0.675159,0.229299,0.010616,0.106157,0.212314,0.159236,0.050955,0.069297,0.046806,0.027962,0.002431,0.190332,0.287009,0.193353,0.329305,0.547974,0.021322,0.159915,0.006397,0.117271,0.012793,0.004264,0.130064
N20002513,0.064067,0.713092,0.222841,0.013928,0.133705,0.259053,0.133705,0.030641,0.103266,0.019608,0.028758,0.004357,0.132000,0.404000,0.128000,0.336000,0.571031,0.016713,0.133705,0.000000,0.167131,0.000000,0.019499,0.091922
N20002514,0.056856,0.678930,0.264214,0.008198,0.079936,0.286913,0.164430,0.062081,0.045409,0.019624,0.018483,0.002054,0.051225,0.293987,0.240535,0.414254,0.614357,0.011686,0.165275,0.005008,0.131886,0.006678,0.003339,0.061770
N20002515,0.085561,0.686275,0.228164,0.014387,0.134673,0.250890,0.124555,0.039146,0.090703,0.017222,0.025259,0.003827,0.284861,0.402390,0.197211,0.115538,0.497326,0.021390,0.251337,0.007130,0.147950,0.005348,0.037433,0.032086
N20002516,0.172945,0.671233,0.155822,0.010552,0.139609,0.230769,0.148718,0.017094,0.083801,0.016547,0.031492,0.003203,0.171190,0.549061,0.137787,0.141962,0.446918,0.027397,0.183219,0.006849,0.155822,0.006849,0.037671,0.135274
N20002517,0.042071,0.708738,0.249191,0.016181,0.067961,0.307443,0.139159,0.087379,0.050518,0.034122,0.020384,0.001773,0.007299,0.357664,0.277372,0.357664,0.506452,0.054839,0.132258,0.000000,0.258065,0.000000,0.003226,0.045161
N20002518,0.107991,0.682505,0.209503,0.034557,0.120950,0.211663,0.153348,0.047516,0.098658,0.018733,0.027474,0.004163,0.244604,0.515588,0.134293,0.105516,0.419006,0.053996,0.215983,0.002160,0.209503,0.010799,0.047516,0.041037
N20002519,0.083333,0.760000,0.156667,0.013333,0.130000,0.230000,0.200000,0.030000,0.105494,0.020830,0.039644,0.004032,0.272358,0.479675,0.207317,0.040650,0.461538,0.040134,0.200669,0.006689,0.204013,0.003344,0.030100,0.053512
N20002520,0.090909,0.760668,0.148423,0.020539,0.138446,0.279630,0.142593,0.046296,0.100735,0.016080,0.034524,0.002365,0.243455,0.431937,0.136126,0.188482,0.544444,0.048148,0.190741,0.012963,0.096296,0.003704,0.020370,0.083333
N20002521,0.049180,0.721311,0.229508,0.016326,0.127882,0.240246,0.147844,0.055441,0.067637,0.054840,0.027420,0.000000,0.090261,0.285036,0.256532,0.368171,0.568228,0.026477,0.148676,0.000000,0.122200,0.006110,0.016293,0.112016
N20002522,0.013514,0.772973,0.213514,0.005405,0.124324,0.264865,0.167568,0.113514,0.046341,0.037574,0.018787,0.000000,0.036765,0.341912,0.257353,0.363971,0.634146,0.008130,0.159892,0.002710,0.151762,0.008130,0.002710,0.032520
N20002523,0.041551,0.736842,0.221607,0.019513,0.108743,0.297521,0.195592,0.041322,0.042263,0.034267,0.017134,0.000000,0.069620,0.218354,0.183544,0.528481,0.642659,0.019391,0.138504,0.000000,0.168975,0.000000,0.002770,0.027701
N20002524,0.110476,0.704762,0.184762,0.024762,0.133333,0.283810,0.154286,0.022857,0.068556,0.013537,0.025763,0.002620,0.180929,0.364303,0.239609,0.215159,0.520076,0.034417,0.189293,0.000000,0.151052,0.000000,0.028681,0.076482
N20002525,0.073569,0.757493,0.168937,0.013949,0.169417,0.243902,0.173442,0.073171,0.046149,0.031171,0.018622,0.001619,0.295374,0.274021,0.213523,0.217082,0.519022,0.051630,0.163043,0.010870,0.190217,0.000000,0.013587,0.051630
N20002526,0.150177,0.630742,0.219081,0.024735,0.141343,0.183746,0.127208,0.037102,0.089689,0.026766,0.021131,0.003757,0.292818,0.484346,0.123389,0.099448,0.455830,0.037102,0.183746,0.010601,0.189046,0.003534,0.019435,0.100707
N20002527,0.048896,0.725552,0.225552,0.014141,0.101539,0.270142,0.194313,0.063191,0.043482,0.035256,0.017628,0.000000,0.051002,0.280510,0.183971,0.484517,0.582540,0.025397,0.198413,0.000000,0.158730,0.000000,0.011111,0.023810
N20002528,0.125364,0.586006,0.288630,0.041306,0.110644,0.243478,0.086957,0.023188,0.077250,0.023054,0.018200,0.003236,0.374631,0.436578,0.135693,0.053097,0.404070,0.043605,0.247093,0.000000,0.177326,0.017442,0.031977,0.078488
N20002529,0.031519,0.765043,0.203438,0.000000,0.143266,0.206304,0.217765,0.083095,0.051716,0.041932,0.020966,0.000000,0.071429,0.259398,0.285714,0.383459,0.660000,0.011429,0.100000,0.002857,0.131429,0.005714,0.017143,0.071429
N20002530,0.028139,0.809524,0.162338,0.000000,0.108225,0.294372,0.227273,0.060606,0.056313,0.038036,0.022723,0.001976,0.058480,0.295322,0.266082,0.380117,0.681818,0.012987,0.112554,0.002165,0.129870,0.000000,0.017316,0.043290
N20002531,0.101538,0.732308,0.166154,0.045983,0.158234,0.256173,0.132716,0.058642,0.084076,0.015443,0.021448,0.005576,0.171548,0.514644,0.196653,0.117155,0.543210,0.037037,0.160494,0.021605,0.129630,0.015432,0.046296,0.046296
N20002532,0.101293,0.715517,0.183190,0.030172,0.153017,0.243534,0.142241,0.081897,0.063004,0.011572,0.016072,0.004179,0.375676,0.321622,0.156757,0.145946,0.464363,0.038877,0.231102,0.004320,0.166307,0.010799,0.025918,0.058315
N20002533,0.050296,0.772189,0.177515,0.017751,0.094675,0.313609,0.198225,0.050296,0.073217,0.021850,0.017250,0.003067,0.064626,0.265306,0.187075,0.482993,0.618343,0.008876,0.174556,0.000000,0.136095,0.002959,0.005917,0.053254
N20002534,0.090741,0.698148,0.211111,0.016391,0.101494,0.178439,0.208178,0.048327,0.107441,0.019734,0.027408,0.007126,0.171498,0.405797,0.169082,0.253623,0.489871,0.046041,0.232044,0.000000,0.141805,0.003683,0.005525,0.081031
N20002535,0.066298,0.787293,0.146409,0.013957,0.145420,0.256198,0.234160,0.057851,0.059435,0.017737,0.014003,0.002489,0.260870,0.508361,0.143813,0.086957,0.531507,0.043836,0.183562,0.002740,0.161644,0.005479,0.019178,0.052055
N20002536,0.085106,0.778369,0.136525,0.014184,0.161348,0.242908,0.152482,0.060284,0.107200,0.019690,0.027347,0.007110,0.354217,0.402410,0.185542,0.057831,0.506217,0.040853,0.243339,0.008881,0.126110,0.001776,0.031972,0.040853
N20002537,0.042424,0.830303,0.127273,0.006061,0.124242,0.363636,0.190909,0.054545,0.064427,0.011834,0.016436,0.004273,0.268041,0.510309,0.144330,0.077320,0.532110,0.012232,0.174312,0.015291,0.162080,0.000000,0.070336,0.033639
N20002538,0.101149,0.710345,0.188506,0.020504,0.118179,0.285714,0.119816,0.076037,0.070181,0.020944,0.016535,0.002940,0.396675,0.320665,0.206651,0.076010,0.510251,0.043280,0.193622,0.011390,0.164009,0.004556,0.020501,0.052392
N20002539,0.103365,0.699519,0.197115,0.024418,0.137318,0.191388,0.177033,0.055024,0.088048,0.026276,0.020744,0.003688,0.478481,0.331646,0.139241,0.050633,0.415459,0.055556,0.270531,0.002415,0.176329,0.007246,0.033816,0.038647
N20002540,0.069606,0.814385,0.116009,0.023202,0.097448,0.424594,0.118329,0.020882,0.120780,0.014558,0.009166,0.008627,0.409524,0.355556,0.165079,0.069841,0.461717,0.041763,0.220418,0.009281,0.169374,0.013921,0.034803,0.048724
N20002541,0.075758,0.777056,0.147186,0.030401,0.148547,0.365011,0.110151,0.025918,0.100508,0.012115,0.007628,0.007179,0.397590,0.289157,0.234940,0.078313,0.456332,0.037118,0.237991,0.010917,0.144105,0.000000,0.063319,0.050218
N20002542,0.059783,0.798913,0.141304,0.016186,0.174935,0.324251,0.158038,0.046322,0.075220,0.009067,0.005709,0.005373,0.400000,0.380769,0.130769,0.088462,0.540984,0.049180,0.158470,0.005464,0.163934,0.002732,0.046448,0.032787
N20002543,0.112360,0.771536,0.116105,0.014981,0.097378,0.434457,0.119850,0.033708,0.067943,0.008190,0.005156,0.004853,0.197674,0.424419,0.191860,0.186047,0.484962,0.056391,0.203008,0.007519,0.169173,0.026316,0.015038,0.037594
N20002544,0.041775,0.778068,0.180157,0.013055,0.138381,0.368146,0.127937,0.028721,0.085630,0.014360,0.009042,0.005850,0.162069,0.289655,0.355172,0.193103,0.565445,0.026178,0.141361,0.000000,0.206806,0.002618,0.005236,0.052356
N20002545,0.045000,0.865000,0.090000,0.008272,0.100392,0.477462,0.143573,0.033389,0.082128,0.013773,0.008672,0.005611,0.363265,0.351020,0.157143,0.128571,0.513333,0.025000,0.223333,0.000000,0.191667,0.008333,0.016667,0.021667
N20002546,0.052373,0.859247,0.088380,0.014668,0.141214,0.357377,0.140984,0.045902,0.129523,0.021721,0.013676,0.008849,0.376050,0.413866,0.161765,0.048319,0.559738,0.032733,0.173486,0.001637,0.183306,0.011457,0.013093,0.024550
N20002547,0.170347,0.733438,0.096215,0.015773,0.110410,0.313880,0.115142,0.034700,0.125650,0.015145,0.009536,0.008975,0.420582,0.306488,0.210291,0.062640,0.528391,0.096215,0.187697,0.006309,0.124606,0.003155,0.029968,0.023659
N20002548,0.220000,0.718462,0.061538,0.014163,0.059475,0.486943,0.027650,0.012289,0.074140,0.007414,0.027971,0.022579,0.188605,0.275049,0.387033,0.149312,0.496923,0.110769,0.175385,0.003077,0.155385,0.024615,0.001538,0.032308
N20002549,0.051786,0.842857,0.105357,0.003657,0.065674,0.433155,0.078431,0.083779,0.102041,0.010204,0.038497,0.031076,0.227907,0.272093,0.400000,0.100000,0.638489,0.030576,0.140288,0.001799,0.152878,0.001799,0.012590,0.021583
N20002550,0.165541,0.788851,0.045608,0.006757,0.052365,0.452703,0.047297,0.042230,0.104936,0.019988,0.021237,0.048096,0.259875,0.261954,0.361746,0.116424,0.489865,0.104730,0.173986,0.000000,0.197635,0.015203,0.001689,0.016892
N20002551,0.068720,0.845972,0.085308,0.025761,0.075089,0.379475,0.097852,0.078759,0.120549,0.012055,0.045480,0.036713,0.182109,0.255591,0.396166,0.166134,0.544153,0.031026,0.162291,0.002387,0.181384,0.011933,0.033413,0.033413
N20002552,0.387800,0.559913,0.052288,0.015808,0.032561,0.391685,0.063457,0.006565,0.035461,0.006755,0.007177,0.016253,0.252078,0.310249,0.279778,0.157895,0.408297,0.229258,0.227074,0.002183,0.078603,0.017467,0.019651,0.017467
N20002553,0.403226,0.532258,0.064516,0.018433,0.064516,0.317972,0.059908,0.009217,0.043564,0.008298,0.008817,0.019967,0.222874,0.313783,0.337243,0.126100,0.411085,0.290993,0.136259,0.004619,0.092379,0.018476,0.016166,0.030023
N20002554,0.028249,0.819209,0.152542,0.005650,0.093220,0.415254,0.107345,0.084746,0.056647,0.024232,0.033674,0.004091,0.064057,0.192171,0.231317,0.512456,0.575071,0.005666,0.235127,0.000000,0.101983,0.019830,0.005666,0.056657
N20002555,0.050881,0.857143,0.091977,0.007828,0.076321,0.446184,0.050881,0.064579,0.104647,0.044766,0.062207,0.007558,0.231183,0.268817,0.271505,0.228495,0.571429,0.003914,0.156556,0.001957,0.195695,0.001957,0.015656,0.052838
N20002556,0.031621,0.784585,0.183794,0.002035,0.080443,0.439842,0.102564,0.055227,0.050853,0.021754,0.030229,0.003673,0.024570,0.255528,0.218673,0.501229,0.601190,0.005952,0.186508,0.000000,0.134921,0.009921,0.000000,0.061508
N20002557,0.012259,0.915937,0.071804,0.008757,0.052539,0.570928,0.059545,0.106830,0.060204,0.025754,0.035788,0.004348,0.224344,0.312649,0.307876,0.155131,0.683656,0.003515,0.103691,0.000000,0.151142,0.001757,0.029877,0.026362
N20002558,0.032353,0.835294,0.132353,0.014758,0.093359,0.428152,0.067449,0.076246,0.081209,0.034739,0.048274,0.005865,0.070833,0.191667,0.245833,0.491667,0.551622,0.005900,0.185841,0.008850,0.123894,0.002950,0.026549,0.094395
N20002559,0.058201,0.804233,0.137566,0.013108,0.090705,0.453581,0.084881,0.071618,0.049392,0.021129,0.029361,0.003567,0.166667,0.307971,0.257246,0.268116,0.608466,0.039683,0.158730,0.005291,0.132275,0.002646,0.002646,0.050265
N20002560,0.430052,0.476684,0.093264,0.009273,0.048113,0.267532,0.111688,0.007792,0.020779,0.002597,0.008442,0.009740,0.101307,0.251634,0.254902,0.392157,0.353247,0.194805,0.257143,0.005195,0.096104,0.010390,0.005195,0.077922
N20002561,0.689095,0.257541,0.053364,0.023202,0.016241,0.148492,0.051044,0.011601,0.015081,0.001885,0.006127,0.007069,0.168831,0.210390,0.335065,0.285714,0.234339,0.378190,0.206497,0.000000,0.018561,0.018561,0.013921,0.129930
N20002562,0.529837,0.390597,0.079566,0.028936,0.044651,0.227027,0.046847,0.009009,0.031532,0.003941,0.012810,0.014780,0.178733,0.294118,0.221719,0.305430,0.318345,0.266187,0.228417,0.003597,0.061151,0.055755,0.003597,0.062950
N20002563,0.095816,0.838057,0.066127,0.009330,0.054273,0.539189,0.040541,0.027027,0.095629,0.018215,0.019353,0.043830,0.170775,0.369718,0.371479,0.088028,0.569501,0.049933,0.165992,0.000000,0.172740,0.002699,0.014845,0.024291
N20002564,0.079819,0.843373,0.076807,0.015060,0.072289,0.481928,0.090361,0.027108,0.096355,0.009635,0.036352,0.029344,0.221258,0.299349,0.323210,0.156182,0.618976,0.054217,0.129518,0.003012,0.137048,0.000000,0.013554,0.043675
N20002565,0.087108,0.822300,0.090592,0.013937,0.101045,0.449477,0.132404,0.013937,0.088616,0.017162,0.015913,0.003744,0.360656,0.360656,0.168033,0.110656,0.569444,0.013889,0.201389,0.010417,0.149306,0.006944,0.041667,0.006944
N20002566,0.061381,0.785166,0.153453,0.007673,0.061381,0.383632,0.171355,0.035806,0.093955,0.018195,0.016872,0.003970,0.213115,0.298361,0.291803,0.196721,0.528061,0.017857,0.224490,0.000000,0.186224,0.005102,0.007653,0.030612
N20002567,0.028520,0.834225,0.137255,0.012478,0.098039,0.465241,0.133690,0.028520,0.076817,0.014877,0.013795,0.003246,0.084211,0.345263,0.263158,0.307368,0.588235,0.014260,0.176471,0.007130,0.167558,0.008913,0.007130,0.030303
N20002568,0.099698,0.782477,0.117825,0.006042,0.111782,0.459215,0.108761,0.009063,0.066165,0.012814,0.011882,0.002796,0.202091,0.285714,0.202091,0.310105,0.557576,0.048485,0.181818,0.000000,0.187879,0.000000,0.003030,0.021212
N20002569,0.124661,0.815718,0.059621,0.008445,0.085988,0.394595,0.124324,0.040541,0.120290,0.023296,0.021601,0.005083,0.427609,0.441077,0.063973,0.067340,0.498660,0.064343,0.152815,0.005362,0.195710,0.016086,0.026810,0.040214
N20002570,0.187204,0.748815,0.063981,0.013807,0.076606,0.403800,0.142518,0.021378,0.073835,0.014299,0.013259,0.003120,0.437086,0.440397,0.069536,0.052980,0.438389,0.097156,0.265403,0.016588,0.109005,0.002370,0.033175,0.037915
N20002571,0.030120,0.915663,0.054217,0.016064,0.062249,0.491968,0.126506,0.026104,0.090563,0.030413,0.057447,0.030413,0.206806,0.350785,0.246073,0.196335,0.599198,0.004008,0.160321,0.004008,0.180361,0.004008,0.010020,0.038076
N20002572,0.034608,0.881603,0.083789,0.005304,0.061090,0.569597,0.082418,0.032967,0.058774,0.019738,0.037282,0.019738,0.173397,0.375297,0.235154,0.216152,0.636364,0.014545,0.149091,0.000000,0.149091,0.001818,0.009091,0.040000
N20002573,0.053170,0.881391,0.065440,0.012437,0.076910,0.401222,0.150713,0.018330,0.165466,0.032044,0.029714,0.006992,0.337047,0.384401,0.153203,0.125348,0.509202,0.038855,0.233129,0.000000,0.159509,0.000000,0.022495,0.036810
N20002574,0.056836,0.880184,0.062980,0.007906,0.078961,0.455657,0.152905,0.012232,0.078244,0.026276,0.049632,0.026276,0.224453,0.355839,0.255474,0.164234,0.613150,0.013761,0.166667,0.004587,0.166667,0.006116,0.007645,0.021407
N20002575,0.033708,0.887640,0.078652,0.028090,0.106742,0.466292,0.235955,0.005618,0.031672,0.010636,0.020090,0.010636,0.088496,0.106195,0.150442,0.654867,0.646067,0.033708,0.179775,0.000000,0.095506,0.000000,0.000000,0.044944
N20002576,0.028219,0.881834,0.089947,0.007055,0.072310,0.486772,0.183422,0.021164,0.071999,0.025832,0.016488,0.003847,0.058824,0.222689,0.315126,0.403361,0.638448,0.012346,0.156966,0.005291,0.146384,0.001764,0.003527,0.035273
N20002577,0.568259,0.397611,0.034130,0.023115,0.039860,0.245315,0.042589,0.001704,0.040149,0.007367,0.010314,0.010314,0.242152,0.289238,0.352018,0.116592,0.286201,0.410562,0.153322,0.000000,0.110733,0.013629,0.011925,0.013629
N20002578,0.069418,0.804878,0.125704,0.015009,0.069418,0.412758,0.136961,0.024390,0.098311,0.035272,0.022514,0.005253,0.234801,0.383648,0.203354,0.178197,0.560976,0.015009,0.206379,0.000000,0.170732,0.000000,0.016886,0.030019
N20002579,0.044803,0.838710,0.116487,0.005376,0.078853,0.476703,0.152330,0.019713,0.067700,0.024289,0.015504,0.003618,0.147186,0.376623,0.257576,0.218615,0.564516,0.012545,0.182796,0.001792,0.166667,0.000000,0.023297,0.048387
N20002580,0.189687,0.756906,0.053407,0.011378,0.049185,0.465074,0.073529,0.003676,0.097476,0.017886,0.025040,0.025040,0.318501,0.255269,0.297424,0.128806,0.559259,0.100000,0.172222,0.000000,0.125926,0.012963,0.018519,0.011111
N20002581,0.295886,0.645570,0.058544,0.013106,0.054732,0.393365,0.058452,0.011058,0.094674,0.012216,0.010078,0.010994,0.297180,0.314534,0.331887,0.056399,0.451817,0.189573,0.175355,0.003160,0.115324,0.009479,0.018957,0.036335
N20002582,0.086262,0.819489,0.094249,0.013130,0.077040,0.507154,0.076312,0.014308,0.107038,0.013811,0.011394,0.012430,0.263804,0.263804,0.316973,0.155419,0.554849,0.046105,0.171701,0.009539,0.168521,0.003180,0.023847,0.022258
N20002583,0.659609,0.285016,0.055375,0.020131,0.025636,0.128874,0.052202,0.004894,0.043252,0.007936,0.011111,0.011111,0.367769,0.260331,0.252066,0.119835,0.258537,0.456911,0.219512,0.001626,0.026016,0.024390,0.000000,0.013008
N20002584,0.251820,0.672489,0.075691,0.008734,0.056769,0.344978,0.087336,0.007278,0.130310,0.016814,0.013872,0.015133,0.263345,0.288256,0.295374,0.153025,0.505831,0.154519,0.153061,0.008746,0.128280,0.018950,0.014577,0.016035
N20002585,0.883031,0.093904,0.023064,0.026359,0.006590,0.069193,0.000000,0.001647,0.009707,0.001781,0.002493,0.002493,0.309129,0.259336,0.363071,0.068465,0.102649,0.617550,0.200331,0.009934,0.006623,0.031457,0.006623,0.024834
N20002586,0.209226,0.701812,0.088962,0.010213,0.062010,0.351974,0.075658,0.004934,0.153326,0.019784,0.016322,0.017806,0.178715,0.365462,0.333333,0.122490,0.555189,0.107084,0.168040,0.003295,0.102142,0.018122,0.011532,0.034596
N20002587,0.556886,0.263473,0.179641,0.031812,0.074682,0.076696,0.032448,0.005900,0.046371,0.013967,0.006704,0.006704,0.021201,0.233216,0.257951,0.487633,0.290419,0.188623,0.257485,0.000000,0.038922,0.011976,0.014970,0.197605
N20002588,0.610915,0.244718,0.144366,0.071511,0.038063,0.096322,0.045534,0.010508,0.034137,0.010282,0.004936,0.004936,0.021442,0.144250,0.224172,0.610136,0.231449,0.178445,0.169611,0.014134,0.049470,0.015901,0.005300,0.335689
N20002589,0.717949,0.193294,0.088757,0.041420,0.037475,0.069034,0.029586,0.000000,0.035966,0.010833,0.005200,0.005200,0.039261,0.175520,0.212471,0.572748,0.258383,0.203156,0.305720,0.007890,0.057199,0.019724,0.003945,0.143984
N20002590,0.678801,0.226981,0.094218,0.050045,0.044577,0.105150,0.025751,0.010730,0.037339,0.001288,0.001717,0.000429,0.279793,0.339378,0.253886,0.126943,0.244111,0.306210,0.278373,0.002141,0.047109,0.025696,0.032120,0.064240
N20002591,0.382514,0.549180,0.068306,0.038251,0.062842,0.278689,0.128415,0.005464,0.054473,0.005863,0.008305,0.005130,0.237209,0.246512,0.306977,0.209302,0.445355,0.172131,0.226776,0.010929,0.062842,0.021858,0.024590,0.035519
N20002592,0.532880,0.360544,0.106576,0.058957,0.047619,0.179138,0.083900,0.011338,0.036662,0.000944,0.000000,0.000944,0.157407,0.253086,0.370370,0.219136,0.306122,0.151927,0.265306,0.004535,0.036281,0.024943,0.009070,0.201814
N20002593,0.668702,0.238168,0.093130,0.050965,0.034804,0.103976,0.024465,0.012232,0.057412,0.001980,0.002640,0.000660,0.157143,0.378571,0.253571,0.210714,0.251908,0.238168,0.235115,0.010687,0.038168,0.013740,0.036641,0.175573
N20002594,0.528487,0.333988,0.137525,0.061821,0.026145,0.111765,0.092157,0.011765,0.057947,0.017454,0.008378,0.008378,0.069930,0.142191,0.191142,0.596737,0.389432,0.152642,0.219178,0.003914,0.076321,0.001957,0.009785,0.146771
N20002595,0.293103,0.586207,0.120690,0.030217,0.077616,0.256014,0.101375,0.041237,0.081200,0.008739,0.012380,0.007647,0.226667,0.333333,0.181333,0.258667,0.427586,0.113793,0.227586,0.006897,0.106897,0.008621,0.025862,0.082759
N20002596,0.490964,0.340361,0.168675,0.031504,0.043064,0.102102,0.054054,0.006006,0.128520,0.003308,0.000000,0.003308,0.071713,0.191235,0.314741,0.422311,0.277946,0.217523,0.178248,0.006042,0.042296,0.018127,0.015106,0.244713
N20002597,0.389313,0.498728,0.111959,0.052604,0.065816,0.260759,0.070886,0.017722,0.061690,0.006639,0.009406,0.005809,0.114815,0.344444,0.222222,0.318519,0.447837,0.127226,0.165394,0.010178,0.058524,0.015267,0.020356,0.155216
N20002598,0.762887,0.175258,0.061856,0.047124,0.040891,0.082687,0.033592,0.000000,0.016565,0.000571,0.000762,0.000190,0.296417,0.374593,0.201954,0.127036,0.167526,0.324742,0.275773,0.010309,0.051546,0.007732,0.025773,0.136598
N20002599,0.282238,0.635036,0.082725,0.035897,0.074061,0.317073,0.107317,0.021951,0.084647,0.009110,0.012906,0.007971,0.224913,0.297578,0.287197,0.190311,0.379562,0.094891,0.279805,0.004866,0.126521,0.007299,0.017032,0.090024
N20002600,0.146168,0.770053,0.083779,0.017825,0.071301,0.431373,0.121212,0.042781,0.076342,0.008216,0.011640,0.007189,0.229947,0.352941,0.248663,0.168449,0.549020,0.046346,0.156863,0.008913,0.178253,0.016043,0.012478,0.032086
N20002601,0.450000,0.400000,0.150000,0.039633,0.056587,0.161987,0.058315,0.004320,0.112976,0.002907,0.000000,0.002907,0.008475,0.203390,0.276836,0.511299,0.403050,0.113290,0.193900,0.006536,0.047930,0.006536,0.002179,0.226580
N20002602,0.641237,0.261856,0.096907,0.055670,0.041237,0.115464,0.012371,0.002062,0.086281,0.002220,0.000000,0.002220,0.145000,0.297500,0.297500,0.260000,0.230928,0.214433,0.232990,0.010309,0.053608,0.008247,0.022680,0.226804
N20002603,0.225700,0.690280,0.084020,0.024712,0.085667,0.372323,0.085667,0.026359,0.088804,0.009557,0.013540,0.008363,0.217822,0.410891,0.163366,0.207921,0.469320,0.054726,0.232172,0.014925,0.107794,0.016584,0.038143,0.066335
N20002604,0.628407,0.268293,0.103300,0.043042,0.043042,0.107604,0.032999,0.004304,0.073578,0.002537,0.003383,0.000846,0.112069,0.243534,0.280172,0.364224,0.216332,0.295129,0.181948,0.017192,0.034384,0.018625,0.014327,0.222063
N20002605,0.539711,0.377256,0.083032,0.049657,0.064417,0.083183,0.019892,0.001808,0.197777,0.005090,0.000000,0.005090,0.091743,0.259174,0.353211,0.295872,0.216216,0.209009,0.189189,0.005405,0.023423,0.012613,0.007207,0.336937
N20002606,0.303935,0.573948,0.122117,0.048529,0.068543,0.240541,0.091892,0.025676,0.120298,0.009300,0.017700,0.000000,0.137500,0.283333,0.237500,0.341667,0.431479,0.086839,0.217096,0.000000,0.055631,0.005427,0.021710,0.181818
N20002607,0.155844,0.730519,0.113636,0.023831,0.096856,0.412541,0.115512,0.062706,0.034479,0.001404,0.005617,0.001404,0.300546,0.327869,0.174863,0.196721,0.519481,0.068182,0.136364,0.009740,0.159091,0.000000,0.029221,0.077922
N20002608,0.438095,0.404762,0.157143,0.056020,0.079290,0.169811,0.089623,0.018868,0.044861,0.001155,0.000000,0.001155,0.042424,0.303030,0.121212,0.533333,0.328638,0.075117,0.323944,0.004695,0.051643,0.009390,0.009390,0.197183
N20002609,0.178218,0.727723,0.094059,0.024752,0.094059,0.398515,0.141089,0.014851,0.063654,0.002592,0.010369,0.002592,0.248252,0.419580,0.178322,0.153846,0.440594,0.051980,0.198020,0.009901,0.180693,0.014851,0.009901,0.094059
N20002610,0.228022,0.640110,0.131868,0.025282,0.070247,0.331507,0.060274,0.030137,0.118894,0.004842,0.019367,0.004842,0.140625,0.343750,0.257812,0.257812,0.451791,0.057851,0.234160,0.005510,0.063361,0.002755,0.005510,0.179063
N20002611,0.402878,0.453237,0.143885,0.057554,0.046763,0.109712,0.052158,0.003597,0.196831,0.015216,0.028960,0.000000,0.122271,0.251092,0.213974,0.412664,0.200000,0.126126,0.171171,0.010811,0.043243,0.010811,0.000000,0.437838
N20002612,0.619802,0.293069,0.087129,0.030516,0.037117,0.081349,0.039683,0.001984,0.121742,0.004198,0.005597,0.001399,0.066339,0.299754,0.245700,0.388206,0.257426,0.229703,0.168317,0.005941,0.069307,0.025743,0.017822,0.225743
N20002613,0.286853,0.524568,0.188579,0.061388,0.116080,0.167109,0.058355,0.002653,0.147309,0.011388,0.021674,0.000000,0.117904,0.307132,0.260553,0.314410,0.300133,0.107570,0.092961,0.002656,0.073041,0.006640,0.009296,0.407703
N20002614,0.403465,0.504950,0.091584,0.022277,0.061881,0.195545,0.106436,0.012376,0.102658,0.009640,0.014070,0.002345,0.041322,0.252066,0.214876,0.491736,0.407407,0.116049,0.197531,0.004938,0.044444,0.007407,0.004938,0.217284
N20002615,0.250447,0.567084,0.182469,0.103757,0.141324,0.143113,0.071556,0.010733,0.163632,0.012650,0.024076,0.000000,0.025696,0.158458,0.269807,0.546039,0.323792,0.030411,0.101968,0.003578,0.060823,0.001789,0.005367,0.472272
N20002616,0.339080,0.462644,0.198276,0.035356,0.052902,0.220630,0.077364,0.005731,0.084556,0.007941,0.011589,0.001931,0.042345,0.169381,0.211726,0.576547,0.389685,0.085960,0.209169,0.008596,0.080229,0.002865,0.000000,0.223496
N20002617,0.258270,0.521628,0.220102,0.136941,0.174247,0.088123,0.061303,0.000000,0.157884,0.014827,0.021639,0.003606,0.040761,0.176630,0.256793,0.525815,0.192357,0.033121,0.081529,0.002548,0.047134,0.002548,0.001274,0.639490
N20002618,0.176755,0.753027,0.070218,0.007264,0.050847,0.445521,0.113801,0.014528,0.103130,0.004200,0.016799,0.004200,0.463878,0.285171,0.125475,0.125475,0.501211,0.099274,0.176755,0.000000,0.128329,0.000000,0.029056,0.065375
N20002619,0.080279,0.729494,0.190227,0.013962,0.080279,0.336824,0.165794,0.019197,0.048392,0.052836,0.022715,0.003457,0.021186,0.133475,0.110169,0.735169,0.678883,0.029668,0.169284,0.000000,0.090750,0.000000,0.000000,0.031414
N20002620,0.203297,0.611722,0.184982,0.095436,0.096182,0.232176,0.087751,0.007313,0.150182,0.014103,0.020583,0.003431,0.039720,0.233645,0.217290,0.509346,0.371324,0.056985,0.130515,0.005515,0.068015,0.003676,0.005515,0.358456
N20002621,0.142191,0.790210,0.067599,0.017778,0.111806,0.399061,0.147887,0.051643,0.064140,0.002612,0.010448,0.002612,0.509740,0.321429,0.077922,0.090909,0.475294,0.051765,0.261176,0.021176,0.141176,0.002353,0.028235,0.018824
N20002622,0.059091,0.743182,0.197727,0.006937,0.069712,0.383220,0.138322,0.020408,0.049957,0.054545,0.023449,0.003568,0.015113,0.161209,0.191436,0.632242,0.700680,0.020408,0.124717,0.000000,0.111111,0.000000,0.000000,0.043084
N20002623,0.112069,0.784483,0.103448,0.028736,0.066092,0.416667,0.149425,0.034483,0.094681,0.003856,0.015423,0.003856,0.423280,0.291005,0.206349,0.079365,0.533141,0.043228,0.149856,0.008646,0.207493,0.005764,0.025937,0.025937
N20002624,0.254505,0.637387,0.108108,0.031532,0.081081,0.299550,0.112613,0.036036,0.086880,0.003538,0.014152,0.003538,0.432727,0.280000,0.196364,0.090909,0.434685,0.094595,0.240991,0.009009,0.092342,0.002252,0.045045,0.081081
N20002625,0.093567,0.745614,0.160819,0.052512,0.159104,0.304985,0.129032,0.005865,0.069404,0.054741,0.010753,0.011730,0.027682,0.152249,0.141869,0.678201,0.480826,0.029499,0.176991,0.000000,0.094395,0.000000,0.008850,0.209440
N20002626,0.013661,0.816940,0.169399,0.002702,0.096392,0.452055,0.126027,0.021918,0.045790,0.049995,0.021493,0.003271,0.020619,0.243986,0.237113,0.498282,0.695890,0.002740,0.123288,0.000000,0.147945,0.000000,0.005479,0.024658
N20002627,0.087719,0.763158,0.149123,0.017850,0.108136,0.384279,0.096070,0.030568,0.068210,0.053799,0.010568,0.011528,0.006061,0.272727,0.169697,0.551515,0.637168,0.057522,0.115044,0.004425,0.106195,0.004425,0.022124,0.053097
N20002628,0.176909,0.631285,0.191806,0.037244,0.093110,0.191806,0.055866,0.016760,0.218329,0.020503,0.029923,0.004987,0.098790,0.278226,0.268145,0.354839,0.309833,0.042672,0.122449,0.005566,0.090909,0.005566,0.016698,0.406308
N20002629,0.067881,0.788079,0.144040,0.014901,0.081126,0.420530,0.160596,0.014901,0.052506,0.041413,0.008135,0.008874,0.038462,0.143725,0.267206,0.550607,0.586093,0.031457,0.163907,0.003311,0.119205,0.009934,0.001656,0.084437
N20002630,0.201835,0.700306,0.097859,0.028054,0.099696,0.347561,0.112805,0.003049,0.104744,0.016065,0.012209,0.004177,0.234657,0.281588,0.321300,0.162455,0.424615,0.052308,0.218462,0.006154,0.123077,0.021538,0.009231,0.144615
N20002631,0.078680,0.796954,0.124365,0.022558,0.097975,0.431122,0.150510,0.017857,0.037791,0.041261,0.017738,0.002699,0.021978,0.249084,0.300366,0.428571,0.650510,0.030612,0.153061,0.000000,0.104592,0.000000,0.000000,0.061224
N20002632,0.104121,0.783080,0.112798,0.015377,0.114249,0.422078,0.142857,0.008658,0.036176,0.039498,0.016980,0.002584,0.156812,0.365039,0.205656,0.272494,0.592191,0.008677,0.134490,0.000000,0.132321,0.004338,0.006508,0.121475
N20002633,0.178645,0.706366,0.114990,0.016427,0.090349,0.344969,0.106776,0.014374,0.114442,0.017552,0.013340,0.004564,0.258359,0.355623,0.212766,0.173252,0.471311,0.047131,0.190574,0.010246,0.125000,0.004098,0.024590,0.127049
N20002634,0.176972,0.646055,0.176972,0.028036,0.116268,0.310638,0.068085,0.023404,0.097464,0.014948,0.011361,0.003887,0.262755,0.413265,0.183673,0.140306,0.434968,0.074627,0.153518,0.000000,0.132196,0.012793,0.036247,0.155650
N20002635,0.130542,0.788177,0.081281,0.010149,0.063362,0.442260,0.088452,0.017199,0.135060,0.020715,0.015743,0.005386,0.364179,0.295522,0.194030,0.146269,0.549261,0.039409,0.179803,0.007389,0.115764,0.007389,0.007389,0.093596
N20002636,0.110714,0.760714,0.128571,0.025305,0.152173,0.320285,0.106762,0.024911,0.119546,0.018335,0.013935,0.004767,0.158996,0.255230,0.251046,0.334728,0.485714,0.046429,0.225000,0.010714,0.135714,0.025000,0.010714,0.060714
N20002637,0.113309,0.776978,0.109712,0.030724,0.094752,0.407540,0.107720,0.037702,0.098689,0.015136,0.011504,0.003935,0.309623,0.366109,0.175732,0.148536,0.523381,0.025180,0.179856,0.003597,0.174460,0.001799,0.019784,0.071942
N20002638,0.180662,0.689567,0.129771,0.043257,0.099237,0.320611,0.111959,0.002545,0.118502,0.018175,0.013813,0.004726,0.098901,0.304945,0.310440,0.285714,0.407125,0.030534,0.178117,0.000000,0.150127,0.015267,0.007634,0.211196
N20002639,0.410898,0.541973,0.047128,0.025037,0.036819,0.371134,0.048601,0.005891,0.047379,0.007614,0.013537,0.010999,0.175701,0.291589,0.398131,0.134579,0.415066,0.230428,0.196455,0.005908,0.093058,0.014771,0.011817,0.032496
N20002640,0.890756,0.061625,0.047619,0.049020,0.022409,0.008403,0.014006,0.001401,0.009178,0.001475,0.002622,0.002131,0.152066,0.309091,0.262810,0.276033,0.102241,0.462185,0.315126,0.011204,0.011204,0.032213,0.009804,0.056022
N20002641,0.903292,0.067901,0.028807,0.012346,0.012346,0.020576,0.016461,0.000000,0.011032,0.001773,0.003152,0.002561,0.416459,0.226933,0.234414,0.122195,0.055670,0.552577,0.311340,0.000000,0.004124,0.028866,0.012371,0.035052
N20002642,0.620513,0.326496,0.052991,0.025641,0.044444,0.186325,0.035897,0.006838,0.041702,0.002995,0.003917,0.004378,0.230425,0.346756,0.324385,0.098434,0.237607,0.331624,0.263248,0.017094,0.080342,0.020513,0.018803,0.030769
N20002643,0.509653,0.447876,0.042471,0.018290,0.037128,0.320537,0.030710,0.001919,0.044495,0.003599,0.007852,0.001636,0.200477,0.243437,0.451074,0.105012,0.378378,0.301158,0.185328,0.005792,0.077220,0.019305,0.013514,0.019305
N20002644,0.031339,0.877493,0.091168,0.005987,0.083127,0.597183,0.126761,0.000000,0.041954,0.006743,0.011987,0.009739,0.209790,0.283217,0.356643,0.150350,0.606742,0.016854,0.146067,0.000000,0.165730,0.000000,0.014045,0.050562
N20002645,0.064897,0.859882,0.075221,0.004335,0.066677,0.568685,0.067947,0.025111,0.078318,0.012587,0.022377,0.018181,0.282983,0.319312,0.281071,0.116635,0.582596,0.020649,0.151917,0.002950,0.191740,0.005900,0.014749,0.029499
N20002646,0.422764,0.547425,0.029810,0.023035,0.054201,0.294038,0.044715,0.020325,0.103659,0.008384,0.018293,0.003811,0.309033,0.225040,0.364501,0.101426,0.424119,0.264228,0.184282,0.006775,0.070461,0.016260,0.010840,0.023035
N20002647,0.099448,0.828729,0.071823,0.008161,0.097056,0.568465,0.056708,0.012448,0.072677,0.005878,0.012825,0.002672,0.308772,0.291228,0.284211,0.115789,0.588072,0.031900,0.167822,0.002774,0.165049,0.005548,0.016644,0.022191
N20002648,0.049491,0.860262,0.090247,0.008793,0.097181,0.521802,0.094477,0.013081,0.105233,0.007558,0.009884,0.011047,0.347059,0.229412,0.323529,0.100000,0.558952,0.032023,0.183406,0.002911,0.176128,0.000000,0.010189,0.036390
N20002649,0.261728,0.674074,0.064198,0.017284,0.044444,0.441975,0.041975,0.002469,0.112700,0.008094,0.010585,0.011830,0.208469,0.296417,0.387622,0.107492,0.517241,0.103448,0.177340,0.009852,0.150246,0.004926,0.009852,0.027094
N20002650,0.108374,0.812808,0.078818,0.017465,0.090449,0.533170,0.076167,0.012285,0.077842,0.006296,0.013737,0.002862,0.217252,0.236422,0.357827,0.188498,0.529557,0.044335,0.226601,0.012315,0.157635,0.012315,0.004926,0.012315
N20002651,0.075724,0.841871,0.082405,0.013224,0.091871,0.537946,0.087054,0.015625,0.086073,0.006182,0.008084,0.009035,0.287879,0.336364,0.260606,0.115152,0.608018,0.020045,0.162584,0.000000,0.151448,0.013363,0.011136,0.033408
N20002652,0.079470,0.798013,0.122517,0.018212,0.096026,0.399007,0.178808,0.009934,0.086687,0.014112,0.007392,0.006048,0.237668,0.327354,0.208520,0.226457,0.612583,0.019868,0.147351,0.003311,0.140728,0.004967,0.018212,0.052980
N20002653,0.066794,0.858779,0.074427,0.015267,0.064885,0.551527,0.045802,0.053435,0.110600,0.008946,0.019518,0.004066,0.230978,0.296196,0.312500,0.160326,0.549430,0.019011,0.193916,0.007605,0.169202,0.005703,0.017110,0.038023
N20002654,0.025298,0.876488,0.098214,0.008904,0.079171,0.497765,0.168405,0.020864,0.076217,0.010393,0.017322,0.006351,0.323293,0.391566,0.180723,0.104418,0.596125,0.008942,0.135618,0.002981,0.204173,0.001490,0.011923,0.038748
N20002655,0.457810,0.434470,0.107720,0.034111,0.070018,0.204668,0.073609,0.016158,0.054105,0.004376,0.009548,0.001989,0.212389,0.334071,0.261062,0.192478,0.304505,0.171171,0.234234,0.000000,0.088288,0.018018,0.023423,0.160360
N20002656,0.050916,0.892057,0.057026,0.024386,0.065526,0.520408,0.169388,0.014286,0.092917,0.015126,0.007923,0.006483,0.102339,0.307018,0.315789,0.274854,0.595918,0.022449,0.171429,0.000000,0.146939,0.006122,0.008163,0.048980
N20002657,0.045936,0.848057,0.106007,0.010601,0.081272,0.484099,0.219081,0.000000,0.043957,0.005994,0.009990,0.003663,0.058824,0.299465,0.278075,0.363636,0.634752,0.021277,0.170213,0.000000,0.131206,0.000000,0.007092,0.035461
N20002658,0.283361,0.645799,0.070840,0.019334,0.063291,0.343234,0.099010,0.008251,0.092786,0.010813,0.013327,0.015087,0.275053,0.281450,0.304904,0.138593,0.448105,0.108731,0.253707,0.008237,0.092257,0.003295,0.024712,0.060956
N20002659,0.068345,0.773381,0.158273,0.014388,0.043165,0.381295,0.194245,0.007194,0.111913,0.018218,0.009543,0.007808,0.208661,0.291339,0.177165,0.322835,0.528777,0.032374,0.241007,0.000000,0.158273,0.000000,0.014388,0.025180
N20002660,0.048662,0.907543,0.043796,0.005184,0.081456,0.483092,0.154589,0.014493,0.120191,0.016390,0.027316,0.010016,0.387833,0.353612,0.152091,0.106464,0.621359,0.019417,0.128641,0.007282,0.162621,0.002427,0.012136,0.046117
N20002661,0.066667,0.802778,0.130556,0.002955,0.096407,0.470914,0.132964,0.027701,0.051689,0.007048,0.011747,0.004307,0.120879,0.300366,0.278388,0.300366,0.538889,0.038889,0.197222,0.002778,0.169444,0.008333,0.005556,0.038889
N20002662,0.080547,0.844985,0.074468,0.012054,0.064163,0.563166,0.082192,0.007610,0.091735,0.010228,0.004795,0.021096,0.267327,0.231683,0.380198,0.120792,0.615502,0.028875,0.156535,0.003040,0.148936,0.009119,0.007599,0.030395
N20002663,0.207219,0.703209,0.089572,0.008021,0.070856,0.322193,0.094920,0.008021,0.145646,0.016972,0.020919,0.023682,0.262799,0.346416,0.332765,0.058020,0.509358,0.078877,0.199198,0.005348,0.139037,0.012032,0.024064,0.032086
N20002664,0.202401,0.725557,0.072041,0.024014,0.094340,0.447684,0.061750,0.030875,0.065227,0.007273,0.003409,0.015000,0.282427,0.288703,0.313808,0.115063,0.510309,0.111684,0.197595,0.008591,0.103093,0.010309,0.015464,0.042955
N20002665,0.044776,0.776119,0.179104,0.011319,0.080952,0.446097,0.107807,0.037175,0.053523,0.035781,0.008871,0.005914,0.044444,0.116667,0.205556,0.633333,0.690299,0.007463,0.067164,0.000000,0.149254,0.000000,0.003731,0.082090
N20002666,0.138554,0.714859,0.146586,0.013302,0.080516,0.343434,0.105051,0.030303,0.079987,0.053472,0.013258,0.008838,0.009828,0.262899,0.159705,0.567568,0.539078,0.024048,0.122244,0.000000,0.068136,0.006012,0.004008,0.236473
N20002667,0.131429,0.725714,0.142857,0.025714,0.102857,0.434286,0.048571,0.022857,0.077160,0.014731,0.011223,0.014029,0.086505,0.235294,0.411765,0.266436,0.572650,0.034188,0.133903,0.000000,0.139601,0.000000,0.005698,0.113960
N20002668,0.122592,0.796848,0.080560,0.012259,0.108581,0.481611,0.084063,0.024518,0.070368,0.007846,0.003678,0.016182,0.275058,0.247086,0.354312,0.123543,0.493870,0.068301,0.243433,0.000000,0.129597,0.012259,0.017513,0.035026
N20002669,0.079108,0.738337,0.182556,0.024229,0.100125,0.335366,0.113821,0.012195,0.090926,0.060785,0.015071,0.010047,0.066667,0.218667,0.194667,0.520000,0.662602,0.022358,0.146341,0.004065,0.071138,0.012195,0.004065,0.077236
N20002670,0.071942,0.832734,0.095324,0.008993,0.089928,0.508993,0.070144,0.010791,0.100698,0.019224,0.014647,0.018309,0.197015,0.304478,0.256716,0.241791,0.645683,0.014388,0.143885,0.001799,0.116906,0.001799,0.008993,0.066547
N20002671,0.085420,0.695140,0.219440,0.016302,0.098081,0.295588,0.116176,0.025000,0.082424,0.055101,0.013661,0.009108,0.055172,0.170690,0.143103,0.631034,0.556047,0.048673,0.193215,0.000000,0.122419,0.001475,0.007375,0.070796
N20002672,0.093897,0.760563,0.145540,0.019130,0.092339,0.392523,0.074766,0.009346,0.126196,0.024092,0.018356,0.022945,0.178295,0.364341,0.317829,0.139535,0.554502,0.033175,0.184834,0.000000,0.156398,0.000000,0.014218,0.056872
N20002673,0.024775,0.729730,0.245495,0.006797,0.116247,0.328090,0.168539,0.002247,0.058931,0.039396,0.009768,0.006512,0.007519,0.230576,0.170426,0.591479,0.687075,0.004535,0.145125,0.002268,0.145125,0.002268,0.000000,0.013605
N20002674,0.200461,0.739631,0.059908,0.011084,0.069885,0.436490,0.083141,0.032333,0.082785,0.009647,0.011890,0.013461,0.254125,0.372937,0.277228,0.095710,0.535632,0.073563,0.213793,0.004598,0.121839,0.011494,0.018391,0.020690
N20002675,0.068966,0.884013,0.047022,0.009404,0.106583,0.551724,0.090909,0.015674,0.083726,0.009757,0.012026,0.013614,0.278884,0.306773,0.266932,0.147410,0.576324,0.015576,0.205607,0.000000,0.174455,0.000000,0.009346,0.018692
N20002676,0.098675,0.801178,0.100147,0.008969,0.110002,0.413235,0.091176,0.011765,0.123000,0.014333,0.017667,0.020000,0.264259,0.342205,0.268061,0.125475,0.524300,0.035346,0.184094,0.010309,0.184094,0.007364,0.019146,0.035346
N20002677,0.075704,0.860915,0.063380,0.007042,0.102113,0.457746,0.095070,0.007042,0.142742,0.015915,0.007460,0.032826,0.335092,0.366755,0.229551,0.068602,0.616197,0.029930,0.165493,0.007042,0.151408,0.003521,0.008803,0.017606
N20002678,0.054688,0.814063,0.131250,0.009516,0.099109,0.489097,0.082555,0.015576,0.089773,0.010461,0.012894,0.014597,0.285408,0.349785,0.242489,0.122318,0.537500,0.031250,0.175000,0.020313,0.179688,0.006250,0.015625,0.034375
N20002679,0.029345,0.869074,0.101580,0.004515,0.094808,0.534989,0.099323,0.011287,0.092319,0.010293,0.004825,0.021230,0.246334,0.413490,0.255132,0.085044,0.670429,0.009029,0.139955,0.013544,0.124153,0.004515,0.027088,0.011287
N20002680,0.045783,0.807229,0.146988,0.016937,0.093287,0.391827,0.223558,0.004808,0.058877,0.023098,0.003623,0.008152,0.066860,0.247093,0.287791,0.398256,0.674699,0.038554,0.113253,0.000000,0.127711,0.000000,0.012048,0.033735
N20002681,0.059406,0.798680,0.141914,0.006688,0.106752,0.464580,0.131796,0.011532,0.052766,0.020701,0.003247,0.007306,0.161654,0.362782,0.283835,0.191729,0.528926,0.033058,0.180165,0.000000,0.178512,0.000000,0.031405,0.047934
N20002682,0.053191,0.799392,0.147416,0.016662,0.088585,0.436834,0.170472,0.004566,0.062133,0.024375,0.003824,0.008603,0.151943,0.401060,0.254417,0.192580,0.534143,0.016692,0.180577,0.001517,0.200303,0.001517,0.003035,0.062215
N20002683,0.045351,0.811791,0.142857,0.013605,0.111111,0.458050,0.102041,0.022676,0.074052,0.029051,0.004557,0.010253,0.216578,0.368984,0.251337,0.163102,0.575964,0.022676,0.174603,0.002268,0.158730,0.004535,0.020408,0.040816
N20002684,0.080780,0.849582,0.069638,0.013741,0.123325,0.513966,0.089385,0.019553,0.074155,0.008268,0.003876,0.017053,0.289157,0.325301,0.321285,0.064257,0.591036,0.044818,0.170868,0.000000,0.142857,0.005602,0.025210,0.019608
N20002685,0.597183,0.349296,0.053521,0.045070,0.022535,0.154930,0.121127,0.016901,0.030505,0.002748,0.000275,0.000275,0.245353,0.189591,0.368030,0.197026,0.289773,0.278409,0.303977,0.000000,0.085227,0.000000,0.011364,0.031250
N20002686,0.812796,0.168246,0.018957,0.040284,0.028436,0.045024,0.052133,0.014218,0.022449,0.005987,0.000000,0.000000,0.136646,0.155280,0.267081,0.440994,0.172170,0.410377,0.344340,0.004717,0.042453,0.014151,0.004717,0.007075
N20002687,0.874161,0.085570,0.040268,0.031879,0.016779,0.021812,0.035235,0.006711,0.003974,0.001060,0.000000,0.000000,0.117296,0.300199,0.280318,0.302187,0.167785,0.468121,0.246644,0.008389,0.016779,0.033557,0.015101,0.043624
N20002688,0.850549,0.116484,0.032967,0.040921,0.009263,0.083151,0.015317,0.000000,0.006910,0.001843,0.000000,0.000000,0.068111,0.281734,0.309598,0.340557,0.188596,0.462719,0.241228,0.013158,0.024123,0.024123,0.013158,0.032895
N20002689,0.403805,0.503171,0.093023,0.048626,0.061311,0.196617,0.090909,0.014799,0.125922,0.011344,0.001134,0.001134,0.289398,0.157593,0.232092,0.320917,0.353066,0.247357,0.228330,0.002114,0.078224,0.002114,0.038055,0.050740
N20002690,0.520384,0.417266,0.062350,0.014388,0.038369,0.189448,0.059952,0.021583,0.097386,0.008773,0.000877,0.000877,0.131805,0.223496,0.535817,0.108883,0.348558,0.271635,0.269231,0.000000,0.064904,0.016827,0.014423,0.014423
N20002691,0.459627,0.450311,0.090062,0.026398,0.045031,0.260870,0.086957,0.009317,0.032429,0.013681,0.002027,0.000000,0.282979,0.278723,0.331915,0.106383,0.371295,0.224649,0.223089,0.017161,0.067083,0.017161,0.018721,0.060842
N20002692,0.330508,0.601695,0.067797,0.034525,0.096410,0.359408,0.073996,0.029598,0.028486,0.012017,0.001780,0.000000,0.427326,0.334302,0.145349,0.093023,0.374207,0.137421,0.276956,0.006342,0.116279,0.012685,0.016913,0.059197
N20002693,0.221574,0.708455,0.069971,0.030398,0.143749,0.297059,0.185294,0.020588,0.041610,0.017554,0.002601,0.000000,0.396739,0.336957,0.179348,0.086957,0.469388,0.067055,0.209913,0.014577,0.139942,0.023324,0.055394,0.020408
N20002694,0.297674,0.604651,0.097674,0.008630,0.087169,0.349650,0.074592,0.039627,0.036118,0.015237,0.002257,0.000000,0.224242,0.218182,0.400000,0.157576,0.435897,0.153846,0.249417,0.000000,0.102564,0.011655,0.020979,0.025641
N20002695,0.267391,0.658696,0.073913,0.026610,0.099043,0.329718,0.084599,0.075922,0.051325,0.011359,0.005048,0.001683,0.378289,0.328947,0.171053,0.121711,0.492408,0.067245,0.251627,0.008677,0.110629,0.006508,0.028200,0.034707
N20002696,0.345238,0.569048,0.085714,0.019048,0.066667,0.259524,0.100000,0.050000,0.068658,0.015195,0.006753,0.002251,0.184669,0.383275,0.254355,0.177700,0.435714,0.121429,0.233333,0.009524,0.109524,0.011905,0.050000,0.028571
N20002697,0.343049,0.598655,0.058296,0.029148,0.071749,0.313901,0.105381,0.040359,0.049735,0.011007,0.004892,0.001631,0.349673,0.398693,0.143791,0.107843,0.467562,0.111857,0.259508,0.004474,0.091723,0.015660,0.024609,0.024609
N20002698,0.427617,0.423163,0.149220,0.031644,0.065221,0.158837,0.085011,0.024609,0.066165,0.014643,0.006508,0.002169,0.030726,0.237430,0.265363,0.466480,0.462054,0.162946,0.212054,0.011161,0.058036,0.015625,0.017857,0.060268
N20002699,0.247126,0.655172,0.097701,0.026174,0.091363,0.339048,0.083810,0.068571,0.045714,0.012571,0.008762,0.005333,0.205195,0.275325,0.296104,0.223377,0.508637,0.055662,0.236084,0.009597,0.124760,0.011516,0.028791,0.024952
N20002700,0.275120,0.641148,0.083732,0.008293,0.114706,0.245192,0.091346,0.036058,0.097166,0.026721,0.018623,0.011336,0.241096,0.391781,0.238356,0.128767,0.445783,0.074699,0.253012,0.009639,0.171084,0.000000,0.024096,0.021687
N20002701,0.353100,0.514825,0.132075,0.030519,0.068588,0.282258,0.086022,0.013441,0.047703,0.010557,0.004692,0.001564,0.079137,0.377698,0.223022,0.320144,0.494624,0.142473,0.163978,0.024194,0.115591,0.010753,0.008065,0.040323
N20002702,0.178218,0.663366,0.158416,0.010455,0.104156,0.322368,0.115132,0.049342,0.039779,0.022046,0.006710,0.003834,0.100402,0.244980,0.240964,0.413655,0.588816,0.052632,0.200658,0.000000,0.111842,0.003289,0.006579,0.036184
N20002703,0.265060,0.634538,0.100402,0.012048,0.076305,0.285141,0.140562,0.040161,0.050773,0.028139,0.008564,0.004894,0.091429,0.251429,0.262857,0.394286,0.441767,0.044177,0.240964,0.008032,0.192771,0.008032,0.028112,0.036145
N20002704,0.152104,0.708738,0.139159,0.016181,0.077670,0.394822,0.093851,0.077670,0.035577,0.019718,0.006001,0.003429,0.041096,0.228311,0.292237,0.438356,0.642857,0.038961,0.211039,0.000000,0.077922,0.000000,0.003247,0.025974
N20002705,0.207500,0.622500,0.170000,0.035000,0.112500,0.280000,0.095000,0.052500,0.052105,0.014329,0.009987,0.006079,0.119658,0.404558,0.304843,0.170940,0.535000,0.052500,0.180000,0.005000,0.152500,0.020000,0.030000,0.025000
N20002706,0.279863,0.600683,0.119454,0.010239,0.092150,0.313993,0.098976,0.027304,0.043111,0.011856,0.008263,0.005030,0.114286,0.453061,0.273469,0.159184,0.527397,0.058219,0.222603,0.000000,0.140411,0.010274,0.010274,0.030822
N20002707,0.148883,0.672457,0.178660,0.009580,0.067979,0.393035,0.126866,0.014925,0.043467,0.018853,0.003142,0.004190,0.047319,0.299685,0.444795,0.208202,0.563275,0.027295,0.255583,0.007444,0.109181,0.007444,0.004963,0.024814
N20002708,0.173789,0.669516,0.156695,0.012316,0.068949,0.337110,0.110482,0.062323,0.049828,0.027616,0.008405,0.004803,0.046693,0.178988,0.260700,0.513619,0.584046,0.025641,0.199430,0.000000,0.142450,0.008547,0.005698,0.034188
N20002709,0.072829,0.766106,0.161064,0.018054,0.087736,0.446629,0.144663,0.022472,0.040318,0.017488,0.002915,0.003886,0.039316,0.241026,0.223932,0.495726,0.638655,0.016807,0.145658,0.000000,0.151261,0.001401,0.000000,0.046218
N20002710,0.172285,0.647940,0.179775,0.011537,0.089062,0.340187,0.112150,0.052336,0.028910,0.019273,0.002008,0.004015,0.040094,0.228774,0.221698,0.509434,0.562852,0.046904,0.185741,0.000000,0.157598,0.003752,0.007505,0.035647
N20002711,0.261658,0.606218,0.132124,0.017564,0.091782,0.296588,0.086614,0.060367,0.037795,0.025197,0.002625,0.005249,0.028571,0.278571,0.239286,0.453571,0.505208,0.072917,0.252604,0.000000,0.156250,0.000000,0.005208,0.007812
N20002712,0.201320,0.656766,0.141914,0.030752,0.104926,0.304348,0.117057,0.070234,0.032107,0.021405,0.002230,0.004459,0.025510,0.188776,0.311224,0.474490,0.536913,0.060403,0.214765,0.010067,0.154362,0.006711,0.003356,0.013423
N20002713,0.210177,0.701327,0.088496,0.025155,0.133045,0.328194,0.094714,0.081498,0.043816,0.009502,0.008446,0.002112,0.191489,0.354610,0.283688,0.170213,0.527840,0.057906,0.229399,0.011136,0.122494,0.004454,0.028953,0.017817
N20002714,0.176755,0.697337,0.125908,0.029056,0.104116,0.348668,0.133172,0.024213,0.054397,0.023594,0.003932,0.005243,0.056075,0.261682,0.183801,0.498442,0.549637,0.050847,0.188862,0.004843,0.123487,0.004843,0.009685,0.067797
N20002715,0.327416,0.589744,0.082840,0.016525,0.086773,0.271287,0.110891,0.053465,0.037007,0.020510,0.006242,0.003567,0.165563,0.271523,0.403974,0.158940,0.507905,0.112648,0.187747,0.011858,0.110672,0.011858,0.041502,0.015810
N20002716,0.229275,0.575130,0.195596,0.027724,0.093217,0.286822,0.099483,0.050388,0.028560,0.007854,0.005474,0.003332,0.140397,0.384106,0.233113,0.242384,0.443726,0.050453,0.256145,0.007762,0.172057,0.009056,0.016818,0.043984
N20002717,0.353952,0.494845,0.151203,0.041027,0.035662,0.278912,0.088435,0.023810,0.037392,0.020724,0.006307,0.003604,0.051163,0.279070,0.223256,0.446512,0.469178,0.133562,0.219178,0.010274,0.071918,0.000000,0.023973,0.071918
N20002718,0.351474,0.510204,0.138322,0.034014,0.111111,0.231293,0.079365,0.036281,0.032547,0.014117,0.002353,0.003137,0.112903,0.280645,0.306452,0.300000,0.475113,0.101810,0.248869,0.004525,0.088235,0.004525,0.013575,0.063348
N20002719,0.154023,0.659770,0.186207,0.016092,0.041379,0.402299,0.117241,0.022989,0.040460,0.026973,0.002810,0.005619,0.037356,0.166667,0.198276,0.597701,0.595402,0.064368,0.218391,0.000000,0.094253,0.004598,0.002299,0.020690
N20002720,0.441463,0.451220,0.107317,0.026829,0.075610,0.214634,0.073171,0.031707,0.038480,0.008345,0.007418,0.001854,0.163498,0.205323,0.231939,0.399240,0.425121,0.142512,0.265700,0.012077,0.099034,0.014493,0.019324,0.021739
N20002721,0.442786,0.462687,0.094527,0.038746,0.073798,0.191919,0.156566,0.000000,0.027715,0.006011,0.005343,0.001336,0.163636,0.145455,0.272727,0.418182,0.507463,0.159204,0.184080,0.004975,0.084577,0.004975,0.009950,0.044776
N20002722,0.170732,0.721951,0.107317,0.027528,0.100592,0.310680,0.172330,0.038835,0.068262,0.014804,0.013159,0.003290,0.115079,0.424603,0.214286,0.246032,0.529268,0.058537,0.219512,0.007317,0.104878,0.012195,0.021951,0.046341
N20002723,0.129717,0.632075,0.238208,0.020970,0.111981,0.276596,0.144208,0.033097,0.035303,0.023536,0.002452,0.004903,0.050847,0.166667,0.217514,0.564972,0.515366,0.035461,0.243499,0.000000,0.118203,0.009456,0.014184,0.063830
N20002724,0.275316,0.560127,0.164557,0.040396,0.080762,0.314286,0.073016,0.028571,0.043552,0.009445,0.008396,0.002099,0.091633,0.187251,0.187251,0.533865,0.437107,0.059748,0.261006,0.009434,0.138365,0.015723,0.018868,0.059748
N20002725,0.186567,0.690299,0.123134,0.018657,0.111940,0.309701,0.119403,0.026119,0.094947,0.011868,0.014835,0.001484,0.152542,0.254237,0.237288,0.355932,0.496269,0.018657,0.231343,0.000000,0.134328,0.007463,0.029851,0.082090
N20002726,0.288603,0.625000,0.086397,0.034926,0.056985,0.343750,0.130515,0.044118,0.038271,0.004784,0.005980,0.000598,0.189274,0.479495,0.186120,0.145110,0.419118,0.066176,0.246324,0.014706,0.189338,0.012868,0.018382,0.033088
N20002727,0.321678,0.508159,0.170163,0.048951,0.065268,0.221445,0.118881,0.004662,0.070178,0.015162,0.011696,0.000866,0.105263,0.278638,0.256966,0.359133,0.433566,0.104895,0.216783,0.006993,0.079254,0.023310,0.004662,0.130536
N20002728,0.285024,0.611111,0.103865,0.031401,0.120773,0.253623,0.140097,0.041063,0.042838,0.005355,0.006693,0.000669,0.165584,0.467532,0.142857,0.224026,0.443373,0.057831,0.279518,0.007229,0.103614,0.007229,0.060241,0.040964
N20002729,0.258278,0.695364,0.046358,0.019868,0.099338,0.364238,0.105960,0.019868,0.075954,0.016410,0.012659,0.000938,0.032787,0.032787,0.180328,0.754098,0.633333,0.040000,0.226667,0.006667,0.033333,0.000000,0.013333,0.046667
N20002730,0.195011,0.666667,0.138322,0.013193,0.091667,0.297727,0.134091,0.056818,0.064138,0.013336,0.008255,0.000635,0.225882,0.395294,0.291765,0.087059,0.522727,0.045455,0.256818,0.000000,0.131818,0.015909,0.006818,0.020455
N20002731,0.198962,0.619377,0.181661,0.027682,0.093426,0.287197,0.110727,0.038062,0.066813,0.013892,0.008600,0.000662,0.166337,0.358416,0.263366,0.211881,0.431779,0.051813,0.252159,0.012090,0.165803,0.005181,0.027634,0.053541
N20002732,0.202864,0.680191,0.116945,0.036197,0.089715,0.390476,0.097619,0.033333,0.049494,0.010693,0.008249,0.000611,0.142442,0.238372,0.296512,0.322674,0.542857,0.042857,0.216667,0.009524,0.123810,0.004762,0.011905,0.047619
N20002733,0.293850,0.553531,0.152620,0.017594,0.078645,0.271689,0.082192,0.029680,0.067822,0.014102,0.008730,0.000672,0.281928,0.344578,0.284337,0.089157,0.459954,0.077803,0.219680,0.016018,0.139588,0.032037,0.025172,0.029748
N20002734,0.169014,0.679577,0.151408,0.010003,0.107139,0.247350,0.166078,0.031802,0.091185,0.019700,0.015197,0.001126,0.060465,0.195349,0.279070,0.465116,0.498221,0.032028,0.227758,0.003559,0.103203,0.007117,0.003559,0.124555
N20002735,0.214844,0.640625,0.144531,0.035855,0.125061,0.256809,0.101167,0.044747,0.080886,0.017475,0.013481,0.000999,0.090652,0.322946,0.286119,0.300283,0.445312,0.078125,0.220703,0.007812,0.140625,0.007812,0.009766,0.089844
N20002736,0.159794,0.762887,0.077320,0.013264,0.127925,0.365039,0.113111,0.041131,0.082922,0.017915,0.013820,0.001024,0.208029,0.328467,0.284672,0.178832,0.483290,0.046272,0.215938,0.007712,0.177378,0.017995,0.015424,0.035990
N20002737,0.259717,0.579505,0.160777,0.036708,0.078620,0.290265,0.077876,0.026549,0.078865,0.016398,0.010151,0.000781,0.189084,0.417154,0.259259,0.134503,0.549645,0.065603,0.191489,0.003546,0.086879,0.028369,0.026596,0.047872
N20002738,0.217494,0.560284,0.222222,0.021277,0.082742,0.208038,0.127660,0.040189,0.075494,0.015697,0.009717,0.000747,0.148718,0.500000,0.210256,0.141026,0.488152,0.073460,0.213270,0.002370,0.151659,0.014218,0.018957,0.037915
N20002739,0.067961,0.775081,0.156958,0.027311,0.124674,0.481301,0.105691,0.030894,0.027563,0.003569,0.001388,0.000000,0.193103,0.340230,0.262069,0.204598,0.482143,0.034091,0.199675,0.012987,0.173701,0.001623,0.025974,0.069805
N20002740,0.103161,0.742097,0.154742,0.013311,0.079867,0.387687,0.168053,0.041597,0.048192,0.010020,0.006203,0.000477,0.122951,0.354508,0.260246,0.262295,0.530885,0.035058,0.213689,0.006678,0.170284,0.003339,0.005008,0.035058
N20002741,0.038136,0.843220,0.118644,0.008475,0.129237,0.442797,0.165254,0.027542,0.056115,0.014564,0.005569,0.002142,0.091429,0.325714,0.260000,0.322857,0.557203,0.016949,0.211864,0.000000,0.165254,0.006356,0.016949,0.025424
N20002742,0.088652,0.813239,0.098109,0.016634,0.110759,0.484061,0.086187,0.031877,0.076840,0.011337,0.006718,0.005459,0.196594,0.340557,0.335913,0.126935,0.589835,0.030733,0.172577,0.002364,0.146572,0.010638,0.018913,0.028369
N20002743,0.038593,0.797957,0.163451,0.013649,0.148297,0.391156,0.132653,0.029478,0.081681,0.010577,0.004113,0.000000,0.271756,0.341985,0.297710,0.088550,0.496591,0.019318,0.242045,0.004545,0.163636,0.001136,0.035227,0.037500
N20002744,0.068702,0.811705,0.119593,0.021628,0.109415,0.483461,0.099237,0.027990,0.070140,0.010348,0.006132,0.004983,0.235489,0.384743,0.283582,0.096186,0.569250,0.020330,0.179161,0.002541,0.165184,0.008895,0.008895,0.045743
N20002745,0.045714,0.788571,0.165714,0.015296,0.130777,0.427757,0.150190,0.022814,0.040828,0.010597,0.004052,0.001558,0.175926,0.386574,0.280093,0.157407,0.529412,0.017078,0.229602,0.001898,0.146110,0.011385,0.022770,0.041746
N20002746,0.026987,0.871064,0.101949,0.007525,0.097112,0.523952,0.056886,0.070359,0.093992,0.013868,0.008218,0.006677,0.242236,0.412008,0.316770,0.028986,0.607784,0.010479,0.184132,0.002994,0.158683,0.005988,0.010479,0.019461
N20002747,0.044554,0.820132,0.135314,0.006663,0.070544,0.530478,0.131796,0.028007,0.042456,0.011019,0.004213,0.001620,0.160793,0.385463,0.325991,0.127753,0.529703,0.033003,0.166667,0.003300,0.211221,0.009901,0.014851,0.031353
N20002748,0.063181,0.697168,0.239651,0.015251,0.104575,0.392157,0.080610,0.047930,0.051466,0.013358,0.005107,0.001964,0.145408,0.313776,0.255102,0.285714,0.440087,0.028322,0.302832,0.010893,0.137255,0.013072,0.010893,0.056645
N20002749,0.060440,0.777473,0.162088,0.016484,0.151099,0.365385,0.104396,0.032967,0.089286,0.017170,0.017170,0.000000,0.250965,0.359073,0.212355,0.177606,0.500000,0.019126,0.224044,0.016393,0.172131,0.005464,0.016393,0.046448
N20002750,0.041322,0.798898,0.159780,0.002755,0.093664,0.391185,0.165289,0.024793,0.089532,0.017218,0.017218,0.000000,0.240964,0.337349,0.304217,0.117470,0.555249,0.019337,0.218232,0.000000,0.157459,0.002762,0.019337,0.027624
N20002751,0.059859,0.813380,0.126761,0.012324,0.151408,0.382042,0.128521,0.047535,0.088039,0.011401,0.004434,0.000000,0.257075,0.386792,0.250000,0.106132,0.481416,0.035398,0.231858,0.015929,0.148673,0.010619,0.024779,0.051327
N20002752,0.036364,0.793939,0.169697,0.009091,0.103030,0.381818,0.166667,0.021212,0.087542,0.016835,0.016835,0.000000,0.219608,0.278431,0.270588,0.231373,0.534743,0.018127,0.175227,0.009063,0.226586,0.000000,0.012085,0.024169
N20002753,0.048724,0.814385,0.136891,0.006961,0.127610,0.410673,0.143852,0.016241,0.083784,0.016112,0.016112,0.000000,0.267241,0.307471,0.215517,0.209770,0.542923,0.027842,0.194896,0.004640,0.160093,0.011601,0.018561,0.039443
N20002754,0.138514,0.574324,0.287162,0.023649,0.125000,0.179054,0.091216,0.040541,0.095970,0.030671,0.011873,0.000000,0.176955,0.415638,0.251029,0.156379,0.383838,0.060606,0.269360,0.006734,0.151515,0.013468,0.040404,0.074074
N20002755,0.124498,0.763052,0.112450,0.016064,0.134538,0.311245,0.128514,0.074297,0.102691,0.008023,0.003744,0.000000,0.339806,0.478964,0.129450,0.051780,0.462626,0.040404,0.264646,0.010101,0.131313,0.010101,0.034343,0.046465
N20002756,0.135417,0.632812,0.231771,0.026042,0.114583,0.190104,0.184896,0.057292,0.059542,0.019029,0.007366,0.000000,0.056537,0.233216,0.254417,0.455830,0.594805,0.023377,0.205195,0.012987,0.103896,0.005195,0.005195,0.049351
N20002757,0.167689,0.625767,0.206544,0.030675,0.120654,0.257669,0.137014,0.026585,0.075225,0.005877,0.002743,0.000000,0.186275,0.426471,0.232843,0.154412,0.501022,0.063395,0.222904,0.004090,0.120654,0.014315,0.034765,0.038855
N20002758,0.118357,0.736715,0.144928,0.028986,0.173913,0.275362,0.135266,0.038647,0.081268,0.021092,0.008065,0.003102,0.250951,0.380228,0.254753,0.114068,0.463768,0.038647,0.246377,0.007246,0.152174,0.009662,0.041063,0.041063
N20002759,0.145455,0.645455,0.209091,0.036857,0.125093,0.248869,0.117647,0.085973,0.047027,0.015029,0.005818,0.000000,0.062112,0.335404,0.192547,0.409938,0.545455,0.031818,0.263636,0.000000,0.090909,0.000000,0.013636,0.054545
N20002760,0.178495,0.576344,0.245161,0.048624,0.158595,0.183983,0.097403,0.025974,0.076484,0.024443,0.009462,0.000000,0.193732,0.282051,0.225071,0.299145,0.473002,0.064795,0.246220,0.006479,0.114471,0.015119,0.017279,0.062635
N20002761,0.173524,0.665474,0.161002,0.055456,0.155635,0.184258,0.157424,0.053667,0.102720,0.008025,0.003745,0.000000,0.372832,0.352601,0.144509,0.130058,0.418605,0.091234,0.248658,0.001789,0.101968,0.033989,0.042934,0.060823
N20002762,0.193959,0.642289,0.163752,0.036566,0.174881,0.219396,0.124006,0.041335,0.074172,0.005795,0.002704,0.000000,0.390181,0.346253,0.111111,0.152455,0.386581,0.081470,0.239617,0.023962,0.134185,0.017572,0.049521,0.067093
N20002763,0.064877,0.816555,0.118568,0.024428,0.133409,0.415730,0.116854,0.051685,0.068062,0.021333,0.006772,0.002709,0.275964,0.391691,0.231454,0.100890,0.564045,0.011236,0.150562,0.011236,0.204494,0.006742,0.033708,0.017978
N20002764,0.087591,0.755474,0.156934,0.014599,0.138686,0.253650,0.177007,0.069343,0.080392,0.025197,0.007999,0.003200,0.274227,0.463918,0.127835,0.134021,0.503650,0.034672,0.275547,0.005474,0.158759,0.003650,0.000000,0.018248
N20002765,0.085179,0.739353,0.175468,0.012050,0.127108,0.287415,0.166667,0.047619,0.076094,0.023850,0.007572,0.003029,0.219557,0.461255,0.243542,0.075646,0.560272,0.030560,0.203735,0.003396,0.161290,0.001698,0.015280,0.023769
N20002766,0.058020,0.802048,0.139932,0.013500,0.144514,0.232877,0.174658,0.099315,0.103725,0.032511,0.010321,0.004128,0.421296,0.398148,0.064815,0.115741,0.489726,0.013699,0.171233,0.017123,0.215753,0.003425,0.023973,0.065068
N20002767,0.078431,0.715686,0.205882,0.012255,0.127451,0.213235,0.208333,0.036765,0.082314,0.021865,0.024437,0.001286,0.192982,0.368421,0.260234,0.178363,0.539216,0.029412,0.215686,0.002451,0.147059,0.002451,0.034314,0.029412
N20002768,0.057416,0.808612,0.133971,0.013158,0.120813,0.269139,0.171053,0.086124,0.118633,0.022616,0.019838,0.000397,0.271754,0.416332,0.231593,0.080321,0.535329,0.021557,0.216766,0.003593,0.171257,0.002395,0.017964,0.031138
N20002769,0.093972,0.755319,0.150709,0.014326,0.155319,0.277876,0.130973,0.058407,0.091375,0.028640,0.009092,0.003637,0.319419,0.441016,0.156080,0.083485,0.437943,0.019504,0.241135,0.005319,0.203901,0.008865,0.026596,0.056738
N20002770,0.088068,0.740057,0.171875,0.015315,0.096690,0.300999,0.148359,0.045649,0.108991,0.020778,0.018226,0.000365,0.291045,0.429851,0.189552,0.089552,0.545584,0.028490,0.172365,0.008547,0.192308,0.008547,0.015670,0.028490
N20002771,0.107362,0.687117,0.205521,0.027607,0.101227,0.269939,0.147239,0.046012,0.087885,0.021228,0.013162,0.000425,0.374126,0.370629,0.167832,0.087413,0.529052,0.027523,0.223242,0.006116,0.149847,0.003058,0.021407,0.039755
N20002772,0.013123,0.703412,0.283465,0.005208,0.117660,0.290237,0.089710,0.076517,0.074143,0.044486,0.010195,0.000463,0.045455,0.190341,0.147727,0.616477,0.568831,0.025974,0.158442,0.000000,0.205195,0.002597,0.000000,0.038961
N20002773,0.067532,0.794805,0.137662,0.005677,0.147898,0.293814,0.141753,0.103093,0.062077,0.037246,0.008536,0.000388,0.131687,0.444444,0.267490,0.156379,0.642487,0.025907,0.155440,0.000000,0.121762,0.012953,0.012953,0.028497
N20002774,0.070866,0.737533,0.191601,0.021063,0.164794,0.264744,0.120577,0.056356,0.093875,0.022675,0.014059,0.000454,0.335925,0.370140,0.189736,0.104199,0.528252,0.032852,0.220762,0.017083,0.135348,0.003942,0.013141,0.048620
N20002775,0.065020,0.807542,0.127438,0.011704,0.110533,0.301691,0.192458,0.054616,0.108907,0.020762,0.018212,0.000364,0.232633,0.449111,0.222940,0.095315,0.560468,0.020806,0.178153,0.006502,0.158648,0.002601,0.040312,0.032510
N20002776,0.095238,0.728938,0.175824,0.014946,0.126748,0.222628,0.153285,0.072993,0.087905,0.052743,0.012087,0.000549,0.096774,0.511521,0.253456,0.138249,0.584559,0.007353,0.165441,0.007353,0.161765,0.000000,0.003676,0.069853
N20002777,0.068075,0.816901,0.115023,0.018779,0.133803,0.300469,0.180751,0.079812,0.087431,0.021119,0.013094,0.000422,0.282282,0.360360,0.174174,0.183183,0.561321,0.021226,0.207547,0.000000,0.165094,0.009434,0.011792,0.023585
N20002778,0.084180,0.748911,0.166909,0.021771,0.136430,0.316401,0.142235,0.039187,0.072655,0.019299,0.021570,0.001135,0.127469,0.351885,0.278276,0.242370,0.541908,0.033237,0.187861,0.002890,0.158960,0.007225,0.024566,0.043353
N20002779,0.072072,0.704955,0.222973,0.016144,0.125537,0.288591,0.140940,0.058166,0.058121,0.015438,0.017255,0.000908,0.136111,0.263889,0.216667,0.383333,0.594595,0.029279,0.193694,0.000000,0.135135,0.009009,0.018018,0.020270
N20002780,0.076241,0.737589,0.186170,0.019504,0.132979,0.273050,0.152482,0.065603,0.065075,0.039045,0.008948,0.000407,0.061972,0.338028,0.171831,0.428169,0.580531,0.021239,0.192920,0.003540,0.143363,0.005310,0.005310,0.047788
N20002781,0.043919,0.711149,0.244932,0.008506,0.088889,0.293423,0.138280,0.052277,0.079300,0.047580,0.010904,0.000496,0.034979,0.218107,0.185185,0.561728,0.685811,0.006757,0.140203,0.000000,0.118243,0.008446,0.010135,0.030405
N20002782,0.043836,0.767123,0.189041,0.008316,0.125047,0.341530,0.163934,0.040984,0.068495,0.016545,0.010258,0.000331,0.151852,0.348148,0.222222,0.277778,0.600551,0.011019,0.176309,0.008264,0.173554,0.005510,0.008264,0.016529
N20002783,0.071979,0.822622,0.105398,0.025347,0.125731,0.303109,0.202073,0.051813,0.102774,0.019592,0.017186,0.000344,0.287179,0.369231,0.225641,0.117949,0.518135,0.012953,0.217617,0.012953,0.170984,0.002591,0.007772,0.056995
N20002784,0.069252,0.675900,0.254848,0.019391,0.110803,0.277008,0.105263,0.102493,0.050904,0.013521,0.015112,0.000795,0.120141,0.395760,0.261484,0.222615,0.560773,0.019337,0.149171,0.008287,0.157459,0.005525,0.033149,0.066298
N20002785,0.059322,0.785311,0.155367,0.013477,0.091901,0.312321,0.189112,0.048711,0.104314,0.019806,0.017166,0.001981,0.230435,0.347826,0.230435,0.191304,0.552707,0.022792,0.159544,0.011396,0.176638,0.000000,0.002849,0.074074
N20002786,0.108481,0.755424,0.136095,0.011643,0.119060,0.262846,0.185771,0.065217,0.087763,0.021199,0.013143,0.000424,0.226221,0.460154,0.125964,0.187661,0.497030,0.017822,0.221782,0.001980,0.209901,0.007921,0.013861,0.029703
N20002787,0.096774,0.652605,0.250620,0.016774,0.112605,0.242500,0.117500,0.080000,0.072811,0.013825,0.011982,0.001382,0.114551,0.343653,0.207430,0.334365,0.527363,0.024876,0.199005,0.004975,0.159204,0.002488,0.027363,0.054726
N20002788,0.065909,0.777273,0.156818,0.004265,0.149419,0.324201,0.134703,0.043379,0.091429,0.017360,0.015045,0.001736,0.188406,0.322464,0.315217,0.173913,0.558087,0.025057,0.195900,0.002278,0.166287,0.000000,0.002278,0.050114
N20002789,0.158824,0.733333,0.107843,0.035294,0.127451,0.252941,0.203922,0.072549,0.055679,0.010572,0.009162,0.001057,0.261905,0.357143,0.214286,0.166667,0.473477,0.076621,0.214145,0.007859,0.125737,0.003929,0.021611,0.076621
N20002790,0.109057,0.628466,0.262477,0.031135,0.160933,0.202226,0.129870,0.044527,0.067718,0.010204,0.009276,0.003711,0.236534,0.372365,0.147541,0.243560,0.508349,0.048237,0.191095,0.001855,0.146568,0.018553,0.025974,0.059369
N20002791,0.079452,0.698630,0.221918,0.018846,0.125627,0.278237,0.121212,0.082645,0.066192,0.012568,0.010892,0.001257,0.140468,0.351171,0.220736,0.287625,0.536986,0.010959,0.243836,0.000000,0.156164,0.002740,0.000000,0.049315
N20002792,0.115217,0.730435,0.154348,0.013043,0.104348,0.263043,0.154348,0.073913,0.100399,0.015129,0.013753,0.005501,0.073333,0.233333,0.210000,0.483333,0.589130,0.028261,0.226087,0.000000,0.091304,0.004348,0.008696,0.052174
N20002793,0.107383,0.802013,0.090604,0.023771,0.133117,0.301003,0.143813,0.113712,0.082213,0.012388,0.011262,0.004505,0.079646,0.256637,0.265487,0.398230,0.648829,0.026756,0.160535,0.006689,0.093645,0.010033,0.006689,0.046823
N20002794,0.095890,0.668950,0.235160,0.043259,0.122039,0.258581,0.125858,0.070938,0.065494,0.017360,0.007891,0.000789,0.078261,0.315942,0.234783,0.371014,0.574371,0.050343,0.215103,0.004577,0.114416,0.002288,0.016018,0.022883
N20002795,0.080808,0.767677,0.151515,0.022222,0.197980,0.290909,0.135354,0.038384,0.078252,0.011791,0.010719,0.004288,0.065134,0.314176,0.130268,0.490421,0.511111,0.038384,0.244444,0.004040,0.129293,0.002020,0.014141,0.056566
N20002796,0.129268,0.575610,0.295122,0.026579,0.120842,0.212714,0.107579,0.046455,0.062980,0.016693,0.007588,0.000759,0.067251,0.210526,0.222222,0.500000,0.529412,0.024510,0.210784,0.007353,0.102941,0.004902,0.002451,0.117647
N20002797,0.128310,0.584521,0.287169,0.024228,0.145746,0.197959,0.112245,0.046939,0.058410,0.015482,0.007037,0.000704,0.114094,0.279642,0.225951,0.380313,0.515337,0.038855,0.165644,0.002045,0.141104,0.010225,0.018405,0.108384
N20002798,0.171355,0.554987,0.273657,0.046355,0.149375,0.178571,0.109694,0.043367,0.055022,0.009710,0.009247,0.000000,0.132686,0.181230,0.216828,0.469256,0.391304,0.038363,0.199488,0.015345,0.122762,0.010230,0.025575,0.196931
N20002799,0.213147,0.603586,0.183267,0.025029,0.116457,0.263366,0.100990,0.043564,0.058911,0.010396,0.009901,0.000000,0.170673,0.334135,0.245192,0.250000,0.498008,0.083665,0.195219,0.007968,0.121514,0.003984,0.009960,0.079681
N20002800,0.138132,0.714008,0.147860,0.027021,0.164300,0.226121,0.153996,0.052632,0.086988,0.015351,0.014620,0.000000,0.161616,0.336700,0.188552,0.313131,0.511673,0.050584,0.190661,0.007782,0.134241,0.003891,0.017510,0.083658
N20002801,0.144860,0.780374,0.074766,0.041573,0.080843,0.352113,0.131455,0.070423,0.108245,0.019102,0.018192,0.000000,0.172840,0.395062,0.160494,0.271605,0.582160,0.037559,0.140845,0.004695,0.112676,0.018779,0.009390,0.093897
N20002802,0.024096,0.871851,0.104053,0.004403,0.119116,0.460613,0.078775,0.047046,0.129967,0.020962,0.010481,0.004891,0.232877,0.338356,0.335616,0.093151,0.555921,0.018640,0.183114,0.002193,0.209430,0.006579,0.005482,0.018640
N20002803,0.081633,0.764172,0.154195,0.020408,0.147392,0.326531,0.136054,0.077098,0.054237,0.009413,0.013447,0.000000,0.248252,0.370629,0.220280,0.160839,0.585973,0.036199,0.203620,0.000000,0.117647,0.009050,0.018100,0.029412
N20002804,0.074074,0.824477,0.101449,0.014204,0.143247,0.325243,0.173139,0.084142,0.069438,0.012051,0.017216,0.000000,0.296675,0.342711,0.245524,0.115090,0.500805,0.017713,0.173913,0.006441,0.236715,0.003221,0.024155,0.037037
N20002805,0.074689,0.802905,0.122407,0.010240,0.133466,0.274428,0.189189,0.074844,0.104287,0.016805,0.009885,0.000000,0.204706,0.362353,0.291765,0.141176,0.542620,0.024948,0.199584,0.002079,0.168399,0.006237,0.006237,0.049896
N20002806,0.086498,0.744726,0.168776,0.021508,0.168206,0.266247,0.159329,0.037736,0.090139,0.014525,0.008544,0.000000,0.265306,0.380952,0.199546,0.154195,0.592827,0.027426,0.141350,0.010549,0.175105,0.002110,0.023207,0.027426
N20002807,0.074468,0.858156,0.067376,0.018130,0.104635,0.285211,0.239437,0.109155,0.095323,0.015360,0.009035,0.000000,0.195266,0.313609,0.325444,0.165680,0.617857,0.035714,0.171429,0.000000,0.135714,0.000000,0.007143,0.032143
N20002808,0.071756,0.841221,0.087023,0.012214,0.154198,0.311450,0.206107,0.051908,0.082700,0.014353,0.020504,0.000000,0.231760,0.399142,0.208155,0.160944,0.629969,0.015291,0.146789,0.001529,0.140673,0.004587,0.015291,0.045872
N20002809,0.059098,0.828927,0.111975,0.009331,0.104199,0.415241,0.122862,0.052877,0.104526,0.016859,0.008429,0.003934,0.267108,0.368653,0.282561,0.081678,0.590343,0.021807,0.188474,0.000000,0.119938,0.001558,0.032710,0.045171
N20002810,0.064439,0.778043,0.157518,0.021684,0.162841,0.277910,0.163895,0.059382,0.090781,0.014628,0.008605,0.000000,0.195122,0.362805,0.292683,0.149390,0.553699,0.019093,0.202864,0.000000,0.164678,0.009547,0.004773,0.045346
N20002811,0.078652,0.772472,0.148876,0.011236,0.115169,0.308989,0.120787,0.106742,0.058393,0.053594,0.008799,0.000000,0.014652,0.289377,0.282051,0.413919,0.646067,0.011236,0.171348,0.005618,0.120787,0.002809,0.002809,0.039326
N20002812,0.046693,0.774319,0.178988,0.027161,0.118069,0.328125,0.128906,0.062500,0.085215,0.035584,0.013578,0.002341,0.174528,0.264151,0.301887,0.259434,0.494163,0.007782,0.151751,0.011673,0.198444,0.003891,0.035019,0.097276
N20002813,0.042918,0.718884,0.238197,0.019263,0.116734,0.281720,0.139785,0.070968,0.053023,0.048665,0.007990,0.000000,0.021226,0.247642,0.212264,0.518868,0.626609,0.032189,0.178112,0.000000,0.118026,0.002146,0.006438,0.036481
N20002814,0.109890,0.764521,0.125589,0.009103,0.131450,0.233071,0.187402,0.108661,0.082757,0.013335,0.007844,0.000000,0.175365,0.398747,0.269311,0.156576,0.560440,0.021978,0.202512,0.004710,0.120879,0.000000,0.017268,0.072214
N20002815,0.042254,0.672535,0.285211,0.024832,0.090654,0.268293,0.160279,0.062718,0.043796,0.040197,0.006599,0.000000,0.039301,0.240175,0.248908,0.471616,0.537102,0.028269,0.176678,0.000000,0.212014,0.000000,0.003534,0.042403
N20002816,0.052478,0.690962,0.256560,0.020501,0.138637,0.223837,0.148256,0.090116,0.043566,0.039985,0.006565,0.000000,0.055556,0.218750,0.322917,0.402778,0.588921,0.005831,0.206997,0.002915,0.148688,0.005831,0.011662,0.029155
N20002817,0.058537,0.690244,0.251220,0.014741,0.116035,0.255474,0.175182,0.068127,0.042632,0.026235,0.006012,0.000547,0.051282,0.279202,0.207977,0.461538,0.555825,0.016990,0.179612,0.000000,0.172330,0.004854,0.019417,0.050971
N20002818,0.053254,0.666667,0.280079,0.013884,0.068241,0.279528,0.165354,0.076772,0.043393,0.026703,0.006119,0.000556,0.006438,0.173820,0.180258,0.639485,0.581028,0.023715,0.191700,0.000000,0.160079,0.000000,0.003953,0.039526
N20002819,0.052252,0.713514,0.234234,0.016216,0.102703,0.302703,0.154955,0.066667,0.053906,0.022510,0.008589,0.001481,0.028889,0.284444,0.191111,0.495556,0.616906,0.012590,0.163669,0.000000,0.160072,0.000000,0.005396,0.041367
N20002820,0.127321,0.732095,0.140584,0.026257,0.109755,0.305851,0.188830,0.047872,0.049730,0.020767,0.007924,0.001366,0.230769,0.301282,0.205128,0.262821,0.566845,0.045455,0.155080,0.000000,0.187166,0.002674,0.013369,0.029412
N20002821,0.060317,0.693651,0.246032,0.018982,0.121314,0.211447,0.209857,0.042925,0.061105,0.037603,0.008617,0.000783,0.080074,0.201117,0.236499,0.482309,0.600634,0.009509,0.155309,0.004754,0.166403,0.000000,0.009509,0.053883
N20002822,0.091222,0.709122,0.199656,0.020654,0.148021,0.194492,0.153184,0.070568,0.089041,0.037182,0.014188,0.002446,0.187500,0.310606,0.339015,0.162879,0.523973,0.008562,0.179795,0.000000,0.155822,0.005137,0.011986,0.114726
N20002823,0.107246,0.727536,0.165217,0.017391,0.143478,0.281159,0.146377,0.042029,0.071362,0.029799,0.011371,0.001960,0.354167,0.384470,0.111742,0.149621,0.442197,0.034682,0.199422,0.008671,0.219653,0.015896,0.036127,0.043353
N20002824,0.169421,0.607438,0.223140,0.028343,0.113662,0.282158,0.112033,0.029046,0.043966,0.018360,0.007006,0.001208,0.331492,0.458564,0.143646,0.066298,0.502058,0.082305,0.185185,0.000000,0.086420,0.008230,0.020576,0.115226
N20002825,0.127955,0.741307,0.130737,0.012997,0.130504,0.333795,0.137119,0.040166,0.077857,0.014909,0.006626,0.000331,0.492119,0.348511,0.098074,0.061296,0.421053,0.074792,0.278393,0.013850,0.139889,0.013850,0.018006,0.040166
N20002826,0.086655,0.771231,0.142114,0.020797,0.136915,0.306759,0.145581,0.057192,0.097422,0.018655,0.008291,0.000415,0.533019,0.351415,0.063679,0.051887,0.446181,0.043403,0.263889,0.003472,0.133681,0.022569,0.050347,0.036458
N20002827,0.132505,0.695652,0.171843,0.027133,0.135735,0.268595,0.086777,0.039256,0.129046,0.024711,0.010983,0.000549,0.404018,0.424107,0.109375,0.062500,0.356108,0.072464,0.308489,0.020704,0.163561,0.008282,0.026915,0.043478
N20002828,0.122340,0.643617,0.234043,0.037460,0.150248,0.111406,0.161804,0.079576,0.093196,0.036857,0.010531,0.000000,0.300000,0.400000,0.156667,0.143333,0.375000,0.047872,0.308511,0.018617,0.164894,0.007979,0.029255,0.047872
N20002829,0.065719,0.703375,0.230906,0.019620,0.112949,0.140071,0.196809,0.090426,0.108136,0.042766,0.012219,0.000000,0.084034,0.331933,0.212185,0.371849,0.541741,0.028419,0.204263,0.008881,0.134991,0.000000,0.007105,0.074600
N20002830,0.152130,0.651116,0.196755,0.030426,0.139959,0.196755,0.119675,0.068966,0.102335,0.016028,0.007398,0.000000,0.314706,0.329412,0.194118,0.161765,0.425403,0.092742,0.227823,0.012097,0.137097,0.010081,0.028226,0.066532
N20002831,0.106109,0.665595,0.228296,0.023042,0.090515,0.217252,0.162939,0.115016,0.052949,0.020940,0.005983,0.000000,0.083700,0.237885,0.167401,0.511013,0.487261,0.031847,0.213376,0.003185,0.146497,0.009554,0.012739,0.095541
N20002832,0.132710,0.704673,0.162617,0.020978,0.127392,0.307263,0.094972,0.031657,0.111948,0.021437,0.009528,0.000476,0.428884,0.417943,0.078775,0.074398,0.414179,0.050373,0.270522,0.011194,0.164179,0.003731,0.048507,0.037313
N20002833,0.076923,0.669975,0.253102,0.017222,0.120224,0.191542,0.156716,0.084577,0.077506,0.030652,0.008758,0.000000,0.054755,0.265130,0.219020,0.461095,0.550868,0.037221,0.200993,0.000000,0.126551,0.000000,0.012407,0.071960
N20002834,0.071633,0.747851,0.180516,0.016878,0.093672,0.181556,0.247839,0.080692,0.095522,0.037777,0.010793,0.000000,0.119298,0.347368,0.150877,0.382456,0.596542,0.017291,0.149856,0.002882,0.170029,0.000000,0.002882,0.060519
N20002835,0.124803,0.627172,0.248025,0.029109,0.110426,0.172249,0.146730,0.046252,0.123292,0.019311,0.008913,0.000000,0.221649,0.281787,0.221649,0.274914,0.437898,0.062102,0.221338,0.009554,0.152866,0.003185,0.015924,0.097134
N20002836,0.222222,0.613757,0.164021,0.042010,0.140258,0.238516,0.111307,0.040636,0.067571,0.010583,0.004885,0.000000,0.469474,0.341053,0.090526,0.098947,0.386926,0.120141,0.217314,0.005300,0.173145,0.017668,0.030035,0.049470
N20002837,0.685990,0.285024,0.028986,0.009662,0.004831,0.144928,0.026570,0.000000,0.063135,0.022130,0.014970,0.008461,0.149560,0.269795,0.381232,0.199413,0.207229,0.510843,0.187952,0.000000,0.036145,0.019277,0.014458,0.024096
N20002838,0.605523,0.349112,0.045365,0.026212,0.033841,0.202956,0.058128,0.000985,0.022801,0.005067,0.014477,0.010858,0.219570,0.258950,0.371122,0.150358,0.242126,0.412402,0.187992,0.004921,0.078740,0.030512,0.005906,0.037402
N20002839,0.726974,0.258224,0.014803,0.025161,0.016049,0.148270,0.032949,0.008237,0.030621,0.010733,0.007261,0.004104,0.195219,0.300797,0.404382,0.099602,0.208809,0.569331,0.153344,0.006525,0.019576,0.014682,0.004894,0.022838
N20002840,0.455344,0.505124,0.039531,0.016105,0.036603,0.245974,0.166911,0.000000,0.023844,0.005299,0.015139,0.011354,0.223423,0.257658,0.401802,0.117117,0.361640,0.355783,0.144949,0.002928,0.101025,0.020498,0.002928,0.010249
N20002841,0.951264,0.039711,0.009025,0.019856,0.005415,0.005415,0.018051,0.000000,0.009964,0.000433,0.000433,0.000000,0.237705,0.194672,0.467213,0.100410,0.041516,0.815884,0.111913,0.009025,0.009025,0.009025,0.000000,0.003610
N20002842,0.959100,0.026585,0.014315,0.012379,0.006093,0.002049,0.000000,0.000000,0.010712,0.003755,0.002540,0.001436,0.163317,0.243719,0.432161,0.160804,0.040900,0.723926,0.186094,0.002045,0.000000,0.032720,0.000000,0.014315
N20002843,0.622556,0.348872,0.028571,0.015038,0.018045,0.168421,0.144361,0.003008,0.006445,0.001432,0.004092,0.003069,0.068273,0.265060,0.341365,0.325301,0.260150,0.428571,0.177444,0.004511,0.063158,0.013534,0.009023,0.043609
N20002844,0.453358,0.483209,0.063433,0.016791,0.018657,0.175373,0.151119,0.003731,0.078023,0.027348,0.018500,0.010457,0.183857,0.248879,0.452915,0.114350,0.320896,0.348881,0.162313,0.016791,0.089552,0.009328,0.000000,0.052239
N20002845,0.900131,0.089356,0.010512,0.022339,0.007884,0.063075,0.006570,0.000000,0.006869,0.002408,0.001629,0.000921,0.351946,0.262267,0.262267,0.123519,0.081472,0.739816,0.119580,0.000000,0.010512,0.026281,0.005256,0.017083
N20002846,0.117021,0.817629,0.065350,0.004388,0.053550,0.438356,0.251142,0.006088,0.029354,0.006523,0.018638,0.013978,0.101365,0.239766,0.360624,0.298246,0.656012,0.092846,0.124810,0.006088,0.086758,0.003044,0.006088,0.024353
N20002847,0.991055,0.008945,0.000000,0.016100,0.003578,0.003578,0.001789,0.000000,0.000000,0.000000,0.000000,0.000000,0.205298,0.238411,0.386313,0.169978,0.010791,0.816547,0.152878,0.000000,0.001799,0.016187,0.000000,0.001799
N20002848,0.805353,0.178832,0.015815,0.023114,0.014599,0.080292,0.049878,0.008516,0.013579,0.002762,0.004603,0.004603,0.208398,0.237947,0.443235,0.110420,0.154501,0.565693,0.184915,0.002433,0.027981,0.046229,0.006083,0.012165
N20002849,0.820922,0.148936,0.030142,0.033688,0.010638,0.067376,0.051418,0.000000,0.010367,0.002108,0.003514,0.003514,0.235566,0.311778,0.175520,0.277136,0.118794,0.585106,0.228723,0.003546,0.024823,0.008865,0.000000,0.030142
N20002850,0.890351,0.078947,0.030702,0.021930,0.015351,0.032895,0.021930,0.004386,0.003880,0.000000,0.000506,0.000000,0.137209,0.244186,0.295349,0.323256,0.107456,0.583333,0.164474,0.002193,0.010965,0.019737,0.004386,0.107456
N20002851,0.850394,0.128234,0.021372,0.032621,0.016873,0.051744,0.043870,0.001125,0.012936,0.000000,0.001687,0.000000,0.233333,0.339744,0.284615,0.142308,0.112486,0.582677,0.205849,0.006749,0.015748,0.021372,0.005624,0.049494
N20002852,0.938944,0.024752,0.036304,0.052805,0.001650,0.008251,0.008251,0.000000,0.005839,0.000000,0.000762,0.000000,0.292157,0.264706,0.292157,0.150980,0.057756,0.716172,0.155116,0.003300,0.003300,0.009901,0.000000,0.054455
N20002853,0.249012,0.729908,0.021080,0.007905,0.061924,0.467721,0.106719,0.001318,0.049021,0.009970,0.016617,0.016617,0.177446,0.228856,0.464345,0.129353,0.570487,0.191041,0.110672,0.002635,0.088274,0.007905,0.017128,0.011858
N20002854,0.913242,0.052511,0.034247,0.031963,0.006849,0.022831,0.018265,0.000000,0.002796,0.000466,0.000373,0.000932,0.003226,0.232258,0.267742,0.496774,0.073059,0.602740,0.253425,0.000000,0.000000,0.011416,0.004566,0.054795
N20002855,0.538272,0.417284,0.044444,0.033345,0.023195,0.137931,0.226601,0.004926,0.015080,0.002513,0.002011,0.005027,0.069444,0.166667,0.284722,0.479167,0.370370,0.343210,0.128395,0.002469,0.061728,0.009877,0.002469,0.081481
N20002856,0.902062,0.069588,0.028351,0.025773,0.012887,0.010309,0.025773,0.002577,0.015960,0.000000,0.002082,0.000000,0.263538,0.292419,0.332130,0.111913,0.077320,0.664948,0.182990,0.000000,0.000000,0.020619,0.002577,0.051546
N20002857,0.343173,0.586716,0.070111,0.026507,0.060790,0.188889,0.277778,0.005556,0.032880,0.005480,0.004384,0.010960,0.148780,0.187805,0.307317,0.356098,0.440741,0.218519,0.218519,0.001852,0.059259,0.027778,0.001852,0.031481
N20002858,0.822612,0.128655,0.048733,0.043971,0.014092,0.066019,0.033010,0.000000,0.009511,0.001585,0.001268,0.003170,0.036269,0.108808,0.303109,0.551813,0.111328,0.509766,0.269531,0.000000,0.015625,0.007812,0.000000,0.085938
N20002859,0.954663,0.025907,0.019430,0.012878,0.002621,0.015524,0.007762,0.000000,0.000000,0.000000,0.000000,0.000000,0.208333,0.280449,0.419872,0.091346,0.031088,0.742228,0.160622,0.002591,0.007772,0.041451,0.002591,0.011658
N20002860,0.862069,0.098522,0.039409,0.024631,0.020936,0.036946,0.017241,0.001232,0.020394,0.000887,0.000887,0.000000,0.256078,0.256078,0.346840,0.141005,0.083744,0.715517,0.137931,0.009852,0.008621,0.018473,0.008621,0.017241
N20002861,0.935484,0.049462,0.015054,0.032050,0.004398,0.015021,0.010730,0.000000,0.010266,0.002088,0.003480,0.003480,0.190821,0.311594,0.265700,0.231884,0.040860,0.623656,0.277419,0.004301,0.006452,0.027957,0.002151,0.017204
N20002862,0.932710,0.048598,0.018692,0.011215,0.011215,0.020561,0.007477,0.000000,0.008598,0.000374,0.000374,0.000000,0.232394,0.223005,0.347418,0.197183,0.065299,0.725746,0.128731,0.000000,0.007463,0.052239,0.000000,0.020522
N20002863,0.905609,0.076607,0.017784,0.023256,0.010944,0.016416,0.025992,0.001368,0.020137,0.000876,0.000876,0.000000,0.190236,0.257576,0.420875,0.131313,0.076607,0.666211,0.195622,0.010944,0.006840,0.024624,0.004104,0.015048
N20002864,0.986767,0.013233,0.000000,0.026241,-0.001805,0.005639,0.000000,0.000000,0.008647,0.000376,0.000376,0.000000,0.188940,0.223502,0.476959,0.110599,0.026515,0.744318,0.195076,0.000000,0.005682,0.013258,0.001894,0.013258
N20002865,0.896309,0.073814,0.029877,0.017575,0.007030,0.050967,0.001757,0.000000,0.012605,0.000485,0.000000,0.000970,0.116803,0.362705,0.360656,0.159836,0.099825,0.674256,0.178634,0.001751,0.007005,0.024518,0.000000,0.014011
N20002866,0.916300,0.077827,0.005874,0.011329,0.001803,0.035088,0.032164,0.000000,0.008772,0.000000,0.000000,0.000000,0.275000,0.305357,0.328571,0.091071,0.073529,0.688235,0.198529,0.004412,0.007353,0.022059,0.001471,0.004412
N20002867,0.129464,0.825893,0.044643,0.002232,0.043527,0.243304,0.316964,0.008929,0.150964,0.008345,0.028827,0.025034,0.187761,0.290682,0.356050,0.165508,0.636465,0.070470,0.120805,0.001119,0.107383,0.019016,0.013423,0.031320
N20002868,0.740645,0.233548,0.025806,0.011613,0.021935,0.113548,0.043871,0.010323,0.039333,0.001513,0.000000,0.003026,0.274478,0.301766,0.314607,0.109149,0.206186,0.541237,0.180412,0.005155,0.012887,0.033505,0.001289,0.019330
N20002869,0.913559,0.071186,0.015254,0.023542,0.010273,0.032149,0.025381,0.000000,0.003384,0.000000,0.000000,0.000000,0.061475,0.198770,0.383197,0.356557,0.067797,0.635593,0.216949,0.003390,0.013559,0.006780,0.008475,0.047458
N20002870,0.872727,0.093939,0.033333,0.033333,0.012121,0.027273,0.040909,0.000000,0.013636,0.000000,0.000000,0.000000,0.148026,0.277961,0.340461,0.233553,0.124431,0.614568,0.213961,0.001517,0.015175,0.018209,0.006070,0.006070
N20002871,0.572716,0.391248,0.036036,0.012149,0.027846,0.210052,0.086340,0.016753,0.036534,0.003479,0.000966,0.009278,0.303226,0.274194,0.329032,0.093548,0.325611,0.397683,0.158301,0.010296,0.055341,0.023166,0.009009,0.020592
N20002872,0.274788,0.688385,0.036827,0.002833,0.049575,0.185552,0.318697,0.007082,0.090279,0.004990,0.017239,0.014971,0.222836,0.259669,0.331492,0.186004,0.536827,0.206799,0.131728,0.001416,0.077904,0.007082,0.005666,0.032578
N20002873,0.967871,0.016064,0.016064,0.036145,0.004016,0.008032,0.002008,0.000000,0.001268,0.000528,0.000211,0.000000,0.224359,0.324786,0.331197,0.119658,0.024242,0.755556,0.153535,0.000000,0.006061,0.014141,0.000000,0.046465
N20002874,0.936548,0.032995,0.030457,0.015029,0.002615,0.010127,0.010127,0.000000,0.006396,0.002665,0.001066,0.000000,0.274448,0.337539,0.271293,0.116719,0.040609,0.682741,0.210660,0.000000,0.005076,0.022843,0.005076,0.032995
N20002875,0.919929,0.067616,0.012456,0.026690,0.012456,0.007117,0.019573,0.012456,0.010114,0.004214,0.001686,0.000000,0.090686,0.200980,0.348039,0.360294,0.063943,0.554174,0.238011,0.008881,0.003552,0.014210,0.007105,0.110124
N20002876,0.301294,0.648799,0.049908,0.005545,0.036969,0.232902,0.197782,0.009242,0.124961,0.011901,0.003306,0.031736,0.196172,0.282297,0.433014,0.088517,0.486085,0.181818,0.191095,0.009276,0.072356,0.022263,0.009276,0.027829
N20002877,0.603321,0.363469,0.033210,0.019527,0.020927,0.156538,0.136280,0.001842,0.034807,0.003315,0.000921,0.008840,0.338346,0.265664,0.303258,0.092732,0.318015,0.406250,0.185662,0.003676,0.038603,0.031250,0.005515,0.011029
N20002878,0.947242,0.033573,0.019185,0.021583,0.009592,0.004796,0.007194,0.000000,0.007573,0.003155,0.001262,0.000000,0.085174,0.233438,0.347003,0.334385,0.079137,0.594724,0.213429,0.014388,0.000000,0.004796,0.000000,0.093525
N20002879,0.466981,0.493396,0.039623,0.021175,0.043820,0.209237,0.132893,0.011310,0.069883,0.006656,0.001849,0.017748,0.237864,0.330097,0.283981,0.148058,0.333019,0.301887,0.221698,0.004717,0.061321,0.026415,0.008491,0.042453
N20002880,0.560284,0.374113,0.065603,0.023050,0.035461,0.132979,0.129433,0.001773,0.047840,0.009478,0.005416,0.011734,0.241736,0.198347,0.276860,0.283058,0.308511,0.352837,0.198582,0.005319,0.044326,0.021277,0.015957,0.053191
N20002881,0.337308,0.599659,0.063032,0.015941,0.056070,0.270085,0.189744,0.010256,0.047221,0.009355,0.005346,0.011582,0.163717,0.276549,0.272124,0.287611,0.504259,0.137990,0.238501,0.003407,0.051107,0.018739,0.005111,0.040886
N20002882,0.817058,0.161928,0.021014,0.009413,0.010264,0.051788,0.059186,0.003699,0.033165,0.001276,0.000000,0.002551,0.287926,0.266254,0.348297,0.097523,0.112346,0.570370,0.222222,0.004938,0.018519,0.040741,0.009877,0.020988
N20002883,0.491262,0.464078,0.044660,0.033010,0.060194,0.170874,0.166990,0.003883,0.039918,0.007908,0.004519,0.009791,0.153652,0.332494,0.254408,0.259446,0.394175,0.196117,0.250485,0.001942,0.054369,0.025243,0.013592,0.064078
N20002884,0.536082,0.385862,0.078056,0.009612,0.044685,0.108824,0.147059,0.014706,0.045348,0.008984,0.005134,0.011123,0.188291,0.205696,0.382911,0.223101,0.285081,0.324963,0.231905,0.010340,0.069424,0.026588,0.008863,0.042836
N20002885,0.933333,0.038994,0.027673,0.031447,0.003774,0.008805,0.017610,0.000000,0.006887,0.000174,0.000436,0.001308,0.208511,0.236879,0.368794,0.185816,0.051572,0.706918,0.153459,0.006289,0.012579,0.023899,0.002516,0.042767
N20002886,0.487129,0.485149,0.027723,0.020726,0.036532,0.154150,0.144269,0.003953,0.114390,0.002896,0.007240,0.021720,0.187192,0.302956,0.327586,0.182266,0.284585,0.347826,0.195652,0.000000,0.106719,0.023715,0.000000,0.041502
N20002887,0.919075,0.038150,0.042775,0.009353,0.006900,0.003472,0.010417,0.000000,0.015565,0.000599,0.000000,0.001197,0.243394,0.353268,0.251739,0.151599,0.045087,0.613873,0.277457,0.001156,0.001156,0.032370,0.005780,0.023121
N20002888,0.919210,0.059246,0.021544,0.014022,0.010945,0.032200,0.016100,0.000000,0.000000,0.000000,0.000000,0.000000,0.174107,0.274554,0.435268,0.116071,0.055655,0.552962,0.351885,0.000000,0.014363,0.007181,0.000000,0.017953
N20002889,0.367171,0.609071,0.023758,0.018784,0.026276,0.326882,0.165591,0.004301,0.051938,0.008115,0.003246,0.022723,0.252101,0.232493,0.366947,0.148459,0.473002,0.244060,0.168467,0.015119,0.056156,0.002160,0.010799,0.030238
N20002890,0.884375,0.090625,0.025000,0.006250,0.001562,0.048438,0.009375,0.000000,0.024443,0.000619,0.001547,0.004641,0.165984,0.243852,0.465164,0.125000,0.079687,0.681250,0.192188,0.003125,0.007812,0.009375,0.000000,0.026562
N20002891,0.524359,0.426923,0.048718,0.017949,0.029487,0.183333,0.133333,0.000000,0.048766,0.007620,0.003048,0.021335,0.218855,0.289562,0.375421,0.116162,0.243934,0.319285,0.206897,0.002554,0.106003,0.019157,0.007663,0.094508
N20002892,0.809605,0.161235,0.029160,0.027819,0.020342,0.037801,0.046392,0.000000,0.034235,0.005349,0.002140,0.014978,0.205761,0.242798,0.376543,0.174897,0.097770,0.668954,0.147513,0.003431,0.025729,0.032590,0.001715,0.022298
N20002893,0.776224,0.202797,0.020979,0.026224,0.026224,0.034965,0.101399,0.000000,0.024278,0.003793,0.001517,0.010621,0.205628,0.246753,0.402597,0.145022,0.131119,0.506993,0.263986,0.000000,0.055944,0.008741,0.005245,0.027972
N20002894,0.768621,0.194929,0.036450,0.032028,0.011963,0.066246,0.072555,0.001577,0.026986,0.005481,0.002952,0.007168,0.337017,0.292818,0.270718,0.099448,0.148265,0.528391,0.198738,0.007886,0.026814,0.039432,0.007886,0.042587
N20002895,0.715068,0.186301,0.098630,0.038356,0.035616,0.030137,0.046575,0.002740,0.045138,0.009169,0.004937,0.011990,0.200627,0.272727,0.263323,0.263323,0.160221,0.439227,0.160221,0.002762,0.038674,0.022099,0.008287,0.168508
N20002896,0.598446,0.305699,0.095855,0.009298,0.036966,0.062016,0.100775,0.007752,0.069789,0.005275,0.002029,0.021099,0.406528,0.350148,0.142433,0.100890,0.209302,0.348837,0.245478,0.015504,0.064599,0.028424,0.018088,0.069767
N20002897,0.628821,0.253275,0.117904,0.034934,0.026201,0.082969,0.109170,0.000000,0.022137,0.004497,0.002421,0.005880,0.082192,0.246575,0.260274,0.410959,0.275109,0.323144,0.161572,0.000000,0.008734,0.026201,0.000000,0.205240
N20002898,0.640625,0.283482,0.075893,0.037946,0.037946,0.127232,0.060268,0.002232,0.035361,0.007183,0.003868,0.009393,0.226586,0.293051,0.268882,0.211480,0.281250,0.256696,0.220982,0.006696,0.026786,0.004464,0.022321,0.180804
N20002899,0.497345,0.421239,0.081416,0.035398,0.040708,0.097345,0.200000,0.007080,0.039037,0.011810,0.001640,0.023619,0.076923,0.097713,0.301455,0.523909,0.369912,0.228319,0.217699,0.000000,0.028319,0.010619,0.005310,0.139823
N20002900,0.715311,0.222488,0.062201,0.045431,0.041765,0.079518,0.072289,0.002410,0.018839,0.001424,0.000548,0.005696,0.418994,0.329609,0.212291,0.039106,0.170673,0.449519,0.204327,0.004808,0.036058,0.074519,0.007212,0.052885
N20002901,0.623656,0.275986,0.100358,0.077227,0.036700,0.078571,0.125000,0.000000,0.022631,0.004597,0.002475,0.006011,0.048673,0.234513,0.261062,0.455752,0.186380,0.247312,0.175627,0.003584,0.014337,0.021505,0.003584,0.347670
N20002902,0.536082,0.362887,0.101031,0.016495,0.035052,0.063918,0.150515,0.002062,0.070552,0.014331,0.007717,0.018740,0.068783,0.166667,0.275132,0.489418,0.256198,0.210744,0.243802,0.010331,0.070248,0.028926,0.010331,0.169421
N20002903,0.690821,0.252818,0.056361,0.037100,0.018190,0.080906,0.093851,0.004854,0.039102,0.002955,0.001137,0.011822,0.293358,0.308118,0.210332,0.188192,0.204509,0.386473,0.204509,0.004831,0.048309,0.045089,0.004831,0.101449
N20002904,0.605769,0.269231,0.125000,0.024449,0.030905,0.059581,0.104670,0.006441,0.034691,0.010495,0.001458,0.020990,0.072016,0.152263,0.331276,0.444444,0.209340,0.264090,0.204509,0.000000,0.030596,0.024155,0.004831,0.262480
N20002905,0.493421,0.379386,0.127193,0.037281,0.046053,0.096491,0.120614,0.002193,0.072260,0.014678,0.007903,0.019194,0.094675,0.251479,0.360947,0.292899,0.256579,0.258772,0.252193,0.000000,0.050439,0.026316,0.010965,0.144737
N20002906,0.812689,0.120846,0.066465,0.052083,0.017816,0.030303,0.048485,0.000000,0.012435,0.003762,0.000522,0.007524,0.058366,0.194553,0.241245,0.505837,0.138973,0.489426,0.229607,0.006042,0.006042,0.024169,0.000000,0.105740
N20002907,0.335034,0.566327,0.098639,0.021576,0.048439,0.117547,0.250426,0.011925,0.070779,0.021412,0.002974,0.042824,0.016194,0.194332,0.301619,0.487854,0.424191,0.149915,0.206133,0.000000,0.088586,0.005111,0.001704,0.124361
N20002908,0.623841,0.279470,0.096689,0.019868,0.034437,0.067550,0.096689,0.003974,0.039404,0.011921,0.001656,0.023841,0.132047,0.330861,0.321958,0.215134,0.222517,0.324503,0.239735,0.001325,0.056954,0.009272,0.009272,0.136424
N20002909,0.553681,0.357362,0.088957,0.026158,0.045435,0.136086,0.087156,0.007645,0.057599,0.004353,0.001674,0.017414,0.239754,0.204918,0.282787,0.272541,0.241960,0.316998,0.232772,0.007657,0.058193,0.006126,0.007657,0.128637
N20002910,0.587037,0.342593,0.070370,0.034357,0.033905,0.120148,0.107209,0.009242,0.051237,0.003873,0.001489,0.015490,0.405983,0.290598,0.211538,0.091880,0.209647,0.395176,0.220779,0.009276,0.057514,0.029685,0.025974,0.051948
N20002911,0.649168,0.321383,0.029449,0.017454,0.006805,0.156010,0.090793,0.000000,0.040070,0.013051,0.002290,0.012364,0.288189,0.233071,0.359055,0.119685,0.238520,0.468112,0.173469,0.006378,0.042092,0.040816,0.011480,0.019133
N20002912,0.524964,0.402282,0.072753,0.022107,0.027997,0.151429,0.125714,0.001429,0.068028,0.005142,0.001978,0.020567,0.120419,0.359511,0.270506,0.249564,0.318117,0.236805,0.246790,0.007133,0.058488,0.031384,0.018545,0.082739
N20002913,0.188889,0.757778,0.053333,0.011505,0.043809,0.410200,0.161863,0.008869,0.077966,0.016088,0.000000,0.038983,0.176471,0.302521,0.313725,0.207283,0.569845,0.113082,0.190687,0.000000,0.088692,0.011086,0.000000,0.026608
N20002914,0.397906,0.574171,0.027923,0.040140,0.036649,0.254799,0.127400,0.006981,0.086935,0.017939,0.000000,0.043468,0.215556,0.271111,0.397778,0.115556,0.381786,0.257443,0.206655,0.005254,0.077058,0.005254,0.024518,0.042032
N20002915,0.363095,0.602679,0.034226,0.016369,0.017857,0.223214,0.208333,0.008929,0.085339,0.027796,0.004877,0.026333,0.193322,0.328647,0.397188,0.080844,0.427300,0.255193,0.164688,0.008902,0.071217,0.023739,0.020772,0.028190
N20002916,0.831210,0.143312,0.025478,0.027070,0.009554,0.055732,0.050955,0.001592,0.011607,0.003397,0.000000,0.010474,0.182149,0.213115,0.369763,0.234973,0.122611,0.547771,0.237261,0.009554,0.007962,0.031847,0.001592,0.041401
N20002917,0.620690,0.347962,0.031348,0.017241,0.032915,0.108150,0.150470,0.000000,0.025705,0.007524,0.000000,0.023197,0.230483,0.237918,0.343866,0.187732,0.227273,0.442006,0.246082,0.003135,0.042320,0.025078,0.007837,0.006270
N20002918,0.703151,0.266998,0.029851,0.013782,0.017829,0.107973,0.104651,0.001661,0.020624,0.006717,0.001179,0.006364,0.277445,0.245509,0.337325,0.139721,0.213930,0.494196,0.192371,0.003317,0.053068,0.031509,0.003317,0.008292
N20002919,0.590253,0.389892,0.019856,0.023466,0.034296,0.184116,0.146209,0.000000,0.014810,0.003056,0.000000,0.007405,0.238397,0.282700,0.324895,0.154008,0.294224,0.438628,0.164260,0.001805,0.066787,0.005415,0.012635,0.016245
N20002920,0.389552,0.586567,0.023881,0.020896,0.032836,0.280597,0.176119,0.017910,0.046768,0.015233,0.002672,0.014431,0.157495,0.235294,0.472486,0.134725,0.433483,0.222720,0.200299,0.001495,0.083707,0.019432,0.016442,0.022422
N20002921,0.351931,0.583691,0.064378,0.012876,0.032189,0.178112,0.248927,0.019313,0.094273,0.006043,0.001209,0.003626,0.183133,0.327711,0.320482,0.168675,0.416309,0.158798,0.229614,0.002146,0.096567,0.027897,0.008584,0.060086
N20002922,0.478682,0.459302,0.062016,0.018181,0.041191,0.146435,0.210019,0.003854,0.051824,0.003322,0.000664,0.001993,0.105386,0.266979,0.295082,0.332553,0.312016,0.257752,0.234496,0.003876,0.110465,0.011628,0.009690,0.060078
N20002923,0.519231,0.411538,0.069231,0.030725,0.024565,0.116858,0.172414,0.005747,0.082442,0.005285,0.001057,0.003171,0.099338,0.251656,0.313466,0.335541,0.317308,0.255769,0.225000,0.000000,0.065385,0.032692,0.011538,0.092308
N20002924,0.432602,0.479624,0.087774,0.027281,0.036744,0.142410,0.217527,0.009390,0.065944,0.004227,0.000845,0.002536,0.132597,0.232044,0.333333,0.302026,0.346395,0.227273,0.194357,0.001567,0.098746,0.007837,0.017241,0.106583
N20002925,0.594444,0.364815,0.040741,0.008493,0.030249,0.025878,0.247689,0.000000,0.027788,0.008133,0.000000,0.025077,0.255125,0.191344,0.425968,0.127563,0.313653,0.485240,0.123616,0.000000,0.038745,0.029520,0.003690,0.005535
N20002926,0.284298,0.694215,0.021488,0.019397,0.023685,0.307947,0.228477,0.014901,0.070476,0.022955,0.004027,0.021747,0.150985,0.301969,0.336980,0.210066,0.532895,0.156250,0.171053,0.001645,0.106908,0.009868,0.003289,0.018092
N20002927,0.833992,0.150198,0.015810,0.007905,0.017787,0.053360,0.065217,0.003953,0.004502,0.001318,0.000000,0.004062,0.176755,0.217918,0.416465,0.188862,0.147929,0.536489,0.228797,0.000000,0.017751,0.055227,0.000000,0.013807
N20002928,0.443510,0.521635,0.034856,0.008570,0.025249,0.230120,0.179518,0.019277,0.039540,0.008159,0.000000,0.019770,0.312684,0.328909,0.275811,0.082596,0.318893,0.300842,0.228640,0.003610,0.098676,0.016847,0.007220,0.025271
N20002929,0.963020,0.021572,0.015408,0.011008,-0.000100,0.001548,0.003096,0.000000,0.012255,0.001419,0.000516,0.002838,0.105925,0.281867,0.443447,0.168761,0.015432,0.671296,0.231481,0.004630,0.000000,0.052469,0.006173,0.018519
N20002930,0.823864,0.166193,0.009943,0.016771,0.010165,0.079433,0.045390,0.001418,0.021438,0.002482,0.000903,0.004965,0.175439,0.247368,0.426316,0.150877,0.147518,0.543262,0.225532,0.002837,0.048227,0.022695,0.000000,0.009929
N20002931,0.279630,0.670370,0.050000,0.021265,0.030965,0.284387,0.278810,0.005576,0.050834,0.005886,0.002140,0.011772,0.221978,0.296703,0.294505,0.186813,0.529740,0.176580,0.161710,0.000000,0.091078,0.013011,0.003717,0.024164
N20002932,0.293139,0.642412,0.064449,0.023430,0.051125,0.211618,0.234440,0.014523,0.092320,0.018950,0.007288,0.012147,0.212346,0.311111,0.246914,0.229630,0.438923,0.146998,0.180124,0.002070,0.109731,0.020704,0.022774,0.078675
N20002933,0.837728,0.152130,0.010142,0.012170,0.014199,0.032454,0.077079,0.002028,0.020888,0.002667,0.000889,0.001926,0.228438,0.305361,0.265734,0.200466,0.129032,0.588710,0.207661,0.000000,0.032258,0.030242,0.002016,0.010081
N20002934,0.199203,0.717131,0.083665,0.016838,0.041781,0.250501,0.260521,0.032064,0.093421,0.019176,0.007375,0.012292,0.164491,0.297650,0.287206,0.250653,0.541833,0.083665,0.167331,0.003984,0.129482,0.000000,0.007968,0.065737
N20002935,0.144695,0.823151,0.032154,0.006431,0.067524,0.160772,0.376206,0.067524,0.106743,0.021910,0.008427,0.014045,0.134783,0.313043,0.269565,0.282609,0.605769,0.125000,0.128205,0.000000,0.121795,0.000000,0.009615,0.009615
N20002936,0.981043,0.009479,0.009479,0.007109,0.007109,0.000000,0.002370,0.000000,0.000000,0.000000,0.000000,0.000000,0.243402,0.217009,0.299120,0.240469,0.059242,0.725118,0.158768,0.002370,0.000000,0.040284,0.002370,0.011848
N20002937,0.386838,0.548957,0.064205,0.028892,0.057785,0.173355,0.210273,0.022472,0.060088,0.012334,0.004744,0.007906,0.200422,0.331224,0.232068,0.236287,0.357372,0.213141,0.185897,0.004808,0.089744,0.009615,0.006410,0.133013
N20002938,0.095890,0.808219,0.095890,0.020362,0.080123,0.202417,0.359517,0.058912,0.081363,0.020605,0.003170,0.002113,0.038321,0.177007,0.251825,0.532847,0.621212,0.060606,0.150000,0.003030,0.098485,0.004545,0.000000,0.062121
N20002939,0.155844,0.724026,0.120130,0.022727,0.048701,0.178571,0.405844,0.000000,0.072012,0.009193,0.003064,0.006639,0.113821,0.243902,0.382114,0.260163,0.467532,0.038961,0.227273,0.000000,0.198052,0.000000,0.012987,0.055195
N20002940,0.382759,0.434483,0.182759,0.033961,0.042730,0.134021,0.163230,0.018900,0.057353,0.014524,0.002235,0.001490,0.045187,0.163065,0.225933,0.565815,0.295533,0.054983,0.130584,0.000000,0.056701,0.010309,0.003436,0.448454
N20002941,0.574405,0.328869,0.096726,0.025298,0.049107,0.065476,0.145833,0.002976,0.050009,0.005671,0.003093,0.006702,0.137990,0.294719,0.366269,0.201022,0.241071,0.297619,0.209821,0.002976,0.026786,0.008929,0.008929,0.203869
N20002942,0.450533,0.522070,0.027397,0.012177,0.022831,0.258752,0.144597,0.021309,0.055736,0.002807,0.004812,0.011227,0.153488,0.311628,0.346512,0.188372,0.347032,0.252664,0.261796,0.000000,0.089802,0.018265,0.007610,0.022831
N20002943,0.596623,0.298311,0.105066,0.049630,0.025755,0.090226,0.116541,0.001880,0.048813,0.005535,0.003019,0.006542,0.151639,0.202869,0.301230,0.344262,0.227444,0.265038,0.227444,0.005639,0.054511,0.030075,0.001880,0.187970
N20002944,0.254860,0.695464,0.049676,0.005402,0.038198,0.264642,0.247289,0.026030,0.085864,0.009942,0.003615,0.019884,0.193642,0.329480,0.300578,0.176301,0.453362,0.184382,0.149675,0.004338,0.160521,0.006508,0.021692,0.019523
N20002945,0.818605,0.116279,0.065116,0.019539,0.013475,0.023364,0.056075,0.000000,0.017725,0.004489,0.000691,0.000460,0.086705,0.127168,0.098266,0.687861,0.092593,0.356481,0.263889,0.023148,0.032407,0.027778,0.004630,0.199074
N20002946,0.716578,0.181818,0.101604,0.021390,0.029412,0.026738,0.053476,0.000000,0.054767,0.013869,0.002134,0.001423,0.059211,0.118421,0.299342,0.523026,0.085791,0.289544,0.243968,0.000000,0.016086,0.013405,0.010724,0.340483
N20002947,0.525547,0.386861,0.087591,0.074998,0.053528,0.084249,0.124542,0.000000,0.094480,0.023927,0.003681,0.002454,0.037383,0.144860,0.336449,0.481308,0.193431,0.116788,0.229927,0.003650,0.036496,0.014599,0.000000,0.405109
N20002948,0.915946,0.058096,0.025958,0.023221,0.005075,0.011097,0.033292,0.000000,0.006212,0.000719,0.000262,0.001439,0.177812,0.275076,0.360182,0.186930,0.061728,0.650617,0.229630,0.003704,0.002469,0.027160,0.007407,0.017284
N20002949,0.687873,0.220676,0.091451,0.032494,0.021473,0.071713,0.075697,0.005976,0.034994,0.003968,0.002165,0.004690,0.139205,0.218750,0.306818,0.335227,0.227545,0.327345,0.229541,0.003992,0.039920,0.015968,0.001996,0.153693
N20002950,0.610209,0.220418,0.169374,0.038116,0.022743,0.048837,0.088372,0.009302,0.038813,0.009829,0.001512,0.001008,0.028571,0.202597,0.296104,0.472727,0.114219,0.172494,0.100233,0.002331,0.009324,0.011655,0.006993,0.582751
N20002951,0.473214,0.466518,0.060268,0.003551,0.017080,0.195506,0.164045,0.002247,0.065495,0.003298,0.005654,0.013193,0.174556,0.328402,0.334320,0.162722,0.303571,0.243304,0.325893,0.000000,0.084821,0.008929,0.002232,0.031250
N20002952,0.252964,0.703557,0.043478,0.011788,0.040812,0.180392,0.296078,0.011765,0.138235,0.017647,0.005882,0.012745,0.143552,0.301703,0.304136,0.250608,0.467456,0.155819,0.183432,0.000000,0.143984,0.003945,0.003945,0.041420
N20002953,0.644714,0.273830,0.081456,0.021677,0.041718,0.099476,0.094241,0.005236,0.025326,0.002872,0.001567,0.003394,0.278177,0.287770,0.227818,0.206235,0.237435,0.412478,0.181976,0.008666,0.034662,0.032929,0.003466,0.088388
N20002954,0.703390,0.235876,0.060734,0.033898,0.019774,0.080508,0.080508,0.016949,0.026936,0.005529,0.002127,0.003544,0.112963,0.309259,0.316667,0.261111,0.197183,0.401408,0.228169,0.001408,0.018310,0.008451,0.004225,0.140845
N20002955,0.741794,0.181619,0.076586,0.032823,0.017505,0.054705,0.085339,0.008753,0.011699,0.001327,0.000724,0.001568,0.216374,0.301170,0.230994,0.251462,0.137856,0.472648,0.229759,0.010941,0.010941,0.032823,0.010941,0.094092
N20002956,0.898810,0.047619,0.053571,0.032938,0.008871,0.020864,0.010432,0.000000,0.005246,0.001431,0.000417,0.000358,0.067708,0.236111,0.241319,0.454861,0.065476,0.562500,0.226190,0.004464,0.000000,0.023810,0.002976,0.114583
N20002957,0.756757,0.133446,0.109797,0.038851,0.025338,0.015203,0.047297,0.003378,0.029730,0.008108,0.002365,0.002027,0.096907,0.204124,0.309278,0.389691,0.081356,0.359322,0.274576,0.003390,0.015254,0.016949,0.005085,0.244068
N20002958,0.725694,0.177083,0.097222,0.011409,0.013320,0.041812,0.062718,0.013937,0.031994,0.006567,0.002526,0.004210,0.031390,0.165919,0.282511,0.520179,0.163194,0.315972,0.354167,0.000000,0.031250,0.013889,0.000000,0.121528
N20002959,0.761981,0.231629,0.006390,0.014763,0.010644,0.093800,0.050874,0.000000,0.060449,0.007717,0.002572,0.005573,0.213439,0.282609,0.318182,0.185771,0.169841,0.557143,0.182540,0.000000,0.049206,0.023810,0.007937,0.009524
N20002960,0.256532,0.657957,0.085511,0.020818,0.053195,0.190476,0.257143,0.028571,0.090514,0.024686,0.007200,0.006171,0.036424,0.158940,0.317881,0.486755,0.471429,0.111905,0.166667,0.011905,0.116667,0.002381,0.004762,0.114286
N20002961,0.719231,0.146154,0.134615,0.053846,0.030769,0.026923,0.042308,0.007692,0.030488,0.001876,0.001407,0.004690,0.139676,0.279352,0.325911,0.255061,0.123077,0.382692,0.255769,0.001923,0.025000,0.025000,0.015385,0.171154
N20002962,0.653846,0.229021,0.117133,0.048629,0.023804,0.040000,0.090435,0.003478,0.050198,0.013690,0.003993,0.003423,0.034115,0.191898,0.321962,0.452026,0.177700,0.329268,0.252613,0.003484,0.036585,0.003484,0.000000,0.196864
N20002963,0.692615,0.225549,0.081836,0.027284,0.013124,0.054108,0.108216,0.008016,0.033359,0.002053,0.001540,0.005132,0.190722,0.252577,0.288660,0.268041,0.173653,0.389222,0.257485,0.013972,0.029940,0.011976,0.023952,0.099800
N20002964,0.577922,0.324675,0.097403,0.039958,0.011267,0.080775,0.174475,0.011309,0.037137,0.002285,0.001714,0.005713,0.076023,0.218324,0.323587,0.382066,0.210356,0.305825,0.258900,0.001618,0.035599,0.022654,0.001618,0.163430
N20002965,0.672451,0.219089,0.108460,0.052061,0.021692,0.060738,0.101952,0.008677,0.020634,0.001270,0.000952,0.003174,0.137500,0.277500,0.312500,0.272500,0.192225,0.365011,0.228942,0.002160,0.056156,0.023758,0.006479,0.125270
N20002966,0.837905,0.137157,0.024938,0.019950,0.014963,0.032419,0.062344,0.004988,0.017014,0.002896,0.000905,0.001629,0.105185,0.245926,0.431111,0.217778,0.117207,0.608479,0.208229,0.006234,0.014963,0.022444,0.000000,0.022444
N20002967,0.269565,0.674783,0.055652,0.013913,0.048696,0.189565,0.314783,0.029565,0.069874,0.011893,0.003717,0.006690,0.262931,0.308190,0.312500,0.116379,0.486111,0.190972,0.180556,0.000000,0.098958,0.013889,0.006944,0.022569
N20002968,0.176923,0.746154,0.076923,0.004687,0.034072,0.275064,0.318766,0.005141,0.084529,0.004257,0.007297,0.017027,0.207483,0.343537,0.183673,0.265306,0.496144,0.100257,0.192802,0.000000,0.131105,0.015424,0.005141,0.059126
N20002969,0.240891,0.668016,0.091093,0.020243,0.072874,0.210526,0.269231,0.006073,0.081690,0.004114,0.007052,0.016456,0.218462,0.240000,0.261538,0.280000,0.424242,0.147475,0.216162,0.000000,0.109091,0.008081,0.018182,0.076768
N20002970,0.885533,0.079491,0.034976,0.023847,0.007949,0.025437,0.044515,0.000000,0.001237,0.000000,0.000088,0.000265,0.115750,0.259962,0.368121,0.256167,0.061905,0.606349,0.209524,0.011111,0.011111,0.031746,0.007937,0.060317
N20002971,0.605229,0.358170,0.036601,0.024077,0.023091,0.133508,0.133508,0.013089,0.041674,0.007093,0.002217,0.003990,0.204403,0.278302,0.360063,0.157233,0.295812,0.433246,0.170157,0.002618,0.039267,0.039267,0.013089,0.006545
N20002972,0.915441,0.047794,0.036765,0.024297,0.005359,0.023985,0.009225,0.000000,0.007175,0.000000,0.000513,0.001538,0.108742,0.204691,0.296375,0.390192,0.042435,0.588561,0.206642,0.001845,0.011070,0.040590,0.003690,0.105166
N20002973,0.743412,0.231623,0.024965,0.012483,0.009709,0.110957,0.091540,0.004161,0.011565,0.001969,0.000615,0.001107,0.195000,0.266667,0.350000,0.188333,0.191401,0.502080,0.237171,0.004161,0.027739,0.027739,0.001387,0.008322
N20002974,0.659048,0.329524,0.011429,0.015784,0.016431,0.153700,0.119545,0.017078,0.017710,0.000000,0.001265,0.003795,0.117073,0.236585,0.434146,0.212195,0.203036,0.404175,0.263757,0.000000,0.066414,0.001898,0.018975,0.041746
N20002975,0.982265,0.015007,0.002729,0.017735,0.004093,0.001364,0.001364,0.005457,0.002729,0.000000,0.000000,0.000000,0.135088,0.245614,0.421053,0.198246,0.015048,0.619699,0.274966,0.004104,0.001368,0.069767,0.000000,0.015048
N20002976,0.977511,0.017991,0.004498,0.008996,0.002999,0.001499,0.004498,0.000000,0.008996,0.000000,0.000000,0.000000,0.095588,0.238971,0.398897,0.266544,0.024024,0.692192,0.213213,0.006006,0.000000,0.028529,0.012012,0.024024
N20002977,0.980392,0.014706,0.004902,0.009804,0.000000,0.000000,0.007353,0.002451,0.004902,0.000000,0.000000,0.000000,0.172911,0.299712,0.386167,0.141210,0.024510,0.649510,0.232843,0.004902,0.000000,0.041667,0.026961,0.019608
N20002978,0.970297,0.013861,0.015842,0.023762,0.005941,0.001980,0.001980,0.000000,0.003960,0.000000,0.000000,0.000000,0.114224,0.321121,0.301724,0.262931,0.063366,0.586139,0.253465,0.011881,0.005941,0.055446,0.003960,0.019802
N20002979,0.187611,0.789381,0.023009,0.005632,0.034964,0.300353,0.220848,0.010601,0.176207,0.014503,0.003626,0.028280,0.146172,0.343387,0.352668,0.157773,0.606383,0.102837,0.173759,0.000000,0.085106,0.001773,0.008865,0.021277
N20002980,0.930357,0.055357,0.014286,0.032143,0.014286,0.025000,0.014286,0.000000,0.001786,0.000000,0.000000,0.000000,0.143204,0.269417,0.427184,0.160194,0.046346,0.588235,0.281640,0.012478,0.014260,0.019608,0.000000,0.037433
N20002981,0.153846,0.807692,0.038462,0.017386,0.074217,0.292111,0.326226,0.017058,0.077634,0.006390,0.001597,0.012460,0.185090,0.254499,0.411311,0.149100,0.529661,0.105932,0.158898,0.000000,0.120763,0.014831,0.023305,0.046610
N20002982,0.868702,0.122137,0.009160,0.028520,0.004938,0.045662,0.038052,0.003044,0.020622,0.009820,0.000000,0.000000,0.260474,0.222222,0.382514,0.134791,0.084098,0.613150,0.221713,0.010703,0.039755,0.018349,0.006116,0.006116
N20002983,0.738523,0.213573,0.047904,0.020829,0.034646,0.049702,0.109344,0.000000,0.015621,0.001420,0.000710,0.002130,0.052109,0.173697,0.344913,0.429280,0.186508,0.434524,0.267857,0.000000,0.033730,0.023810,0.007937,0.045635
N20002984,0.732203,0.240678,0.027119,0.019851,0.027480,0.079526,0.071066,0.011844,0.034387,0.016375,0.000000,0.000000,0.122736,0.267606,0.422535,0.187123,0.179661,0.505085,0.242373,0.000000,0.030508,0.022034,0.000000,0.020339
N20002985,0.123478,0.846957,0.029565,0.007360,0.037598,0.320624,0.351820,0.008666,0.101514,0.008355,0.002089,0.016292,0.155361,0.312910,0.409190,0.122538,0.566957,0.043478,0.179130,0.000000,0.151304,0.015652,0.013913,0.029565
N20002986,0.655766,0.321859,0.022375,0.008606,0.005164,0.161790,0.103270,0.001721,0.039218,0.003565,0.001783,0.005348,0.169565,0.269565,0.347826,0.213043,0.176976,0.390034,0.307560,0.010309,0.072165,0.015464,0.006873,0.020619
N20002987,0.455508,0.500000,0.044492,0.011534,0.026427,0.251586,0.194503,0.000000,0.021755,0.001790,0.000448,0.003491,0.301299,0.324675,0.241558,0.132468,0.379237,0.343220,0.158898,0.002119,0.065678,0.004237,0.006356,0.040254
N20002988,0.678112,0.302575,0.019313,0.030043,0.017167,0.120172,0.100858,0.000000,0.050957,0.004194,0.001048,0.008178,0.229651,0.351744,0.316860,0.101744,0.204301,0.535484,0.152688,0.000000,0.058065,0.019355,0.006452,0.023656
N20002989,0.874545,0.116364,0.009091,0.016364,0.010909,0.034545,0.052727,0.001818,0.011085,0.005279,0.000000,0.000000,0.260417,0.283333,0.354167,0.102083,0.079855,0.626134,0.186933,0.016334,0.025408,0.045372,0.001815,0.018149
N20002990,0.839637,0.136157,0.024206,0.016641,0.006051,0.030257,0.099849,0.000000,0.000000,0.000000,0.000000,0.000000,0.156538,0.186004,0.489871,0.167587,0.089259,0.686838,0.140696,0.001513,0.030257,0.012103,0.000000,0.039334
N20002991,0.946502,0.034979,0.018519,0.026749,0.010288,0.012346,0.004115,0.000000,0.006467,0.000588,0.000294,0.000882,0.119048,0.302381,0.323810,0.254762,0.063918,0.643299,0.185567,0.002062,0.004124,0.030928,0.002062,0.068041
N20002992,0.591255,0.380228,0.028517,0.008081,0.009291,0.137667,0.177820,0.007648,0.046208,0.000000,0.001593,0.000000,0.210396,0.227723,0.400990,0.160891,0.290875,0.399240,0.176806,0.001901,0.034221,0.039924,0.022814,0.034221
N20002993,0.901961,0.092810,0.005229,0.017144,0.019512,0.035340,0.019634,0.001309,0.013369,0.001215,0.000608,0.001823,0.207455,0.312804,0.338736,0.141005,0.043194,0.688482,0.210733,0.002618,0.011780,0.019634,0.005236,0.018325
N20002994,0.236577,0.672819,0.090604,0.009152,0.064123,0.172241,0.295987,0.011706,0.089530,0.018107,0.003018,0.018107,0.147510,0.316092,0.312261,0.224138,0.478188,0.127517,0.209732,0.000000,0.093960,0.003356,0.005034,0.082215
N20002995,0.928696,0.043478,0.027826,0.019130,0.008696,0.003478,0.012174,0.001739,0.015857,0.001023,0.000256,0.000256,0.202960,0.217759,0.243129,0.336152,0.041958,0.582168,0.195804,0.000000,0.000000,0.036713,0.010490,0.132867
N20002996,0.535980,0.431762,0.032258,0.027295,0.022333,0.171216,0.188586,0.004963,0.035354,0.002910,0.000727,0.005674,0.181230,0.320388,0.313916,0.184466,0.258065,0.387097,0.138958,0.007444,0.109181,0.037221,0.007444,0.054591
N20002997,0.929032,0.045161,0.025806,0.029032,0.011290,0.006452,0.008065,0.000000,0.017647,0.001139,0.000285,0.000285,0.256566,0.280808,0.248485,0.214141,0.040258,0.676329,0.227053,0.000000,0.004831,0.016103,0.000000,0.035427
N20002998,0.892907,0.097357,0.009736,0.014077,0.002650,0.055710,0.033426,0.001393,0.004039,0.000000,0.000139,0.000000,0.215017,0.298635,0.317406,0.168942,0.079387,0.717270,0.150418,0.002786,0.015320,0.004178,0.000000,0.030641
N20002999,0.907407,0.032922,0.059671,0.045267,0.006173,0.006173,0.006173,0.002058,0.011256,0.000726,0.000182,0.000182,0.115789,0.205263,0.315789,0.363158,0.045361,0.635052,0.146392,0.000000,0.012371,0.043299,0.000000,0.117526
N20003000,0.985989,0.014011,0.000000,0.015814,0.006993,0.001754,0.001754,0.001754,0.001188,0.000566,0.000000,0.000000,0.245652,0.306522,0.293478,0.154348,0.008787,0.702988,0.217926,0.012302,0.001757,0.042179,0.000000,0.014060
N20003001,0.939633,0.026247,0.034121,0.061005,0.015693,0.002639,0.000000,0.000000,0.007269,0.000485,0.000162,0.000000,0.083045,0.083045,0.287197,0.546713,0.042328,0.656085,0.171958,0.002646,0.007937,0.007937,0.010582,0.100529
N20003002,0.814181,0.144254,0.041565,0.117359,0.110024,0.009780,0.004890,0.002445,0.015718,0.001048,0.000349,0.000000,0.099099,0.177177,0.201201,0.522523,0.056235,0.584352,0.166259,0.004890,0.022005,0.029340,0.002445,0.134474
N20003003,0.843450,0.079872,0.076677,0.054313,0.019169,0.028754,0.022364,0.000000,0.008802,0.000587,0.000196,0.000000,0.029740,0.111524,0.349442,0.509294,0.083067,0.498403,0.239617,0.000000,0.006390,0.035144,0.006390,0.130990
N20003004,0.377551,0.585714,0.036735,0.009238,0.046620,0.148148,0.296296,0.012346,0.057227,0.011574,0.001929,0.011574,0.173804,0.322418,0.377834,0.125945,0.385714,0.248980,0.200000,0.002041,0.057143,0.010204,0.012245,0.083673
N20003005,0.874459,0.051948,0.073593,0.025974,0.004329,0.017316,0.017316,0.000000,0.011927,0.000795,0.000265,0.000000,0.057895,0.205263,0.278947,0.457895,0.060345,0.474138,0.228448,0.000000,0.012931,0.025862,0.000000,0.198276
N20003006,0.875000,0.046703,0.078297,0.034341,0.006868,0.004121,0.006868,0.002747,0.023796,0.001535,0.000384,0.000384,0.136888,0.268012,0.341499,0.253602,0.021978,0.527473,0.162088,0.000000,0.009615,0.013736,0.000000,0.265110
N20003007,0.841346,0.125000,0.033654,0.038462,0.004808,0.072115,0.043269,0.000000,0.004647,0.000000,0.000160,0.000000,0.289941,0.289941,0.189349,0.230769,0.112981,0.560096,0.211538,0.009615,0.016827,0.014423,0.007212,0.067308
N20003008,0.806011,0.084699,0.109290,0.038888,0.018946,0.019178,0.027397,0.000000,0.017613,0.001174,0.000391,0.000000,0.068027,0.173469,0.333333,0.425170,0.082192,0.400000,0.252055,0.005479,0.032877,0.016438,0.008219,0.202740
N20003009,0.831858,0.122630,0.045512,0.027813,0.006321,0.024020,0.080910,0.001264,0.007032,0.001422,0.000237,0.001422,0.258278,0.223510,0.286424,0.231788,0.109987,0.544880,0.225032,0.003793,0.026549,0.022756,0.008850,0.058154
N20003010,0.906143,0.058020,0.035836,0.052402,0.008701,0.011905,0.011905,0.000000,0.023428,0.001562,0.000521,0.000000,0.037736,0.156604,0.315094,0.490566,0.047863,0.564103,0.172650,0.003419,0.013675,0.013675,0.005128,0.179487
N20003011,0.897143,0.064762,0.038095,0.045714,0.007619,0.013333,0.022857,0.000000,0.019242,0.001283,0.000428,0.000000,0.084309,0.323185,0.271663,0.320843,0.041905,0.617143,0.173333,0.003810,0.005714,0.017143,0.001905,0.139048
N20003012,0.934046,0.019608,0.046346,0.030303,0.005348,0.001783,0.005348,0.000000,0.006501,0.000419,0.000105,0.000105,0.159341,0.293040,0.346154,0.201465,0.023173,0.677362,0.135472,0.003565,0.005348,0.044563,0.000000,0.110517
N20003013,0.883657,0.081717,0.034626,0.020776,0.011080,0.015235,0.029086,0.002770,0.021468,0.001385,0.000346,0.000346,0.141914,0.292079,0.292079,0.273927,0.059310,0.591724,0.172414,0.001379,0.004138,0.011034,0.000000,0.160000
N20003014,0.903134,0.059829,0.037037,0.039886,0.008547,0.014245,0.022792,0.005698,0.005943,0.001202,0.000200,0.001202,0.124113,0.216312,0.304965,0.354610,0.051282,0.495726,0.256410,0.002849,0.014245,0.025641,0.034188,0.119658
N20003015,0.984158,0.015842,0.000000,0.019802,0.000000,0.001980,0.011881,0.000000,0.001341,0.000639,0.000000,0.000000,0.203518,0.391960,0.273869,0.130653,0.003976,0.807157,0.131213,0.000000,0.000000,0.043738,0.003976,0.009940
N20003016,0.981289,0.002079,0.016632,0.012474,0.002079,0.000000,0.000000,0.000000,0.000000,0.000000,0.000000,0.000000,0.242718,0.320388,0.351942,0.084951,0.014553,0.713098,0.166320,0.004158,0.002079,0.056133,0.010395,0.033264
N20003017,0.978308,0.006508,0.015184,0.019523,0.004338,0.000000,0.000000,0.000000,0.001469,0.000700,0.000000,0.000000,0.275253,0.285354,0.345960,0.093434,0.015217,0.795652,0.132609,0.004348,0.002174,0.013043,0.008696,0.028261
N20003018,0.762590,0.190647,0.046763,0.014826,0.006390,0.037567,0.076923,0.026834,0.030735,0.005070,0.000158,0.006971,0.222222,0.164683,0.220238,0.392857,0.165468,0.492806,0.138489,0.003597,0.028777,0.034173,0.000000,0.136691
N20003019,0.586271,0.372913,0.040816,0.028045,0.027257,0.059150,0.229205,0.027726,0.020660,0.003396,0.000425,0.005094,0.181176,0.258824,0.374118,0.185882,0.262082,0.412639,0.163569,0.011152,0.048327,0.007435,0.001859,0.092937
N20003020,0.821101,0.056575,0.122324,0.053162,0.007720,0.018321,0.006107,0.000000,0.020466,0.002861,0.000880,0.000220,0.111111,0.200980,0.367647,0.320261,0.071756,0.290076,0.120611,0.000000,0.000000,0.009160,0.012214,0.496183
N20003021,0.795918,0.179592,0.024490,0.026531,0.014286,0.040816,0.085714,0.000000,0.027087,0.004453,0.000557,0.006679,0.181579,0.281579,0.376316,0.160526,0.138493,0.619145,0.148676,0.000000,0.020367,0.022403,0.008147,0.042770
N20003022,0.841791,0.074627,0.083582,0.024153,0.011847,0.004484,0.022422,0.005979,0.025047,0.003501,0.001077,0.000269,0.192893,0.228426,0.321489,0.257191,0.083210,0.378900,0.141159,0.002972,0.008915,0.014859,0.000000,0.369985
N20003023,0.879473,0.058380,0.062147,0.037071,0.007724,0.001876,0.030019,0.000000,0.015411,0.003350,0.000000,0.000000,0.114219,0.272727,0.244755,0.368298,0.065666,0.474672,0.161351,0.001876,0.003752,0.035647,0.011257,0.245779
N20003024,0.492823,0.470494,0.036683,0.042186,0.019857,0.152866,0.187898,0.031847,0.055856,0.009213,0.000288,0.012668,0.300231,0.321016,0.290993,0.087760,0.298887,0.321145,0.227345,0.014308,0.066773,0.041335,0.006359,0.023847
N20003025,0.878004,0.097967,0.024030,0.055453,0.011091,0.016636,0.035120,0.000000,0.028849,0.006271,0.000000,0.000000,0.289474,0.358852,0.210526,0.141148,0.068392,0.550832,0.195933,0.007394,0.009242,0.009242,0.005545,0.153420
N20003026,0.835443,0.075949,0.088608,0.043038,0.012658,0.022785,0.017722,0.000000,0.019090,0.002668,0.000821,0.000205,0.012012,0.138138,0.252252,0.597598,0.065823,0.306329,0.189873,0.012658,0.012658,0.020253,0.005063,0.387342
N20003027,0.402390,0.468127,0.129482,0.031873,0.023904,0.081673,0.249004,0.013944,0.071302,0.011761,0.000368,0.016171,0.149474,0.187368,0.425263,0.237895,0.303393,0.101796,0.133733,0.005988,0.057884,0.005988,0.003992,0.387226
N20003028,0.827506,0.093240,0.079254,0.032157,0.007194,0.009302,0.025581,0.000000,0.042866,0.005992,0.001844,0.000461,0.039437,0.208451,0.273239,0.478873,0.048837,0.316279,0.169767,0.002326,0.016279,0.016279,0.004651,0.425581
N20003029,0.819838,0.107287,0.072874,0.035564,0.018578,0.020161,0.034274,0.012097,0.018581,0.002597,0.000799,0.000200,0.052885,0.139423,0.209135,0.598558,0.082996,0.295547,0.196356,0.000000,0.002024,0.014170,0.004049,0.404858
N20003030,0.850700,0.094868,0.054432,0.041694,0.012570,0.007764,0.029503,0.000000,0.036990,0.008041,0.000000,0.000000,0.136082,0.261856,0.216495,0.385567,0.062016,0.479070,0.148837,0.003101,0.012403,0.015504,0.006202,0.272868
N20003031,0.732606,0.195089,0.072306,0.028649,0.032742,0.055935,0.060027,0.001364,0.037720,0.005273,0.001622,0.000406,0.232787,0.280328,0.200000,0.286885,0.140518,0.413370,0.178718,0.002729,0.019100,0.024557,0.001364,0.219645
N20003032,0.833815,0.052023,0.114162,0.046243,0.008671,0.004335,0.001445,0.000000,0.030863,0.006709,0.000000,0.000000,0.129272,0.147103,0.317979,0.405646,0.026012,0.284682,0.115607,0.001445,0.007225,0.013006,0.000000,0.552023
N20003033,0.883562,0.023973,0.092466,0.029110,0.008562,0.001712,0.005137,0.000000,0.007636,0.000636,0.000116,0.000174,0.022965,0.133612,0.219207,0.624217,0.030822,0.421233,0.130137,0.001712,0.006849,0.015411,0.000000,0.393836
N20003034,0.731563,0.179941,0.088496,0.032448,0.023599,0.029499,0.076696,0.000000,0.044747,0.003086,0.001543,0.000771,0.207547,0.181132,0.226415,0.384906,0.103245,0.280236,0.165192,0.000000,0.017699,0.005900,0.011799,0.415929
N20003035,0.922865,0.033058,0.044077,0.030303,0.002755,0.005510,0.013774,0.000000,0.009828,0.000819,0.000149,0.000223,0.038732,0.200704,0.271127,0.489437,0.030303,0.415978,0.115702,0.000000,0.002755,0.019284,0.000000,0.415978
N20003036,0.498929,0.453961,0.047109,0.012848,0.040685,0.062099,0.239829,0.049251,0.043380,0.007131,0.000891,0.010696,0.182336,0.381766,0.344729,0.091168,0.350427,0.382479,0.147436,0.008547,0.064103,0.002137,0.008547,0.036325
N20003037,0.810811,0.086486,0.102703,0.035743,0.007896,0.008130,0.024390,0.000000,0.041109,0.002835,0.001418,0.000709,0.033133,0.123494,0.204819,0.638554,0.024064,0.120321,0.106952,0.000000,0.002674,0.005348,0.000000,0.740642
N20003038,0.631285,0.186220,0.182495,0.020070,0.027341,0.024299,0.061682,0.014953,0.051704,0.003566,0.001783,0.000891,0.064368,0.101149,0.170115,0.664368,0.100935,0.114019,0.112150,0.005607,0.014953,0.007477,0.000000,0.644860
N20003039,0.575796,0.333758,0.090446,0.051623,0.046226,0.076336,0.117048,0.021628,0.064371,0.002852,0.001630,0.003667,0.109267,0.219917,0.326418,0.344398,0.188535,0.109554,0.094268,0.002548,0.057325,0.007643,0.015287,0.524841
N20003040,0.459387,0.452730,0.087883,0.018642,0.039947,0.098535,0.199734,0.022636,0.081554,0.003613,0.002065,0.004645,0.131980,0.182741,0.331641,0.353638,0.326232,0.083888,0.130493,0.000000,0.066578,0.007989,0.005326,0.379494
N20003041,0.905325,0.042899,0.051775,0.032733,0.008825,0.007407,0.008889,0.000000,0.015856,0.001321,0.000240,0.000360,0.008000,0.108800,0.153600,0.729600,0.047337,0.294379,0.091716,0.001479,0.007396,0.008876,0.001479,0.547337
N20003042,0.831547,0.091884,0.076570,0.048010,0.003469,0.010671,0.041159,0.004573,0.028551,0.002379,0.000433,0.000649,0.055062,0.099467,0.229130,0.616341,0.119084,0.280916,0.138931,0.007634,0.004580,0.024427,0.004580,0.419847
N20003043,0.555008,0.372742,0.072250,0.021346,0.036125,0.088670,0.167488,0.016420,0.057116,0.004760,0.000865,0.001298,0.084337,0.152610,0.309237,0.453815,0.238487,0.146382,0.139803,0.000000,0.065789,0.000000,0.008224,0.401316
N20003044,0.537778,0.362222,0.100000,0.054407,0.036280,0.088692,0.126386,0.044346,0.050434,0.005180,0.004635,0.006270,0.085714,0.272727,0.241558,0.400000,0.255556,0.115556,0.084444,0.004444,0.064444,0.024444,0.004444,0.446667
N20003045,0.493069,0.415842,0.091089,0.033663,0.045545,0.081188,0.215842,0.009901,0.056247,0.002492,0.001424,0.003204,0.116279,0.181395,0.346512,0.355814,0.279208,0.083168,0.073267,0.003960,0.045545,0.009901,0.003960,0.500990
N20003046,0.595912,0.317610,0.086478,0.037918,0.019804,0.064263,0.173981,0.028213,0.027826,0.001233,0.000704,0.001585,0.092334,0.238676,0.327526,0.341463,0.212264,0.092767,0.097484,0.004717,0.064465,0.004717,0.000000,0.523585
N20003047,0.578269,0.294659,0.127072,0.036832,0.027624,0.069982,0.127072,0.025783,0.033511,0.003442,0.003079,0.004166,0.104034,0.201699,0.269639,0.424628,0.210332,0.125461,0.130996,0.001845,0.040590,0.011070,0.000000,0.479705
N20003048,0.191176,0.729947,0.078877,0.014706,0.052139,0.117647,0.389037,0.048128,0.088048,0.014523,0.000454,0.019970,0.232558,0.327035,0.292151,0.148256,0.465241,0.053476,0.116310,0.001337,0.187166,0.006684,0.008021,0.161765
N20003049,0.450207,0.458506,0.091286,0.018672,0.043568,0.143154,0.151452,0.041494,0.059775,0.006139,0.005493,0.007431,0.135359,0.190608,0.375691,0.298343,0.290722,0.074227,0.134021,0.004124,0.088660,0.002062,0.010309,0.395876
N20003050,0.530850,0.388824,0.080326,0.027939,0.040745,0.130384,0.126892,0.012806,0.069565,0.005797,0.001054,0.001581,0.259259,0.233618,0.341880,0.165242,0.290023,0.277262,0.131090,0.004640,0.037123,0.045244,0.013921,0.200696
N20003051,0.467933,0.401425,0.130641,0.032336,0.031402,0.079625,0.182670,0.014052,0.071025,0.007295,0.006527,0.008830,0.091398,0.169355,0.392473,0.346774,0.268868,0.061321,0.103774,0.000000,0.075472,0.000000,0.004717,0.485849
N20003052,0.118987,0.815190,0.065823,0.014926,0.053769,0.263959,0.390863,0.027919,0.059655,0.006127,0.005482,0.007417,0.192691,0.295681,0.229236,0.282392,0.558376,0.088832,0.121827,0.005076,0.131980,0.002538,0.005076,0.086294
N20003053,0.022514,0.926829,0.050657,0.003717,0.071566,0.210526,0.460526,0.031955,0.115440,0.011856,0.010608,0.014352,0.083969,0.213740,0.363868,0.338422,0.588785,0.005607,0.179439,0.001869,0.170093,0.001869,0.007477,0.044860
N20003054,0.421739,0.502174,0.076087,0.011761,0.050981,0.078091,0.214751,0.036876,0.086960,0.014344,0.000448,0.019723,0.187135,0.257310,0.277778,0.277778,0.339827,0.190476,0.190476,0.002165,0.077922,0.012987,0.010823,0.175325
N20003055,0.351967,0.616977,0.031056,0.015867,0.060961,0.099585,0.311203,0.020747,0.086958,0.014295,0.001787,0.021442,0.262087,0.374046,0.272265,0.091603,0.347107,0.210744,0.196281,0.002066,0.140496,0.016529,0.022727,0.064050
N20003056,0.388398,0.559899,0.051702,0.018916,0.039092,0.118537,0.255990,0.039092,0.074878,0.012309,0.001539,0.018463,0.271772,0.267267,0.334835,0.126126,0.370277,0.250630,0.163728,0.018892,0.100756,0.027708,0.007557,0.060453
N20003057,0.479508,0.472678,0.047814,0.019126,0.024590,0.157104,0.113388,0.035519,0.092926,0.014592,0.012288,0.022271,0.277108,0.254733,0.335628,0.132530,0.323329,0.328786,0.207367,0.000000,0.080491,0.019100,0.004093,0.036835
N20003058,0.752363,0.179584,0.068053,0.034560,0.022387,0.053030,0.047348,0.003788,0.047245,0.003375,0.002410,0.000000,0.194323,0.299127,0.257642,0.248908,0.104167,0.424242,0.160985,0.001894,0.001894,0.034091,0.000000,0.272727
N20003059,0.690671,0.198036,0.111293,0.040917,0.026187,0.029460,0.047463,0.001637,0.083113,0.005937,0.004240,0.000000,0.207792,0.246753,0.252319,0.293135,0.109477,0.419935,0.122549,0.004902,0.011438,0.019608,0.003268,0.308824
N20003060,0.767361,0.208333,0.024306,0.037537,0.011842,0.010526,0.161404,0.003509,0.018756,0.001340,0.000957,0.000000,0.265060,0.261044,0.160643,0.313253,0.198606,0.463415,0.097561,0.003484,0.024390,0.031359,0.000000,0.181185
N20003061,0.841085,0.098837,0.060078,0.054958,0.010205,0.015414,0.036609,0.000000,0.032615,0.002330,0.001664,0.000000,0.264192,0.281659,0.288210,0.165939,0.058140,0.594961,0.151163,0.001938,0.017442,0.023256,0.000000,0.153101
N20003062,0.683382,0.274336,0.042281,0.025565,0.021632,0.070796,0.089479,0.012783,0.052093,0.008180,0.006888,0.012485,0.203088,0.293349,0.342043,0.161520,0.210216,0.461690,0.184676,0.003929,0.022593,0.036346,0.005894,0.074656
N20003063,0.927903,0.039326,0.032772,0.016854,0.008427,0.012172,0.015918,0.000000,0.001873,0.000468,0.000130,0.000338,0.176796,0.277348,0.313812,0.232044,0.036517,0.781835,0.122659,0.002809,0.008427,0.029963,0.004682,0.013109
N20003064,0.850789,0.117647,0.031564,0.046191,0.008452,0.050287,0.047414,0.002874,0.006507,0.001335,0.000278,0.000501,0.299827,0.246101,0.305026,0.149047,0.091691,0.641834,0.156160,0.004298,0.014327,0.027221,0.001433,0.063037
N20003065,0.623932,0.335775,0.040293,0.014918,0.031269,0.138855,0.140073,0.014616,0.007308,0.001827,0.000508,0.001320,0.255193,0.274481,0.329377,0.140950,0.239316,0.485958,0.152625,0.000000,0.045177,0.043956,0.010989,0.021978
N20003066,0.475083,0.428571,0.096346,0.033223,0.026578,0.106312,0.210963,0.014950,0.052663,0.010803,0.002251,0.004051,0.223265,0.328330,0.253283,0.195122,0.288079,0.301325,0.225166,0.001656,0.076159,0.013245,0.009934,0.084437
N20003067,0.817597,0.158798,0.023605,0.038627,0.008584,0.027897,0.087983,0.000000,0.025917,0.005316,0.001108,0.001994,0.214286,0.282738,0.312500,0.190476,0.137339,0.562232,0.156652,0.000000,0.012876,0.021459,0.012876,0.096567
N20003068,0.872247,0.090308,0.037445,0.019824,0.013216,0.011013,0.035242,0.002203,0.019090,0.004772,0.001326,0.003447,0.087432,0.360656,0.325137,0.226776,0.044150,0.631347,0.207506,0.000000,0.002208,0.015453,0.002208,0.097130
N20003069,0.500686,0.441701,0.057613,0.019204,0.035665,0.131687,0.189300,0.010974,0.055914,0.011470,0.002389,0.004301,0.228669,0.273038,0.361775,0.136519,0.308116,0.356259,0.160935,0.004127,0.083906,0.011004,0.004127,0.071527
N20003070,0.429387,0.513552,0.057061,0.019387,0.027838,0.257143,0.105714,0.011429,0.106364,0.002026,0.003039,0.000000,0.236975,0.247059,0.411765,0.104202,0.399142,0.314735,0.168813,0.001431,0.054363,0.002861,0.017167,0.041488
N20003071,0.576329,0.413379,0.010292,0.013722,0.020583,0.234991,0.099485,0.017153,0.027444,0.006861,0.001906,0.004955,0.315673,0.311258,0.262693,0.110375,0.299145,0.388034,0.193162,0.000000,0.047863,0.030769,0.006838,0.034188
N20003072,0.429561,0.468822,0.101617,0.019839,0.026693,0.122685,0.210648,0.023148,0.064651,0.013262,0.002763,0.004973,0.093248,0.209003,0.308682,0.389068,0.334101,0.172811,0.156682,0.006912,0.080645,0.016129,0.006912,0.225806
N20003073,0.769531,0.220052,0.010417,0.010417,0.009115,0.082031,0.079427,0.000000,0.031056,0.002105,0.000526,0.015791,0.327448,0.260032,0.324238,0.088283,0.176010,0.552803,0.183833,0.011734,0.016949,0.037810,0.001304,0.019557
N20003074,0.509116,0.479663,0.011220,0.014039,0.012715,0.281294,0.099859,0.002813,0.055321,0.013830,0.003842,0.009989,0.303183,0.207705,0.398660,0.090452,0.270423,0.363380,0.208451,0.000000,0.067606,0.022535,0.018310,0.049296
N20003075,0.769231,0.199673,0.031097,0.013894,0.012481,0.062397,0.087028,0.008210,0.019430,0.001413,0.001178,0.007536,0.160321,0.244489,0.422846,0.172345,0.151316,0.536184,0.203947,0.004934,0.021382,0.008224,0.001645,0.072368
N20003076,0.831633,0.140306,0.028061,0.047918,0.030891,0.027990,0.053435,0.002545,0.024289,0.000463,0.000694,0.000000,0.172078,0.224026,0.353896,0.250000,0.114504,0.455471,0.246819,0.000000,0.010178,0.020356,0.000000,0.152672
N20003077,0.560579,0.408680,0.030741,0.037113,0.035034,0.189531,0.086643,0.037906,0.039157,0.002848,0.002373,0.015188,0.317391,0.271739,0.295652,0.115217,0.258590,0.448463,0.171790,0.007233,0.088608,0.012658,0.001808,0.010850
N20003078,0.795455,0.180195,0.024351,0.016593,0.017593,0.073171,0.042276,0.011382,0.034146,0.000650,0.000976,0.000000,0.283302,0.298311,0.275797,0.142589,0.103896,0.517857,0.219156,0.011364,0.038961,0.021104,0.006494,0.081169
N20003079,0.669388,0.284354,0.046259,0.017687,0.016327,0.123810,0.117007,0.006803,0.013416,0.000976,0.000813,0.005204,0.250404,0.285945,0.373183,0.090468,0.264946,0.528533,0.131793,0.002717,0.027174,0.008152,0.002717,0.033967
N20003080,0.406176,0.584323,0.009501,0.011876,0.033254,0.304038,0.152019,0.016627,0.049199,0.003336,0.000834,0.025016,0.222571,0.253918,0.423197,0.100313,0.441805,0.270784,0.199525,0.000000,0.054632,0.007126,0.002375,0.023753
N20003081,0.491228,0.467305,0.041467,0.023923,0.022329,0.185008,0.145136,0.014354,0.063066,0.004276,0.001069,0.032068,0.250000,0.253817,0.375954,0.120229,0.330144,0.360447,0.149920,0.003190,0.062201,0.014354,0.015949,0.063796
N20003082,0.714667,0.256000,0.029333,0.030317,0.009316,0.143236,0.045093,0.000000,0.038361,0.002790,0.002325,0.014879,0.198083,0.239617,0.357827,0.204473,0.188830,0.505319,0.132979,0.000000,0.050532,0.031915,0.005319,0.085106
N20003083,0.551282,0.418803,0.029915,0.029915,0.032051,0.183761,0.162393,0.000000,0.025482,0.001728,0.000432,0.012957,0.195062,0.318519,0.353086,0.133333,0.261702,0.385106,0.114894,0.000000,0.089362,0.004255,0.006383,0.138298
N20003084,0.308219,0.671233,0.020548,0.022505,0.026675,0.316327,0.219388,0.015306,0.061489,0.004472,0.003727,0.023850,0.206681,0.296451,0.342380,0.154489,0.452218,0.175768,0.177474,0.001706,0.139932,0.015358,0.017065,0.020478
N20003085,0.488798,0.482688,0.028513,0.018451,0.016431,0.224949,0.139059,0.010225,0.059408,0.008737,0.002912,0.020968,0.154971,0.301170,0.403509,0.140351,0.369919,0.317073,0.219512,0.012195,0.050813,0.008130,0.004065,0.018293
N20003086,0.575758,0.382576,0.041667,0.013728,0.008516,0.124060,0.137218,0.003759,0.071668,0.005212,0.004344,0.027799,0.247113,0.226328,0.452656,0.073903,0.225379,0.467803,0.138258,0.000000,0.085227,0.013258,0.017045,0.053030
N20003087,0.564286,0.382143,0.053571,0.019483,0.012967,0.161290,0.182796,0.003584,0.013883,0.002042,0.000681,0.004900,0.276498,0.235023,0.299539,0.188940,0.286738,0.365591,0.186380,0.003584,0.053763,0.010753,0.000000,0.093190
N20003088,0.522491,0.422145,0.055363,0.013811,0.050618,0.114583,0.218750,0.010417,0.018125,0.003743,0.001970,0.003940,0.116910,0.196242,0.340292,0.346555,0.335069,0.288194,0.137153,0.001736,0.039931,0.012153,0.001736,0.184028
N20003089,0.608260,0.360451,0.031289,0.029510,0.022951,0.073750,0.173750,0.046250,0.027460,0.001862,0.000465,0.013963,0.184039,0.273616,0.377850,0.164495,0.252500,0.430000,0.205000,0.003750,0.050000,0.002500,0.003750,0.052500
N20003090,0.479508,0.432377,0.088115,0.024590,0.034836,0.120902,0.204918,0.010246,0.040112,0.008284,0.004360,0.008720,0.115385,0.255495,0.423077,0.206044,0.277551,0.267347,0.122449,0.000000,0.067347,0.006122,0.000000,0.259184
N20003091,0.500000,0.445098,0.054902,0.025490,0.033333,0.150980,0.221569,0.001961,0.024051,0.003537,0.001179,0.008488,0.143541,0.282297,0.287081,0.287081,0.331373,0.307843,0.205882,0.001961,0.062745,0.011765,0.003922,0.074510
N20003092,0.447025,0.499274,0.053701,0.016590,0.026811,0.271014,0.126087,0.002899,0.047636,0.003464,0.002887,0.018477,0.153137,0.195572,0.463100,0.188192,0.331395,0.327035,0.177326,0.000000,0.104651,0.004360,0.008721,0.046512
N20003093,0.464696,0.510673,0.024631,0.013136,0.021346,0.160920,0.234811,0.027915,0.042402,0.006236,0.002079,0.014965,0.211416,0.224101,0.397463,0.167019,0.377668,0.275862,0.234811,0.001642,0.060755,0.001642,0.006568,0.041051
N20003094,0.148276,0.810345,0.041379,0.008861,0.047866,0.141136,0.504303,0.039587,0.050001,0.007353,0.002451,0.017647,0.234483,0.232184,0.416092,0.117241,0.506897,0.110345,0.236207,0.005172,0.087931,0.001724,0.005172,0.046552
N20003095,0.230909,0.700000,0.069091,0.010909,0.061818,0.303636,0.292727,0.000000,0.027286,0.005635,0.002966,0.005932,0.192744,0.315193,0.353741,0.138322,0.441818,0.170909,0.190909,0.000000,0.127273,0.005455,0.010909,0.052727
N20003096,0.874794,0.115321,0.009885,0.020009,0.008061,0.056106,0.044554,0.001650,0.003196,0.000470,0.000157,0.001128,0.168981,0.326389,0.351852,0.152778,0.085526,0.648026,0.190789,0.000000,0.013158,0.042763,0.001645,0.018092
N20003097,0.155140,0.714019,0.130841,0.015475,0.030592,0.117318,0.379888,0.074488,0.081027,0.010235,0.005970,0.014500,0.088942,0.221154,0.367788,0.322115,0.519626,0.076636,0.143925,0.001869,0.080374,0.007477,0.005607,0.164486
N20003098,0.420792,0.428218,0.150990,0.030669,0.038094,0.056790,0.237037,0.024691,0.051927,0.006559,0.003826,0.009292,0.091185,0.203647,0.218845,0.486322,0.313580,0.158025,0.234568,0.007407,0.061728,0.009877,0.007407,0.207407
N20003099,0.190361,0.686747,0.122892,0.004371,0.051481,0.149758,0.333333,0.050725,0.073570,0.009293,0.005421,0.013165,0.160237,0.264095,0.347181,0.228487,0.432763,0.073350,0.198044,0.000000,0.173594,0.012225,0.024450,0.085575
N20003100,0.420152,0.494297,0.085551,0.039924,0.036122,0.125475,0.182510,0.013308,0.089313,0.018445,0.009708,0.019416,0.156682,0.205069,0.324885,0.313364,0.328897,0.313688,0.167300,0.007605,0.057034,0.026616,0.007605,0.091255
N20003101,0.597826,0.389493,0.012681,0.011619,0.021072,0.194192,0.116152,0.009074,0.014857,0.004692,0.015118,0.014336,0.251641,0.332604,0.310722,0.105033,0.289855,0.452899,0.121377,0.000000,0.072464,0.047101,0.001812,0.014493
N20003102,0.332727,0.596364,0.070909,0.018182,0.047273,0.356364,0.141818,0.005455,0.013781,0.004352,0.014023,0.013298,0.279446,0.258661,0.323326,0.138568,0.418182,0.225455,0.178182,0.001818,0.100000,0.021818,0.012727,0.041818
N20003103,0.569892,0.400239,0.029869,0.010227,0.019571,0.208831,0.075179,0.002387,0.028582,0.009026,0.029084,0.027580,0.164029,0.313669,0.392806,0.129496,0.261649,0.469534,0.157706,0.002389,0.070490,0.020311,0.004779,0.013142
N20003104,0.496340,0.368960,0.134700,0.035253,0.019474,0.129222,0.111601,0.002937,0.059083,0.016585,0.017621,0.012438,0.101786,0.273214,0.257143,0.367857,0.197080,0.375182,0.115328,0.000000,0.065693,0.004380,0.001460,0.240876
N20003105,0.381020,0.582153,0.036827,0.017899,0.026125,0.326241,0.139007,0.009929,0.024513,0.007741,0.024943,0.023653,0.193784,0.285192,0.374771,0.146252,0.415014,0.264873,0.175637,0.001416,0.075071,0.016997,0.011331,0.039660
N20003106,0.914373,0.079511,0.006116,0.042813,0.000000,0.033639,0.024465,0.000000,0.011963,0.003358,0.003568,0.002518,0.131757,0.260135,0.270270,0.337838,0.048930,0.639144,0.192661,0.000000,0.015291,0.079511,0.015291,0.009174
N20003107,0.784920,0.181706,0.033375,0.019120,0.014420,0.075589,0.070632,0.001239,0.011080,0.003110,0.003304,0.002333,0.173591,0.227003,0.400593,0.198813,0.137037,0.618519,0.155556,0.003704,0.017284,0.030864,0.017284,0.019753
N20003108,0.607143,0.353896,0.038961,0.025974,0.019481,0.168831,0.084416,0.055195,0.017493,0.000000,0.005301,0.003180,0.219512,0.260163,0.329268,0.191057,0.269481,0.379870,0.168831,0.003247,0.055195,0.025974,0.025974,0.071429
N20003109,0.576389,0.280093,0.143519,0.039352,0.083333,0.062500,0.111111,0.016204,0.005980,0.000193,0.000000,0.000772,0.047244,0.191601,0.141732,0.619423,0.258065,0.405530,0.172811,0.006912,0.055300,0.029954,0.004608,0.066820
N20003110,0.740997,0.213296,0.045706,0.045587,0.026926,0.068150,0.082058,0.023644,0.008430,0.000000,0.002555,0.001533,0.263158,0.292570,0.289474,0.154799,0.157676,0.562932,0.132780,0.005533,0.027663,0.030429,0.000000,0.082988
N20003111,0.856649,0.112263,0.031088,0.034236,0.024331,0.031034,0.037931,0.005172,0.010939,0.000000,0.002854,0.000000,0.137615,0.256881,0.206422,0.399083,0.105172,0.603448,0.196552,0.008621,0.018966,0.032759,0.003448,0.031034
N20003112,0.845133,0.097345,0.057522,0.060210,0.026392,0.050998,0.008869,0.000000,0.007466,0.000000,0.002263,0.001358,0.244094,0.307087,0.139108,0.309711,0.121145,0.610132,0.158590,0.006608,0.004405,0.033040,0.000000,0.066079
N20003113,0.765823,0.182278,0.051899,0.031646,0.037975,0.040506,0.075949,0.005063,0.019620,0.000633,0.000000,0.002532,0.115942,0.263768,0.244928,0.375362,0.117424,0.532828,0.194444,0.003788,0.034091,0.012626,0.006313,0.098485
N20003114,0.881104,0.080679,0.038217,0.027290,-0.001948,0.021186,0.019068,0.000000,0.028537,0.000000,0.008648,0.005189,0.158924,0.356968,0.200489,0.283619,0.067797,0.671610,0.156780,0.008475,0.002119,0.010593,0.002119,0.080508
N20003115,0.922742,0.043526,0.033732,0.034820,0.005441,0.013058,0.015234,0.002176,0.005130,0.000000,0.001554,0.000933,0.233540,0.294410,0.273292,0.198758,0.056645,0.628540,0.190632,0.002179,0.006536,0.031590,0.001089,0.082789
N20003116,0.897368,0.078947,0.023684,0.018740,0.034092,0.010554,0.021108,0.007916,0.004185,0.000000,0.001092,0.000000,0.117241,0.334483,0.262069,0.286207,0.074074,0.693122,0.150794,0.000000,0.000000,0.029101,0.015873,0.037037
N20003117,0.885333,0.090667,0.024000,0.029333,0.018667,0.018667,0.034667,0.010667,0.006889,0.000222,0.000000,0.000889,0.075658,0.203947,0.217105,0.503289,0.061662,0.699732,0.155496,0.002681,0.002681,0.008043,0.002681,0.067024
N20003118,0.865672,0.071642,0.062687,0.047761,0.011940,0.029851,0.008955,0.000000,0.017993,0.000580,0.000000,0.002322,0.009434,0.135220,0.235849,0.619497,0.101493,0.576119,0.197015,0.002985,0.002985,0.008955,0.000000,0.110448
N20003119,0.729323,0.184211,0.086466,0.063910,0.018797,0.060150,0.071429,0.007519,0.014706,0.004128,0.004386,0.003096,0.014634,0.141463,0.282927,0.560976,0.108209,0.507463,0.179104,0.000000,0.018657,0.048507,0.000000,0.138060
N20003120,0.887689,0.058315,0.053996,0.071274,0.021598,0.010799,0.015119,0.000000,0.009299,0.000300,0.000000,0.001200,0.050704,0.191549,0.214085,0.543662,0.064935,0.569264,0.253247,0.000000,0.008658,0.012987,0.010823,0.080087
N20003121,0.903311,0.067550,0.029139,0.024001,0.007868,0.034483,0.023873,0.000000,0.001266,0.000000,0.000000,0.000060,0.273717,0.255054,0.349922,0.121306,0.064901,0.711258,0.168212,0.001325,0.003974,0.027815,0.002649,0.019868
N20003122,0.978846,0.011538,0.009615,0.034508,0.007700,0.000000,0.000000,0.000000,0.003045,0.000000,0.000794,0.000000,0.196721,0.297424,0.192037,0.313817,0.044146,0.731286,0.134357,0.003839,0.000000,0.038388,0.000000,0.047985
N20003123,0.914339,0.057728,0.027933,0.033077,0.005780,0.005566,0.016698,0.007421,0.017657,0.000000,0.004606,0.000000,0.183727,0.249344,0.301837,0.265092,0.074488,0.662942,0.165736,0.007449,0.005587,0.026071,0.003724,0.054004
N20003124,0.960212,0.017241,0.022546,0.019815,0.000023,0.007947,0.002649,0.000000,0.005252,0.000000,0.001370,0.000000,0.158218,0.218126,0.294931,0.328725,0.014608,0.758300,0.151394,0.001328,0.002656,0.031873,0.002656,0.037185
N20003125,0.361613,0.584145,0.054242,0.016690,0.020862,0.258693,0.102921,0.001391,0.055978,0.034831,0.073394,0.036075,0.168919,0.209459,0.442568,0.179054,0.416898,0.286704,0.130194,0.000000,0.066482,0.022161,0.002770,0.074792
N20003126,0.922639,0.054608,0.022753,0.026166,0.004551,0.010239,0.009101,0.004551,0.024977,0.000000,0.000000,0.001189,0.222826,0.199728,0.283967,0.293478,0.055809,0.746014,0.123007,0.002278,0.004556,0.038724,0.002278,0.027335
N20003127,0.891854,0.057584,0.050562,0.035112,0.007022,0.009831,0.025281,0.000000,0.015449,0.000000,0.000000,0.000000,0.184991,0.280977,0.361257,0.172775,0.047955,0.736248,0.125529,0.001410,0.016925,0.025388,0.005642,0.040903
N20003128,0.795062,0.149383,0.055556,0.043517,0.022065,0.035847,0.071693,0.000000,0.019778,0.000000,0.000000,0.000000,0.173661,0.238784,0.444284,0.143271,0.091471,0.665019,0.124845,0.001236,0.027194,0.039555,0.003708,0.046972
N20003129,0.961140,0.010363,0.028497,0.020880,-0.000027,0.000000,0.001299,0.000000,0.008678,0.000000,0.000000,0.000413,0.261011,0.282219,0.298532,0.158238,0.024675,0.812987,0.118182,0.003896,0.003896,0.022078,0.000000,0.014286
N20003130,0.940233,0.021866,0.037901,0.049563,0.007289,0.007289,0.000000,0.000000,0.006957,0.000000,0.000000,0.000331,0.303191,0.262411,0.308511,0.125887,0.018978,0.805839,0.121168,0.001460,0.000000,0.027737,0.005839,0.018978
N20003131,0.913559,0.064407,0.022034,0.029009,0.004984,0.028862,0.008489,0.001698,0.005694,0.003543,0.007466,0.003670,0.193416,0.257202,0.366255,0.183128,0.047377,0.766497,0.094755,0.001692,0.016920,0.033841,0.008460,0.030457
N20003132,0.888889,0.027027,0.084084,0.036036,0.015015,0.000000,0.009009,0.000000,0.002821,0.000091,0.000091,0.000000,0.096220,0.123711,0.233677,0.546392,0.032836,0.773134,0.101493,0.000000,0.005970,0.008955,0.002985,0.074627
N20003133,0.955867,0.017223,0.026911,0.017157,0.000019,0.005376,0.004301,0.001075,0.006452,0.000000,0.000000,0.000000,0.222078,0.262338,0.323377,0.192208,0.025806,0.829032,0.104301,0.003226,0.002151,0.018280,0.003226,0.013978
N20003134,0.913043,0.049275,0.037681,0.046377,0.005797,0.026087,0.000000,0.000000,0.017391,0.000000,0.000000,0.000000,0.222222,0.200000,0.259259,0.318519,0.031884,0.678261,0.168116,0.000000,0.000000,0.055072,0.000000,0.066667
N20003135,0.926126,0.036036,0.037838,0.086776,0.016180,0.001805,0.012635,0.000000,0.005415,0.000000,0.000000,0.000000,0.274194,0.301843,0.281106,0.142857,0.032550,0.770344,0.128391,0.001808,0.009042,0.032550,0.001808,0.023508
N20003136,0.908915,0.017442,0.073643,0.034640,0.005836,0.001934,0.001934,0.000000,0.007737,0.000000,0.000000,0.000000,0.282609,0.204348,0.302174,0.210870,0.034816,0.719536,0.162476,0.003868,0.000000,0.023211,0.001934,0.054159
N20003137,0.940318,0.034483,0.025199,0.029178,0.005305,0.007958,0.007958,0.002653,0.009967,0.000322,0.000322,0.000000,0.198675,0.261589,0.274834,0.264901,0.022546,0.787798,0.124668,0.000000,0.000000,0.027851,0.002653,0.034483
N20003138,0.934783,0.039130,0.026087,0.054348,0.006522,0.006522,0.008696,0.000000,0.016601,0.000000,0.000000,0.000791,0.231771,0.291667,0.265625,0.210938,0.019523,0.804772,0.093275,0.002169,0.000000,0.023861,0.008677,0.047722
N20003139,0.952494,0.028504,0.019002,0.035827,0.007075,0.007143,0.007143,0.000000,0.007143,0.000000,0.000000,0.000000,0.145455,0.306061,0.260606,0.287879,0.016667,0.757143,0.157143,0.004762,0.000000,0.019048,0.000000,0.045238
N20003140,0.979452,0.020548,0.000000,0.042808,0.001712,0.005137,0.011986,0.001712,0.000000,0.000000,0.000000,0.000000,0.187373,0.232179,0.352342,0.228106,0.018803,0.800000,0.116239,0.001709,0.006838,0.034188,0.000000,0.022222
N20003141,0.958065,0.012903,0.029032,0.035235,0.006472,0.006431,0.000000,0.000000,0.000000,0.000000,0.000000,0.000000,0.227092,0.163347,0.358566,0.250996,0.025806,0.783871,0.138710,0.000000,0.006452,0.006452,0.000000,0.038710
N20003142,0.943201,0.024096,0.032702,0.025676,0.003478,0.001718,0.012027,0.000000,0.006873,0.000000,0.000000,0.000000,0.210630,0.250000,0.255906,0.283465,0.027634,0.794473,0.117444,0.001727,0.000000,0.032815,0.003454,0.022453
N20003143,0.958333,0.011905,0.029762,0.049967,0.003937,0.001992,0.003984,0.000000,0.001992,0.000000,0.000000,0.000000,0.070485,0.292952,0.244493,0.392070,0.017928,0.810757,0.103586,0.005976,0.000000,0.013944,0.000000,0.047809
N20003144,0.934891,0.043406,0.021703,0.030050,0.005008,0.021703,0.006678,0.000000,0.009410,0.000304,0.000304,0.000000,0.178862,0.231707,0.333333,0.256098,0.031720,0.801336,0.108514,0.000000,0.010017,0.018364,0.000000,0.030050
N20003145,0.963362,0.023707,0.012931,0.032328,0.002155,0.000000,0.012931,0.000000,0.008621,0.000000,0.000000,0.000000,0.109375,0.200521,0.304688,0.385417,0.015086,0.741379,0.114224,0.002155,0.002155,0.032328,0.004310,0.088362
N20003146,0.941304,0.050000,0.008696,0.058441,0.000108,0.013015,0.017354,0.002169,0.017354,0.000000,0.000000,0.000000,0.069061,0.190608,0.215470,0.524862,0.026087,0.732609,0.117391,0.000000,0.017391,0.039130,0.000000,0.067391
N20003147,0.910211,0.066901,0.022887,0.033668,0.012228,0.010582,0.026455,0.000000,0.017637,0.000000,0.000000,0.000000,0.145923,0.221030,0.315451,0.317597,0.052817,0.737676,0.072183,0.000000,0.000000,0.028169,0.003521,0.105634
N20003148,0.969805,0.021314,0.008881,0.021406,-0.000038,0.005338,0.000000,0.001779,0.013372,0.000431,0.000431,0.000000,0.161017,0.317797,0.317797,0.203390,0.015986,0.829485,0.111901,0.000000,0.000000,0.017762,0.001776,0.023091
N20003149,0.947255,0.021529,0.031216,0.039828,0.011841,0.001076,0.002153,0.000000,0.006459,0.000000,0.000000,0.000000,0.314650,0.249682,0.226752,0.208917,0.019355,0.831183,0.091398,0.002151,0.002151,0.022581,0.002151,0.029032
N20003150,0.948624,0.029358,0.022018,0.029358,0.001835,0.005505,0.009174,0.000000,0.012844,0.000000,0.000000,0.000000,0.075431,0.206897,0.191810,0.525862,0.031136,0.774725,0.111722,0.000000,0.005495,0.009158,0.000000,0.067766
N20003151,0.944915,0.029661,0.025424,0.027542,0.004237,0.004237,0.000000,0.000000,0.019902,0.000642,0.000642,0.000000,0.168449,0.216578,0.443850,0.171123,0.046610,0.805085,0.118644,0.004237,0.000000,0.016949,0.000000,0.008475
N20003152,0.938776,0.029478,0.031746,0.039003,0.013533,0.000000,0.013667,0.000000,0.000637,0.000396,0.000835,0.000410,0.144847,0.194986,0.431755,0.228412,0.038902,0.855835,0.075515,0.000000,0.000000,0.013730,0.000000,0.016018
N20003153,0.955862,0.026207,0.017931,0.031724,0.005517,0.008276,0.006897,0.000000,0.001542,0.000960,0.002022,0.000994,0.228209,0.280507,0.290016,0.201268,0.016529,0.860882,0.066116,0.000000,0.005510,0.012397,0.002755,0.035813
N20003154,0.531207,0.386963,0.081831,0.029818,0.036963,0.179167,0.119444,0.011111,0.031215,0.004028,0.002014,0.003021,0.073260,0.223443,0.336996,0.366300,0.249653,0.255201,0.260749,0.008322,0.063800,0.008322,0.006935,0.147018
N20003155,0.852103,0.089552,0.058345,0.049382,0.014722,0.025850,0.019048,0.001361,0.026857,0.001714,0.000000,0.000000,0.248143,0.369985,0.197623,0.184250,0.075984,0.526459,0.194030,0.000000,0.013569,0.040706,0.004071,0.145183
N20003156,0.888013,0.085174,0.026814,0.047570,0.010924,0.034755,0.012638,0.006319,0.019305,0.001232,0.000000,0.000000,0.409465,0.302469,0.185185,0.102881,0.062794,0.530612,0.235479,0.014129,0.023548,0.050235,0.018838,0.064364
N20003157,0.912162,0.047297,0.040541,0.048986,0.005068,0.006757,0.000000,0.006757,0.022255,0.002872,0.001436,0.002154,0.191288,0.295455,0.210227,0.303030,0.038917,0.619289,0.155668,0.000000,0.016920,0.030457,0.008460,0.130288
N20003158,0.773224,0.125683,0.101093,0.062842,0.016393,0.043716,0.021858,0.013661,0.028251,0.001803,0.000000,0.000000,0.254181,0.284281,0.250836,0.210702,0.128415,0.439891,0.199454,0.000000,0.005464,0.027322,0.002732,0.196721
N20003159,0.904412,0.051471,0.044118,0.049020,0.002451,0.004902,0.000000,0.002451,0.032292,0.004167,0.002083,0.003125,0.052469,0.132716,0.351852,0.462963,0.061425,0.545455,0.164619,0.002457,0.002457,0.019656,0.002457,0.201474
N20003160,0.870614,0.052632,0.076754,0.041667,0.017544,0.010965,0.013158,0.000000,0.010307,0.000658,0.000000,0.000000,0.242604,0.263314,0.230769,0.263314,0.054945,0.621978,0.184615,0.002198,0.013187,0.035165,0.004396,0.083516
N20003161,0.768190,0.138748,0.093063,0.051240,0.016714,0.057627,0.038983,0.008475,0.013136,0.001695,0.000847,0.001271,0.170940,0.269231,0.260684,0.299145,0.125212,0.500846,0.230118,0.001692,0.023689,0.020305,0.003384,0.094755
N20003162,0.894144,0.049550,0.056306,0.045386,0.011175,0.011287,0.004515,0.000000,0.018393,0.002508,0.000000,0.001672,0.085873,0.218837,0.213296,0.481994,0.058824,0.545249,0.255656,0.004525,0.004525,0.009050,0.002262,0.119910
N20003163,0.830544,0.119247,0.050209,0.056485,0.010460,0.039749,0.046025,0.006276,0.015871,0.000289,0.000577,0.000000,0.501661,0.332226,0.086379,0.079734,0.064854,0.612971,0.225941,0.002092,0.025105,0.027197,0.004184,0.037657
N20003164,0.900424,0.057203,0.042373,0.046610,0.016949,0.004237,0.016949,0.004237,0.011494,0.001483,0.000742,0.001112,0.021563,0.237197,0.299191,0.442049,0.057325,0.524416,0.233546,0.000000,0.006369,0.025478,0.004246,0.148620
N20003165,0.884058,0.074275,0.041667,0.076087,0.007246,0.030797,0.005435,0.005435,0.024050,0.000437,0.000875,0.000000,0.446712,0.290249,0.124717,0.138322,0.079566,0.650995,0.155515,0.019892,0.007233,0.045208,0.014467,0.027125
N20003166,0.938080,0.021672,0.040248,0.024768,0.003096,0.009288,0.000000,0.000000,0.007568,0.001032,0.000000,0.000688,0.028881,0.133574,0.220217,0.617329,0.058824,0.622291,0.229102,0.000000,0.009288,0.015480,0.006192,0.058824
N20003167,0.945525,0.023346,0.031128,0.042802,0.009728,0.003891,0.000000,0.001946,0.006341,0.000865,0.000000,0.000576,0.102902,0.145119,0.290237,0.461741,0.038911,0.642023,0.219844,0.007782,0.001946,0.011673,0.001946,0.075875
N20003168,0.858140,0.081395,0.060465,0.041434,0.007149,0.016241,0.027842,0.000000,0.028602,0.000520,0.001040,0.000000,0.347059,0.279412,0.229412,0.144118,0.058140,0.579070,0.188372,0.000000,0.002326,0.018605,0.006977,0.146512
N20003169,0.906946,0.061599,0.031455,0.032765,0.011796,0.006553,0.007864,0.005242,0.028585,0.000520,0.001039,0.000000,0.432635,0.293413,0.178144,0.095808,0.045872,0.712975,0.141547,0.002621,0.003932,0.027523,0.005242,0.060288
N20003170,0.847780,0.063425,0.088795,0.073519,0.023341,0.014768,0.006329,0.000000,0.017145,0.001275,0.000567,0.000000,0.032037,0.123570,0.139588,0.704805,0.097252,0.452431,0.247357,0.010571,0.014799,0.021142,0.000000,0.156448
N20003171,0.845395,0.082237,0.072368,0.069079,0.006579,0.032895,0.003289,0.006579,0.026803,0.003655,0.000000,0.002437,0.084577,0.134328,0.179104,0.601990,0.055921,0.470395,0.207237,0.000000,0.036184,0.029605,0.009868,0.190789
N20003172,0.804878,0.101996,0.093126,0.075388,0.008869,0.017738,0.008869,0.000000,0.060066,0.004468,0.001986,0.000000,0.027919,0.246193,0.258883,0.467005,0.046563,0.407982,0.210643,0.002217,0.008869,0.026608,0.000000,0.297118
N20003173,0.916949,0.049153,0.033898,0.049377,0.010103,0.005093,0.018676,0.001698,0.010804,0.000926,0.001543,0.000309,0.037109,0.228516,0.144531,0.589844,0.037288,0.666102,0.162712,0.005085,0.005085,0.016949,0.001695,0.105085
N20003174,0.827957,0.102151,0.069892,0.072581,0.026882,0.008065,0.008065,0.000000,0.053402,0.003972,0.001765,0.000000,0.087591,0.204380,0.167883,0.540146,0.040323,0.473118,0.166667,0.008065,0.005376,0.029570,0.002688,0.274194
N20003175,0.881395,0.086047,0.032558,0.064690,0.021081,0.023202,0.027842,0.002320,0.011601,0.000000,0.000000,0.000000,0.118280,0.218638,0.146953,0.516129,0.099537,0.567130,0.192130,0.000000,0.009259,0.030093,0.004630,0.097222
N20003176,0.872414,0.044828,0.082759,0.064124,0.017194,0.003454,0.003454,0.000000,0.016486,0.001413,0.002355,0.000471,0.115619,0.235294,0.281947,0.367140,0.087931,0.506897,0.162069,0.005172,0.001724,0.018966,0.003448,0.213793
N20003177,0.888462,0.048077,0.063462,0.033249,0.011397,0.017375,0.000000,0.000000,0.015356,0.001316,0.002194,0.000439,0.051613,0.238710,0.232258,0.477419,0.057692,0.542308,0.182692,0.001923,0.013462,0.007692,0.005769,0.188462
N20003178,0.799591,0.130879,0.069530,0.100821,0.026371,0.016393,0.020492,0.008197,0.053661,0.003991,0.001774,0.000000,0.071611,0.219949,0.191816,0.516624,0.084016,0.420082,0.145492,0.004098,0.022541,0.012295,0.008197,0.303279
N20003179,0.726064,0.154255,0.119681,0.084154,0.008367,0.015915,0.010610,0.002653,0.105388,0.007839,0.003484,0.000000,0.144654,0.188679,0.254717,0.411950,0.039788,0.437666,0.124668,0.002653,0.013263,0.023873,0.002653,0.355438
N20003180,0.860177,0.097345,0.042478,0.046347,0.017558,0.010638,0.007092,0.008865,0.053191,0.000000,0.000000,0.000000,0.187629,0.309278,0.282474,0.220619,0.058407,0.612389,0.141593,0.007080,0.010619,0.021239,0.005310,0.143363
N20003181,0.853333,0.057778,0.088889,0.055556,0.006667,0.006667,0.002222,0.008889,0.033333,0.000000,0.000000,0.000000,0.095491,0.233422,0.249337,0.421751,0.066667,0.493333,0.237778,0.011111,0.006667,0.026667,0.002222,0.155556
N20003182,0.888469,0.071834,0.039698,0.026465,0.001890,0.026465,0.017013,0.000000,0.021052,0.001804,0.003007,0.000601,0.100410,0.114754,0.182377,0.602459,0.056711,0.570888,0.217391,0.000000,0.017013,0.011342,0.000000,0.126654
N20003183,0.918651,0.031746,0.049603,0.085317,0.000000,0.013889,0.003968,0.003968,0.007844,0.001384,0.000692,0.000000,0.069231,0.215385,0.164103,0.551282,0.055556,0.607143,0.204365,0.007937,0.001984,0.027778,0.001984,0.093254
N20003184,0.953571,0.032143,0.014286,0.044319,0.001894,0.003559,0.008897,0.001779,0.016014,0.000000,0.000000,0.000000,0.180723,0.269880,0.214458,0.334940,0.039356,0.638640,0.205725,0.001789,0.003578,0.032200,0.000000,0.078712
N20003185,0.859127,0.065476,0.075397,0.055556,0.011905,0.001984,0.005952,0.000000,0.036083,0.006368,0.003184,0.000000,0.067647,0.247059,0.205882,0.479412,0.053571,0.535714,0.172619,0.001984,0.003968,0.023810,0.009921,0.198413
N20003186,0.934122,0.035473,0.030405,0.055538,0.005119,0.001686,0.001686,0.001686,0.020001,0.003530,0.001765,0.000000,0.067485,0.165644,0.190184,0.576687,0.025381,0.588832,0.182741,0.001692,0.001692,0.011844,0.003384,0.184433
N20003187,0.876068,0.074786,0.049145,0.064103,0.014957,0.019231,0.008547,0.000000,0.031250,0.000801,0.000000,0.000000,0.055556,0.241667,0.186111,0.516667,0.053419,0.510684,0.153846,0.002137,0.010684,0.019231,0.004274,0.245726
N20003188,0.932406,0.023857,0.043738,0.045726,0.003976,0.000000,0.007952,0.000000,0.010844,0.001084,0.000000,0.000000,0.197943,0.354756,0.246787,0.200514,0.021869,0.667992,0.176938,0.000000,0.000000,0.021869,0.000000,0.111332
N20003189,0.868284,0.090121,0.041594,0.055459,0.010399,0.003466,0.046794,0.003466,0.024697,0.001300,0.000000,0.000000,0.143187,0.233256,0.267898,0.355658,0.052174,0.615652,0.200000,0.001739,0.008696,0.020870,0.008696,0.092174
N20003190,0.725979,0.128114,0.145907,0.097407,0.031685,0.039286,0.014286,0.000000,0.041786,0.001071,0.000000,0.000000,0.059633,0.229358,0.298165,0.412844,0.056940,0.274021,0.145907,0.003559,0.007117,0.035587,0.003559,0.473310
N20003191,0.923345,0.034843,0.041812,0.045084,0.012235,0.008696,0.005217,0.000000,0.007905,0.000791,0.000000,0.000000,0.400901,0.250000,0.220721,0.128378,0.056042,0.695271,0.134851,0.003503,0.003503,0.021016,0.000000,0.085814
N20003192,0.921109,0.046908,0.031983,0.036493,0.006310,0.006410,0.014957,0.000000,0.018269,0.000962,0.000000,0.000000,0.097264,0.227964,0.234043,0.440729,0.038380,0.560768,0.198294,0.012793,0.002132,0.049041,0.004264,0.134328
N20003193,0.842105,0.081871,0.076023,0.048733,0.013645,0.011696,0.011696,0.001949,0.041813,0.001072,0.000000,0.000000,0.219955,0.333333,0.240363,0.206349,0.056641,0.595703,0.121094,0.005859,0.007812,0.027344,0.000000,0.185547
N20003194,0.947692,0.020000,0.032308,0.042930,0.003103,0.000000,0.015361,0.000000,0.001396,0.000140,0.000000,0.000000,0.245081,0.339893,0.232558,0.182469,0.049231,0.675385,0.163077,0.001538,0.001538,0.046154,0.006154,0.056923
N20003195,0.900383,0.045977,0.053640,0.048460,0.013285,0.009615,0.007692,0.000000,0.015000,0.000385,0.000000,0.000000,0.060827,0.182482,0.245742,0.510949,0.034483,0.536398,0.204981,0.007663,0.001916,0.013410,0.001916,0.199234
N20003196,0.860687,0.055344,0.083969,0.047710,0.007634,0.005725,0.011450,0.011450,0.017349,0.001735,0.000000,0.000000,0.291242,0.274949,0.238289,0.195519,0.028626,0.568702,0.129771,0.000000,0.009542,0.030534,0.000000,0.232824
N20003197,0.915511,0.040353,0.044136,0.041614,0.006305,0.007566,0.006305,0.000000,0.019168,0.001009,0.000000,0.000000,0.194145,0.272727,0.258860,0.274268,0.027743,0.636822,0.161412,0.005044,0.002522,0.011349,0.012610,0.142497
N20003198,0.906593,0.053114,0.040293,0.033199,0.012747,0.018349,0.007339,0.003670,0.010734,0.000275,0.000000,0.000000,0.358974,0.326923,0.198718,0.115385,0.045788,0.630037,0.194139,0.000000,0.009158,0.034799,0.001832,0.084249
N20003199,0.872464,0.084058,0.043478,0.042984,0.003133,0.000000,0.031792,0.000000,0.047905,0.001228,0.000000,0.000000,0.146853,0.185315,0.185315,0.482517,0.066860,0.584302,0.168605,0.005814,0.002907,0.023256,0.002907,0.145349
N20003200,0.919173,0.046992,0.033835,0.054894,0.012120,0.000943,0.025448,0.001885,0.004123,0.000825,0.001649,0.000000,0.250295,0.283353,0.317591,0.148760,0.055503,0.733772,0.150517,0.000941,0.004704,0.023518,0.002822,0.028222
N20003201,0.940000,0.032500,0.027500,0.055000,0.010000,0.005000,0.005000,0.002500,0.008261,0.000435,0.000000,0.001304,0.110759,0.231013,0.291139,0.367089,0.029925,0.718204,0.149626,0.004988,0.000000,0.014963,0.000000,0.082294
N20003202,0.925926,0.043771,0.030303,0.040404,0.005051,0.018519,0.006734,0.001684,0.007365,0.001473,0.002946,0.000000,0.237209,0.265116,0.283721,0.213953,0.062395,0.775717,0.116358,0.001686,0.003373,0.021922,0.000000,0.018550
N20003203,0.966480,0.011173,0.022346,0.045816,-0.005432,0.000000,0.005535,0.000000,0.009145,0.000481,0.000000,0.001444,0.164557,0.333333,0.272152,0.229958,0.011111,0.694444,0.185185,0.005556,0.001852,0.038889,0.007407,0.055556
N20003204,0.929050,0.042838,0.028112,0.034806,0.013387,0.002677,0.024096,0.000000,0.001673,0.000335,0.000669,0.000000,0.264856,0.268251,0.337861,0.129032,0.030914,0.810484,0.107527,0.004032,0.008065,0.016129,0.005376,0.017473
N20003205,0.962199,0.024055,0.013746,0.033872,-0.003249,0.006826,0.006826,0.000000,0.011278,0.000594,0.000000,0.001781,0.255144,0.259259,0.259259,0.226337,0.025685,0.767123,0.152397,0.000000,0.005137,0.022260,0.005137,0.022260
N20003206,0.956044,0.010989,0.032967,0.037184,0.000024,0.000000,0.000000,0.000000,0.009058,0.000477,0.000000,0.001430,0.113065,0.278894,0.193467,0.414573,0.030702,0.771930,0.125000,0.015351,0.002193,0.021930,0.000000,0.032895
N20003207,0.873964,0.097844,0.028192,0.031509,0.004975,0.048093,0.019900,0.001658,0.015204,0.000616,0.002876,0.004520,0.358300,0.248988,0.246964,0.145749,0.081531,0.625624,0.164725,0.003328,0.019967,0.048253,0.013311,0.043261
N20003208,0.396930,0.585526,0.017544,0.013158,0.028509,0.396930,0.035088,0.002193,0.080422,0.003260,0.015215,0.023909,0.357513,0.194301,0.393782,0.054404,0.372549,0.257081,0.172113,0.017429,0.087146,0.043573,0.015251,0.034858
N20003209,0.475177,0.436170,0.088652,0.001773,0.042553,0.228723,0.030142,0.000000,0.088245,0.003577,0.016695,0.026235,0.231102,0.293737,0.302376,0.172786,0.264654,0.335702,0.200710,0.007105,0.092362,0.028419,0.021314,0.049734
N20003210,0.701863,0.267081,0.031056,0.035197,0.029581,0.143750,0.054167,0.008333,0.020465,0.000830,0.003872,0.006084,0.295039,0.221932,0.321149,0.161880,0.228216,0.497925,0.197095,0.004149,0.022822,0.024896,0.004149,0.020747
N20003211,0.870861,0.105960,0.023179,0.013956,0.007791,0.076539,0.000000,0.006656,0.011492,0.000871,0.000697,0.001915,0.291837,0.261224,0.275510,0.171429,0.084298,0.601653,0.209917,0.004959,0.008264,0.051240,0.014876,0.024793
N20003212,0.722981,0.233540,0.043478,0.028192,0.006493,0.177419,0.032258,0.000000,0.011897,0.002617,0.002141,0.000714,0.208396,0.299850,0.335832,0.155922,0.145522,0.522388,0.184080,0.003731,0.043532,0.036070,0.009950,0.054726
N20003213,0.603819,0.356802,0.039379,0.015513,0.020286,0.220764,0.038186,0.000000,0.050795,0.002059,0.009610,0.015101,0.215859,0.211454,0.468429,0.104258,0.268176,0.419547,0.148987,0.002384,0.092968,0.042908,0.004768,0.020262
N20003214,0.689840,0.236364,0.073797,0.029947,0.018182,0.146524,0.019251,0.002139,0.038577,0.002923,0.002338,0.006430,0.247475,0.270202,0.338384,0.143939,0.150964,0.504283,0.177730,0.007495,0.055675,0.020343,0.011777,0.071734
N20003215,0.650568,0.301136,0.048295,0.029292,0.024541,0.146099,0.066667,0.021277,0.029146,0.006412,0.005246,0.001749,0.247405,0.235294,0.307958,0.209343,0.202837,0.490780,0.195745,0.007092,0.032624,0.019858,0.007092,0.043972
N20003216,0.816327,0.159184,0.024490,0.022049,0.006595,0.104905,0.027248,0.001362,0.014638,0.001109,0.000887,0.002440,0.264423,0.269231,0.391026,0.075321,0.171896,0.553888,0.212824,0.001364,0.010914,0.023192,0.006821,0.019100
N20003217,0.912548,0.041825,0.045627,0.039924,0.009506,0.020913,0.007605,0.000000,0.003202,0.000200,0.000400,0.000000,0.132118,0.284738,0.266515,0.316629,0.064639,0.640684,0.203422,0.001901,0.000000,0.026616,0.011407,0.051331
N20003218,0.930769,0.033846,0.035385,0.021538,0.003077,0.010769,0.012308,0.000000,0.006478,0.000405,0.000810,0.000000,0.276740,0.273345,0.268251,0.181664,0.039939,0.654378,0.173579,0.026114,0.016897,0.038402,0.010753,0.039939
N20003219,0.861328,0.128906,0.009766,0.027344,0.009766,0.074219,0.013672,0.000000,0.023983,0.001817,0.001453,0.003997,0.240476,0.278571,0.361905,0.119048,0.078125,0.625000,0.207031,0.001953,0.037109,0.029297,0.001953,0.019531
N20003220,0.941284,0.042202,0.016514,0.034862,0.003670,0.011009,0.003670,0.001835,0.018542,0.001159,0.002318,0.000000,0.102345,0.268657,0.334755,0.294243,0.033028,0.724771,0.150459,0.003670,0.012844,0.040367,0.000000,0.034862
N20003221,0.887307,0.054567,0.058126,0.033736,0.009329,0.008333,0.013095,0.000000,0.023810,0.000000,0.000000,0.000000,0.186916,0.269693,0.252336,0.291055,0.034320,0.637870,0.194083,0.007101,0.008284,0.034320,0.001183,0.082840
N20003222,0.878289,0.103618,0.018092,0.016447,0.008224,0.044408,0.013158,0.000000,0.025910,0.005700,0.004664,0.001555,0.306122,0.222635,0.354360,0.116883,0.055921,0.652961,0.217105,0.004934,0.013158,0.029605,0.004934,0.021382
N20003223,0.912863,0.041494,0.045643,0.033195,0.004149,0.022822,0.000000,0.002075,0.008526,0.001876,0.001535,0.000512,0.221411,0.374696,0.243309,0.160584,0.047718,0.688797,0.143154,0.018672,0.004149,0.031120,0.008299,0.058091
N20003224,0.953596,0.027842,0.018561,0.018112,0.000192,0.013825,0.013825,0.000000,0.000000,0.000000,0.000000,0.000000,0.160763,0.234332,0.258856,0.346049,0.055556,0.682870,0.206019,0.000000,0.000000,0.039352,0.000000,0.016204
N20003225,0.951252,0.039526,0.009223,0.014493,0.002635,0.017128,0.015810,0.001318,0.002128,0.000051,0.000051,0.000405,0.185075,0.270149,0.444776,0.100000,0.056728,0.654354,0.228232,0.001319,0.009235,0.031662,0.010554,0.007916
N20003226,0.956757,0.020270,0.022973,0.021534,0.004076,0.000000,0.001350,0.000000,0.014845,0.000000,0.000000,0.000000,0.295455,0.202922,0.310065,0.191558,0.040486,0.661269,0.197031,0.006748,0.002699,0.053981,0.002699,0.035088
N20003227,0.967235,0.022280,0.010485,0.035387,0.002621,0.002621,0.005242,0.001311,0.008598,0.000839,0.001048,0.000000,0.264179,0.335821,0.291045,0.108955,0.023591,0.744430,0.159895,0.003932,0.003932,0.027523,0.002621,0.034076
N20003228,0.887900,0.064057,0.048043,0.054863,0.010771,0.010657,0.012433,0.000000,0.024760,0.002416,0.003020,0.000000,0.398618,0.322581,0.168203,0.110599,0.040853,0.658970,0.159858,0.017762,0.003552,0.051510,0.008881,0.058615
N20003229,0.855839,0.122263,0.021898,0.034998,0.027199,0.045704,0.025594,0.000000,0.019488,0.001901,0.002377,0.000000,0.355294,0.258824,0.265882,0.120000,0.096892,0.643510,0.184644,0.010969,0.012797,0.020110,0.003656,0.027422
N20003230,0.940493,0.053701,0.005806,0.032063,0.007189,0.015988,0.011628,0.000000,0.015262,0.000363,0.000363,0.002907,0.296364,0.232727,0.352727,0.118182,0.059507,0.693759,0.187228,0.005806,0.004354,0.015965,0.011611,0.021771
N20003231,0.949926,0.023564,0.026510,0.042710,0.011782,0.001473,0.002946,0.000000,0.007364,0.000000,0.000000,0.000000,0.321053,0.247368,0.277193,0.154386,0.032353,0.719118,0.179412,0.002941,0.001471,0.022059,0.002941,0.039706
N20003232,0.909707,0.063205,0.027088,0.027620,0.011051,0.031746,0.013605,0.002268,0.003663,0.000087,0.000087,0.000698,0.258258,0.321321,0.351351,0.069069,0.047297,0.617117,0.274775,0.002252,0.009009,0.022523,0.002252,0.024775
N20003233,0.899187,0.042276,0.058537,0.026223,0.012960,0.004886,0.004886,0.000000,0.016026,0.001564,0.001954,0.000000,0.410546,0.350282,0.143126,0.096045,0.027464,0.746365,0.100162,0.012924,0.000000,0.045234,0.003231,0.064620
N20003234,0.928775,0.054131,0.017094,0.040363,0.012643,0.015737,0.000000,0.000000,0.020799,0.000495,0.000495,0.003962,0.388350,0.296117,0.236246,0.079288,0.072546,0.679943,0.150782,0.007112,0.005690,0.059744,0.007112,0.017070
N20003235,0.853503,0.114650,0.031847,0.034743,0.006542,0.030207,0.041335,0.009539,0.021830,0.000520,0.000520,0.004158,0.247148,0.252852,0.346008,0.153992,0.079745,0.637959,0.164274,0.001595,0.009569,0.035088,0.015949,0.055821
N20003236,0.877238,0.081841,0.040921,0.057776,0.006297,0.011524,0.029449,0.001280,0.032582,0.000708,0.000000,0.000000,0.303030,0.263158,0.216906,0.216906,0.079284,0.580563,0.209719,0.008951,0.007673,0.046036,0.007673,0.060102
N20003237,0.880357,0.110714,0.008929,0.043148,0.005169,0.021467,0.019678,0.003578,0.059792,0.001031,0.000000,0.000000,0.326139,0.424460,0.211031,0.038369,0.080645,0.620072,0.184588,0.005376,0.014337,0.030466,0.014337,0.050179
N20003238,0.844860,0.084112,0.071028,0.048218,0.013217,0.020522,0.013060,0.003731,0.032868,0.000715,0.000000,0.000000,0.292994,0.314225,0.178344,0.214437,0.061453,0.629423,0.130354,0.000000,0.014898,0.033520,0.009311,0.121043
N20003239,0.908795,0.042345,0.048860,0.052117,0.013029,0.001629,0.006515,0.000000,0.019297,0.001340,0.000268,0.000268,0.301688,0.246835,0.185654,0.265823,0.034202,0.700326,0.151466,0.006515,0.000000,0.029316,0.001629,0.076547
N20003240,0.874824,0.099859,0.025316,0.049226,0.021097,0.014065,0.046414,0.002813,0.015209,0.000262,0.000000,0.000000,0.393773,0.316850,0.186813,0.102564,0.079944,0.654979,0.151473,0.018233,0.012623,0.029453,0.016830,0.036466
N20003241,0.835616,0.085236,0.079148,0.062751,0.018163,0.016768,0.004573,0.000000,0.044759,0.000973,0.000000,0.000000,0.144262,0.295082,0.257377,0.303279,0.063927,0.554033,0.203957,0.001522,0.001522,0.030441,0.009132,0.135464
N20003242,0.777027,0.112613,0.110360,0.073656,0.020478,0.015730,0.020225,0.000000,0.053505,0.002675,0.000000,0.000000,0.129310,0.298851,0.198276,0.373563,0.069820,0.529279,0.211712,0.015766,0.000000,0.020270,0.011261,0.141892
N20003243,0.883162,0.051546,0.065292,0.036082,0.006873,0.010309,0.008591,0.000000,0.025225,0.000548,0.000000,0.000000,0.159046,0.216700,0.252485,0.371769,0.054983,0.553265,0.214777,0.003436,0.006873,0.048110,0.015464,0.103093
N20003244,0.932787,0.034426,0.032787,0.051208,0.009755,0.004934,0.004934,0.000000,0.013491,0.000937,0.000187,0.000187,0.087954,0.252390,0.300191,0.359465,0.039280,0.680851,0.209493,0.003273,0.000000,0.022913,0.003273,0.040917
N20003245,0.944272,0.024768,0.030960,0.094272,0.012268,0.009375,0.000000,0.003125,0.000000,0.000000,0.000000,0.000000,0.026515,0.223485,0.219697,0.530303,0.037152,0.572755,0.284830,0.003096,0.006192,0.040248,0.000000,0.055728
N20003246,0.870410,0.071274,0.058315,0.079106,0.032144,0.004348,0.008696,0.000000,0.024845,0.001242,0.000000,0.000000,0.068421,0.178947,0.247368,0.505263,0.058190,0.528017,0.215517,0.006466,0.002155,0.002155,0.000000,0.187500
N20003247,0.831933,0.100840,0.067227,0.061099,0.013340,0.025000,0.033333,0.008333,0.020390,0.000443,0.000000,0.000000,0.210526,0.285714,0.218045,0.285714,0.046414,0.531646,0.206751,0.004219,0.029536,0.037975,0.008439,0.135021
N20003248,0.843823,0.088578,0.067599,0.071730,0.011834,0.025581,0.016279,0.000000,0.033223,0.001661,0.000000,0.000000,0.057047,0.194631,0.244966,0.503356,0.085847,0.526682,0.236659,0.000000,0.002320,0.020882,0.000000,0.127610
N20003249,0.816667,0.073333,0.110000,0.036667,0.016667,0.006667,0.013333,0.000000,0.034921,0.001746,0.000000,0.000000,0.040909,0.286364,0.227273,0.445455,0.046667,0.553333,0.223333,0.003333,0.010000,0.010000,0.000000,0.153333
N20003250,0.882012,0.087041,0.030948,0.058027,0.021277,0.005803,0.030948,0.001934,0.026620,0.000459,0.000000,0.000000,0.407407,0.304233,0.148148,0.140212,0.034749,0.629344,0.160232,0.015444,0.011583,0.046332,0.017375,0.084942
N20003251,0.838983,0.080508,0.080508,0.093220,0.025424,0.012712,0.008475,0.000000,0.032284,0.001614,0.000000,0.000000,0.154762,0.220238,0.244048,0.380952,0.046809,0.557447,0.191489,0.008511,0.017021,0.021277,0.012766,0.144681
N20003252,0.890476,0.069048,0.040476,0.054762,0.009524,0.016667,0.014286,0.004762,0.021700,0.001507,0.000301,0.000301,0.153285,0.288321,0.273723,0.284672,0.059382,0.662708,0.178147,0.016627,0.000000,0.007126,0.002375,0.073634
N20003253,0.809322,0.127119,0.063559,0.065678,0.031780,0.023305,0.025424,0.002119,0.042373,0.002119,0.000000,0.000000,0.342342,0.234234,0.180180,0.243243,0.082627,0.523305,0.192797,0.006356,0.019068,0.033898,0.014831,0.127119
N20003254,0.845758,0.087404,0.066838,0.078495,0.041368,0.012788,0.012788,0.005115,0.013986,0.000971,0.000194,0.000194,0.312236,0.232068,0.219409,0.236287,0.089514,0.601023,0.156010,0.007673,0.002558,0.051151,0.020460,0.071611
N20003255,0.731441,0.122271,0.146288,0.082204,0.030767,0.019608,0.039216,0.004357,0.026974,0.001349,0.000000,0.000000,0.201320,0.221122,0.191419,0.386139,0.076253,0.461874,0.165577,0.002179,0.026144,0.023965,0.002179,0.241830
N20003256,0.769231,0.170940,0.059829,0.081333,0.030813,0.023355,0.029724,0.000000,0.079336,0.005509,0.001102,0.001102,0.417625,0.306513,0.141762,0.134100,0.068230,0.588486,0.127932,0.012793,0.012793,0.031983,0.023454,0.134328
N20003257,0.742616,0.226442,0.030942,0.047820,0.026723,0.125176,0.052039,0.000000,0.016476,0.003617,0.001607,0.000804,0.224638,0.289855,0.364130,0.121377,0.164326,0.511236,0.179775,0.009831,0.044944,0.037921,0.028090,0.023876
N20003258,0.884131,0.083123,0.032746,0.045340,0.037783,0.020151,0.012594,0.000000,0.009221,0.002024,0.000900,0.000450,0.123894,0.221239,0.300885,0.353982,0.090680,0.589421,0.231738,0.012594,0.007557,0.032746,0.010076,0.025189
N20003259,0.639556,0.293900,0.066543,0.042514,0.053604,0.079482,0.090573,0.007394,0.046013,0.010100,0.004489,0.002245,0.300000,0.362162,0.197297,0.140541,0.171904,0.438078,0.234750,0.014787,0.049908,0.020333,0.005545,0.064695
N20003260,0.947811,0.018519,0.033670,0.038721,0.010101,0.000000,0.006734,0.000000,0.001233,0.000271,0.000120,0.000060,0.122449,0.285714,0.341373,0.250464,0.043771,0.705387,0.161616,0.006734,0.018519,0.008418,0.000000,0.055556
N20003261,0.674891,0.285922,0.039187,0.013062,0.026125,0.211901,0.023222,0.001451,0.018281,0.000494,0.003459,0.000988,0.192237,0.286506,0.386322,0.134935,0.191304,0.518841,0.172464,0.000000,0.081159,0.008696,0.002899,0.024638
N20003262,0.692308,0.205128,0.102564,0.033646,0.040463,0.073756,0.061750,0.005146,0.019621,0.001464,0.002636,0.000293,0.144016,0.342799,0.239351,0.273834,0.186325,0.398291,0.285470,0.006838,0.025641,0.044444,0.008547,0.044444
N20003263,0.776265,0.143969,0.079767,0.050584,0.038911,0.060311,0.031128,0.003891,0.009728,0.000000,0.000000,0.000000,0.050218,0.196507,0.165939,0.587336,0.179688,0.375000,0.298828,0.021484,0.050781,0.007812,0.007812,0.058594
N20003264,0.730315,0.214567,0.055118,0.045276,0.035433,0.088583,0.045276,0.001969,0.038903,0.000000,0.002936,0.001468,0.381068,0.354369,0.184466,0.080097,0.147348,0.467583,0.220039,0.009823,0.041257,0.043222,0.019646,0.051081
N20003265,0.816456,0.135021,0.048523,0.030439,0.035445,0.031780,0.052966,0.004237,0.010593,0.000000,0.000000,0.000000,0.034853,0.249330,0.193029,0.522788,0.185654,0.362869,0.331224,0.006329,0.016878,0.050633,0.000000,0.046414
N20003266,0.689320,0.249191,0.061489,0.063107,0.045307,0.084142,0.097087,0.004854,0.014543,0.001085,0.001954,0.000217,0.152174,0.350242,0.258454,0.239130,0.190939,0.346278,0.313916,0.004854,0.030744,0.037217,0.004854,0.071197
N20003267,0.794118,0.149510,0.056373,0.050841,0.007701,0.053790,0.066015,0.004890,0.017115,0.000000,0.000000,0.000000,0.067073,0.204268,0.240854,0.487805,0.250000,0.316176,0.294118,0.024510,0.034314,0.024510,0.002451,0.053922
N20003268,0.663158,0.268421,0.068421,0.049123,0.066667,0.117544,0.049123,0.005263,0.026792,0.000000,0.002022,0.001011,0.495146,0.317961,0.135922,0.050971,0.164912,0.370175,0.240351,0.003509,0.057895,0.057895,0.043860,0.061404
N20003269,0.802041,0.122449,0.075510,0.055102,0.026531,0.026531,0.048980,0.002041,0.018367,0.000000,0.000000,0.000000,0.078880,0.180662,0.229008,0.511450,0.175510,0.330612,0.351020,0.010204,0.020408,0.038776,0.016327,0.057143
N20003270,0.663462,0.261538,0.075000,0.042308,0.046154,0.094231,0.057692,0.025000,0.034550,0.000000,0.002608,0.001304,0.254658,0.335404,0.189441,0.220497,0.204239,0.402697,0.283237,0.009634,0.036609,0.025048,0.009634,0.028902
N20003271,0.666667,0.215686,0.117647,0.075534,0.033420,0.096059,0.046798,0.000000,0.032200,0.002403,0.004325,0.000481,0.137546,0.256506,0.148699,0.457249,0.177340,0.275862,0.349754,0.012315,0.036946,0.039409,0.014778,0.093596
N20003272,0.676423,0.191870,0.131707,0.076423,0.045528,0.073171,0.029268,0.024390,0.017615,0.001084,0.000271,0.000542,0.196117,0.380583,0.275728,0.147573,0.142857,0.467532,0.271104,0.019481,0.014610,0.024351,0.021104,0.038961
N20003273,0.673504,0.239316,0.087179,0.046154,0.037607,0.099145,0.049573,0.008547,0.040123,0.002469,0.000617,0.001235,0.330144,0.251196,0.236842,0.181818,0.197615,0.459966,0.201022,0.006814,0.035775,0.015332,0.025554,0.057922
N20003274,0.696148,0.211127,0.092725,0.058613,0.049236,0.073066,0.063037,0.004298,0.019401,0.001194,0.000298,0.000597,0.233184,0.390135,0.224215,0.152466,0.164286,0.334286,0.328571,0.020000,0.047143,0.034286,0.021429,0.050000
N20003275,0.620042,0.329854,0.050104,0.032176,0.047427,0.144351,0.075314,0.002092,0.047761,0.001291,0.009036,0.002582,0.259701,0.229851,0.313433,0.197015,0.223849,0.416318,0.238494,0.023013,0.029289,0.010460,0.014644,0.043933
N20003276,0.878971,0.095310,0.025719,0.033517,0.010462,0.034848,0.048485,0.000000,0.001193,0.000032,0.000226,0.000064,0.228302,0.318868,0.303774,0.149057,0.095166,0.648036,0.188822,0.004532,0.013595,0.013595,0.019637,0.016616
N20003277,0.612245,0.297052,0.090703,0.065760,0.083900,0.088435,0.070295,0.011338,0.038895,0.002394,0.000598,0.001197,0.233553,0.427632,0.200658,0.138158,0.205882,0.389140,0.264706,0.015837,0.038462,0.018100,0.011312,0.056561
N20003278,0.485207,0.331361,0.183432,0.069034,0.088757,0.088757,0.082840,0.011834,0.048348,0.003608,0.006494,0.000722,0.195652,0.224638,0.275362,0.304348,0.319527,0.252465,0.289941,0.003945,0.025641,0.017751,0.013807,0.076923
N20003279,0.612360,0.219101,0.168539,0.078652,0.075843,0.050562,0.061798,0.000000,0.025247,0.001884,0.003391,0.000377,0.189815,0.356481,0.222222,0.231481,0.157303,0.435393,0.289326,0.011236,0.033708,0.016854,0.008427,0.047753
N20003280,0.931238,0.043222,0.025540,0.053045,0.007859,0.025540,0.007859,0.000000,0.001547,0.000042,0.000293,0.000084,0.186480,0.268065,0.391608,0.153846,0.053360,0.654150,0.245059,0.000000,0.000000,0.031621,0.000000,0.015810
N20003281,0.590000,0.375000,0.035000,0.024276,0.027246,0.168053,0.098170,0.000000,0.038475,0.003435,0.000458,0.039162,0.181609,0.305747,0.379310,0.133333,0.296667,0.363333,0.193333,0.003333,0.048333,0.010000,0.040000,0.045000
N20003282,0.652349,0.318121,0.029530,0.030365,0.019193,0.183646,0.058981,0.000000,0.026569,0.002372,0.000316,0.027043,0.108997,0.237024,0.494810,0.159170,0.215241,0.425134,0.232620,0.022727,0.058824,0.013369,0.005348,0.026738
N20003283,0.715909,0.269481,0.014610,0.029221,0.022727,0.167208,0.053571,0.000000,0.012359,0.000628,0.001047,0.011940,0.108818,0.243902,0.510319,0.136961,0.212318,0.457050,0.210697,0.009724,0.058347,0.024311,0.006483,0.021070
N20003284,0.779930,0.151408,0.068662,0.028607,0.015606,0.054674,0.051146,0.000000,0.025286,0.000722,0.000181,0.003793,0.055901,0.165631,0.298137,0.480331,0.158730,0.365079,0.365079,0.001764,0.035273,0.033510,0.000000,0.040564
N20003285,0.256351,0.685912,0.057737,0.034642,0.060046,0.330254,0.175520,0.004619,0.097387,0.002782,0.000696,0.014608,0.044568,0.298050,0.434540,0.222841,0.453917,0.099078,0.184332,0.000000,0.140553,0.023041,0.020737,0.078341
N20003286,0.097046,0.852321,0.050633,0.016878,0.059072,0.464135,0.234177,0.006329,0.074729,0.002135,0.000534,0.011209,0.161692,0.266169,0.368159,0.203980,0.552743,0.040084,0.179325,0.000000,0.154008,0.002110,0.008439,0.063291
N20003287,0.051948,0.873840,0.074212,0.007338,0.059714,0.407063,0.280669,0.020446,0.089354,0.002553,0.000638,0.013403,0.134615,0.162088,0.491758,0.211538,0.560297,0.038961,0.118738,0.003711,0.153989,0.000000,0.042672,0.081633
N20003288,0.358407,0.607670,0.033923,0.014749,0.023599,0.374631,0.075221,0.001475,0.062643,0.005593,0.000746,0.063762,0.207940,0.268431,0.385633,0.137996,0.433628,0.244838,0.154867,0.001475,0.109145,0.004425,0.016224,0.035398
N20003289,0.577265,0.380107,0.042629,0.023091,0.026643,0.198934,0.062167,0.003552,0.042256,0.002149,0.003581,0.040824,0.187935,0.285383,0.350348,0.176334,0.283422,0.344029,0.249554,0.003565,0.051693,0.023173,0.019608,0.024955
N20003290,0.651095,0.305109,0.043796,0.037956,0.032117,0.172263,0.052555,0.002920,0.036204,0.002057,0.001646,0.005348,0.206593,0.261538,0.413187,0.118681,0.163743,0.368421,0.314327,0.001462,0.054094,0.033626,0.014620,0.049708
N20003291,0.643436,0.327391,0.029173,0.026931,0.021565,0.270227,0.008091,0.000000,0.022006,0.001250,0.001000,0.003251,0.189300,0.181070,0.495885,0.133745,0.251216,0.385737,0.235008,0.008104,0.066451,0.029173,0.001621,0.022690
N20003292,0.236772,0.716931,0.046296,0.030423,0.043651,0.404762,0.091270,0.000000,0.083645,0.007468,0.000996,0.085139,0.145215,0.237624,0.478548,0.138614,0.550993,0.135099,0.152318,0.007947,0.107285,0.010596,0.002649,0.033113
N20003293,0.424354,0.539975,0.035670,0.016216,0.024562,0.387176,0.075216,0.002466,0.023857,0.002130,0.000284,0.024283,0.162614,0.300912,0.410334,0.126140,0.392109,0.284834,0.146732,0.000000,0.104809,0.028360,0.013564,0.029593
N20003294,0.582505,0.379722,0.037773,0.037773,0.017893,0.246521,0.069583,0.001988,0.020811,0.001058,0.001764,0.020105,0.111639,0.292162,0.427553,0.168646,0.330020,0.343936,0.172962,0.009940,0.075547,0.047714,0.001988,0.017893
N20003295,0.803448,0.124138,0.072414,0.037012,0.022062,0.055363,0.025952,0.001730,0.015225,0.000865,0.000692,0.002249,0.360092,0.259174,0.222477,0.158257,0.097054,0.563258,0.187175,0.010399,0.022530,0.055459,0.010399,0.053726
N20003296,0.556355,0.410072,0.033573,0.025105,0.030264,0.216346,0.074519,0.002404,0.041176,0.002094,0.003489,0.039780,0.098726,0.331210,0.302548,0.267516,0.360577,0.312500,0.223558,0.002404,0.052885,0.019231,0.009615,0.019231
N20003297,0.395639,0.520249,0.084112,0.034268,0.035826,0.261682,0.133956,0.000000,0.048428,0.007567,0.002522,0.030268,0.113553,0.260073,0.410256,0.216117,0.352113,0.206573,0.175274,0.009390,0.107981,0.007825,0.017214,0.123631
N20003298,0.082474,0.853608,0.063918,0.016495,0.037113,0.581443,0.154639,0.000000,0.043861,0.006853,0.002284,0.027413,0.068884,0.315914,0.353919,0.261283,0.558763,0.024742,0.162887,0.000000,0.181443,0.002062,0.000000,0.070103
N20003299,0.754601,0.165644,0.079755,0.031360,0.021913,0.070336,0.053517,0.000000,0.011492,0.004659,0.000000,0.003727,0.052448,0.194056,0.291958,0.461538,0.169725,0.440367,0.215596,0.004587,0.021407,0.032110,0.007645,0.108563
N20003300,0.150997,0.796296,0.052707,0.015670,0.018519,0.529915,0.131054,0.002849,0.062160,0.009713,0.003238,0.038850,0.128205,0.267399,0.419414,0.184982,0.534851,0.079659,0.116643,0.008535,0.143670,0.002845,0.008535,0.105263
N20003301,0.269297,0.602058,0.128645,0.036021,0.058319,0.264151,0.140652,0.000000,0.107584,0.010451,0.004918,0.015984,0.069264,0.277056,0.294372,0.359307,0.358491,0.120069,0.162950,0.008576,0.104631,0.005146,0.008576,0.231561
N20003302,0.896063,0.061417,0.042520,0.039145,0.014248,0.017296,0.018868,0.001572,0.005454,0.002211,0.000000,0.001769,0.053170,0.134969,0.257669,0.554192,0.091772,0.469937,0.297468,0.004747,0.020570,0.025316,0.004747,0.085443
N20003303,0.478673,0.362559,0.158768,0.024991,0.034768,0.190024,0.066508,0.007126,0.049661,0.004824,0.002270,0.007378,0.047059,0.120588,0.161765,0.670588,0.317422,0.193317,0.262530,0.007160,0.045346,0.011933,0.009547,0.152745
N20003304,0.546189,0.357968,0.095843,0.019692,0.038843,0.164747,0.102535,0.000000,0.029972,0.012151,0.000000,0.009721,0.076805,0.147465,0.356375,0.419355,0.299885,0.284890,0.268743,0.006920,0.053057,0.017301,0.004614,0.064591
N20003305,0.156923,0.692308,0.150769,0.030769,0.043077,0.427692,0.166154,0.003077,0.040504,0.003935,0.001852,0.006018,0.048035,0.209607,0.314410,0.427948,0.489231,0.052308,0.138462,0.012308,0.166154,0.009231,0.000000,0.132308
N20003306,0.141230,0.763098,0.095672,0.025321,0.060825,0.465909,0.147727,0.002273,0.066874,0.006496,0.003057,0.009936,0.134146,0.234756,0.289634,0.341463,0.521640,0.041002,0.164009,0.004556,0.091116,0.004556,0.011390,0.161731
N20003307,0.164021,0.780423,0.055556,0.018519,0.034392,0.510582,0.166667,0.002646,0.051213,0.004975,0.002341,0.007609,0.078838,0.286307,0.360996,0.273859,0.534392,0.071429,0.121693,0.002646,0.129630,0.005291,0.010582,0.124339
N20003308,0.442043,0.493124,0.064833,0.033399,0.035363,0.300589,0.078585,0.003929,0.057809,0.005616,0.002643,0.008589,0.114943,0.193103,0.356322,0.335632,0.350980,0.241176,0.178431,0.001961,0.100000,0.009804,0.021569,0.096078
N20003309,0.523540,0.435028,0.041431,0.025427,0.033141,0.279245,0.067925,0.005660,0.039245,0.002230,0.001784,0.005798,0.168591,0.219400,0.427252,0.184758,0.287054,0.317073,0.228893,0.001876,0.060038,0.035647,0.011257,0.058161
N20003310,0.498270,0.465398,0.036332,0.018201,0.021724,0.337955,0.058925,0.003466,0.034662,0.001969,0.001576,0.005121,0.243736,0.193622,0.462415,0.100228,0.347150,0.350604,0.141623,0.022453,0.070812,0.020725,0.003454,0.043178
N20003311,0.371611,0.526316,0.102073,0.031388,0.089114,0.141494,0.147854,0.015898,0.109963,0.011204,0.001245,0.009544,0.215447,0.355691,0.243902,0.184959,0.406699,0.154705,0.256778,0.004785,0.106858,0.019139,0.012759,0.038278
N20003312,0.119898,0.757653,0.122449,0.030612,0.091837,0.295918,0.181122,0.028061,0.133929,0.013646,0.001516,0.011624,0.361314,0.306569,0.222628,0.109489,0.521739,0.053708,0.225064,0.000000,0.125320,0.007673,0.030691,0.035806
N20003313,0.633851,0.307427,0.058722,0.024180,0.048359,0.146805,0.065630,0.005181,0.030376,0.005063,0.001582,0.004430,0.190065,0.358531,0.369330,0.082073,0.228769,0.289428,0.317158,0.003466,0.069324,0.022530,0.039861,0.029463
N20003314,0.143198,0.732697,0.124105,0.033150,0.113080,0.279904,0.133971,0.028708,0.147528,0.015031,0.001670,0.012804,0.342282,0.322148,0.244966,0.090604,0.473684,0.064593,0.248804,0.021531,0.136364,0.007177,0.016746,0.031100
N20003315,0.843023,0.104651,0.052326,0.032252,0.007126,0.014556,0.021834,0.001456,0.045574,0.005425,0.008681,0.000000,0.137255,0.331699,0.266340,0.264706,0.170306,0.378457,0.372635,0.004367,0.016012,0.024745,0.018923,0.014556
N20003316,0.093484,0.841360,0.065156,0.011098,0.111246,0.482955,0.153409,0.014205,0.066288,0.006754,0.000750,0.005753,0.341818,0.265455,0.312727,0.080000,0.583569,0.059490,0.158640,0.002833,0.155807,0.002833,0.022663,0.014164
N20003317,0.568421,0.359064,0.072515,0.033374,0.047148,0.158879,0.060748,0.010514,0.068146,0.006943,0.000771,0.005915,0.287462,0.308869,0.266055,0.137615,0.219114,0.299534,0.303030,0.020979,0.099068,0.016317,0.020979,0.020979
N20003318,0.860856,0.081040,0.058104,0.032850,0.011025,0.019787,0.025875,0.003044,0.016272,0.001937,0.003099,0.000000,0.031955,0.242481,0.347744,0.377820,0.167683,0.336890,0.417683,0.007622,0.028963,0.007622,0.007622,0.025915
N20003319,0.840522,0.101304,0.058175,0.048144,0.029087,0.030090,0.012036,0.010030,0.014701,0.002450,0.000766,0.002144,0.330978,0.241461,0.290931,0.136631,0.145436,0.451354,0.288867,0.006018,0.016048,0.054162,0.014042,0.024072
N20003320,0.519912,0.367257,0.112832,0.048673,0.068584,0.150442,0.108407,0.015487,0.020042,0.003886,0.000000,0.000409,0.221591,0.346591,0.326705,0.105114,0.300885,0.307522,0.254425,0.017699,0.057522,0.015487,0.017699,0.028761
N20003321,0.701370,0.235616,0.063014,0.041969,0.029894,0.074932,0.069482,0.004087,0.041933,0.006989,0.002184,0.006115,0.280936,0.294314,0.319398,0.105351,0.168493,0.406849,0.289041,0.012329,0.050685,0.016438,0.016438,0.039726
N20003322,0.566390,0.352697,0.080913,0.030158,0.062842,0.161491,0.055901,0.016563,0.046036,0.008925,0.000000,0.000940,0.283163,0.204082,0.387755,0.125000,0.229814,0.258799,0.378882,0.004141,0.066253,0.039337,0.010352,0.012422
N20003323,0.544148,0.406571,0.049281,0.024641,0.045175,0.197125,0.063655,0.004107,0.049165,0.004552,0.010926,0.031866,0.218750,0.291667,0.393229,0.096354,0.267894,0.329243,0.298569,0.002045,0.040900,0.014315,0.014315,0.032720
N20003324,0.738208,0.213443,0.048349,0.041274,0.027123,0.076651,0.063679,0.003538,0.034961,0.006778,0.000000,0.000713,0.243902,0.332317,0.303354,0.120427,0.163915,0.439858,0.266509,0.012972,0.040094,0.033019,0.017689,0.025943
N20003325,0.744875,0.191344,0.063781,0.033511,0.018617,0.079545,0.034091,0.000000,0.048663,0.009435,0.000000,0.000993,0.151163,0.366279,0.392442,0.090116,0.190909,0.434091,0.286364,0.000000,0.013636,0.031818,0.004545,0.038636
N20003326,0.680887,0.276451,0.042662,0.048860,0.027728,0.168654,0.045997,0.001704,0.026656,0.005168,0.000000,0.000544,0.184946,0.270968,0.400000,0.144086,0.201022,0.402044,0.284497,0.015332,0.030664,0.028961,0.000000,0.037479
N20003327,0.750000,0.210983,0.039017,0.027457,0.015896,0.125723,0.052023,0.001445,0.008098,0.000750,0.001800,0.005249,0.165785,0.234568,0.439153,0.160494,0.184704,0.479076,0.266955,0.002886,0.025974,0.014430,0.012987,0.012987
N20003328,0.690629,0.259307,0.050064,0.032092,0.025674,0.069320,0.102696,0.003851,0.042333,0.007055,0.002205,0.006174,0.219269,0.247508,0.378738,0.154485,0.234917,0.374840,0.261874,0.007702,0.037227,0.021823,0.033376,0.028241
N20003329,0.446237,0.476703,0.077061,0.049099,0.052731,0.214669,0.114490,0.005367,0.064982,0.010703,0.009174,0.004587,0.120000,0.421053,0.233684,0.225263,0.394265,0.240143,0.202509,0.010753,0.050179,0.023297,0.008961,0.069892
N20003330,0.437607,0.492308,0.070085,0.048151,0.070539,0.200680,0.130952,0.005102,0.061777,0.010175,0.008721,0.004361,0.174098,0.326964,0.301486,0.197452,0.412969,0.233788,0.228669,0.005119,0.068259,0.018771,0.000000,0.032423
N20003331,0.523734,0.435127,0.041139,0.054540,0.037022,0.225908,0.107425,0.001580,0.032192,0.002981,0.007154,0.020865,0.225191,0.272901,0.362595,0.139313,0.287302,0.369841,0.203175,0.003175,0.077778,0.015873,0.014286,0.028571
N20003332,0.859848,0.087121,0.053030,0.066288,0.015152,0.020833,0.017045,0.000000,0.025974,0.003517,0.002706,0.001894,0.171674,0.399142,0.276824,0.152361,0.111954,0.525617,0.235294,0.015180,0.000000,0.051233,0.007590,0.053131
N20003333,0.644711,0.319361,0.035928,0.041125,0.014580,0.171315,0.071713,0.005976,0.042497,0.005755,0.004427,0.003099,0.219949,0.232737,0.383632,0.163683,0.306773,0.380478,0.211155,0.005976,0.037849,0.015936,0.007968,0.033865
N20003334,0.796137,0.154506,0.049356,0.038627,0.012876,0.060086,0.025751,0.015021,0.031065,0.004207,0.003236,0.002265,0.274052,0.338192,0.271137,0.116618,0.109208,0.541756,0.246253,0.002141,0.025696,0.008565,0.014989,0.051392
N20003335,0.789091,0.158788,0.052121,0.048485,0.037576,0.035152,0.065455,0.000000,0.014970,0.002466,0.002113,0.001057,0.114778,0.322812,0.272597,0.289813,0.199758,0.322034,0.346247,0.013317,0.044794,0.018160,0.021792,0.033898
N20003336,0.912281,0.057644,0.030075,0.027714,0.014984,0.018821,0.012547,0.001255,0.005114,0.000473,0.001136,0.003314,0.154446,0.280811,0.410296,0.154446,0.065081,0.632040,0.226533,0.012516,0.002503,0.028786,0.007509,0.025031
N20003337,0.596702,0.368816,0.034483,0.020990,0.043478,0.169415,0.062969,0.026987,0.050261,0.006806,0.005235,0.003665,0.297087,0.260194,0.314563,0.128155,0.217391,0.362819,0.254873,0.002999,0.094453,0.029985,0.004498,0.032984
N20003338,0.607192,0.266943,0.125864,0.071923,0.052559,0.073306,0.096819,0.005533,0.032164,0.005908,0.000656,0.000000,0.211890,0.297256,0.291159,0.199695,0.230028,0.327824,0.275482,0.004132,0.046832,0.037190,0.015152,0.063361
N20003339,0.683284,0.266862,0.049853,0.076246,0.026393,0.073314,0.129032,0.014663,0.019484,0.003579,0.000398,0.000000,0.090196,0.243137,0.184314,0.482353,0.269795,0.299120,0.296188,0.005865,0.043988,0.032258,0.011730,0.041056
N20003340,0.513684,0.381053,0.105263,0.051659,0.087804,0.090717,0.139241,0.014768,0.040299,0.007402,0.000822,0.000000,0.255521,0.302839,0.192429,0.249211,0.257384,0.329114,0.253165,0.012658,0.035865,0.021097,0.029536,0.061181
N20003341,0.793814,0.125184,0.081001,0.059301,0.026364,0.028024,0.045723,0.000000,0.025074,0.000000,0.000000,0.000000,0.129204,0.237168,0.343363,0.290265,0.125000,0.530882,0.216176,0.008824,0.004412,0.014706,0.001471,0.098529
N20003342,0.937411,0.039829,0.022760,0.047098,0.007066,0.005698,0.019943,0.000000,0.007123,0.000000,0.000000,0.000000,0.150427,0.280342,0.270085,0.299145,0.065434,0.560455,0.270270,0.012802,0.002845,0.032717,0.007112,0.048364
N20003343,0.752396,0.190096,0.057508,0.036741,0.022364,0.095847,0.043131,0.001597,0.020691,0.002802,0.002155,0.001509,0.142241,0.237069,0.308190,0.312500,0.168000,0.435200,0.308800,0.006400,0.035200,0.014400,0.006400,0.025600
N20003344,0.938998,0.023965,0.037037,0.043573,0.019608,0.000000,0.004357,0.000000,0.000000,0.000000,0.000000,0.000000,0.138889,0.323232,0.275253,0.262626,0.072052,0.598253,0.248908,0.002183,0.000000,0.008734,0.006550,0.063319
N20003345,0.945137,0.024938,0.029925,0.034913,0.019950,0.002494,0.000000,0.000000,0.002494,0.000000,0.000000,0.000000,0.168712,0.217791,0.346626,0.266871,0.052369,0.695761,0.157107,0.007481,0.004988,0.029925,0.019950,0.032419
N20003346,0.941176,0.011204,0.047619,0.052908,0.002825,0.002793,0.002793,0.002793,0.000000,0.000000,0.000000,0.000000,0.108359,0.281734,0.244582,0.365325,0.069638,0.668524,0.183844,0.008357,0.008357,0.016713,0.005571,0.038997
N20003347,0.154440,0.764479,0.081081,0.009653,0.098456,0.418919,0.158301,0.003861,0.071063,0.007495,0.002498,0.003886,0.275325,0.337662,0.296104,0.090909,0.415058,0.069498,0.266409,0.013514,0.150579,0.005792,0.048263,0.030888
N20003348,0.329154,0.523511,0.147335,0.054154,0.120386,0.215625,0.109375,0.015625,0.045867,0.004536,0.008065,0.004032,0.294574,0.461240,0.139535,0.104651,0.343849,0.160883,0.258675,0.025237,0.097792,0.025237,0.041009,0.047319
N20003349,0.329815,0.529024,0.141161,0.036939,0.077836,0.232190,0.117414,0.014512,0.063899,0.006320,0.011235,0.005617,0.329073,0.394569,0.161342,0.115016,0.337286,0.183136,0.245059,0.007905,0.113307,0.021080,0.028986,0.063241
N20003350,0.268456,0.582215,0.149329,0.029326,0.087231,0.257525,0.152174,0.021739,0.046634,0.004612,0.008199,0.004100,0.186192,0.378661,0.194561,0.240586,0.451505,0.112040,0.219064,0.006689,0.117057,0.011706,0.028428,0.053512
N20003351,0.210227,0.661932,0.127841,0.016495,0.077886,0.344729,0.142450,0.008547,0.071930,0.006829,0.005918,0.003642,0.439614,0.420290,0.077295,0.062802,0.432665,0.085960,0.171920,0.014327,0.140401,0.028653,0.071633,0.054441
N20003352,0.405850,0.499086,0.095064,0.020814,0.092152,0.213504,0.051095,0.021898,0.089150,0.006858,0.007286,0.017144,0.227171,0.374165,0.280624,0.118040,0.341818,0.212727,0.234545,0.001818,0.114545,0.030909,0.030909,0.032727
N20003353,0.237500,0.639583,0.122917,0.033758,0.065779,0.234927,0.199584,0.020790,0.096513,0.009163,0.007941,0.004887,0.176179,0.255583,0.300248,0.267990,0.470833,0.075000,0.306250,0.004167,0.072917,0.016667,0.022917,0.031250
N20003354,0.238318,0.700935,0.060748,0.031341,0.105586,0.348837,0.116279,0.016279,0.092807,0.008811,0.007636,0.004699,0.434084,0.366559,0.131833,0.067524,0.474299,0.100467,0.212617,0.004673,0.142523,0.009346,0.021028,0.035047
N20003355,0.356707,0.527439,0.115854,0.041159,0.106707,0.216463,0.092988,0.024390,0.070766,0.006718,0.005823,0.003583,0.512104,0.355680,0.100559,0.031657,0.303951,0.189970,0.293313,0.009119,0.103343,0.028875,0.045593,0.025836
N20003356,0.151119,0.751866,0.097015,0.025886,0.116352,0.375701,0.097196,0.026168,0.114153,0.012040,0.004013,0.006243,0.427481,0.277354,0.216285,0.078880,0.458801,0.101124,0.191011,0.011236,0.149813,0.001873,0.050562,0.035581
N20003357,0.626168,0.289720,0.084112,0.035852,0.023425,0.163873,0.054004,0.001862,0.034461,0.002651,0.002816,0.006627,0.355505,0.282110,0.236239,0.126147,0.264925,0.330224,0.296642,0.009328,0.054104,0.011194,0.024254,0.009328
N20003358,0.094675,0.757396,0.147929,0.023669,0.133136,0.362426,0.150888,0.005917,0.079467,0.008336,0.007780,0.009447,0.373853,0.300459,0.245413,0.080275,0.466667,0.065185,0.232593,0.017778,0.131852,0.011852,0.025185,0.048889
N20003359,0.216306,0.702163,0.081531,0.008319,0.104825,0.346090,0.128120,0.026622,0.071435,0.005495,0.005838,0.013737,0.307175,0.284753,0.318386,0.089686,0.467554,0.139767,0.198003,0.000000,0.141431,0.004992,0.021631,0.026622
N20003360,0.208877,0.618799,0.172324,0.018277,0.101828,0.274151,0.125326,0.007833,0.091742,0.009676,0.003225,0.005017,0.378840,0.310580,0.242321,0.068259,0.428941,0.118863,0.242894,0.023256,0.108527,0.005168,0.023256,0.049096
N20003361,0.273138,0.638826,0.088036,0.036117,0.076749,0.322799,0.088036,0.006772,0.106938,0.008226,0.008740,0.020565,0.366242,0.273885,0.248408,0.111465,0.441441,0.139640,0.256757,0.000000,0.096847,0.020270,0.020270,0.024775
N20003362,0.156542,0.780374,0.063084,0.016682,0.081073,0.289044,0.163170,0.027972,0.183311,0.019334,0.006445,0.010025,0.328125,0.300781,0.226562,0.144531,0.511628,0.076744,0.223256,0.004651,0.155814,0.002326,0.013953,0.011628
N20003363,0.120567,0.765957,0.113475,0.028586,0.065486,0.429245,0.139151,0.007075,0.104575,0.011029,0.003676,0.005719,0.359060,0.291946,0.234899,0.114094,0.464455,0.073460,0.236967,0.018957,0.163507,0.009479,0.000000,0.033175
N20003364,0.586466,0.308271,0.105263,0.068878,0.044452,0.150754,0.062814,0.000000,0.038021,0.003988,0.003722,0.004520,0.060510,0.235669,0.296178,0.407643,0.329114,0.202532,0.243038,0.000000,0.108861,0.010127,0.045570,0.060759
N20003365,0.362782,0.537594,0.099624,0.026280,0.066111,0.294677,0.098859,0.007605,0.053222,0.005583,0.005211,0.006327,0.187050,0.414868,0.270983,0.127098,0.377358,0.166038,0.226415,0.003774,0.107547,0.032075,0.032075,0.054717
N20003366,0.108434,0.755594,0.135972,0.012379,0.072918,0.286449,0.202401,0.054889,0.099749,0.026521,0.006333,0.006333,0.170507,0.350230,0.315668,0.163594,0.585492,0.048359,0.167530,0.003454,0.157168,0.008636,0.003454,0.025907
N20003367,0.335548,0.581395,0.083056,0.029900,0.079734,0.235880,0.122924,0.006645,0.103839,0.025654,0.003054,0.003665,0.130208,0.406250,0.229167,0.234375,0.418605,0.186047,0.196013,0.019934,0.076412,0.006645,0.029900,0.066445
N20003368,0.361905,0.466667,0.171429,0.036489,0.055740,0.178147,0.194774,0.004751,0.025118,0.006368,0.001061,0.000708,0.081232,0.179272,0.288515,0.450980,0.441805,0.149644,0.244656,0.007126,0.080760,0.009501,0.002375,0.064133
N20003369,0.061041,0.802513,0.136445,0.010500,0.069661,0.250903,0.276173,0.048736,0.119716,0.029577,0.003521,0.004225,0.030837,0.169604,0.310573,0.488987,0.655235,0.021661,0.133574,0.001805,0.146209,0.001805,0.001805,0.037906
N20003370,0.145588,0.744118,0.110294,0.020772,0.073046,0.320117,0.117474,0.049927,0.131782,0.035037,0.008367,0.008367,0.304813,0.363636,0.192513,0.139037,0.525000,0.052941,0.213235,0.007353,0.132353,0.010294,0.025000,0.033824
N20003371,0.216617,0.651335,0.132047,0.045486,0.103716,0.278274,0.163690,0.014881,0.068681,0.007204,0.006724,0.008165,0.251004,0.347390,0.269076,0.132530,0.435364,0.083210,0.237741,0.013373,0.109955,0.034175,0.043091,0.043091
N20003372,0.301829,0.594512,0.103659,0.042683,0.131098,0.210366,0.219512,0.000000,0.025331,0.006422,0.001070,0.000714,0.077491,0.239852,0.254613,0.428044,0.386018,0.127660,0.234043,0.018237,0.115502,0.012158,0.012158,0.094225
N20003373,0.384937,0.472803,0.142259,0.027944,0.057354,0.198330,0.106472,0.012526,0.074801,0.018480,0.002200,0.002640,0.194896,0.422274,0.278422,0.104408,0.442827,0.130977,0.268191,0.006237,0.047817,0.033264,0.012474,0.058212
N20003374,0.281139,0.569395,0.149466,0.039146,0.131673,0.227758,0.103203,0.039146,0.051546,0.012735,0.001516,0.001819,0.118812,0.326733,0.198020,0.356436,0.453901,0.159574,0.212766,0.000000,0.060284,0.021277,0.007092,0.085106
N20003375,0.294118,0.534527,0.171355,0.046036,0.107417,0.181586,0.186701,0.015345,0.032840,0.008326,0.001388,0.000925,0.231884,0.351449,0.202899,0.213768,0.371795,0.120513,0.305128,0.005128,0.061538,0.005128,0.043590,0.087179
N20003376,0.351266,0.528481,0.120253,0.049379,0.100808,0.216981,0.138365,0.012579,0.045129,0.011441,0.001907,0.001271,0.107407,0.359259,0.233333,0.300000,0.436709,0.123418,0.227848,0.006329,0.110759,0.009494,0.012658,0.072785
N20003377,0.485014,0.441417,0.073569,0.031462,0.034313,0.224044,0.147541,0.002732,0.024765,0.006278,0.001046,0.000698,0.060071,0.257951,0.190813,0.491166,0.434783,0.127717,0.255435,0.021739,0.095109,0.019022,0.008152,0.038043
N20003378,0.344754,0.511777,0.143469,0.029979,0.059957,0.214133,0.119914,0.017131,0.072256,0.019211,0.004588,0.004588,0.113350,0.216625,0.302267,0.367758,0.460385,0.111349,0.224839,0.006424,0.070664,0.012848,0.014989,0.098501
N20003379,0.579327,0.237981,0.182692,0.050341,0.064068,0.072464,0.057971,0.007246,0.027621,0.006824,0.000812,0.000975,0.037356,0.224138,0.186782,0.551724,0.322115,0.170673,0.382212,0.014423,0.033654,0.007212,0.007212,0.062500
N20003380,0.677305,0.218085,0.104610,0.036736,0.029473,0.083630,0.076512,0.003559,0.018990,0.004692,0.000559,0.000670,0.060403,0.261745,0.257271,0.420582,0.306878,0.266314,0.299824,0.010582,0.035273,0.015873,0.024691,0.040564
N20003381,0.401961,0.517647,0.080392,0.020356,0.069506,0.264188,0.142857,0.013699,0.020694,0.005246,0.000874,0.000583,0.173669,0.294118,0.302521,0.229692,0.450980,0.160784,0.209804,0.015686,0.080392,0.009804,0.027451,0.045098
N20003382,0.362360,0.474719,0.162921,0.046867,0.069085,0.169014,0.095775,0.033803,0.076851,0.020433,0.004879,0.004879,0.159696,0.273764,0.231939,0.334601,0.457865,0.157303,0.227528,0.016854,0.044944,0.014045,0.008427,0.073034
N20003383,0.568670,0.362661,0.068670,0.033186,0.055134,0.163441,0.081720,0.010753,0.035620,0.005816,0.000000,0.010177,0.232836,0.337313,0.292537,0.137313,0.326882,0.298925,0.264516,0.000000,0.043011,0.015054,0.000000,0.051613
N20003384,0.710227,0.214015,0.075758,0.054924,0.056818,0.077652,0.045455,0.009470,0.016992,0.002774,0.000000,0.004855,0.155294,0.364706,0.185882,0.294118,0.223062,0.376181,0.262760,0.011342,0.020794,0.035917,0.007561,0.062382
N20003385,0.501104,0.390728,0.108168,0.045962,0.071254,0.113786,0.122538,0.008753,0.053414,0.014201,0.003391,0.003391,0.161932,0.315341,0.264205,0.258523,0.365639,0.196035,0.215859,0.004405,0.085903,0.066079,0.022026,0.044053
N20003386,0.349451,0.501099,0.149451,0.052747,0.081319,0.257143,0.142857,0.004396,0.011620,0.002946,0.000491,0.000327,0.120603,0.346734,0.351759,0.180905,0.432967,0.147253,0.254945,0.002198,0.072527,0.004396,0.006593,0.079121
N20003387,0.366197,0.517997,0.115806,0.023474,0.067293,0.222222,0.107981,0.014085,0.078771,0.006059,0.006438,0.015148,0.262231,0.410959,0.228963,0.097847,0.437500,0.189062,0.200000,0.004687,0.068750,0.025000,0.042188,0.032813
N20003388,0.714286,0.191050,0.094664,0.039028,0.034693,0.080756,0.041237,0.003436,0.021345,0.003485,0.000000,0.006098,0.149351,0.242424,0.251082,0.357143,0.230637,0.332186,0.278830,0.003442,0.053356,0.025818,0.010327,0.065404
N20003389,0.432836,0.477612,0.089552,0.028846,0.063647,0.201995,0.119701,0.027431,0.046550,0.012376,0.002956,0.002956,0.196667,0.316667,0.353333,0.133333,0.374065,0.134663,0.256858,0.004988,0.102244,0.027431,0.007481,0.092269
N20003390,0.727488,0.218009,0.054502,0.049763,0.045024,0.071090,0.063981,0.000000,0.026166,0.004272,0.000000,0.007476,0.288714,0.354331,0.230971,0.125984,0.160757,0.373522,0.286052,0.016548,0.052009,0.052009,0.037825,0.021277
N20003391,0.732203,0.193220,0.074576,0.054237,0.074576,0.005085,0.094915,0.005085,0.010847,0.001808,0.000000,0.000904,0.239401,0.346633,0.224439,0.189526,0.152542,0.423729,0.298305,0.011864,0.032203,0.028814,0.022034,0.030508
N20003392,0.518895,0.425872,0.055233,0.034135,0.073187,0.123367,0.169811,0.001451,0.047500,0.004618,0.000660,0.005278,0.335766,0.333942,0.259124,0.071168,0.250362,0.292330,0.267728,0.011577,0.081042,0.028944,0.028944,0.039074
N20003393,0.678788,0.219697,0.101515,0.050000,0.065152,0.027273,0.112121,0.003030,0.009917,0.000964,0.000138,0.001102,0.260355,0.207101,0.414201,0.118343,0.148485,0.410606,0.259091,0.022727,0.019697,0.077273,0.021212,0.040909
N20003394,0.881064,0.095462,0.023474,0.045899,0.037377,0.015699,0.036107,0.001570,0.003853,0.000375,0.000054,0.000428,0.261364,0.331439,0.270833,0.136364,0.100787,0.554331,0.231496,0.007874,0.004724,0.062992,0.020472,0.017323
N20003395,0.568345,0.358273,0.073381,0.027338,0.060432,0.113669,0.129496,0.001439,0.043558,0.004235,0.000605,0.004840,0.296578,0.344106,0.292776,0.066540,0.237410,0.280576,0.353957,0.015827,0.046043,0.027338,0.015827,0.023022
N20003396,0.733124,0.204082,0.062794,0.044445,0.062572,0.020440,0.089623,0.011006,0.016352,0.002725,0.000000,0.001363,0.258799,0.296066,0.312629,0.132505,0.150943,0.427673,0.308176,0.009434,0.029874,0.015723,0.025157,0.033019
N20003397,0.623762,0.295615,0.080622,0.060998,0.072766,0.093089,0.100141,0.005642,0.022836,0.000856,0.000285,0.000000,0.290023,0.354988,0.208817,0.146172,0.227080,0.337094,0.301834,0.009873,0.038082,0.033850,0.012694,0.039492
N20003398,0.838843,0.111570,0.049587,0.032259,0.014862,0.016461,0.045267,0.004115,0.029394,0.001102,0.000367,0.000000,0.424379,0.241535,0.205418,0.128668,0.117526,0.449485,0.305155,0.016495,0.010309,0.053608,0.008247,0.039175
N20003399,0.857143,0.095779,0.047078,0.050325,0.021104,0.019481,0.037338,0.003247,0.013915,0.000522,0.000174,0.000000,0.291845,0.396996,0.221030,0.090129,0.088091,0.522023,0.230016,0.014682,0.029364,0.030995,0.027732,0.057096
N20003400,0.861607,0.080357,0.058036,0.028645,0.022451,0.011136,0.033408,0.000000,0.012727,0.000477,0.000159,0.000000,0.436242,0.325503,0.137584,0.100671,0.120805,0.586130,0.248322,0.008949,0.004474,0.008949,0.002237,0.020134
N20003401,0.766260,0.166667,0.067073,0.063613,0.015954,0.026477,0.048880,0.000000,0.071768,0.002691,0.000897,0.000000,0.128878,0.357995,0.250597,0.262530,0.121951,0.394309,0.264228,0.002033,0.032520,0.024390,0.002033,0.158537
N20003402,0.829016,0.095855,0.075130,0.038860,0.025907,0.031088,0.025907,0.000000,0.011226,0.001727,0.000000,0.000000,0.317365,0.359281,0.200599,0.122754,0.121762,0.481865,0.297927,0.000000,0.012953,0.028497,0.020725,0.036269
N20003403,0.742317,0.127660,0.130024,0.055996,0.023886,0.016509,0.051887,0.002358,0.029481,0.002948,0.000295,0.000295,0.100559,0.217877,0.175978,0.505587,0.216981,0.360849,0.231132,0.033019,0.023585,0.021226,0.004717,0.108491
N20003404,0.604430,0.291139,0.104430,0.018987,0.025316,0.041139,0.164557,0.000000,0.053684,0.005368,0.000537,0.000537,0.131868,0.234432,0.194139,0.439560,0.266667,0.295238,0.215873,0.006349,0.025397,0.006349,0.006349,0.177778
N20003405,0.911612,0.055459,0.032929,0.031403,0.019001,0.012153,0.022569,0.000000,0.001505,0.000231,0.000000,0.000000,0.274939,0.379562,0.201946,0.143552,0.084922,0.552860,0.261698,0.008666,0.025997,0.015598,0.024263,0.025997
N20003406,0.760870,0.137681,0.101449,0.047277,0.030885,0.024272,0.026699,0.000000,0.049844,0.004984,0.000498,0.000498,0.012579,0.232704,0.157233,0.597484,0.162228,0.375303,0.244552,0.004843,0.033898,0.007264,0.007264,0.164649
N20003407,0.818667,0.112000,0.069333,0.040000,0.021333,0.013333,0.024000,0.000000,0.047619,0.004762,0.000476,0.000476,0.121864,0.193548,0.182796,0.501792,0.194667,0.381333,0.205333,0.002667,0.010667,0.026667,0.034667,0.144000
N20003408,0.700758,0.162879,0.136364,0.053030,0.034091,0.015152,0.053030,0.000000,0.054113,0.005411,0.000541,0.000541,0.051724,0.126437,0.172414,0.649425,0.170455,0.303030,0.287879,0.011364,0.026515,0.011364,0.011364,0.178030
N20003409,0.893390,0.070362,0.036247,0.042644,0.010661,0.029851,0.017058,0.000000,0.011087,0.001706,0.000000,0.000000,0.079646,0.300885,0.233038,0.386431,0.110638,0.470213,0.263830,0.023404,0.017021,0.055319,0.019149,0.040426
N20003410,0.811280,0.104121,0.084599,0.055340,0.017728,0.021598,0.021598,0.000000,0.038568,0.003857,0.000386,0.000386,0.066860,0.258721,0.156977,0.517442,0.123377,0.396104,0.320346,0.017316,0.010823,0.028139,0.008658,0.095238
N20003411,0.834152,0.109337,0.056511,0.030471,0.023447,0.041718,0.020859,0.001227,0.019141,0.002945,0.000000,0.000000,0.244842,0.390646,0.199450,0.165062,0.148831,0.471095,0.236162,0.008610,0.015990,0.044280,0.017220,0.057811
N20003412,0.888483,0.063985,0.047532,0.040219,0.009141,0.003656,0.020110,0.000000,0.028592,0.000000,0.000000,0.002486,0.171540,0.397661,0.259259,0.171540,0.127971,0.515539,0.243144,0.009141,0.012797,0.036563,0.020110,0.034735
N20003413,0.861598,0.089669,0.048733,0.043769,0.019901,0.017442,0.036822,0.003876,0.008638,0.002326,0.000664,0.000000,0.039627,0.244755,0.265734,0.449883,0.116279,0.432171,0.319767,0.011628,0.027132,0.031008,0.017442,0.044574
N20003414,0.815445,0.137435,0.047120,0.027009,0.046764,0.017083,0.060447,0.002628,0.010137,0.000375,0.000000,0.000000,0.207516,0.343137,0.302288,0.147059,0.154856,0.506562,0.238845,0.013123,0.015748,0.047244,0.014436,0.009186
N20003415,0.862832,0.088496,0.048673,0.024267,0.016747,0.031390,0.008969,0.008969,0.020628,0.000000,0.000000,0.001794,0.114458,0.313253,0.150602,0.421687,0.128889,0.488889,0.266667,0.017778,0.017778,0.044444,0.004444,0.031111
N20003416,0.899317,0.061433,0.039249,0.058020,0.018771,0.015358,0.011945,0.000000,0.011409,0.003072,0.000878,0.000000,0.045977,0.166667,0.143678,0.643678,0.092308,0.497436,0.275214,0.001709,0.008547,0.025641,0.008547,0.090598
N20003417,0.877514,0.062157,0.060329,0.020110,0.012797,0.010969,0.007313,0.003656,0.020371,0.005484,0.001567,0.000000,0.038855,0.247444,0.259714,0.453988,0.126374,0.461538,0.309524,0.009158,0.012821,0.021978,0.001832,0.056777
N20003418,0.944882,0.021654,0.033465,0.041149,0.000043,0.007859,0.007859,0.000000,0.005422,0.000000,0.000000,0.000472,0.134831,0.337079,0.283146,0.244944,0.117878,0.512770,0.269155,0.013752,0.011788,0.035363,0.001965,0.037328
N20003419,0.913690,0.043155,0.043155,0.034226,0.016369,0.011905,0.005952,0.001488,0.005527,0.001488,0.000425,0.000000,0.013378,0.160535,0.143813,0.682274,0.154303,0.403561,0.344214,0.014837,0.010386,0.029674,0.002967,0.040059
N20003420,0.814614,0.102842,0.082544,0.057491,0.037713,0.028494,0.024423,0.000000,0.009769,0.001628,0.000000,0.000814,0.187605,0.231156,0.296482,0.284757,0.104478,0.450475,0.335142,0.006784,0.032564,0.017639,0.016282,0.036635
N20003421,0.941092,0.033046,0.025862,0.043250,0.012902,0.007194,0.012950,0.000000,0.000000,0.000000,0.000000,0.000000,0.162921,0.428839,0.250936,0.157303,0.099281,0.535252,0.287770,0.010072,0.010072,0.027338,0.010072,0.020144
N20003422,0.768946,0.190388,0.040665,0.033761,0.031129,0.033333,0.094444,0.000000,0.030357,0.001124,0.000000,0.000000,0.273585,0.287736,0.339623,0.099057,0.179298,0.397412,0.317930,0.016636,0.031423,0.016636,0.007394,0.033272
N20003423,0.856410,0.092308,0.051282,0.033386,0.025297,0.012027,0.039519,0.001718,0.013255,0.000491,0.000000,0.000000,0.124731,0.322581,0.415054,0.137634,0.109589,0.462329,0.294521,0.008562,0.023973,0.047945,0.017123,0.035959
N20003424,0.705882,0.228992,0.065126,0.064373,0.048698,0.048218,0.083857,0.000000,0.046496,0.001722,0.000000,0.000000,0.300613,0.300613,0.245399,0.153374,0.243129,0.395349,0.253700,0.008457,0.027484,0.042283,0.008457,0.021142
N20003425,0.883886,0.054502,0.061611,0.034830,0.007333,0.014151,0.021226,0.004717,0.004953,0.002123,0.000000,0.000000,0.038043,0.214674,0.250000,0.497283,0.132388,0.401891,0.382979,0.004728,0.016548,0.028369,0.002364,0.030733
N20003426,0.905093,0.062500,0.032407,0.028348,0.006686,0.020930,0.011628,0.002326,0.014651,0.006279,0.000000,0.000000,0.011050,0.223757,0.201657,0.563536,0.145833,0.543981,0.206019,0.006944,0.011574,0.055556,0.002315,0.027778
N20003427,0.823899,0.122642,0.053459,0.055874,0.056811,0.028213,0.031348,0.003135,0.002194,0.000940,0.000000,0.000000,0.117073,0.219512,0.243902,0.419512,0.153125,0.471875,0.215625,0.021875,0.015625,0.037500,0.018750,0.065625
N20003428,0.888889,0.074681,0.036430,0.034874,0.019937,0.021898,0.020073,0.000000,0.008942,0.003832,0.000000,0.000000,0.110256,0.276923,0.305128,0.307692,0.122040,0.431694,0.329690,0.009107,0.010929,0.020036,0.005464,0.071038
N20003429,0.744526,0.208759,0.046715,0.024818,0.032117,0.049635,0.089051,0.000000,0.034506,0.001150,0.002300,0.000000,0.157795,0.296578,0.384030,0.161597,0.185401,0.383942,0.305109,0.011679,0.039416,0.023358,0.016058,0.035036
N20003430,0.864224,0.073276,0.062500,0.049569,0.040948,0.010776,0.012931,0.002155,0.005878,0.000196,0.000392,0.000000,0.119891,0.253406,0.299728,0.326975,0.172043,0.507527,0.217204,0.019355,0.012903,0.027957,0.004301,0.038710
N20003431,0.867886,0.063008,0.069106,0.060194,0.032644,0.010121,0.012146,0.000000,0.007361,0.000245,0.000491,0.000000,0.059952,0.297362,0.256595,0.386091,0.126016,0.595528,0.201220,0.010163,0.010163,0.022358,0.002033,0.032520
N20003432,0.064748,0.841727,0.093525,0.014748,0.106012,0.417857,0.164286,0.035714,0.069743,0.019422,0.022071,0.006621,0.211712,0.522523,0.090090,0.175676,0.575540,0.014388,0.140288,0.017986,0.169065,0.003597,0.028777,0.050360
N20003433,0.053830,0.809524,0.136646,0.020841,0.133235,0.428866,0.088660,0.028866,0.086598,0.012509,0.005773,0.025017,0.309192,0.401114,0.164345,0.125348,0.488660,0.037113,0.197938,0.000000,0.210309,0.004124,0.037113,0.024742
N20003434,0.054945,0.802198,0.142857,0.011109,0.109047,0.430137,0.115068,0.035616,0.066472,0.018511,0.021035,0.006311,0.131868,0.380952,0.326007,0.161172,0.579670,0.008242,0.208791,0.016484,0.153846,0.002747,0.008242,0.021978
N20003435,0.033163,0.757653,0.209184,0.012807,0.108798,0.386768,0.139949,0.043257,0.046678,0.012999,0.014772,0.004431,0.187879,0.430303,0.248485,0.133333,0.586735,0.010204,0.198980,0.007653,0.145408,0.007653,0.012755,0.030612
N20003436,0.066246,0.755521,0.178233,0.017350,0.107256,0.414826,0.119874,0.017350,0.056936,0.015856,0.018018,0.005405,0.070064,0.297240,0.314225,0.318471,0.604762,0.009524,0.193651,0.003175,0.142857,0.000000,0.009524,0.036508
N20003437,0.061100,0.784114,0.154786,0.018330,0.107943,0.421589,0.152749,0.024440,0.054384,0.011714,0.006693,0.004602,0.202985,0.447761,0.247761,0.101493,0.488798,0.018330,0.213849,0.000000,0.175153,0.002037,0.036660,0.065173
N20003438,0.034557,0.809935,0.155508,0.008639,0.099352,0.429806,0.136069,0.056156,0.052402,0.014593,0.016583,0.004975,0.064935,0.425325,0.253247,0.256494,0.645788,0.012959,0.142549,0.000000,0.159827,0.002160,0.015119,0.021598
N20003439,0.046296,0.867284,0.086420,0.012862,0.131722,0.483283,0.121581,0.048632,0.048564,0.013524,0.015368,0.004610,0.100000,0.456522,0.221739,0.221739,0.624615,0.009231,0.181538,0.006154,0.160000,0.000000,0.009231,0.009231
N20003440,0.077973,0.695906,0.226121,0.023392,0.105263,0.317739,0.140351,0.025341,0.073080,0.023631,0.004376,0.006126,0.074169,0.199488,0.163683,0.562660,0.617934,0.015595,0.181287,0.000000,0.113060,0.001949,0.011696,0.058480
N20003441,0.055882,0.773529,0.170588,0.014339,0.094004,0.347181,0.148368,0.059347,0.084951,0.027469,0.005087,0.007122,0.113122,0.199095,0.194570,0.493213,0.555882,0.014706,0.205882,0.000000,0.158824,0.002941,0.005882,0.055882
N20003442,0.044728,0.827476,0.127796,0.012780,0.105431,0.472843,0.099042,0.038339,0.078577,0.016924,0.009671,0.006649,0.317073,0.365854,0.146341,0.170732,0.592949,0.032051,0.163462,0.009615,0.112179,0.009615,0.044872,0.035256
N20003443,0.086957,0.676087,0.236957,0.017391,0.182609,0.250000,0.117391,0.015217,0.077908,0.016780,0.009589,0.006592,0.148649,0.354054,0.216216,0.281081,0.470716,0.030369,0.193059,0.015184,0.140998,0.004338,0.021692,0.123644
N20003444,0.100000,0.630233,0.269767,0.025408,0.115081,0.291375,0.102564,0.020979,0.068322,0.022092,0.004091,0.005728,0.034913,0.239401,0.147132,0.578554,0.589744,0.053613,0.170163,0.004662,0.146853,0.000000,0.002331,0.032634
N20003445,0.072423,0.724234,0.203343,0.000201,0.110345,0.361111,0.116667,0.030556,0.071950,0.023265,0.004308,0.006032,0.046875,0.238281,0.234375,0.480469,0.588398,0.005525,0.174033,0.016575,0.143646,0.005525,0.008287,0.058011
N20003446,0.070769,0.683077,0.246154,0.006154,0.150769,0.316923,0.104615,0.027692,0.062643,0.011390,0.006030,0.003015,0.094545,0.334545,0.236364,0.334545,0.489362,0.030395,0.252280,0.000000,0.118541,0.000000,0.006079,0.103343
N20003447,0.051873,0.763689,0.184438,0.017291,0.123919,0.423631,0.092219,0.028818,0.056277,0.015672,0.017809,0.005343,0.240283,0.332155,0.222615,0.204947,0.478386,0.023055,0.219020,0.008646,0.167147,0.005764,0.040346,0.057637
N20003448,0.045220,0.850129,0.104651,0.008950,0.127331,0.408031,0.196891,0.038860,0.055524,0.011959,0.006834,0.004698,0.193370,0.436464,0.283610,0.086556,0.510968,0.027097,0.209032,0.005161,0.178065,0.001290,0.025806,0.042581
N20003449,0.121339,0.673640,0.205021,0.008839,0.136140,0.304167,0.154167,0.016667,0.042602,0.013776,0.002551,0.003571,0.140449,0.398876,0.207865,0.252809,0.431535,0.029046,0.224066,0.008299,0.157676,0.012448,0.029046,0.107884
N20003450,0.093137,0.828431,0.078431,0.019788,0.134055,0.432763,0.102689,0.031785,0.086662,0.028023,0.005189,0.007265,0.076628,0.279693,0.302682,0.340996,0.561275,0.014706,0.183824,0.007353,0.149510,0.002451,0.009804,0.071078
N20003451,0.087533,0.740053,0.172414,0.026525,0.156499,0.355438,0.090186,0.045093,0.070003,0.012728,0.006738,0.003369,0.297297,0.386100,0.127413,0.189189,0.461538,0.034483,0.193634,0.007958,0.156499,0.026525,0.029178,0.090186
N20003452,0.042827,0.826552,0.130621,0.008565,0.111349,0.396146,0.175589,0.027837,0.087190,0.015853,0.008393,0.004196,0.324159,0.311927,0.201835,0.162080,0.522484,0.019272,0.259101,0.006424,0.139186,0.006424,0.029979,0.017131
N20003453,0.073171,0.833703,0.093126,0.011086,0.133038,0.381375,0.164080,0.039911,0.086939,0.015807,0.008369,0.004184,0.442308,0.477564,0.054487,0.025641,0.475556,0.024444,0.200000,0.017778,0.151111,0.000000,0.086667,0.044444
N20003454,0.055944,0.783217,0.160839,0.013986,0.114219,0.375291,0.163170,0.030303,0.075579,0.013742,0.007275,0.003637,0.424920,0.370607,0.111821,0.092652,0.442890,0.037296,0.212121,0.006993,0.207459,0.013986,0.044289,0.034965
N20003455,0.131805,0.710602,0.157593,0.037519,0.153459,0.282857,0.142857,0.025714,0.079712,0.014493,0.007673,0.003836,0.576389,0.326389,0.083333,0.013889,0.379310,0.031609,0.255747,0.022989,0.192529,0.020115,0.066092,0.031609
N20003456,0.057915,0.808880,0.133205,0.023166,0.133205,0.449807,0.127413,0.021236,0.051480,0.007436,0.003432,0.014872,0.357341,0.340720,0.204986,0.096953,0.588803,0.023166,0.202703,0.017375,0.113900,0.007722,0.015444,0.030888
N20003457,0.038610,0.793436,0.167954,0.011531,0.100980,0.406190,0.158607,0.019342,0.079386,0.008468,0.004587,0.015877,0.325967,0.279006,0.279006,0.116022,0.452611,0.021277,0.257253,0.007737,0.150870,0.011605,0.054159,0.044487
N20003458,0.039394,0.881818,0.078788,0.012204,0.108404,0.595166,0.084592,0.021148,0.053141,0.005668,0.003070,0.010628,0.261062,0.358407,0.230088,0.150442,0.509091,0.033333,0.212121,0.009091,0.203030,0.000000,0.015152,0.018182
N20003459,0.051630,0.842391,0.105978,0.029832,0.120320,0.465940,0.133515,0.016349,0.077883,0.008308,0.004500,0.015577,0.254902,0.376471,0.250980,0.117647,0.498638,0.035422,0.193460,0.019074,0.179837,0.005450,0.024523,0.043597
N20003460,0.054545,0.852273,0.093182,0.009399,0.100580,0.408578,0.225734,0.022573,0.069485,0.007412,0.004015,0.013897,0.315942,0.414493,0.188406,0.081159,0.464692,0.015945,0.259681,0.002278,0.186788,0.000000,0.041002,0.029613
N20003461,0.065089,0.875740,0.059172,0.006092,0.126477,0.504425,0.100295,0.050147,0.062930,0.009090,0.004195,0.018180,0.251046,0.376569,0.297071,0.075314,0.508876,0.032544,0.201183,0.008876,0.186391,0.005917,0.029586,0.026627
N20003462,0.060694,0.838150,0.101156,0.011561,0.135838,0.395954,0.132948,0.031792,0.073353,0.028833,0.015264,0.024168,0.370370,0.388889,0.172840,0.067901,0.505780,0.014451,0.242775,0.002890,0.170520,0.026012,0.023121,0.014451
N20003463,0.060565,0.826380,0.113055,0.009283,0.105732,0.431849,0.130904,0.040486,0.060814,0.023904,0.012655,0.020037,0.224779,0.394690,0.274336,0.106195,0.519568,0.016194,0.205128,0.002699,0.199730,0.004049,0.018893,0.033738
N20003464,0.075000,0.753125,0.171875,0.012500,0.128125,0.384375,0.140625,0.018750,0.042085,0.016542,0.008757,0.013866,0.350806,0.435484,0.133065,0.080645,0.578125,0.015625,0.237500,0.006250,0.090625,0.006250,0.034375,0.031250
N20003465,0.109155,0.720070,0.170775,0.012494,0.099684,0.427065,0.080844,0.024605,0.045515,0.017890,0.009471,0.014996,0.053215,0.246120,0.319290,0.381375,0.613357,0.022847,0.181019,0.001757,0.128295,0.014060,0.012302,0.026362
N20003466,0.055456,0.830054,0.114490,0.009275,0.121350,0.406750,0.168739,0.028419,0.054280,0.021336,0.011295,0.017884,0.238193,0.484600,0.203285,0.073922,0.571685,0.017921,0.177419,0.000000,0.177419,0.005376,0.019713,0.030466
N20003467,0.053676,0.779463,0.166861,0.021004,0.176196,0.322054,0.171529,0.011669,0.071836,0.007663,0.004151,0.014367,0.391720,0.324841,0.227707,0.055732,0.467366,0.045455,0.224942,0.013986,0.162005,0.010490,0.039627,0.036131
N20003468,0.124585,0.689369,0.186047,0.019934,0.146179,0.249169,0.131229,0.058140,0.054206,0.021306,0.011280,0.017860,0.285211,0.464789,0.193662,0.056338,0.377076,0.086379,0.252492,0.001661,0.191030,0.008306,0.049834,0.033223
N20003469,0.080332,0.746537,0.173130,0.023546,0.155125,0.290859,0.193906,0.020776,0.062936,0.006713,0.003636,0.012587,0.406316,0.383158,0.162105,0.048421,0.414938,0.052559,0.215768,0.041494,0.145228,0.013831,0.040111,0.076072
N20003470,0.095238,0.786596,0.118166,0.012492,0.115821,0.399648,0.163732,0.008803,0.071703,0.012126,0.005800,0.008963,0.360087,0.312364,0.251627,0.075922,0.463028,0.052817,0.250000,0.001761,0.133803,0.007042,0.049296,0.042254
N20003471,0.248196,0.673882,0.077922,0.014092,0.072726,0.424855,0.101156,0.013006,0.045192,0.007643,0.003655,0.005649,0.266402,0.246521,0.379722,0.107356,0.506494,0.102453,0.242424,0.004329,0.108225,0.004329,0.005772,0.025974
N20003472,0.052109,0.786600,0.161290,0.024814,0.091811,0.414392,0.215881,0.017370,0.034288,0.005799,0.002773,0.004286,0.298182,0.287273,0.185455,0.229091,0.504975,0.024876,0.176617,0.034826,0.174129,0.004975,0.027363,0.052239
N20003473,0.073756,0.806175,0.120069,0.017153,0.150943,0.344768,0.176672,0.015437,0.086075,0.014557,0.006962,0.010759,0.367681,0.304450,0.257611,0.070258,0.390411,0.080479,0.234589,0.018836,0.176370,0.001712,0.047945,0.049658
N20003474,0.093502,0.771791,0.134707,0.017553,0.183183,0.299051,0.172468,0.022152,0.067085,0.008685,0.012279,0.006888,0.394737,0.364035,0.177632,0.063596,0.488889,0.030159,0.249206,0.012698,0.112698,0.009524,0.053968,0.042857
N20003475,0.083333,0.746599,0.170068,0.017119,0.115020,0.337861,0.118846,0.047538,0.089978,0.011649,0.016469,0.009239,0.467991,0.326711,0.154525,0.050773,0.522998,0.045997,0.199319,0.003407,0.141397,0.008518,0.044293,0.034072
N20003476,0.091371,0.798646,0.109983,0.013668,0.124660,0.314189,0.140203,0.054054,0.116975,0.015144,0.021411,0.012011,0.302158,0.419664,0.187050,0.091127,0.532095,0.021959,0.190878,0.010135,0.170608,0.008446,0.028716,0.037162
N20003477,0.059615,0.750000,0.190385,0.015385,0.167308,0.280769,0.103846,0.063462,0.098458,0.018357,0.016132,0.001669,0.350917,0.380734,0.199541,0.068807,0.503846,0.011538,0.190385,0.011538,0.209615,0.017308,0.009615,0.046154
N20003478,0.051081,0.831041,0.117878,0.007773,0.096789,0.338583,0.171260,0.059055,0.116843,0.015127,0.021387,0.011997,0.469880,0.373494,0.135542,0.021084,0.492126,0.041339,0.206693,0.011811,0.173228,0.011811,0.029528,0.033465
N20003479,0.049608,0.757180,0.193211,0.012959,0.181264,0.290576,0.096859,0.036649,0.111051,0.020704,0.018195,0.001882,0.207627,0.457627,0.211864,0.122881,0.486979,0.028646,0.226562,0.002604,0.190104,0.000000,0.036458,0.028646
N20003480,0.056974,0.677800,0.265226,0.005591,0.160013,0.294466,0.088933,0.023715,0.080946,0.015092,0.013262,0.001372,0.188940,0.493088,0.182028,0.135945,0.502947,0.027505,0.200393,0.000000,0.202358,0.003929,0.017682,0.045187
N20003481,0.072626,0.776536,0.150838,0.022064,0.172604,0.216292,0.171348,0.053371,0.119161,0.022217,0.019524,0.002020,0.275591,0.448819,0.204724,0.070866,0.560907,0.002833,0.252125,0.014164,0.144476,0.005666,0.011331,0.008499
N20003482,0.140845,0.663984,0.195171,0.016597,0.126910,0.272545,0.084168,0.052104,0.091158,0.018549,0.011660,0.006890,0.345269,0.414322,0.184143,0.056266,0.455645,0.056452,0.247984,0.004032,0.155242,0.004032,0.026210,0.050403
N20003483,0.064665,0.762125,0.173210,0.016054,0.130180,0.319444,0.141204,0.050926,0.086401,0.008862,0.019939,0.005169,0.331269,0.439628,0.142415,0.086687,0.535797,0.020785,0.191686,0.011547,0.177829,0.000000,0.034642,0.027714
N20003484,0.055932,0.711864,0.232203,0.006780,0.132203,0.228814,0.147458,0.042373,0.103417,0.027491,0.020291,0.009818,0.185393,0.514981,0.200375,0.099251,0.484746,0.037288,0.174576,0.006780,0.225424,0.005085,0.030508,0.035593
N20003485,0.078550,0.643505,0.277946,0.000237,0.134468,0.246988,0.084337,0.036145,0.062730,0.063578,0.012716,0.002543,0.042763,0.217105,0.200658,0.539474,0.535714,0.026786,0.226190,0.002976,0.163690,0.005952,0.020833,0.017857
N20003486,0.091314,0.579065,0.329621,0.017817,0.113586,0.251670,0.095768,0.020045,0.043423,0.044010,0.008802,0.001760,0.051282,0.182051,0.182051,0.584615,0.556793,0.031180,0.222717,0.002227,0.118040,0.002227,0.017817,0.048998
N20003487,0.071038,0.786885,0.142077,0.019850,0.104984,0.312614,0.157221,0.084095,0.090954,0.018508,0.011634,0.006874,0.223837,0.470930,0.151163,0.154070,0.547619,0.027473,0.194139,0.005495,0.153846,0.009158,0.021978,0.040293
N20003488,0.083212,0.732847,0.183942,0.029354,0.112759,0.308588,0.132460,0.072780,0.068248,0.018142,0.013390,0.006479,0.208738,0.472492,0.186084,0.132686,0.483261,0.036390,0.219796,0.008734,0.192140,0.000000,0.021834,0.037846
N20003489,0.094340,0.676550,0.229111,0.029650,0.132075,0.269542,0.115903,0.043127,0.082377,0.016763,0.010537,0.006226,0.213855,0.442771,0.265060,0.078313,0.517520,0.018868,0.194070,0.013477,0.159030,0.000000,0.029650,0.067385
N20003490,0.075922,0.763557,0.160521,0.015052,0.109210,0.302174,0.186957,0.045652,0.085823,0.008802,0.019805,0.005135,0.265306,0.374150,0.139456,0.221088,0.538961,0.025974,0.190476,0.006494,0.149351,0.002165,0.028139,0.058442
N20003491,0.079935,0.725938,0.194127,0.010016,0.121060,0.305691,0.130081,0.050407,0.080790,0.018644,0.016779,0.002486,0.104294,0.474438,0.216769,0.204499,0.535831,0.032573,0.166124,0.004886,0.174267,0.001629,0.019544,0.065147
N20003492,0.077485,0.714912,0.207602,0.011696,0.138889,0.274854,0.144737,0.042398,0.073242,0.019469,0.014370,0.006953,0.173333,0.423333,0.280000,0.123333,0.522694,0.020498,0.221083,0.010249,0.168375,0.004392,0.029283,0.023426
N20003493,0.096990,0.588629,0.314381,0.026756,0.108696,0.252508,0.127090,0.026756,0.032604,0.033044,0.006609,0.001322,0.038610,0.243243,0.218147,0.500000,0.533445,0.025084,0.237458,0.003344,0.112040,0.001672,0.013378,0.073579
N20003494,0.086444,0.756385,0.157171,0.019515,0.110716,0.336614,0.155512,0.043307,0.079127,0.008116,0.018260,0.004734,0.344411,0.416918,0.172205,0.066465,0.528487,0.043222,0.145383,0.013752,0.186640,0.005894,0.033399,0.043222
N20003495,0.114833,0.631579,0.253589,0.036074,0.123226,0.267303,0.143198,0.021480,0.033842,0.034299,0.006860,0.001372,0.088571,0.320000,0.174286,0.417143,0.535885,0.038278,0.212919,0.004785,0.150718,0.000000,0.009569,0.047847
N20003496,0.102609,0.695652,0.201739,0.012487,0.116796,0.265165,0.173310,0.027730,0.080066,0.016293,0.010241,0.006052,0.282353,0.454118,0.188235,0.075294,0.492255,0.041308,0.213425,0.003442,0.166954,0.006885,0.018933,0.056799
N20003497,0.045226,0.839196,0.115578,0.015075,0.105528,0.374372,0.145729,0.037688,0.102454,0.047243,0.022198,0.003984,0.086379,0.431894,0.299003,0.182724,0.580402,0.010050,0.208543,0.000000,0.138191,0.005025,0.027638,0.030151
N20003498,0.140000,0.682857,0.177143,0.034587,0.093114,0.276353,0.165242,0.062678,0.058173,0.013425,0.012082,0.001790,0.100000,0.396154,0.303846,0.200000,0.511429,0.022857,0.162857,0.011429,0.160000,0.022857,0.020000,0.088571
N20003499,0.179567,0.520124,0.300310,0.030498,0.079130,0.257764,0.086957,0.015528,0.050675,0.021161,0.006126,0.002784,0.053279,0.254098,0.180328,0.512295,0.434783,0.068323,0.229814,0.006211,0.139752,0.000000,0.015528,0.105590
N20003500,0.163934,0.643443,0.192623,0.040984,0.106557,0.315574,0.102459,0.036885,0.052924,0.021944,0.005163,0.001936,0.046784,0.450292,0.216374,0.286550,0.565574,0.040984,0.176230,0.004098,0.114754,0.016393,0.016393,0.065574
N20003501,0.092873,0.801296,0.105832,0.023758,0.110151,0.343413,0.190065,0.045356,0.076442,0.017640,0.015876,0.002352,0.145522,0.604478,0.160448,0.089552,0.574514,0.032397,0.159827,0.010799,0.155508,0.006479,0.021598,0.038877
N20003502,0.108069,0.708934,0.182997,0.027725,0.126437,0.311334,0.142037,0.037303,0.050303,0.025550,0.010380,0.005589,0.135922,0.380583,0.223301,0.260194,0.465418,0.028818,0.231988,0.004323,0.208934,0.007205,0.018732,0.034582
N20003503,0.210127,0.587342,0.202532,0.027848,0.121519,0.268354,0.073418,0.015190,0.068320,0.028529,0.008258,0.003754,0.109215,0.273038,0.197952,0.419795,0.429293,0.042929,0.277778,0.010101,0.113636,0.010101,0.012626,0.103535
N20003504,0.177062,0.567404,0.255533,0.025853,0.115792,0.254032,0.080645,0.034274,0.051877,0.021663,0.006271,0.002850,0.108939,0.304469,0.212291,0.374302,0.460765,0.030181,0.197183,0.008048,0.110664,0.002012,0.016097,0.175050
N20003505,0.078984,0.686883,0.234133,0.019746,0.111425,0.308886,0.094499,0.045134,0.073945,0.034097,0.016021,0.002876,0.076805,0.290323,0.262673,0.370200,0.486601,0.015515,0.232722,0.000000,0.165021,0.008463,0.021157,0.070522
N20003506,0.099693,0.746933,0.153374,0.020183,0.120021,0.425076,0.100917,0.022936,0.042720,0.021699,0.008815,0.004747,0.045714,0.289524,0.135238,0.529524,0.593558,0.019939,0.173313,0.001534,0.136503,0.006135,0.012270,0.056748
N20003507,0.063319,0.746725,0.189956,0.017367,0.162480,0.301969,0.098468,0.052516,0.076480,0.035266,0.016571,0.002974,0.182039,0.487864,0.262136,0.067961,0.471616,0.015284,0.301310,0.004367,0.172489,0.002183,0.015284,0.017467
N20003508,0.089320,0.800000,0.110680,0.011650,0.155340,0.299029,0.151456,0.042718,0.112262,0.012097,0.014033,0.013065,0.604982,0.277580,0.078292,0.039146,0.535019,0.036965,0.184825,0.009728,0.171206,0.005837,0.017510,0.038911
N20003509,0.086721,0.615176,0.298103,0.018970,0.140921,0.306233,0.054201,0.008130,0.050548,0.041357,0.010722,0.003064,0.082759,0.210345,0.262069,0.444828,0.480978,0.032609,0.192935,0.008152,0.127717,0.000000,0.013587,0.144022
N20003510,0.114754,0.644809,0.240437,0.027322,0.060109,0.360656,0.114754,0.027322,0.051441,0.021481,0.006218,0.002826,0.015385,0.215385,0.076923,0.692308,0.603261,0.038043,0.141304,0.000000,0.152174,0.000000,0.010870,0.054348
N20003511,0.080940,0.751958,0.167102,0.025822,0.098415,0.301837,0.167979,0.028871,0.090207,0.041596,0.019545,0.003508,0.096866,0.398860,0.273504,0.230769,0.545692,0.023499,0.195822,0.002611,0.161880,0.005222,0.026110,0.039164
N20003512,0.074766,0.716511,0.208723,0.009346,0.077882,0.386293,0.130841,0.009346,0.053637,0.043885,0.011377,0.003251,0.036735,0.200000,0.208163,0.555102,0.549689,0.021739,0.180124,0.000000,0.186335,0.000000,0.003106,0.059006
N20003513,0.112033,0.597510,0.290456,0.029046,0.120332,0.257261,0.082988,0.053942,0.052082,0.021748,0.006296,0.002862,0.065574,0.251366,0.284153,0.398907,0.485477,0.045643,0.195021,0.012448,0.103734,0.004149,0.029046,0.124481
N20003514,0.088028,0.779930,0.132042,0.013954,0.146773,0.389771,0.116402,0.063492,0.043214,0.009973,0.008975,0.001330,0.203647,0.455927,0.167173,0.173252,0.550442,0.021239,0.205310,0.005310,0.164602,0.005310,0.021239,0.026549
N20003515,0.052314,0.647887,0.299799,0.034132,0.114554,0.325253,0.113131,0.034343,0.035305,0.016279,0.007649,0.001373,0.045455,0.143541,0.246411,0.564593,0.649194,0.020161,0.165323,0.002016,0.108871,0.004032,0.010081,0.040323
N20003516,0.076923,0.661538,0.261538,0.007692,0.110256,0.284615,0.153846,0.028205,0.054634,0.022653,0.005330,0.001999,0.106007,0.279152,0.208481,0.406360,0.546154,0.015385,0.223077,0.002564,0.107692,0.007692,0.020513,0.076923
N20003517,0.061920,0.770898,0.167183,0.012384,0.083591,0.396285,0.139319,0.012384,0.066631,0.054516,0.014134,0.004038,0.025641,0.277778,0.239316,0.457265,0.639752,0.012422,0.195652,0.000000,0.111801,0.006211,0.000000,0.034161
N20003518,0.142857,0.609375,0.247768,0.024554,0.116071,0.343750,0.040179,0.031250,0.050443,0.020915,0.004921,0.001845,0.024793,0.322314,0.236915,0.415978,0.533632,0.020179,0.199552,0.008969,0.116592,0.004484,0.006726,0.109865
N20003519,0.081006,0.692737,0.226257,0.019894,0.126071,0.280556,0.136111,0.052778,0.069516,0.017631,0.007556,0.002519,0.145455,0.287273,0.298182,0.269091,0.550000,0.030556,0.169444,0.011111,0.138889,0.008333,0.016667,0.075000
N20003520,0.050373,0.583955,0.365672,0.011412,0.101580,0.287570,0.092764,0.018553,0.059696,0.015140,0.006489,0.002163,0.032854,0.164271,0.201232,0.601643,0.489720,0.011215,0.244860,0.001869,0.171963,0.005607,0.007477,0.067290
N20003521,0.095064,0.678245,0.226691,0.018282,0.111517,0.307130,0.109689,0.027422,0.069678,0.035939,0.012469,0.004401,0.076555,0.220096,0.172249,0.531100,0.533088,0.022059,0.215074,0.001838,0.161765,0.000000,0.007353,0.058824
N20003522,0.118750,0.678125,0.203125,0.027555,0.127811,0.254717,0.144654,0.028302,0.079186,0.032833,0.007725,0.002897,0.080000,0.293333,0.306667,0.320000,0.534375,0.003125,0.200000,0.009375,0.115625,0.006250,0.012500,0.118750
N20003523,0.053704,0.803704,0.142593,0.010873,0.124002,0.342644,0.150838,0.026071,0.118705,0.012791,0.014838,0.013815,0.362162,0.351351,0.178378,0.108108,0.463687,0.050279,0.216015,0.016760,0.180633,0.007449,0.018622,0.046555
N20003524,0.097059,0.661765,0.241176,0.029212,0.127841,0.265487,0.115044,0.032448,0.068800,0.035487,0.012312,0.004345,0.103704,0.255556,0.218519,0.422222,0.581121,0.023599,0.194690,0.000000,0.120944,0.002950,0.000000,0.076696
N20003525,0.109626,0.751337,0.139037,0.016043,0.152406,0.184492,0.179144,0.088235,0.105151,0.026669,0.011429,0.003810,0.382576,0.314394,0.200758,0.102273,0.580214,0.066845,0.131016,0.010695,0.136364,0.002674,0.024064,0.048128
N20003526,0.085333,0.698667,0.216000,0.018667,0.096000,0.322667,0.146667,0.040000,0.053094,0.027385,0.009501,0.003353,0.045614,0.224561,0.294737,0.435088,0.608000,0.005333,0.157333,0.002667,0.170667,0.005333,0.005333,0.045333
N20003527,0.091429,0.634286,0.274286,0.020000,0.137143,0.274286,0.122857,0.031429,0.039008,0.020120,0.006980,0.002464,0.044280,0.206642,0.191882,0.557196,0.584527,0.034384,0.186246,0.011461,0.126074,0.008596,0.014327,0.034384
N20003528,0.048485,0.840404,0.111111,0.004040,0.131313,0.383838,0.153535,0.054545,0.083781,0.021249,0.009107,0.003036,0.377892,0.473008,0.079692,0.069409,0.527273,0.022222,0.234343,0.008081,0.149495,0.008081,0.036364,0.014141
N20003529,0.163462,0.586538,0.250000,0.033303,0.132570,0.253968,0.117460,0.025397,0.027329,0.022360,0.005797,0.001656,0.049383,0.279835,0.325103,0.345679,0.442308,0.016026,0.189103,0.006410,0.128205,0.019231,0.019231,0.179487
N20003530,0.044321,0.792244,0.163435,0.013850,0.105263,0.349030,0.149584,0.041551,0.061910,0.068395,0.010023,0.006486,0.232836,0.432836,0.194030,0.140299,0.483425,0.033149,0.218232,0.000000,0.212707,0.002762,0.016575,0.033149
N20003531,0.093897,0.769953,0.136150,0.014271,0.083770,0.355972,0.189696,0.032787,0.045428,0.050187,0.007355,0.004759,0.007752,0.120155,0.255814,0.616279,0.612676,0.030516,0.183099,0.000000,0.117371,0.000000,0.000000,0.056338
N20003532,0.064982,0.675090,0.259928,0.012635,0.097473,0.321300,0.138989,0.023466,0.039581,0.043727,0.006408,0.004147,0.012500,0.204167,0.143750,0.639583,0.532491,0.039711,0.193141,0.000000,0.187726,0.000000,0.003610,0.043321
N20003533,0.047619,0.719780,0.232601,0.007326,0.097070,0.408425,0.076923,0.027473,0.046339,0.051194,0.007503,0.004855,0.033126,0.188406,0.182195,0.596273,0.617216,0.016484,0.157509,0.000000,0.152015,0.001832,0.009158,0.045788
N20003534,0.064073,0.631579,0.304348,0.008774,0.101625,0.336406,0.078341,0.027650,0.036922,0.040790,0.005978,0.003868,0.023438,0.226562,0.195312,0.554688,0.550691,0.023041,0.198157,0.000000,0.152074,0.000000,0.009217,0.066820
N20003535,0.072333,0.773960,0.153707,0.018083,0.133816,0.330922,0.155515,0.039783,0.084442,0.009099,0.010555,0.009827,0.329114,0.318987,0.227848,0.124051,0.493671,0.043400,0.233273,0.003617,0.162749,0.001808,0.023508,0.037975
N20003536,0.048227,0.744681,0.207092,0.011348,0.133333,0.275177,0.178723,0.035461,0.090418,0.009743,0.011302,0.010523,0.204698,0.362416,0.291946,0.140940,0.492221,0.018388,0.220651,0.001414,0.216407,0.004243,0.024045,0.022631
N20003537,0.157983,0.647059,0.194958,0.026670,0.152109,0.235690,0.181818,0.011785,0.057121,0.008535,0.000000,0.000000,0.643411,0.279070,0.046512,0.031008,0.405042,0.134454,0.184874,0.025210,0.127731,0.015126,0.038655,0.068908
N20003538,0.153322,0.654174,0.192504,0.042400,0.130283,0.197952,0.221843,0.030717,0.063840,0.009539,0.000000,0.000000,0.625592,0.279621,0.059242,0.035545,0.395230,0.093697,0.248722,0.020443,0.107325,0.017036,0.037479,0.080068
N20003539,0.252874,0.586207,0.160920,0.046570,0.113428,0.252149,0.134670,0.022923,0.052031,0.004669,0.005670,0.000667,0.487288,0.326271,0.139831,0.046610,0.304598,0.126437,0.330460,0.022989,0.091954,0.022989,0.022989,0.077586
N20003540,0.137363,0.664835,0.197802,0.035714,0.145604,0.250000,0.203297,0.016484,0.043022,0.006429,0.000000,0.000000,0.414286,0.423810,0.114286,0.047619,0.436813,0.085165,0.170330,0.038462,0.148352,0.019231,0.043956,0.057692
N20003541,0.086310,0.788690,0.125000,0.008465,0.141984,0.308383,0.173653,0.068862,0.090302,0.003304,0.002202,0.000000,0.523179,0.390728,0.086093,0.000000,0.494048,0.062500,0.178571,0.008929,0.122024,0.020833,0.062500,0.050595
N20003542,0.094563,0.780142,0.125296,0.030733,0.193853,0.278960,0.172577,0.049645,0.080215,0.002935,0.001956,0.000000,0.458678,0.338843,0.128099,0.074380,0.423168,0.035461,0.255319,0.023641,0.165485,0.011820,0.037825,0.047281
N20003543,0.104046,0.817919,0.078035,0.025558,0.137687,0.392442,0.156977,0.075581,0.052058,0.001905,0.001270,0.000000,0.328467,0.394161,0.175182,0.102190,0.481159,0.052174,0.202899,0.011594,0.165217,0.011594,0.034783,0.040580
N20003544,0.209632,0.645892,0.144476,0.037315,0.120469,0.279661,0.135593,0.028249,0.067617,0.006068,0.007369,0.000867,0.537594,0.289474,0.154135,0.018797,0.327684,0.124294,0.271186,0.005650,0.146893,0.011299,0.053672,0.059322
N20003545,0.189145,0.580592,0.230263,0.031509,0.138884,0.162562,0.154351,0.031199,0.077254,0.006933,0.008419,0.000990,0.693452,0.190476,0.083333,0.032738,0.390805,0.090312,0.175698,0.003284,0.118227,0.026273,0.014778,0.180624
N20003546,0.127358,0.679245,0.193396,0.025637,0.122125,0.308294,0.134585,0.028169,0.052287,0.020110,0.007240,0.006435,0.231969,0.307992,0.157895,0.302144,0.527387,0.056338,0.211268,0.004695,0.106416,0.015649,0.032864,0.045383
N20003547,0.158050,0.636632,0.205318,0.029921,0.131478,0.241532,0.160530,0.026510,0.046523,0.017893,0.006442,0.005726,0.542254,0.279343,0.098592,0.079812,0.422452,0.076809,0.234860,0.022157,0.106352,0.010340,0.057607,0.069424
N20003548,0.186012,0.627976,0.186012,0.029762,0.125000,0.197917,0.211310,0.028274,0.059385,0.003553,0.002538,0.000000,0.608696,0.252174,0.069565,0.069565,0.338782,0.108470,0.233284,0.019316,0.158990,0.020802,0.049034,0.071322
N20003549,0.266667,0.626984,0.106349,0.038819,0.100085,0.204114,0.223101,0.018987,0.073190,0.004379,0.003128,0.000000,0.646489,0.278450,0.043584,0.031477,0.354992,0.148970,0.221870,0.033281,0.115689,0.020602,0.049128,0.055468
N20003550,0.237148,0.621891,0.140962,0.045095,0.150036,0.167219,0.218543,0.024834,0.056546,0.002094,0.002618,0.000000,0.511392,0.301266,0.068354,0.118987,0.339967,0.142620,0.217247,0.018242,0.142620,0.006633,0.059701,0.072968
N20003551,0.246479,0.619718,0.133803,0.053006,0.118553,0.195804,0.167832,0.058275,0.071882,0.004301,0.003072,0.000000,0.438202,0.378277,0.112360,0.071161,0.302108,0.128806,0.283372,0.014052,0.126464,0.042155,0.035129,0.067916
N20003552,0.252976,0.550595,0.196429,0.048834,0.106808,0.168639,0.201183,0.014793,0.049384,0.007563,0.001780,0.000445,0.150000,0.281818,0.154545,0.413636,0.510448,0.131343,0.182090,0.008955,0.047761,0.023881,0.029851,0.065672
N20003553,0.315337,0.536196,0.148466,0.048425,0.117992,0.150062,0.163592,0.040590,0.059041,0.002187,0.002733,0.000000,0.514580,0.343053,0.097770,0.044597,0.298160,0.173006,0.271166,0.019632,0.131288,0.015951,0.042945,0.047853
N20003554,0.127394,0.703580,0.169026,0.024979,0.104080,0.286428,0.144879,0.044963,0.089804,0.015466,0.013969,0.003991,0.399452,0.387569,0.130713,0.082267,0.452123,0.042465,0.243963,0.009992,0.168193,0.005828,0.029142,0.048293
N20003555,0.211740,0.614256,0.174004,0.038462,0.132001,0.192067,0.200418,0.031315,0.053959,0.001998,0.002498,0.000000,0.557632,0.252336,0.052960,0.137072,0.279749,0.129436,0.275574,0.027140,0.133612,0.029228,0.035491,0.089770
N20003556,0.155925,0.621622,0.222453,0.033264,0.149688,0.197505,0.108108,0.037422,0.093934,0.016177,0.014612,0.004175,0.266667,0.427586,0.186207,0.119540,0.466805,0.033195,0.244813,0.000000,0.170124,0.024896,0.006224,0.053942
N20003557,0.114187,0.595156,0.290657,0.020761,0.114187,0.221453,0.103806,0.027682,0.093300,0.016068,0.014513,0.004147,0.231317,0.462633,0.227758,0.078292,0.448980,0.027211,0.221088,0.000000,0.170068,0.023810,0.034014,0.074830
N20003558,0.272040,0.493703,0.234257,0.055416,0.136020,0.156171,0.148615,0.012594,0.033636,0.005151,0.001212,0.000303,0.175719,0.268371,0.150160,0.405751,0.382872,0.113350,0.284635,0.010076,0.078086,0.040302,0.025189,0.065491
N20003559,0.296537,0.484848,0.218615,0.067595,0.139276,0.116631,0.127430,0.036717,0.061251,0.001519,0.001012,0.001012,0.551622,0.238938,0.120944,0.088496,0.335512,0.204793,0.233115,0.013072,0.063181,0.037037,0.028322,0.084967
N20003560,0.262467,0.574803,0.162730,0.034121,0.144357,0.173228,0.183727,0.041995,0.029774,0.000738,0.000492,0.000492,0.625000,0.290323,0.084677,0.000000,0.377953,0.149606,0.254593,0.020997,0.104987,0.015748,0.026247,0.049869
N20003561,0.350000,0.402083,0.247917,0.079730,0.096470,0.099792,0.118503,0.041580,0.038172,0.005846,0.001376,0.000344,0.292978,0.372881,0.198547,0.135593,0.270833,0.164583,0.243750,0.012500,0.085417,0.033333,0.035417,0.154167
N20003562,0.095238,0.768519,0.136243,0.015873,0.123016,0.342593,0.129630,0.030423,0.099512,0.016484,0.025031,0.001832,0.508580,0.357254,0.098284,0.035881,0.537037,0.021164,0.182540,0.001323,0.198413,0.011905,0.018519,0.029101
N20003563,0.279461,0.562290,0.158249,0.070002,0.096073,0.195946,0.138514,0.050676,0.067669,0.010364,0.002439,0.000610,0.276119,0.320896,0.149254,0.253731,0.484536,0.099656,0.216495,0.010309,0.065292,0.030928,0.006873,0.085911
N20003564,0.267717,0.451444,0.280840,0.040804,0.118990,0.129288,0.116095,0.021108,0.055052,0.008431,0.001984,0.000496,0.302251,0.318328,0.273312,0.106109,0.268421,0.184211,0.302632,0.018421,0.073684,0.023684,0.034211,0.094737
N20003565,0.290094,0.568396,0.141509,0.049528,0.099057,0.188679,0.143868,0.054245,0.078033,0.001935,0.001290,0.001290,0.619497,0.264151,0.066038,0.050314,0.328638,0.138498,0.213615,0.011737,0.117371,0.021127,0.091549,0.077465
N20003566,0.290055,0.541436,0.168508,0.048297,0.145832,0.184066,0.118132,0.021978,0.059613,0.009130,0.002148,0.000537,0.579710,0.260870,0.072464,0.086957,0.311295,0.132231,0.190083,0.011019,0.090909,0.038567,0.082645,0.143251
N20003567,0.298182,0.572727,0.129091,0.043636,0.129091,0.187273,0.158182,0.041818,0.053281,0.001321,0.000881,0.000881,0.518892,0.329975,0.105793,0.045340,0.361818,0.120000,0.252727,0.003636,0.129091,0.021818,0.030909,0.080000
N20003568,0.071207,0.760062,0.168731,0.006192,0.106811,0.382353,0.114551,0.035604,0.084107,0.013932,0.021156,0.001548,0.274549,0.456914,0.158317,0.110220,0.502311,0.032357,0.169492,0.009245,0.204931,0.004622,0.029276,0.047766
N20003569,0.126966,0.738202,0.134831,0.021348,0.134831,0.325843,0.149438,0.037079,0.075120,0.006742,0.008186,0.000963,0.432836,0.268657,0.195688,0.102819,0.459035,0.074074,0.261504,0.014590,0.127946,0.006734,0.026936,0.029181
N20003570,0.257143,0.517857,0.225000,0.045673,0.102087,0.139785,0.211470,0.025090,0.030405,0.006348,0.001671,0.001002,0.114155,0.223744,0.205479,0.456621,0.460432,0.089928,0.158273,0.010791,0.179856,0.010791,0.014388,0.075540
N20003571,0.215447,0.605691,0.178862,0.052846,0.083333,0.152439,0.215447,0.032520,0.094047,0.019636,0.005167,0.003100,0.242131,0.205811,0.111380,0.440678,0.424797,0.067073,0.209350,0.012195,0.195122,0.008130,0.006098,0.077236
N20003572,0.041176,0.756863,0.201961,0.011822,0.116941,0.452055,0.070450,0.023483,0.065432,0.010838,0.016458,0.001204,0.137157,0.256858,0.256858,0.349127,0.563601,0.009785,0.172211,0.011742,0.156556,0.005871,0.021526,0.058708
N20003573,0.251894,0.513258,0.234848,0.026087,0.063542,0.195446,0.165085,0.022770,0.051217,0.010694,0.002814,0.001688,0.103448,0.293103,0.165948,0.437500,0.488593,0.051331,0.239544,0.003802,0.106464,0.017110,0.017110,0.076046
N20003574,0.269953,0.575117,0.154930,0.032864,0.115023,0.169014,0.225352,0.021127,0.034396,0.007182,0.001890,0.001134,0.166134,0.399361,0.159744,0.274760,0.400000,0.148235,0.270588,0.009412,0.091765,0.002353,0.035294,0.042353
N20003575,0.243455,0.609948,0.146597,0.036649,0.099476,0.164921,0.274869,0.018325,0.049493,0.001227,0.000818,0.000818,0.666667,0.298246,0.021053,0.014035,0.314961,0.152231,0.246719,0.013123,0.133858,0.005249,0.068241,0.065617
N20003576,0.161525,0.439201,0.399274,0.031090,0.107680,0.099638,0.081522,0.009058,0.108972,0.022752,0.005987,0.003592,0.260870,0.260870,0.343478,0.134783,0.481884,0.068841,0.144928,0.003623,0.067029,0.014493,0.010870,0.208333
N20003577,0.217822,0.556931,0.225248,0.032178,0.081683,0.237624,0.143564,0.012376,0.062993,0.013152,0.003461,0.002077,0.103896,0.331169,0.298701,0.266234,0.487624,0.084158,0.188119,0.009901,0.089109,0.032178,0.029703,0.079208
N20003578,0.149461,0.693374,0.157165,0.054076,0.150297,0.253846,0.164615,0.020000,0.090994,0.007083,0.006538,0.000000,0.624691,0.286420,0.034568,0.054321,0.422427,0.067588,0.198157,0.027650,0.119816,0.015361,0.087558,0.061444
N20003579,0.181269,0.640483,0.178248,0.024169,0.120846,0.274924,0.154079,0.018127,0.063066,0.004909,0.004532,0.000000,0.562500,0.254464,0.049107,0.133929,0.413897,0.081571,0.220544,0.006042,0.132931,0.006042,0.057402,0.081571
N20003580,0.232143,0.644841,0.123016,0.035324,0.139871,0.306163,0.115308,0.025845,0.050147,0.003904,0.003603,0.000000,0.460526,0.259868,0.200658,0.078947,0.448413,0.077381,0.246032,0.017857,0.128968,0.011905,0.031746,0.037698
N20003581,0.274510,0.556022,0.169468,0.040616,0.134454,0.235294,0.130252,0.016807,0.034109,0.002655,0.002451,0.000000,0.657795,0.245247,0.053232,0.043726,0.347339,0.130252,0.205882,0.019608,0.113445,0.026611,0.064426,0.092437
N20003582,0.178899,0.649083,0.172018,0.029474,0.090462,0.324138,0.135632,0.055172,0.034709,0.003900,0.003120,0.001950,0.292308,0.480769,0.150000,0.076923,0.434483,0.096552,0.232184,0.016092,0.112644,0.016092,0.032184,0.059770
N20003583,0.345000,0.492500,0.162500,0.049261,0.139117,0.137845,0.145363,0.025063,0.039239,0.003055,0.002820,0.000000,0.398496,0.364662,0.131579,0.105263,0.281407,0.175879,0.283920,0.012563,0.100503,0.020101,0.057789,0.067839
N20003584,0.322957,0.573930,0.103113,0.024712,0.082702,0.255361,0.138402,0.048733,0.042388,0.003300,0.003046,0.000000,0.462295,0.340984,0.134426,0.062295,0.372320,0.157895,0.249513,0.007797,0.116959,0.025341,0.031189,0.038986
N20003585,0.158014,0.744921,0.097065,0.036392,0.136813,0.351351,0.132883,0.036036,0.080087,0.002583,0.004306,0.000861,0.357977,0.408560,0.175097,0.058366,0.414414,0.083333,0.229730,0.009009,0.191441,0.000000,0.027027,0.045045
N20003586,0.334365,0.479876,0.185759,0.043344,0.128483,0.139319,0.125387,0.037152,0.039175,0.008418,0.001943,0.000000,0.308696,0.310870,0.195652,0.184783,0.333849,0.174652,0.256569,0.020093,0.097372,0.020093,0.030912,0.066461
N20003587,0.143577,0.664987,0.191436,0.032746,0.148615,0.277078,0.108312,0.065491,0.059713,0.001926,0.003210,0.000642,0.224900,0.393574,0.188755,0.192771,0.448101,0.055696,0.202532,0.007595,0.141772,0.017722,0.063291,0.063291
N20003588,0.134860,0.709924,0.155216,0.018109,0.151548,0.307107,0.111675,0.045685,0.085623,0.002762,0.004603,0.000921,0.278689,0.372951,0.163934,0.184426,0.385787,0.055838,0.192893,0.015228,0.220812,0.022843,0.040609,0.065990
N20003589,0.188139,0.650307,0.161554,0.031316,0.135032,0.244399,0.132383,0.067210,0.056645,0.006365,0.005092,0.003182,0.303922,0.388889,0.205882,0.101307,0.462168,0.071575,0.251534,0.018405,0.108384,0.012270,0.020450,0.055215
N20003590,0.263666,0.511254,0.225080,0.048922,0.123434,0.237179,0.057692,0.022436,0.055765,0.011983,0.002765,0.000000,0.250000,0.397887,0.179577,0.172535,0.334405,0.057878,0.273312,0.003215,0.099678,0.012862,0.038585,0.180064
N20003591,0.152091,0.752852,0.095057,0.022320,0.077279,0.332061,0.221374,0.064885,0.039361,0.010735,0.005169,0.001988,0.491620,0.396648,0.005587,0.106145,0.460076,0.087452,0.254753,0.000000,0.125475,0.030418,0.022814,0.019011
N20003592,0.165888,0.528037,0.306075,0.028037,0.161215,0.186916,0.070093,0.014019,0.071267,0.014809,0.007404,0.002314,0.115903,0.345013,0.239892,0.299191,0.382629,0.046948,0.272300,0.002347,0.138498,0.000000,0.016432,0.140845
N20003593,0.180272,0.653061,0.166667,0.061628,0.083570,0.301695,0.098305,0.040678,0.101872,0.021890,0.005052,0.000000,0.073684,0.347368,0.173684,0.405263,0.496622,0.040541,0.222973,0.000000,0.070946,0.000000,0.020270,0.148649
N20003594,0.124521,0.685824,0.189655,0.026820,0.130268,0.306513,0.122605,0.061303,0.044780,0.012213,0.005880,0.002262,0.296875,0.411458,0.156250,0.135417,0.509579,0.034483,0.210728,0.007663,0.166667,0.003831,0.019157,0.047893
N20003595,0.151899,0.692586,0.155515,0.027574,0.134027,0.286486,0.165766,0.043243,0.050113,0.005631,0.004505,0.002815,0.338843,0.415978,0.126722,0.118457,0.493694,0.061261,0.165766,0.010811,0.174775,0.009009,0.032432,0.052252
N20003596,0.136891,0.614849,0.248260,0.041984,0.200497,0.187500,0.099537,0.025463,0.075774,0.015745,0.007873,0.002460,0.188732,0.349296,0.194366,0.267606,0.465278,0.057870,0.236111,0.002315,0.134259,0.013889,0.018519,0.071759
N20003597,0.204268,0.545732,0.250000,0.035557,0.104014,0.263804,0.058282,0.018405,0.080055,0.017202,0.003970,0.000000,0.280822,0.393836,0.167808,0.157534,0.338415,0.076220,0.201220,0.003049,0.182927,0.000000,0.033537,0.164634
N20003598,0.122449,0.746356,0.131195,0.026519,0.101007,0.389535,0.133721,0.055233,0.053130,0.005970,0.004776,0.002985,0.225532,0.489362,0.140426,0.144681,0.516035,0.034985,0.192420,0.014577,0.157434,0.011662,0.014577,0.058309
N20003599,0.191033,0.514620,0.294347,0.036736,0.122042,0.187500,0.109375,0.023438,0.053763,0.011171,0.005586,0.001746,0.074492,0.327314,0.216704,0.381490,0.410405,0.052023,0.238921,0.005780,0.140655,0.005780,0.030829,0.115607
N20003600,0.133495,0.740291,0.126214,0.024006,0.132019,0.340633,0.141119,0.068127,0.040146,0.010949,0.005272,0.002028,0.202532,0.522152,0.158228,0.117089,0.497573,0.060680,0.208738,0.004854,0.140777,0.016990,0.029126,0.041262
N20003601,0.166134,0.616613,0.217252,0.022364,0.111821,0.303514,0.086262,0.019169,0.061876,0.019816,0.013346,0.000809,0.080645,0.431452,0.282258,0.205645,0.476038,0.054313,0.175719,0.000000,0.156550,0.019169,0.041534,0.076677
N20003602,0.201856,0.624130,0.174014,0.021301,0.103297,0.291667,0.141204,0.023148,0.051259,0.011014,0.002542,0.000000,0.107492,0.452769,0.244300,0.195440,0.503480,0.053364,0.222738,0.004640,0.097448,0.000000,0.018561,0.099768
N20003603,0.143443,0.643443,0.213115,0.041193,0.134240,0.263804,0.106339,0.028630,0.071290,0.022831,0.015376,0.000932,0.118072,0.337349,0.250602,0.293976,0.553279,0.053279,0.155738,0.000000,0.139344,0.006148,0.016393,0.075820
N20003604,0.135048,0.755627,0.109325,0.038585,0.106109,0.302251,0.154341,0.118971,0.050844,0.013867,0.006676,0.002568,0.303030,0.398990,0.166667,0.131313,0.496795,0.038462,0.211538,0.003205,0.185897,0.006410,0.025641,0.032051
N20003605,0.142665,0.623149,0.234186,0.025414,0.119106,0.268194,0.082210,0.039084,0.085225,0.017709,0.008855,0.002767,0.164557,0.320072,0.220615,0.294756,0.454178,0.064690,0.238544,0.006739,0.142857,0.010782,0.021563,0.060647
N20003606,0.173228,0.681102,0.145669,0.029259,0.128573,0.299611,0.147860,0.035019,0.048152,0.013132,0.006323,0.002432,0.158192,0.389831,0.135593,0.316384,0.544747,0.035019,0.202335,0.003891,0.128405,0.019455,0.015564,0.050584
N20003607,0.042755,0.733967,0.223278,0.011876,0.125891,0.377672,0.152019,0.014252,0.030993,0.026083,0.006137,0.000921,0.030220,0.348901,0.173077,0.447802,0.684834,0.014218,0.151659,0.000000,0.101896,0.002370,0.023697,0.021327
N20003608,0.061475,0.655738,0.282787,0.028689,0.102459,0.401639,0.110656,0.012295,0.013864,0.011668,0.002745,0.000412,0.020513,0.256410,0.153846,0.569231,0.561475,0.012295,0.254098,0.000000,0.098361,0.012295,0.016393,0.045082
N20003609,0.022403,0.653768,0.323829,0.004148,0.106100,0.310345,0.119675,0.062880,0.026466,0.022274,0.005241,0.000786,0.006818,0.218182,0.152273,0.622727,0.674134,0.016293,0.179226,0.002037,0.081466,0.002037,0.010183,0.034623
N20003610,0.122047,0.531496,0.346457,0.019685,0.114173,0.248031,0.062992,0.003937,0.066082,0.021163,0.014253,0.000864,0.092437,0.222689,0.193277,0.491597,0.505882,0.031373,0.137255,0.000000,0.113725,0.007843,0.007843,0.196078
N20003611,0.120455,0.622727,0.256818,0.017949,0.130700,0.243736,0.152620,0.043280,0.031589,0.011043,0.007448,0.002311,0.063253,0.418675,0.246988,0.271084,0.494305,0.034169,0.241458,0.004556,0.120729,0.006834,0.013667,0.084282
N20003612,0.175978,0.614525,0.209497,0.027933,0.108939,0.251397,0.108939,0.061453,0.057612,0.015712,0.007565,0.002910,0.150160,0.354633,0.175719,0.319489,0.416201,0.103352,0.245810,0.013966,0.122905,0.013966,0.027933,0.055866
N20003613,0.099502,0.674129,0.226368,0.022959,0.118574,0.271605,0.153086,0.017284,0.068482,0.023941,0.016146,0.005011,0.079511,0.406728,0.266055,0.247706,0.486352,0.034739,0.200993,0.002481,0.215881,0.000000,0.007444,0.052109
N20003614,0.168467,0.634989,0.196544,0.042653,0.107874,0.258134,0.104121,0.041215,0.079821,0.025564,0.017216,0.001043,0.115044,0.448378,0.200590,0.235988,0.535792,0.052061,0.229935,0.002169,0.119306,0.004338,0.004338,0.052061
N20003615,0.120000,0.726154,0.153846,0.032308,0.107692,0.303077,0.160000,0.047692,0.069523,0.022265,0.014995,0.000909,0.211587,0.486146,0.173804,0.128463,0.497682,0.027821,0.202473,0.007728,0.170015,0.012365,0.030912,0.051005
N20003616,0.054098,0.711475,0.234426,0.008421,0.129094,0.296900,0.143556,0.047308,0.045724,0.038480,0.009054,0.001358,0.046154,0.268132,0.243956,0.441758,0.597064,0.032626,0.200653,0.003263,0.104405,0.004894,0.009788,0.047308
N20003617,0.065421,0.663551,0.271028,0.009083,0.109561,0.338028,0.093897,0.007042,0.055586,0.046780,0.011007,0.001651,0.032345,0.199461,0.177898,0.590296,0.609412,0.011765,0.181176,0.000000,0.136471,0.002353,0.016471,0.042353
N20003618,0.050575,0.643678,0.305747,0.002299,0.140230,0.275862,0.096552,0.036782,0.045548,0.038333,0.009019,0.001353,0.032419,0.276808,0.206983,0.483791,0.571101,0.018349,0.176606,0.009174,0.162844,0.006881,0.013761,0.041284
N20003619,0.149660,0.579592,0.270748,0.024490,0.127891,0.227211,0.102041,0.029932,0.055782,0.019501,0.013152,0.004082,0.158631,0.511664,0.181960,0.147745,0.478261,0.050272,0.211957,0.010870,0.131793,0.012228,0.021739,0.082880
N20003620,0.137119,0.620499,0.242382,0.019227,0.104549,0.285714,0.110957,0.026352,0.056029,0.019587,0.013210,0.004100,0.169903,0.370550,0.236246,0.223301,0.502080,0.038835,0.192788,0.001387,0.149792,0.015257,0.026352,0.073509
N20003621,0.118056,0.715278,0.166667,0.030296,0.144839,0.332564,0.159353,0.018476,0.047144,0.009429,0.001985,0.001489,0.509434,0.369811,0.071698,0.049057,0.339492,0.048499,0.284065,0.009238,0.145497,0.011547,0.078522,0.083141
N20003622,0.079002,0.746362,0.174636,0.037422,0.178794,0.278586,0.166320,0.049896,0.060184,0.006120,0.006460,0.000000,0.565714,0.331429,0.077143,0.025714,0.399586,0.057971,0.267081,0.012422,0.146998,0.008282,0.051760,0.055901
N20003623,0.126606,0.686239,0.187156,0.023853,0.174312,0.242202,0.170642,0.022018,0.060505,0.012101,0.002548,0.001911,0.472422,0.354916,0.117506,0.055156,0.388582,0.092081,0.237569,0.007366,0.134438,0.018416,0.057090,0.064457
N20003624,0.207641,0.491694,0.300664,0.066210,0.153924,0.126456,0.099834,0.023295,0.069237,0.013847,0.002915,0.002186,0.206827,0.361446,0.208835,0.222892,0.350084,0.093802,0.224456,0.016750,0.090452,0.021776,0.031826,0.170854
N20003625,0.077670,0.739806,0.182524,0.017709,0.138258,0.284333,0.179884,0.029014,0.089589,0.009111,0.009617,0.000000,0.474255,0.322493,0.121951,0.081301,0.469112,0.057915,0.216216,0.009653,0.142857,0.011583,0.069498,0.023166
N20003626,0.142308,0.698077,0.159615,0.038462,0.136538,0.257692,0.169231,0.050000,0.077038,0.003157,0.003789,0.000631,0.552147,0.325153,0.085890,0.036810,0.382692,0.073077,0.236538,0.028846,0.128846,0.011538,0.071154,0.067308
N20003627,0.123288,0.751142,0.125571,0.018742,0.148869,0.263636,0.238636,0.038636,0.048840,0.005009,0.005427,0.002087,0.443333,0.360000,0.106667,0.090000,0.386728,0.073227,0.244851,0.016018,0.146453,0.016018,0.052632,0.064073
N20003628,0.231373,0.572549,0.196078,0.040803,0.187480,0.192534,0.111984,0.023576,0.042950,0.004821,0.008327,0.000877,0.463215,0.318801,0.073569,0.144414,0.407843,0.123529,0.243137,0.017647,0.082353,0.027451,0.027451,0.070588
N20003629,0.131737,0.652695,0.215569,0.046079,0.144726,0.173307,0.233068,0.043825,0.045979,0.004716,0.005109,0.001965,0.509434,0.366577,0.072776,0.051213,0.385230,0.061876,0.267465,0.021956,0.139721,0.013972,0.057884,0.051896
N20003630,0.142574,0.657426,0.200000,0.053465,0.158416,0.170297,0.166337,0.059406,0.093749,0.003842,0.004611,0.000768,0.487179,0.364103,0.094872,0.053846,0.323413,0.077381,0.275794,0.025794,0.152778,0.013889,0.051587,0.079365
N20003631,0.196891,0.471503,0.331606,0.056266,0.182440,0.140625,0.083333,0.020833,0.037588,0.002924,0.003341,0.000418,0.185976,0.387195,0.192073,0.234756,0.311688,0.119481,0.280519,0.007792,0.109091,0.023377,0.051948,0.096104
N20003632,0.231304,0.438261,0.330435,0.030956,0.157773,0.141115,0.052265,0.005226,0.061726,0.006928,0.011967,0.001260,0.173913,0.422925,0.191700,0.211462,0.280000,0.139130,0.215652,0.024348,0.060870,0.019130,0.036522,0.224348
N20003633,0.100000,0.822222,0.077778,0.016667,0.166667,0.300000,0.155556,0.038889,0.136792,0.010639,0.012159,0.001520,0.145833,0.083333,0.208333,0.562500,0.561111,0.044444,0.188889,0.016667,0.100000,0.000000,0.000000,0.088889
N20003634,0.111111,0.673611,0.215278,0.014113,0.190932,0.193995,0.166282,0.062356,0.047792,0.004902,0.005310,0.002042,0.329154,0.373041,0.191223,0.106583,0.405530,0.034562,0.329493,0.002304,0.101382,0.018433,0.050691,0.057604
N20003635,0.119048,0.683983,0.196970,0.028139,0.147186,0.248918,0.127706,0.054113,0.087723,0.008921,0.009417,0.000000,0.267647,0.335294,0.135294,0.261765,0.514039,0.058315,0.203024,0.002160,0.142549,0.008639,0.019438,0.051836
N20003636,0.186813,0.549451,0.263736,0.062726,0.228283,0.182482,0.025547,0.025547,0.074370,0.005784,0.006611,0.000826,0.242152,0.322870,0.183857,0.251121,0.313869,0.080292,0.262774,0.021898,0.083942,0.029197,0.054745,0.153285
N20003637,0.147059,0.647059,0.205882,0.031269,0.143901,0.265263,0.103158,0.044211,0.074875,0.007614,0.008037,0.000000,0.369863,0.375342,0.109589,0.145205,0.397895,0.090526,0.246316,0.016842,0.122105,0.016842,0.054737,0.054737
N20003638,0.152866,0.573248,0.273885,0.035595,0.161735,0.200426,0.093817,0.027719,0.071276,0.007310,0.007920,0.003046,0.386555,0.344538,0.162465,0.106443,0.367304,0.072187,0.280255,0.012739,0.150743,0.012739,0.040340,0.063694
N20003639,0.091314,0.737194,0.171492,0.022272,0.169265,0.273942,0.164811,0.044543,0.077053,0.003158,0.003790,0.000632,0.439716,0.255319,0.202128,0.102837,0.454343,0.040089,0.273942,0.042316,0.057906,0.008909,0.040089,0.082405
N20003640,0.287975,0.455696,0.256329,0.077112,0.120233,0.140575,0.079872,0.015974,0.074662,0.008380,0.014475,0.001524,0.071730,0.341772,0.282700,0.303797,0.338608,0.126582,0.202532,0.003165,0.082278,0.037975,0.009494,0.199367
N20003641,0.159011,0.568905,0.272085,0.038869,0.173145,0.180212,0.098940,0.035336,0.064686,0.006634,0.007187,0.002764,0.274678,0.321888,0.231760,0.171674,0.459364,0.060071,0.250883,0.014134,0.102473,0.014134,0.035336,0.063604
N20003642,0.268362,0.449153,0.282486,0.091219,0.140581,0.128571,0.054286,0.060000,0.049538,0.005560,0.009604,0.001011,0.105634,0.380282,0.267606,0.246479,0.316384,0.118644,0.231638,0.000000,0.132768,0.011299,0.014124,0.175141
N20003643,0.087879,0.775758,0.136364,0.021414,0.150380,0.314199,0.178248,0.039275,0.077463,0.007878,0.008315,0.000000,0.409722,0.298611,0.194444,0.097222,0.584848,0.030303,0.178788,0.003030,0.130303,0.009091,0.012121,0.051515
N20003644,0.139676,0.706478,0.153846,0.032171,0.134470,0.277890,0.152130,0.068966,0.062000,0.004822,0.005511,0.000689,0.231061,0.416667,0.098485,0.253788,0.477733,0.078947,0.212551,0.010121,0.111336,0.002024,0.030364,0.076923
N20003645,0.114943,0.697865,0.187192,0.035995,0.151813,0.243421,0.152961,0.069079,0.069007,0.008563,0.003022,0.000000,0.289294,0.444191,0.186788,0.079727,0.419672,0.063934,0.285246,0.008197,0.139344,0.014754,0.037705,0.031148
N20003646,0.087527,0.774617,0.137856,0.016099,0.116608,0.305195,0.162338,0.054113,0.116761,0.014489,0.005114,0.000000,0.406639,0.377593,0.112033,0.103734,0.509847,0.021882,0.199125,0.021882,0.155361,0.002188,0.039387,0.050328
N20003647,0.170690,0.636207,0.193103,0.032996,0.152558,0.220310,0.134251,0.046472,0.070740,0.008778,0.003098,0.000000,0.461942,0.335958,0.139108,0.062992,0.363167,0.067126,0.285714,0.025818,0.151463,0.008606,0.039587,0.058520
N20003648,0.100478,0.767943,0.131579,0.028708,0.162679,0.349282,0.165072,0.043062,0.031348,0.010449,0.006050,0.000000,0.352941,0.352941,0.133690,0.160428,0.539192,0.061758,0.235154,0.014252,0.097387,0.007126,0.023753,0.021378
N20003649,0.180505,0.581227,0.238267,0.045126,0.140794,0.281588,0.079422,0.018051,0.040209,0.013403,0.007760,0.000000,0.217391,0.345652,0.256522,0.180435,0.341155,0.039711,0.315884,0.010830,0.142599,0.019856,0.016245,0.113718
N20003650,0.097222,0.686869,0.215909,0.022821,0.125709,0.255990,0.153846,0.049180,0.079955,0.013007,0.006121,0.003060,0.226069,0.421589,0.226069,0.126273,0.436869,0.045455,0.229798,0.007576,0.162879,0.022727,0.040404,0.054293
N20003651,0.100656,0.592998,0.306346,0.017505,0.102845,0.221007,0.135667,0.010941,0.067360,0.049445,0.004300,0.001433,0.053030,0.250000,0.229798,0.467172,0.480349,0.028384,0.264192,0.004367,0.131004,0.000000,0.026201,0.065502
N20003652,0.141880,0.670085,0.188034,0.027546,0.112065,0.262799,0.134812,0.058020,0.080147,0.013038,0.006136,0.003068,0.314732,0.433036,0.189732,0.062500,0.492308,0.044444,0.244444,0.000000,0.164103,0.003419,0.010256,0.041026
N20003653,0.106280,0.625604,0.268116,0.018902,0.108614,0.288835,0.121359,0.019417,0.048033,0.035258,0.003066,0.001022,0.059937,0.201893,0.205047,0.533123,0.602906,0.033898,0.159806,0.007264,0.108959,0.002421,0.012107,0.072639
N20003654,0.108747,0.650118,0.241135,0.028558,0.138326,0.311321,0.094340,0.028302,0.050992,0.016997,0.009841,0.000000,0.032070,0.241983,0.154519,0.571429,0.502358,0.047170,0.226415,0.004717,0.120283,0.002358,0.023585,0.073113
N20003655,0.091603,0.702290,0.206107,0.032443,0.148855,0.286260,0.110687,0.015267,0.110544,0.017983,0.008463,0.004231,0.242358,0.408297,0.139738,0.209607,0.504798,0.024952,0.155470,0.001919,0.207294,0.005758,0.024952,0.074856
N20003656,0.068337,0.628702,0.302961,0.011390,0.086560,0.341686,0.104784,0.022779,0.040070,0.029413,0.002558,0.000853,0.016260,0.222222,0.222222,0.539295,0.569794,0.025172,0.155606,0.000000,0.173913,0.000000,0.006865,0.068650
N20003657,0.100000,0.640000,0.260000,0.023077,0.167066,0.284900,0.116809,0.019943,0.028190,0.020693,0.001799,0.000600,0.033898,0.332203,0.277966,0.355932,0.528409,0.031250,0.193182,0.002841,0.130682,0.002841,0.017045,0.093750
N20003658,0.077128,0.800532,0.122340,0.023936,0.135638,0.271277,0.164894,0.090426,0.108256,0.017611,0.008288,0.004144,0.230392,0.436275,0.205882,0.127451,0.547170,0.021563,0.175202,0.008086,0.150943,0.010782,0.040431,0.045822
N20003659,0.041176,0.625490,0.333333,0.005882,0.098039,0.280392,0.133333,0.039216,0.046399,0.017273,0.010838,0.000000,0.008969,0.237668,0.224215,0.529148,0.564453,0.017578,0.144531,0.003906,0.191406,0.013672,0.009766,0.054688
N20003660,0.079208,0.608911,0.311881,0.022277,0.111386,0.329208,0.071782,0.024752,0.039459,0.028965,0.002519,0.000840,0.028490,0.213675,0.213675,0.544160,0.584158,0.044554,0.173267,0.009901,0.148515,0.007426,0.004950,0.027228
N20003661,0.101205,0.549398,0.349398,0.016867,0.103614,0.185542,0.142169,0.024096,0.065060,0.012936,0.015980,0.000000,0.127596,0.335312,0.228487,0.308605,0.453012,0.040964,0.192771,0.000000,0.108434,0.031325,0.019277,0.154217
N20003662,0.069444,0.716667,0.213889,0.011273,0.110018,0.385042,0.141274,0.024931,0.034500,0.012843,0.008058,0.000000,0.010453,0.264808,0.181185,0.543554,0.606648,0.011080,0.171745,0.002770,0.132964,0.011080,0.013850,0.049861
N20003663,0.129754,0.626398,0.243848,0.044743,0.109620,0.230425,0.123043,0.035794,0.072553,0.029314,0.021986,0.003664,0.053659,0.292683,0.160976,0.492683,0.536913,0.020134,0.208054,0.004474,0.143177,0.004474,0.011186,0.071588
N20003664,0.050186,0.687732,0.262082,0.020501,0.116304,0.246753,0.148423,0.048237,0.079718,0.029676,0.018620,0.000000,0.089172,0.343949,0.263270,0.303609,0.582560,0.018553,0.185529,0.001855,0.166976,0.003711,0.011132,0.029685
N20003665,0.099138,0.646552,0.254310,0.017241,0.137931,0.245690,0.086207,0.068966,0.067104,0.024980,0.015674,0.000000,0.010929,0.327869,0.169399,0.491803,0.536481,0.034335,0.210300,0.000000,0.145923,0.008584,0.004292,0.060086
N20003666,0.058824,0.740741,0.200436,0.006536,0.089325,0.333333,0.148148,0.056645,0.064458,0.026044,0.019533,0.003255,0.040921,0.153453,0.158568,0.647059,0.557734,0.013072,0.228758,0.006536,0.137255,0.002179,0.015251,0.039216
N20003667,0.085766,0.666058,0.248175,0.020073,0.147810,0.281022,0.091241,0.049270,0.066957,0.013313,0.016446,0.000000,0.133205,0.471042,0.258687,0.137066,0.522852,0.027422,0.223035,0.003656,0.148080,0.003656,0.018282,0.053016
N20003668,0.062112,0.662526,0.275362,0.008504,0.120258,0.255670,0.113402,0.032990,0.087310,0.032502,0.020394,0.000000,0.062356,0.274827,0.193995,0.468822,0.593814,0.022680,0.169072,0.004124,0.136082,0.004124,0.006186,0.063918
N20003669,0.108800,0.676800,0.214400,0.030148,0.126238,0.285714,0.128411,0.038523,0.067786,0.013478,0.016649,0.000000,0.243461,0.442656,0.175050,0.138833,0.476726,0.016051,0.205457,0.019262,0.208668,0.003210,0.028892,0.041734
N20003670,0.094444,0.561111,0.344444,0.016667,0.161111,0.230556,0.077778,0.022222,0.039511,0.015964,0.011973,0.001996,0.138138,0.378378,0.162162,0.321321,0.386740,0.038674,0.212707,0.000000,0.215470,0.013812,0.016575,0.116022
N20003671,0.121372,0.651715,0.226913,0.018470,0.182058,0.248021,0.092348,0.023747,0.060049,0.024262,0.018197,0.003033,0.128065,0.416894,0.163488,0.291553,0.411609,0.034301,0.232190,0.007916,0.189974,0.013193,0.026385,0.084433
N20003672,0.074850,0.661677,0.263473,0.011976,0.131737,0.347305,0.089820,0.023952,0.047674,0.009479,0.011709,0.000000,0.283217,0.409091,0.195804,0.111888,0.535928,0.035928,0.206587,0.014970,0.152695,0.002994,0.008982,0.041916
N20003673,0.067867,0.682825,0.249307,0.013700,0.134214,0.295833,0.073611,0.036111,0.082743,0.040375,0.017944,0.001994,0.217201,0.460641,0.211370,0.110787,0.515950,0.016644,0.201110,0.001387,0.183079,0.008322,0.023578,0.049931
N20003674,0.102273,0.730114,0.167614,0.022501,0.166011,0.296296,0.133903,0.031339,0.059323,0.028947,0.012865,0.001429,0.272727,0.470219,0.163009,0.094044,0.522727,0.022727,0.252841,0.000000,0.133523,0.008523,0.019886,0.039773
N20003675,0.082380,0.677346,0.240275,0.018307,0.157895,0.242563,0.089245,0.025172,0.112480,0.022364,0.027627,0.000000,0.276442,0.524038,0.163462,0.036058,0.418764,0.029748,0.187643,0.000000,0.286041,0.006865,0.027460,0.043478
N20003676,0.118674,0.617801,0.263525,0.019371,0.147418,0.217770,0.099303,0.038328,0.066506,0.032452,0.014423,0.001603,0.215722,0.438757,0.204753,0.140768,0.454545,0.036713,0.218531,0.001748,0.195804,0.003497,0.033217,0.055944
N20003677,0.089041,0.696347,0.214612,0.020548,0.118721,0.344749,0.102740,0.036530,0.054142,0.026419,0.011742,0.001305,0.047368,0.215789,0.263158,0.473684,0.576310,0.036446,0.132118,0.002278,0.177677,0.000000,0.011390,0.063781
N20003678,0.110454,0.611440,0.278107,0.021521,0.129226,0.256917,0.114625,0.029644,0.046866,0.022868,0.010164,0.001129,0.221757,0.504184,0.184100,0.089958,0.411417,0.053150,0.255906,0.009843,0.169291,0.023622,0.025591,0.051181
N20003679,0.085185,0.844444,0.070370,0.014815,0.103704,0.392593,0.225926,0.055556,0.041358,0.014198,0.010494,0.000617,0.170732,0.219512,0.304878,0.304878,0.559259,0.040741,0.255556,0.007407,0.085185,0.007407,0.000000,0.044444
N20003680,0.082816,0.730849,0.186335,0.022650,0.172758,0.230290,0.207469,0.029046,0.077170,0.006588,0.006588,0.000941,0.316000,0.420000,0.132000,0.132000,0.484536,0.068041,0.181443,0.020619,0.119588,0.010309,0.026804,0.088660
N20003681,0.096685,0.798343,0.104972,0.038674,0.196133,0.359116,0.135359,0.044199,0.053711,0.004585,0.004585,0.000655,0.566667,0.287500,0.100000,0.045833,0.440111,0.064067,0.186630,0.011142,0.172702,0.002786,0.038997,0.083565
N20003682,0.069705,0.777480,0.152815,0.008208,0.119726,0.331551,0.213904,0.032086,0.067810,0.005789,0.005789,0.000827,0.131004,0.327511,0.135371,0.406114,0.512064,0.032172,0.195710,0.010724,0.184987,0.013405,0.021448,0.029491
N20003683,0.081699,0.767974,0.150327,0.035948,0.166667,0.251634,0.153595,0.062092,0.096869,0.017654,0.018559,0.000905,0.239362,0.356383,0.292553,0.111702,0.488599,0.035831,0.241042,0.009772,0.133550,0.006515,0.026059,0.058632
N20003684,0.081553,0.784466,0.133981,0.027290,0.142993,0.294574,0.193798,0.067829,0.061649,0.011235,0.011811,0.000576,0.364964,0.401460,0.124088,0.109489,0.490234,0.035156,0.224609,0.013672,0.158203,0.015625,0.044922,0.017578
N20003685,0.092243,0.786164,0.121593,0.016771,0.174004,0.339623,0.161426,0.037736,0.045520,0.015626,0.011550,0.000679,0.274691,0.361111,0.243827,0.120370,0.461216,0.035639,0.220126,0.014675,0.148847,0.016771,0.060797,0.041929
N20003686,0.125731,0.710526,0.163743,0.018173,0.146573,0.293605,0.142442,0.037791,0.065152,0.011873,0.012482,0.000609,0.188000,0.496000,0.256000,0.060000,0.482456,0.061404,0.228070,0.008772,0.154971,0.008772,0.011696,0.043860
N20003687,0.085427,0.733668,0.180905,0.025126,0.135678,0.314070,0.138191,0.022613,0.089009,0.016221,0.017053,0.000832,0.255474,0.361314,0.237226,0.145985,0.489950,0.052764,0.190955,0.010050,0.155779,0.012563,0.030151,0.057789
N20003688,0.060942,0.806094,0.132964,0.013981,0.129299,0.328729,0.174033,0.077348,0.086326,0.005919,0.004440,0.000000,0.440171,0.418803,0.085470,0.055556,0.539726,0.038356,0.200000,0.013699,0.126027,0.002740,0.030137,0.049315
N20003689,0.082011,0.650794,0.267196,0.015873,0.158730,0.214286,0.129630,0.055556,0.066942,0.012200,0.012825,0.000626,0.222591,0.441860,0.172757,0.162791,0.465608,0.039683,0.246032,0.002646,0.182540,0.002646,0.015873,0.044974
N20003690,0.074627,0.779104,0.146269,0.008955,0.143284,0.301493,0.202985,0.035821,0.069060,0.012586,0.013231,0.000645,0.308036,0.366071,0.169643,0.156250,0.561562,0.021021,0.216216,0.003003,0.126126,0.006006,0.027027,0.039039
N20003691,0.092807,0.737819,0.169374,0.016595,0.109644,0.288684,0.157044,0.034642,0.106860,0.019474,0.020473,0.000999,0.218638,0.415771,0.272401,0.093190,0.508121,0.027842,0.287703,0.000000,0.143852,0.000000,0.013921,0.018561
N20003692,0.047619,0.761905,0.190476,0.015873,0.137566,0.285714,0.142857,0.058201,0.108821,0.010266,0.017452,0.001027,0.263889,0.402778,0.222222,0.111111,0.631579,0.021053,0.121053,0.010526,0.152632,0.000000,0.026316,0.036842
N20003693,0.063181,0.819172,0.117647,0.013289,0.172751,0.281996,0.173536,0.071584,0.106523,0.007304,0.005478,0.000000,0.438298,0.429787,0.059574,0.072340,0.504367,0.028384,0.183406,0.021834,0.117904,0.002183,0.074236,0.067686
N20003694,0.100218,0.705882,0.193900,0.023965,0.139434,0.291939,0.148148,0.039216,0.068936,0.006503,0.011056,0.000650,0.210682,0.397626,0.252226,0.139466,0.531590,0.058824,0.213508,0.006536,0.119826,0.004357,0.019608,0.045752
N20003695,0.113208,0.722642,0.164151,0.024528,0.128302,0.283019,0.118868,0.064151,0.101493,0.009575,0.016277,0.000957,0.281250,0.403409,0.215909,0.099432,0.462264,0.056604,0.247170,0.001887,0.171698,0.000000,0.020755,0.039623
N20003696,0.100176,0.762742,0.137083,0.019474,0.145198,0.273684,0.150877,0.047368,0.106136,0.012296,0.026534,0.000647,0.304636,0.423841,0.155629,0.115894,0.528269,0.026502,0.204947,0.010601,0.148410,0.007067,0.030035,0.044170
N20003697,0.083929,0.742857,0.173214,0.024789,0.122785,0.317204,0.163082,0.078853,0.044413,0.005145,0.011103,0.000271,0.464380,0.374670,0.084433,0.076517,0.500894,0.048301,0.157424,0.016100,0.186047,0.003578,0.053667,0.033989
N20003698,0.083882,0.722039,0.194079,0.013158,0.125000,0.276316,0.175987,0.050987,0.063549,0.015101,0.014471,0.000629,0.173246,0.438596,0.162281,0.225877,0.552805,0.019802,0.222772,0.006601,0.138614,0.001650,0.023102,0.034653
N20003699,0.103226,0.681720,0.215054,0.025472,0.128805,0.250540,0.151188,0.030238,0.081986,0.019482,0.018670,0.000812,0.174387,0.365123,0.261580,0.198910,0.551724,0.036638,0.200431,0.004310,0.131466,0.002155,0.015086,0.058190
N20003700,0.078905,0.734300,0.186795,0.027375,0.130435,0.328502,0.135266,0.045089,0.084829,0.005817,0.004363,0.000000,0.298419,0.418972,0.177866,0.104743,0.481481,0.037037,0.223833,0.012882,0.167472,0.003221,0.016103,0.057971
N20003701,0.130037,0.719780,0.150183,0.018315,0.117216,0.346154,0.139194,0.031136,0.062743,0.007269,0.015686,0.000383,0.333333,0.408983,0.193853,0.063830,0.518315,0.023810,0.161172,0.007326,0.221612,0.009158,0.038462,0.020147
N20003702,0.105263,0.736842,0.157895,0.020624,0.169444,0.260188,0.184953,0.047022,0.054838,0.006353,0.013710,0.000334,0.365979,0.407216,0.164948,0.061856,0.527778,0.055556,0.200617,0.000000,0.141975,0.003086,0.024691,0.046296
N20003703,0.110256,0.592308,0.297436,0.026073,0.156083,0.191327,0.117347,0.028061,0.067439,0.016025,0.015357,0.000668,0.125000,0.366477,0.196023,0.312500,0.488608,0.037975,0.232911,0.007595,0.154430,0.012658,0.030380,0.035443
N20003704,0.051923,0.821154,0.126923,0.019168,0.169901,0.319846,0.196532,0.044316,0.080856,0.005544,0.004158,0.000000,0.465257,0.338369,0.126888,0.069486,0.488417,0.038610,0.206564,0.025097,0.144788,0.009653,0.042471,0.044402
N20003705,0.106522,0.717391,0.176087,0.026087,0.152174,0.286957,0.156522,0.047826,0.050102,0.011905,0.011409,0.000496,0.234421,0.451039,0.175074,0.139466,0.506522,0.039130,0.206522,0.006522,0.158696,0.013043,0.019565,0.050000
N20003706,0.078049,0.756098,0.165854,0.021951,0.139024,0.302439,0.178049,0.046341,0.065778,0.007621,0.016444,0.000401,0.386029,0.386029,0.165441,0.062500,0.502439,0.039024,0.187805,0.019512,0.163415,0.014634,0.029268,0.043902
N20003707,0.088000,0.754667,0.157333,0.013333,0.149333,0.341333,0.141333,0.042667,0.048000,0.022054,0.009514,0.000432,0.174074,0.362963,0.162963,0.300000,0.497326,0.032086,0.200535,0.002674,0.179144,0.008021,0.034759,0.045455
N20003708,0.120896,0.682090,0.197015,0.023881,0.132836,0.297015,0.113433,0.064179,0.050586,0.012020,0.011520,0.000501,0.223958,0.470486,0.180556,0.125000,0.503737,0.038864,0.257100,0.011958,0.110613,0.002990,0.017937,0.056801
N20003709,0.112397,0.666116,0.221488,0.021488,0.123967,0.271074,0.125620,0.042975,0.069466,0.016507,0.015819,0.000688,0.150000,0.455769,0.194231,0.200000,0.512397,0.033058,0.204959,0.008264,0.142149,0.009917,0.031405,0.057851
N20003710,0.154185,0.674009,0.171806,0.026432,0.167401,0.242291,0.096916,0.052863,0.080078,0.017722,0.014768,0.001969,0.191358,0.345679,0.308642,0.154321,0.464602,0.061947,0.252212,0.004425,0.141593,0.004425,0.030973,0.039823
N20003711,0.093333,0.720000,0.186667,0.022537,0.127080,0.247788,0.230088,0.053097,0.037168,0.017077,0.007367,0.000335,0.075630,0.403361,0.252101,0.268908,0.656250,0.008929,0.160714,0.008929,0.089286,0.004464,0.000000,0.071429
N20003712,0.091195,0.729560,0.179245,0.018410,0.159939,0.292722,0.139241,0.049051,0.061949,0.013710,0.011425,0.001523,0.195455,0.454545,0.175000,0.175000,0.477165,0.056693,0.209449,0.023622,0.154331,0.012598,0.023622,0.042520
N20003713,0.065455,0.734545,0.200000,0.010509,0.148465,0.238095,0.190476,0.054945,0.061538,0.028274,0.012197,0.000554,0.180952,0.457143,0.090476,0.271429,0.534545,0.043636,0.203636,0.010909,0.141818,0.003636,0.010909,0.050909
N20003714,0.056296,0.745185,0.198519,0.017721,0.107203,0.324926,0.146884,0.047478,0.082984,0.018365,0.015304,0.002041,0.362776,0.413249,0.168770,0.055205,0.542899,0.016272,0.196746,0.004438,0.168639,0.007396,0.025148,0.038462
N20003715,0.070632,0.758364,0.171004,0.014870,0.171004,0.327138,0.118959,0.037175,0.062454,0.028695,0.012378,0.000563,0.201389,0.305556,0.159722,0.333333,0.464684,0.070632,0.189591,0.007435,0.144981,0.007435,0.048327,0.066914
N20003716,0.095890,0.645548,0.258562,0.018703,0.124107,0.238422,0.121784,0.058319,0.071953,0.015924,0.013270,0.001769,0.242604,0.410256,0.193294,0.153846,0.505137,0.035959,0.167808,0.003425,0.184932,0.005137,0.027397,0.070205
N20003717,0.126609,0.660944,0.212446,0.012631,0.116858,0.268817,0.129032,0.034409,0.078183,0.017303,0.014419,0.001923,0.645833,0.261574,0.069444,0.023148,0.450644,0.045064,0.195279,0.006438,0.203863,0.015021,0.036481,0.047210
N20003718,0.094470,0.755760,0.149770,0.018782,0.180072,0.305046,0.151376,0.043578,0.045413,0.020865,0.009001,0.000409,0.255034,0.275168,0.244966,0.224832,0.488532,0.036697,0.224771,0.006881,0.149083,0.004587,0.011468,0.077982
N20003719,0.125170,0.726531,0.148299,0.029802,0.132525,0.268392,0.133515,0.089918,0.071438,0.015810,0.013175,0.001757,0.461417,0.337008,0.138583,0.062992,0.474185,0.047554,0.202446,0.006793,0.169837,0.010870,0.048913,0.039402
N20003720,0.042827,0.706638,0.250535,0.004283,0.083512,0.325482,0.182013,0.040685,0.044968,0.020661,0.008913,0.000405,0.040000,0.132500,0.270000,0.557500,0.663812,0.032120,0.139186,0.002141,0.122056,0.000000,0.002141,0.038544
N20003721,0.076555,0.734450,0.188995,0.011651,0.140700,0.403846,0.105769,0.038462,0.028334,0.009727,0.007189,0.000423,0.227848,0.395570,0.227848,0.148734,0.517986,0.035971,0.160671,0.033573,0.151079,0.021583,0.059952,0.019185
N20003722,0.085057,0.783908,0.131034,0.029885,0.188506,0.321839,0.137931,0.045977,0.059316,0.017045,0.009886,0.003409,0.167832,0.503497,0.139860,0.188811,0.474771,0.061927,0.213303,0.013761,0.149083,0.011468,0.018349,0.057339
N20003723,0.028090,0.724719,0.247191,0.013966,0.100425,0.336158,0.192090,0.048023,0.028814,0.013239,0.005711,0.000260,0.075085,0.197952,0.276451,0.450512,0.607345,0.016949,0.166667,0.000000,0.169492,0.000000,0.019774,0.019774
N20003724,0.063492,0.844444,0.092063,0.009352,0.127884,0.273885,0.299363,0.057325,0.056889,0.016347,0.009481,0.003269,0.114754,0.480874,0.284153,0.120219,0.534810,0.025316,0.205696,0.003165,0.180380,0.006329,0.006329,0.037975
N20003725,0.055838,0.727580,0.216582,0.017052,0.125557,0.333895,0.146712,0.018550,0.068056,0.019556,0.011343,0.003911,0.224670,0.350220,0.229075,0.196035,0.483051,0.033898,0.230508,0.001695,0.152542,0.022034,0.016949,0.059322
N20003726,0.043614,0.766355,0.190031,0.006231,0.149533,0.302181,0.186916,0.015576,0.069574,0.023884,0.017653,0.001038,0.298643,0.312217,0.239819,0.149321,0.520000,0.040000,0.200000,0.009231,0.141538,0.006154,0.030769,0.052308
N20003727,0.038012,0.815789,0.146199,0.002821,0.147168,0.381232,0.175953,0.017595,0.062085,0.017841,0.010348,0.003568,0.122881,0.398305,0.305085,0.173729,0.604720,0.032448,0.171091,0.011799,0.109145,0.000000,0.032448,0.038348
N20003728,0.052950,0.765507,0.181543,0.015186,0.137108,0.350453,0.161631,0.051360,0.042974,0.012349,0.007162,0.002470,0.268839,0.452138,0.175153,0.103870,0.531818,0.016667,0.210606,0.009091,0.154545,0.007576,0.031818,0.037879
N20003729,0.075929,0.699515,0.224556,0.027542,0.123709,0.291935,0.138710,0.046774,0.065093,0.018705,0.010849,0.003741,0.271403,0.442623,0.238616,0.047359,0.505654,0.032310,0.232633,0.001616,0.143780,0.011309,0.024233,0.048465
N20003730,0.039261,0.764434,0.196305,0.013857,0.131640,0.307159,0.150115,0.057737,0.094626,0.010381,0.007985,0.004791,0.282828,0.343434,0.286195,0.087542,0.520833,0.030093,0.236111,0.002315,0.138889,0.004630,0.030093,0.037037
N20003731,0.053985,0.796915,0.149100,0.005267,0.107172,0.435897,0.087179,0.038462,0.102999,0.011299,0.008692,0.005215,0.396624,0.320675,0.253165,0.029536,0.541237,0.036082,0.193299,0.007732,0.154639,0.007732,0.020619,0.038660
N20003732,0.053170,0.734151,0.212679,0.022495,0.108384,0.269939,0.190184,0.051125,0.065973,0.028319,0.017427,0.002801,0.124242,0.387879,0.151515,0.336364,0.599182,0.024540,0.204499,0.000000,0.108384,0.014315,0.006135,0.042945
N20003733,0.038618,0.786585,0.174797,0.014128,0.106994,0.281633,0.181633,0.024490,0.110515,0.047438,0.029193,0.004692,0.072776,0.458221,0.250674,0.218329,0.603659,0.010163,0.193089,0.002033,0.121951,0.004065,0.030488,0.034553
N20003734,0.023088,0.759019,0.217893,0.002915,0.122131,0.312680,0.152738,0.033141,0.079689,0.034206,0.021050,0.003383,0.120718,0.424144,0.265905,0.189233,0.549640,0.012950,0.152518,0.000000,0.234532,0.005755,0.011511,0.033094
N20003735,0.034862,0.805505,0.159633,0.005451,0.092269,0.389706,0.176471,0.038603,0.062480,0.026819,0.016504,0.002652,0.057143,0.264286,0.209524,0.469048,0.659926,0.033088,0.123162,0.000000,0.152574,0.001838,0.005515,0.023897
N20003736,0.067073,0.768293,0.164634,0.027559,0.145192,0.270517,0.139818,0.021277,0.110315,0.047352,0.029140,0.004683,0.225806,0.338710,0.250000,0.185484,0.486322,0.039514,0.227964,0.000000,0.185410,0.000000,0.009119,0.051672
N20003737,0.044386,0.809399,0.146214,0.028638,0.129609,0.406824,0.102362,0.020997,0.120192,0.013186,0.010143,0.006086,0.289562,0.326599,0.205387,0.178451,0.555844,0.025974,0.129870,0.005195,0.228571,0.005195,0.025974,0.023377
N20003738,0.060222,0.798732,0.141046,0.015707,0.140545,0.244833,0.149444,0.096979,0.101749,0.039746,0.023052,0.002385,0.100656,0.444201,0.266958,0.188184,0.564184,0.012678,0.232964,0.001585,0.137876,0.006339,0.020602,0.023772
N20003739,0.092784,0.706186,0.201031,0.024485,0.148196,0.265464,0.106959,0.050258,0.082474,0.032216,0.018686,0.001933,0.260870,0.418680,0.209340,0.111111,0.490347,0.024453,0.181467,0.000000,0.208494,0.002574,0.038610,0.054054
N20003740,0.053279,0.795082,0.151639,0.016165,0.114670,0.381443,0.127835,0.006186,0.132518,0.014538,0.011183,0.006710,0.326409,0.332344,0.243323,0.097923,0.454733,0.039095,0.248971,0.008230,0.174897,0.006173,0.026749,0.041152
N20003741,0.027586,0.786207,0.186207,0.004598,0.066667,0.404598,0.156322,0.039080,0.090722,0.012096,0.014587,0.002135,0.121813,0.345609,0.254958,0.277620,0.565517,0.016092,0.225287,0.006897,0.140230,0.000000,0.013793,0.032184
N20003742,0.032345,0.770889,0.196765,0.008281,0.113135,0.318182,0.243316,0.010695,0.064935,0.008658,0.010441,0.001528,0.141026,0.400641,0.160256,0.298077,0.485255,0.024129,0.225201,0.000000,0.227882,0.000000,0.013405,0.024129
N20003743,0.056577,0.816124,0.127298,0.022727,0.139115,0.401975,0.167842,0.026798,0.064588,0.007086,0.005451,0.003270,0.278557,0.294589,0.320641,0.106212,0.499295,0.025388,0.221439,0.005642,0.176305,0.004231,0.033850,0.033850
N20003744,0.097500,0.767500,0.135000,0.020000,0.142500,0.370000,0.142500,0.037500,0.056920,0.007589,0.009152,0.001339,0.213740,0.301527,0.248092,0.236641,0.445000,0.052500,0.262500,0.025000,0.137500,0.005000,0.025000,0.047500
N20003745,0.025057,0.831435,0.143508,0.011358,0.123673,0.397260,0.148402,0.043379,0.090101,0.012013,0.014487,0.002120,0.179941,0.336283,0.241888,0.241888,0.598624,0.018349,0.215596,0.002294,0.130734,0.002294,0.004587,0.027523
N20003746,0.067941,0.787686,0.144374,0.014862,0.125265,0.382166,0.135881,0.025478,0.090234,0.012031,0.014508,0.002123,0.236994,0.375723,0.248555,0.138728,0.494692,0.048832,0.191083,0.023355,0.154989,0.006369,0.033970,0.046709
N20003747,0.059671,0.810700,0.129630,0.008441,0.120126,0.348361,0.141393,0.032787,0.127525,0.017003,0.020504,0.003001,0.300518,0.352332,0.266839,0.080311,0.522634,0.030864,0.207819,0.014403,0.146091,0.012346,0.022634,0.043210
N20003748,0.041558,0.890909,0.067532,0.010145,0.100333,0.429319,0.191099,0.010471,0.120453,0.025467,0.013078,0.000688,0.230453,0.419753,0.238683,0.111111,0.501299,0.007792,0.181818,0.002597,0.241558,0.005195,0.023377,0.036364
N20003749,0.036111,0.769444,0.194444,0.019398,0.103706,0.328691,0.186630,0.025070,0.094551,0.019991,0.010266,0.000540,0.120805,0.359060,0.238255,0.281879,0.554318,0.019499,0.194986,0.016713,0.114206,0.008357,0.027855,0.064067
N20003750,0.029279,0.837838,0.132883,0.009055,0.118737,0.348315,0.238202,0.049438,0.062718,0.013260,0.006809,0.000358,0.046512,0.229236,0.358804,0.365449,0.659910,0.027027,0.175676,0.000000,0.094595,0.002252,0.002252,0.038288
N20003751,0.020672,0.782946,0.196382,0.015464,0.111071,0.341146,0.184896,0.044271,0.076610,0.016197,0.008318,0.000438,0.120141,0.194346,0.300353,0.385159,0.565445,0.010471,0.206806,0.000000,0.175393,0.002618,0.000000,0.039267
N20003752,0.058355,0.819629,0.122016,0.007958,0.137931,0.379310,0.193634,0.023873,0.064418,0.008589,0.010357,0.001516,0.104839,0.326613,0.383065,0.185484,0.546419,0.018568,0.201592,0.018568,0.148541,0.005305,0.021220,0.039788
N20003753,0.043678,0.740230,0.216092,0.006812,0.113502,0.290323,0.182028,0.039171,0.086902,0.018374,0.009435,0.000497,0.139175,0.309278,0.255155,0.296392,0.565517,0.018391,0.186207,0.006897,0.165517,0.011494,0.004598,0.041379
N20003754,0.042945,0.817996,0.139059,0.014373,0.107792,0.348980,0.255102,0.014286,0.075984,0.009840,0.005466,0.000547,0.131367,0.273458,0.193029,0.402145,0.524590,0.012295,0.266393,0.000000,0.149590,0.002049,0.008197,0.036885
N20003755,0.100000,0.766667,0.133333,0.022432,0.116771,0.366876,0.060797,0.046122,0.145702,0.018868,0.010482,0.001048,0.287791,0.334302,0.226744,0.151163,0.494824,0.045549,0.213251,0.008282,0.118012,0.016563,0.033126,0.070393
N20003756,0.476980,0.362799,0.160221,0.039480,0.055814,0.180147,0.056985,0.027574,0.034981,0.004530,0.002517,0.000252,0.110276,0.210526,0.300752,0.378446,0.378676,0.117647,0.316176,0.014706,0.086397,0.023897,0.023897,0.038603
N20003757,0.060332,0.702866,0.236802,0.014946,0.118902,0.281392,0.113464,0.051437,0.097296,0.026475,0.009266,0.004633,0.123711,0.325773,0.265979,0.284536,0.594554,0.021180,0.175492,0.001513,0.131619,0.004539,0.015129,0.055976
N20003758,0.050465,0.742364,0.207171,0.011798,0.125031,0.268000,0.154667,0.038667,0.110250,0.030000,0.010500,0.005250,0.089431,0.349593,0.229268,0.331707,0.521333,0.018667,0.197333,0.001333,0.190667,0.001333,0.016000,0.053333
N20003759,0.614634,0.290244,0.095122,0.046341,0.051220,0.129268,0.065854,0.004878,0.032288,0.004181,0.002323,0.000232,0.045614,0.171930,0.389474,0.392982,0.344743,0.171149,0.327628,0.012225,0.051345,0.014670,0.004890,0.073350
N20003760,0.638009,0.269231,0.092760,0.021229,0.044741,0.070295,0.111111,0.024943,0.013946,0.001992,0.000315,0.001887,0.179625,0.442359,0.203753,0.174263,0.273138,0.286682,0.297968,0.002257,0.065463,0.018059,0.040632,0.015801
N20003761,0.248038,0.618524,0.133438,0.014129,0.097331,0.254317,0.086342,0.078493,0.078448,0.011207,0.001769,0.010617,0.204969,0.362319,0.312629,0.120083,0.467818,0.117739,0.229199,0.004710,0.080063,0.014129,0.025118,0.061224
N20003762,0.040323,0.733871,0.225806,0.008065,0.150538,0.190860,0.163978,0.032258,0.097238,0.026840,0.012320,0.059839,0.135417,0.420139,0.225694,0.218750,0.561828,0.008065,0.139785,0.002688,0.217742,0.002688,0.010753,0.056452
N20003763,0.514000,0.372000,0.114000,0.026974,0.062619,0.151697,0.059880,0.013972,0.064449,0.009207,0.001454,0.008722,0.150754,0.371859,0.324121,0.153266,0.356000,0.250000,0.264000,0.008000,0.066000,0.018000,0.026000,0.012000
N20003764,0.013550,0.894309,0.092141,0.013550,0.122570,0.336957,0.182065,0.027174,0.111760,0.030848,0.014160,0.068776,0.050584,0.350195,0.377432,0.221790,0.717391,0.008152,0.078804,0.000000,0.154891,0.002717,0.002717,0.035326
N20003765,0.027855,0.779944,0.192201,0.016713,0.094708,0.339833,0.119777,0.016713,0.103520,0.028573,0.013116,0.063705,0.017986,0.161871,0.352518,0.467626,0.643454,0.011142,0.181058,0.000000,0.116992,0.002786,0.000000,0.044568
N20003766,0.058659,0.796089,0.145251,0.013966,0.108939,0.332402,0.143855,0.048883,0.080279,0.022158,0.010171,0.049403,0.133540,0.291925,0.315217,0.259317,0.583799,0.040503,0.164804,0.004190,0.162011,0.000000,0.009777,0.034916
N20003767,0.168022,0.669377,0.162602,0.013130,0.079703,0.271739,0.125000,0.035326,0.121167,0.017310,0.002733,0.016399,0.167260,0.316726,0.370107,0.145907,0.527174,0.100543,0.157609,0.002717,0.133152,0.008152,0.019022,0.051630
N20003768,0.058065,0.830108,0.111828,0.008708,0.115515,0.321888,0.148069,0.032189,0.105271,0.029057,0.013337,0.064782,0.107843,0.323529,0.287582,0.281046,0.568670,0.025751,0.169528,0.002146,0.186695,0.004292,0.004292,0.038627
N20003769,0.358491,0.517820,0.123690,0.013953,0.078744,0.233193,0.092437,0.025210,0.052941,0.014439,0.004011,0.016845,0.234568,0.308642,0.303704,0.153086,0.408421,0.193684,0.252632,0.002105,0.094737,0.012632,0.008421,0.027368
N20003770,0.225464,0.652520,0.122016,0.037135,0.127321,0.283820,0.090186,0.087533,0.038196,0.010417,0.002894,0.012153,0.187266,0.367041,0.269663,0.176030,0.480106,0.092838,0.214854,0.002653,0.106101,0.000000,0.021220,0.082228
N20003771,0.505479,0.380822,0.113699,0.023337,0.103349,0.130495,0.082418,0.017857,0.041119,0.002031,0.003046,0.000508,0.248714,0.344768,0.325901,0.080617,0.300412,0.209877,0.320988,0.013717,0.068587,0.027435,0.023320,0.035665
N20003772,0.352362,0.557087,0.090551,0.013780,0.090551,0.251969,0.084646,0.043307,0.051969,0.014173,0.003937,0.016535,0.220513,0.289744,0.233333,0.256410,0.388235,0.192157,0.241176,0.001961,0.125490,0.013725,0.009804,0.027451
N20003773,0.663014,0.257534,0.079452,0.019272,0.060835,0.105915,0.049519,0.011004,0.026643,0.001316,0.001974,0.000329,0.274306,0.265625,0.340278,0.119792,0.247945,0.320548,0.265753,0.020548,0.045205,0.020548,0.046575,0.032877
N20003774,0.582938,0.324645,0.092417,0.038995,0.072863,0.142518,0.052257,0.007126,0.043917,0.002169,0.003253,0.000542,0.229814,0.301242,0.357143,0.111801,0.239905,0.349169,0.268409,0.016627,0.064133,0.023753,0.014252,0.023753
N20003775,0.837793,0.102007,0.060201,0.043478,0.013378,0.041806,0.030100,0.001672,0.012837,0.002213,0.000000,0.000000,0.089936,0.237687,0.319058,0.353319,0.192308,0.312709,0.399666,0.005017,0.023411,0.018395,0.026756,0.021739
N20003776,0.888641,0.086860,0.024499,0.018686,0.017353,0.033632,0.026906,0.006726,0.001912,0.000330,0.000000,0.000000,0.148936,0.361702,0.313830,0.175532,0.140000,0.471111,0.284444,0.002222,0.033333,0.033333,0.000000,0.035556
N20003777,0.883929,0.062500,0.053571,0.031250,0.015625,0.020089,0.008929,0.000000,0.015231,0.002626,0.000000,0.000000,0.134831,0.219101,0.230337,0.415730,0.153675,0.427617,0.314031,0.024499,0.026726,0.015590,0.017817,0.020045
N20003778,0.849188,0.113689,0.037123,0.032909,0.029968,0.020930,0.032558,0.006977,0.019836,0.003420,0.000000,0.000000,0.141026,0.282051,0.323718,0.253205,0.158140,0.330233,0.395349,0.009302,0.009302,0.027907,0.027907,0.041860
N20003779,0.787472,0.158837,0.053691,0.052641,0.059960,0.033708,0.040449,0.011236,0.011500,0.001983,0.000000,0.000000,0.180556,0.173611,0.288194,0.357639,0.208520,0.352018,0.298206,0.024664,0.022422,0.022422,0.024664,0.047085
N20003780,0.618304,0.321429,0.060268,0.035344,0.079276,0.114350,0.082960,0.011211,0.029611,0.001462,0.002193,0.000366,0.150171,0.276451,0.433447,0.139932,0.275785,0.298206,0.264574,0.022422,0.065022,0.013453,0.022422,0.038117
