code,Sinn Féin,DUP,Alliance,UUP,SDLP,TUV,Green,PBP,Aontú
N20000001,0.030029,0.482838,0.088745,0.204997,0.008257,0.172009,0.008616,0.002324,0.002184
N20000002,0.013885,0.498633,0.088303,0.224611,0.004526,0.159272,0.008407,0.001229,0.001134
N20000003,0.035147,0.520997,0.033744,0.195884,0.009035,0.196263,0.003695,0.002794,0.002440
N20000004,0.226082,0.184286,0.269416,0.097000,0.092060,0.053794,0.035211,0.022423,0.019727
N20000005,0.019570,0.473082,0.076504,0.258469,0.005542,0.156501,0.007319,0.001548,0.001464
N20000006,0.195300,0.302894,0.135478,0.150355,0.065857,0.100627,0.016432,0.017607,0.015450
N20000007,0.723948,0.034623,0.016543,0.025489,0.108491,0.011572,0.002135,0.042763,0.034437
N20000008,0.364097,0.177986,0.131670,0.113830,0.089998,0.058341,0.015050,0.025649,0.023378
N20000009,0.050336,0.469489,0.060583,0.222019,0.014173,0.169068,0.006512,0.004122,0.003698
N20000010,0.018334,0.435303,0.185023,0.212631,0.007475,0.117807,0.019906,0.001826,0.001694
N20000011,0.078934,0.558432,0.038449,0.174075,0.013937,0.121318,0.005152,0.005411,0.004293
N20000012,0.056749,0.480519,0.105327,0.200036,0.014302,0.123078,0.012026,0.004187,0.003777
N20000013,0.106846,0.398440,0.089906,0.225941,0.023691,0.131195,0.009898,0.007387,0.006696
N20000014,0.145569,0.314251,0.225321,0.138420,0.048269,0.074970,0.028725,0.013150,0.011324
N20000015,0.749639,0.018035,0.013286,0.011615,0.114936,0.004588,0.002000,0.049840,0.036061
N20000016,0.314096,0.147538,0.182851,0.077586,0.145718,0.030445,0.036770,0.036278,0.028717
N20000017,0.692625,0.036480,0.027200,0.022064,0.124337,0.008790,0.004595,0.047698,0.036211
N20000018,0.580795,0.029851,0.059449,0.021198,0.191300,0.007007,0.010255,0.056472,0.043674
N20000019,0.242832,0.393429,0.081588,0.107878,0.046994,0.083007,0.013589,0.017430,0.013255
N20000020,0.384696,0.206069,0.109613,0.094641,0.088308,0.048587,0.014905,0.029468,0.023713
N20000021,0.522083,0.045373,0.110473,0.033500,0.171625,0.010832,0.017450,0.049290,0.039372
N20000022,0.716414,0.015230,0.005911,0.010223,0.149851,0.004852,0.001150,0.055500,0.040870
N20000023,0.392791,0.122852,0.156602,0.075124,0.134184,0.027787,0.024447,0.036003,0.030211
N20000024,0.711691,0.043451,0.011895,0.026565,0.111758,0.015717,0.001668,0.042798,0.034458
N20000025,0.239256,0.225091,0.186772,0.136622,0.088539,0.054735,0.025250,0.023792,0.019942
N20000026,0.017355,0.462913,0.114259,0.251294,0.006128,0.133681,0.011329,0.001565,0.001476
N20000027,0.192073,0.170849,0.339771,0.090297,0.080548,0.038780,0.051198,0.019744,0.016739
N20000028,0.492038,0.137681,0.043217,0.091175,0.114186,0.047225,0.006172,0.037491,0.030814
N20000029,0.412015,0.134302,0.114972,0.087727,0.131387,0.031812,0.018321,0.038381,0.031082
N20000030,0.032037,0.372803,0.235481,0.214211,0.016536,0.094373,0.027453,0.003726,0.003378
N20000031,0.013617,0.381851,0.288497,0.187133,0.006559,0.085593,0.033875,0.001492,0.001383
N20000032,0.605783,0.030232,0.048241,0.024326,0.181289,0.007853,0.008743,0.051455,0.042078
N20000033,0.719787,0.025229,0.010054,0.019702,0.130088,0.008353,0.001551,0.047433,0.037803
N20000034,0.656390,0.032685,0.032454,0.025169,0.148473,0.009321,0.005298,0.050498,0.039714
N20000035,0.243684,0.249795,0.188022,0.114683,0.081756,0.047132,0.033259,0.023218,0.018451
N20000036,0.302653,0.264754,0.132478,0.097056,0.086832,0.040433,0.027793,0.027386,0.020615
N20000037,0.291285,0.326566,0.117530,0.091971,0.059113,0.051165,0.023637,0.022406,0.016328
N20000038,0.101922,0.199806,0.429008,0.084254,0.053476,0.033108,0.075943,0.012318,0.010164
N20000039,0.133191,0.191994,0.375129,0.101226,0.075905,0.035510,0.056052,0.016792,0.014202
N20000040,0.400899,0.237841,0.082231,0.070556,0.095453,0.033223,0.021654,0.034241,0.023901
N20000041,0.154538,0.327357,0.184618,0.156563,0.057598,0.060955,0.029573,0.015894,0.012904
N20000042,0.101702,0.290861,0.334331,0.095516,0.045830,0.051502,0.059451,0.011612,0.009195
N20000043,0.141738,0.350725,0.203217,0.127705,0.053366,0.057934,0.038799,0.014838,0.011679
N20000044,0.160030,0.303287,0.192985,0.151730,0.070323,0.053990,0.034127,0.018656,0.014873
N20000045,0.250393,0.126887,0.295115,0.080656,0.124899,0.022964,0.046312,0.028542,0.024230
N20000046,0.070802,0.534801,0.073232,0.186140,0.018062,0.095548,0.010599,0.006022,0.004793
N20000047,0.093568,0.358103,0.219918,0.181970,0.029330,0.072565,0.029266,0.008186,0.007093
N20000048,0.263285,0.199429,0.199100,0.105624,0.110320,0.038439,0.031158,0.029168,0.023477
N20000049,0.367240,0.148705,0.176339,0.072201,0.116927,0.027414,0.028405,0.035497,0.027272
N20000050,0.065780,0.478198,0.154034,0.169515,0.021468,0.075660,0.023629,0.006541,0.005174
N20000051,0.524611,0.085717,0.101309,0.037242,0.137964,0.015224,0.019448,0.044715,0.033769
N20000052,0.130346,0.452985,0.106581,0.165878,0.032263,0.077255,0.014780,0.011163,0.008748
N20000053,0.254219,0.197539,0.262555,0.091387,0.079452,0.030579,0.042107,0.023565,0.018597
N20000054,0.080316,0.492201,0.105174,0.193098,0.021610,0.079064,0.016003,0.006929,0.005607
N20000055,0.082662,0.493143,0.121509,0.173626,0.022227,0.075652,0.017959,0.007406,0.005815
N20000056,0.157965,0.388557,0.181644,0.120999,0.037931,0.062282,0.027708,0.012838,0.010077
N20000057,0.236859,0.219133,0.212162,0.119196,0.090935,0.043034,0.035649,0.023505,0.019526
N20000058,0.088750,0.502967,0.121201,0.153017,0.021428,0.083821,0.015939,0.007077,0.005799
N20000059,0.307453,0.114985,0.279015,0.044967,0.123469,0.015582,0.054133,0.034395,0.026001
N20000060,0.167241,0.297342,0.193818,0.170576,0.051502,0.067389,0.025202,0.014514,0.012416
N20000061,0.091551,0.468872,0.140592,0.154485,0.028163,0.079873,0.021068,0.008524,0.006872
N20000062,0.074177,0.554917,0.082035,0.153572,0.018506,0.093791,0.011568,0.006430,0.005004
N20000063,0.197121,0.279513,0.230666,0.103058,0.066565,0.042446,0.047310,0.018538,0.014784
N20000064,0.132772,0.328060,0.193643,0.176265,0.049858,0.066454,0.028019,0.013681,0.011248
N20000065,0.184893,0.240966,0.238789,0.143972,0.071516,0.053037,0.033073,0.018075,0.015679
N20000066,0.339635,0.129553,0.262089,0.053104,0.097898,0.021429,0.042206,0.030455,0.023630
N20000067,0.302677,0.228849,0.194070,0.092565,0.071691,0.037024,0.028649,0.025185,0.019289
N20000068,0.224767,0.348465,0.090244,0.152141,0.060819,0.074744,0.012712,0.020411,0.015696
N20000069,0.131656,0.337528,0.179689,0.191065,0.038895,0.078691,0.022616,0.010457,0.009403
N20000070,0.106700,0.318934,0.211769,0.213962,0.039337,0.063479,0.026471,0.010375,0.008972
N20000071,0.205273,0.212416,0.262728,0.103330,0.093353,0.033171,0.047632,0.023346,0.018751
N20000072,0.066804,0.230566,0.413644,0.129012,0.039235,0.047060,0.058110,0.008259,0.007310
N20000073,0.060419,0.504341,0.100796,0.199361,0.016650,0.097223,0.011668,0.005162,0.004380
N20000074,0.056832,0.541605,0.062986,0.196303,0.014341,0.110682,0.008569,0.004807,0.003875
N20000075,0.128197,0.369722,0.163678,0.173160,0.043689,0.074139,0.025177,0.012188,0.010051
N20000076,0.207742,0.197649,0.291268,0.090993,0.084469,0.034695,0.053537,0.021919,0.017729
N20000077,0.120900,0.407718,0.136822,0.180492,0.035334,0.080200,0.018890,0.010787,0.008858
N20000078,0.091891,0.489452,0.087946,0.194726,0.024291,0.084720,0.012759,0.007803,0.006412
N20000079,0.032369,0.567397,0.058580,0.214288,0.006634,0.109735,0.006618,0.002380,0.001998
N20000080,0.067905,0.352037,0.245602,0.183953,0.030277,0.070296,0.035926,0.007562,0.006443
N20000081,0.100807,0.452476,0.104353,0.196426,0.026687,0.089539,0.014411,0.008406,0.006895
N20000082,0.042018,0.564498,0.060703,0.192671,0.009034,0.118115,0.007044,0.003262,0.002653
N20000083,0.129016,0.410951,0.103895,0.204969,0.028674,0.092307,0.012458,0.009624,0.008103
N20000084,0.174889,0.318981,0.146453,0.174239,0.060998,0.072601,0.019688,0.017748,0.014403
N20000085,0.063101,0.332087,0.267799,0.202594,0.024075,0.063912,0.034947,0.006077,0.005409
N20000086,0.009181,0.422988,0.207664,0.225668,0.003821,0.107978,0.020912,0.000923,0.000865
N20000087,0.012469,0.399279,0.220304,0.199338,0.004919,0.141005,0.020358,0.001191,0.001136
N20000088,0.011732,0.387014,0.276210,0.178508,0.005947,0.108981,0.029048,0.001337,0.001223
N20000089,0.012412,0.411374,0.239821,0.184053,0.005199,0.121595,0.023127,0.001264,0.001156
N20000090,0.015019,0.378439,0.255920,0.215005,0.006314,0.098568,0.027808,0.001520,0.001407
N20000091,0.012351,0.412750,0.227982,0.195677,0.004437,0.122908,0.021769,0.001082,0.001043
N20000092,0.015566,0.417841,0.199228,0.226170,0.006348,0.109368,0.022449,0.001597,0.001433
N20000093,0.020328,0.534283,0.056410,0.264552,0.004934,0.110223,0.006195,0.001678,0.001396
N20000094,0.004853,0.143778,0.666966,0.072811,0.002621,0.042735,0.065184,0.000532,0.000520
N20000095,0.041536,0.573775,0.065702,0.195195,0.009713,0.099196,0.008602,0.003502,0.002778
N20000096,0.017654,0.493418,0.091175,0.256943,0.004181,0.125082,0.009066,0.001292,0.001190
N20000097,0.012672,0.388908,0.247161,0.218133,0.004333,0.101746,0.024866,0.001131,0.001050
N20000098,0.014395,0.511505,0.099191,0.237915,0.004196,0.119896,0.010532,0.001263,0.001107
N20000099,0.016262,0.460232,0.117356,0.263148,0.004835,0.124479,0.011103,0.001321,0.001263
N20000100,0.012011,0.432189,0.147782,0.262718,0.004278,0.125051,0.013873,0.001074,0.001024
N20000101,0.006572,0.389860,0.275751,0.192154,0.002767,0.104588,0.027020,0.000666,0.000622
N20000102,0.027495,0.417935,0.219677,0.203495,0.010220,0.089773,0.026408,0.002627,0.002368
N20000103,0.030727,0.523930,0.105446,0.215230,0.008740,0.097954,0.013034,0.002645,0.002294
N20000104,0.031376,0.543834,0.133002,0.178139,0.008485,0.083676,0.016438,0.002776,0.002274
N20000105,0.033284,0.504343,0.149993,0.195766,0.008845,0.085073,0.017620,0.002711,0.002365
N20000106,0.015790,0.429569,0.201065,0.231607,0.006350,0.089502,0.023023,0.001645,0.001449
N20000107,0.028528,0.526427,0.113895,0.192505,0.008687,0.109681,0.015356,0.002720,0.002200
N20000108,0.038371,0.538889,0.110340,0.194019,0.009608,0.089331,0.013645,0.003161,0.002636
N20000109,0.010998,0.424480,0.168262,0.252881,0.004275,0.119844,0.017204,0.001066,0.000990
N20000110,0.011050,0.454838,0.118865,0.284559,0.003292,0.113952,0.011654,0.000930,0.000860
N20000111,0.020701,0.460476,0.119353,0.266035,0.007292,0.109553,0.012845,0.001984,0.001760
N20000112,0.023086,0.556629,0.034991,0.258151,0.004231,0.116339,0.003705,0.001538,0.001332
N20000113,0.017239,0.409721,0.245954,0.183643,0.006280,0.108917,0.025118,0.001648,0.001480
N20000114,0.014528,0.433541,0.184677,0.231193,0.005510,0.108008,0.019852,0.001407,0.001284
N20000115,0.017636,0.477313,0.099912,0.250024,0.006071,0.135112,0.010799,0.001659,0.001474
N20000116,0.022904,0.472752,0.144948,0.231387,0.007271,0.099628,0.017322,0.001991,0.001797
N20000117,0.013761,0.462949,0.126829,0.273742,0.005433,0.101474,0.013173,0.001375,0.001265
N20000118,0.012918,0.459593,0.159946,0.245496,0.004687,0.097340,0.017624,0.001271,0.001126
N20000119,0.020551,0.429971,0.200833,0.229171,0.008449,0.083535,0.023496,0.002097,0.001898
N20000120,0.017783,0.460899,0.117544,0.250279,0.007414,0.129631,0.012952,0.001832,0.001666
N20000121,0.022626,0.441933,0.165755,0.205666,0.008966,0.133519,0.017215,0.002272,0.002048
N20000122,0.013765,0.413358,0.198073,0.230402,0.007678,0.111033,0.022461,0.001696,0.001535
N20000123,0.009659,0.443691,0.159229,0.247369,0.004750,0.115537,0.017614,0.001141,0.001010
N20000124,0.016933,0.399383,0.293899,0.161569,0.008113,0.083953,0.032460,0.001958,0.001732
N20000125,0.017074,0.464305,0.108978,0.253997,0.005818,0.135531,0.011303,0.001566,0.001428
N20000126,0.016123,0.170760,0.586887,0.102356,0.011220,0.030595,0.077964,0.002110,0.001985
N20000127,0.017285,0.572798,0.062382,0.210168,0.004473,0.123806,0.006407,0.001441,0.001239
N20000128,0.016117,0.318685,0.376865,0.162445,0.009581,0.064215,0.048123,0.002106,0.001863
N20000129,0.037996,0.578645,0.069245,0.193862,0.008847,0.096767,0.008937,0.003182,0.002519
N20000130,0.016496,0.413325,0.253704,0.192286,0.006556,0.084020,0.030393,0.001724,0.001496
N20000131,0.041482,0.561995,0.045400,0.220937,0.009327,0.109133,0.005761,0.003274,0.002691
N20000132,0.014659,0.064883,0.718987,0.038618,0.017999,0.009918,0.129639,0.002790,0.002507
N20000133,0.012836,0.402526,0.271342,0.184734,0.005403,0.089737,0.030856,0.001355,0.001212
N20000134,0.028878,0.183769,0.534904,0.107153,0.019504,0.037358,0.081066,0.003906,0.003463
N20000135,0.025727,0.400530,0.217444,0.224282,0.010145,0.092072,0.024977,0.002538,0.002285
N20000136,0.020350,0.435575,0.171224,0.245250,0.009239,0.093059,0.021047,0.002272,0.001985
N20000137,0.018041,0.365072,0.293074,0.199974,0.007036,0.081232,0.032252,0.001724,0.001595
N20000138,0.013160,0.535328,0.095722,0.217356,0.003328,0.123452,0.009670,0.001055,0.000929
N20000139,0.018828,0.402927,0.208440,0.243642,0.007204,0.093200,0.022268,0.001831,0.001659
N20000140,0.031515,0.110096,0.608215,0.045971,0.030270,0.016317,0.147949,0.005237,0.004429
N20000141,0.030680,0.276682,0.429063,0.124160,0.017401,0.051886,0.063012,0.003772,0.003344
N20000142,0.018399,0.649606,0.070212,0.150501,0.004099,0.096121,0.008299,0.001538,0.001225
N20000143,0.024480,0.157075,0.566682,0.106269,0.020757,0.025452,0.092384,0.003593,0.003308
N20000144,0.033292,0.468473,0.128964,0.249907,0.009670,0.086788,0.017642,0.002815,0.002448
N20000145,0.022547,0.622180,0.069111,0.174145,0.005603,0.094139,0.008586,0.002084,0.001605
N20000146,0.031653,0.611404,0.095304,0.152775,0.006864,0.085605,0.011860,0.002502,0.002033
N20000147,0.035772,0.595974,0.048744,0.200480,0.008970,0.097553,0.006798,0.003196,0.002513
N20000148,0.028410,0.498848,0.080384,0.250853,0.009014,0.118640,0.009014,0.002574,0.002263
N20000149,0.028167,0.207485,0.503470,0.122715,0.018536,0.033312,0.079208,0.003774,0.003332
N20000150,0.014362,0.641784,0.089095,0.149407,0.003066,0.091027,0.009177,0.001147,0.000937
N20000151,0.035835,0.491690,0.099743,0.246891,0.010674,0.097425,0.011724,0.003251,0.002767
N20000152,0.049982,0.229128,0.433572,0.117248,0.037485,0.037161,0.081321,0.007694,0.006408
N20000153,0.021378,0.569630,0.060045,0.225843,0.004428,0.109187,0.006589,0.001575,0.001326
N20000154,0.025596,0.610892,0.051020,0.193124,0.005819,0.103495,0.006232,0.002115,0.001707
N20000155,0.024545,0.590190,0.102649,0.181164,0.005366,0.080065,0.012546,0.001899,0.001576
N20000156,0.028413,0.437304,0.209902,0.194653,0.009809,0.089054,0.025765,0.002731,0.002369
N20000157,0.048098,0.452684,0.129365,0.226841,0.014610,0.105142,0.015357,0.004212,0.003691
N20000158,0.019782,0.161068,0.575283,0.093104,0.016702,0.025151,0.103236,0.002989,0.002684
N20000159,0.013930,0.687401,0.045263,0.158558,0.002791,0.084123,0.005915,0.001141,0.000876
N20000160,0.039574,0.235952,0.434351,0.137787,0.028041,0.050250,0.063603,0.005528,0.004915
N20000161,0.061942,0.261224,0.419859,0.106394,0.025576,0.047894,0.065609,0.006086,0.005416
N20000162,0.026726,0.225219,0.484478,0.127280,0.018406,0.041706,0.069357,0.003573,0.003254
N20000163,0.054299,0.461365,0.165852,0.175445,0.017023,0.092050,0.024928,0.004922,0.004116
N20000164,0.052725,0.254508,0.385928,0.154193,0.029054,0.052102,0.059285,0.006537,0.005668
N20000165,0.019735,0.456022,0.189448,0.213764,0.007003,0.086744,0.023834,0.001829,0.001620
N20000166,0.024395,0.107520,0.640492,0.063661,0.027643,0.016641,0.111376,0.004347,0.003924
N20000167,0.016437,0.089728,0.702280,0.052450,0.014931,0.015520,0.103784,0.002537,0.002334
N20000168,0.017863,0.531640,0.087347,0.252089,0.005197,0.091703,0.011225,0.001589,0.001349
N20000169,0.427281,0.128925,0.123906,0.066851,0.133736,0.023419,0.021305,0.042803,0.031775
N20000170,0.020812,0.510866,0.190911,0.166515,0.007395,0.071769,0.027856,0.002121,0.001756
N20000171,0.031231,0.474591,0.204912,0.170895,0.009765,0.077763,0.025522,0.002890,0.002431
N20000172,0.155746,0.154333,0.399908,0.071147,0.079792,0.023926,0.081284,0.018688,0.015176
N20000173,0.179172,0.162970,0.325157,0.115894,0.093330,0.035287,0.049091,0.020928,0.018172
N20000174,0.016952,0.632071,0.047418,0.174680,0.003166,0.118551,0.004939,0.001210,0.001014
N20000175,0.080731,0.475685,0.135126,0.163452,0.027606,0.078247,0.024784,0.007977,0.006392
N20000176,0.030927,0.511071,0.140520,0.201142,0.008890,0.084430,0.018072,0.002647,0.002302
N20000177,0.131602,0.112206,0.472271,0.054071,0.084542,0.017697,0.094760,0.018203,0.014648
N20000178,0.400478,0.156033,0.139117,0.081328,0.109633,0.029543,0.022963,0.033801,0.027104
N20000179,0.035202,0.484541,0.169065,0.190307,0.010959,0.081361,0.022621,0.003248,0.002698
N20000180,0.014634,0.638536,0.043864,0.182036,0.003125,0.110796,0.004903,0.001160,0.000947
N20000181,0.020681,0.610152,0.074252,0.194008,0.004570,0.084498,0.008839,0.001654,0.001347
N20000182,0.020968,0.624659,0.058834,0.183229,0.004459,0.097439,0.007404,0.001669,0.001337
N20000183,0.016509,0.623930,0.085108,0.165468,0.004320,0.092078,0.009956,0.001430,0.001200
N20000184,0.023993,0.606784,0.095389,0.177558,0.006307,0.072456,0.013610,0.002177,0.001726
N20000185,0.031798,0.512252,0.151158,0.178217,0.009596,0.090446,0.021354,0.002812,0.002367
N20000186,0.101601,0.356122,0.218750,0.167930,0.035954,0.066880,0.034349,0.010203,0.008210
N20000187,0.017569,0.644042,0.039939,0.194176,0.002996,0.094351,0.004712,0.001228,0.000988
N20000188,0.036123,0.245405,0.429942,0.148605,0.022456,0.043433,0.065125,0.004747,0.004163
N20000189,0.017049,0.631629,0.044275,0.194294,0.003436,0.101597,0.005301,0.001357,0.001061
N20000190,0.020597,0.597761,0.062632,0.195289,0.005306,0.107213,0.007906,0.001824,0.001472
N20000191,0.024802,0.529655,0.127739,0.189288,0.008527,0.099068,0.016421,0.002475,0.002025
N20000192,0.019565,0.524681,0.135242,0.208018,0.004355,0.091195,0.014191,0.001479,0.001274
N20000193,0.024023,0.607904,0.045385,0.205825,0.005290,0.102089,0.005860,0.002056,0.001568
N20000194,0.018621,0.648512,0.087389,0.143583,0.004435,0.083389,0.011152,0.001650,0.001269
N20000195,0.019169,0.620678,0.045031,0.199378,0.004207,0.103009,0.005627,0.001642,0.001259
N20000196,0.016846,0.593672,0.076572,0.197543,0.003927,0.100203,0.008712,0.001393,0.001133
N20000197,0.013865,0.575036,0.105485,0.213216,0.003451,0.073460,0.013332,0.001191,0.000966
N20000198,0.016869,0.549932,0.157609,0.173508,0.005369,0.075228,0.018498,0.001631,0.001355
N20000199,0.018310,0.615354,0.053070,0.199519,0.003799,0.100945,0.006389,0.001458,0.001155
N20000200,0.011219,0.556373,0.122019,0.209960,0.003323,0.080298,0.014908,0.001034,0.000865
N20000201,0.262900,0.316188,0.093648,0.130878,0.076566,0.058869,0.015766,0.025912,0.019274
N20000202,0.015105,0.616027,0.062923,0.215504,0.003476,0.076386,0.008293,0.001281,0.001004
N20000203,0.143794,0.247282,0.307279,0.107228,0.068515,0.036153,0.059345,0.016844,0.013560
N20000204,0.125740,0.289138,0.281467,0.117417,0.058289,0.044347,0.057011,0.014815,0.011775
N20000205,0.067564,0.351095,0.282943,0.163174,0.027221,0.051754,0.042878,0.007361,0.006011
N20000206,0.079445,0.371325,0.215522,0.188196,0.028848,0.071525,0.030818,0.007778,0.006544
N20000207,0.703688,0.020651,0.017261,0.012311,0.141549,0.004873,0.002735,0.056919,0.040013
N20000208,0.638364,0.026462,0.020107,0.013776,0.182109,0.005294,0.004175,0.065570,0.044144
N20000209,0.693119,0.033969,0.018906,0.020482,0.130804,0.008594,0.003222,0.052917,0.037987
N20000210,0.699563,0.023703,0.013074,0.012740,0.142037,0.005374,0.002315,0.060851,0.040343
N20000211,0.060936,0.201516,0.459004,0.116437,0.037584,0.036069,0.073584,0.007988,0.006882
N20000212,0.038880,0.538071,0.108843,0.187892,0.010812,0.093626,0.015432,0.003577,0.002867
N20000213,0.044459,0.496769,0.144822,0.186783,0.010784,0.091314,0.018577,0.003517,0.002974
N20000214,0.018376,0.519440,0.043499,0.270754,0.004201,0.136710,0.004436,0.001368,0.001216
N20000215,0.049218,0.362289,0.250654,0.198653,0.021753,0.072854,0.034504,0.005402,0.004672
N20000216,0.034670,0.487667,0.094619,0.257568,0.011129,0.096759,0.011565,0.003261,0.002762
N20000217,0.046667,0.393551,0.208384,0.208040,0.021220,0.083922,0.028539,0.005131,0.004545
N20000218,0.044308,0.444671,0.161040,0.211388,0.016072,0.093393,0.020930,0.004439,0.003758
N20000219,0.132706,0.113052,0.483459,0.072315,0.071325,0.022497,0.075282,0.015713,0.013650
N20000220,0.051900,0.362170,0.222354,0.226259,0.020015,0.083037,0.024629,0.005078,0.004559
N20000221,0.031144,0.480020,0.149779,0.215687,0.009757,0.090128,0.018153,0.002880,0.002452
N20000222,0.063598,0.443912,0.155274,0.204423,0.018436,0.083705,0.020471,0.005504,0.004678
N20000223,0.077239,0.435731,0.121158,0.235659,0.018431,0.084478,0.016230,0.005999,0.005075
N20000224,0.141196,0.315667,0.174417,0.205479,0.046960,0.069594,0.021821,0.013531,0.011335
N20000225,0.052569,0.517098,0.140105,0.165579,0.015990,0.077564,0.022010,0.005098,0.003988
N20000226,0.083547,0.315830,0.285048,0.170023,0.034298,0.054077,0.040954,0.008769,0.007455
N20000227,0.094063,0.307138,0.250639,0.187461,0.040616,0.062113,0.039012,0.010278,0.008679
N20000228,0.041124,0.511991,0.132521,0.192112,0.012172,0.085764,0.017424,0.003781,0.003111
N20000229,0.038828,0.538718,0.122791,0.189330,0.010304,0.075403,0.018419,0.003482,0.002725
N20000230,0.112039,0.404713,0.145073,0.195275,0.031564,0.072629,0.021261,0.009503,0.007944
N20000231,0.248235,0.152051,0.245314,0.096709,0.130056,0.029122,0.042326,0.030845,0.025342
N20000232,0.101450,0.101452,0.536052,0.058071,0.067095,0.017925,0.092118,0.014121,0.011716
N20000233,0.333009,0.161036,0.163803,0.096992,0.123641,0.032867,0.025690,0.035101,0.027860
N20000234,0.297939,0.119336,0.229047,0.067475,0.154386,0.022406,0.043213,0.036873,0.029324
N20000235,0.278657,0.199629,0.184627,0.117411,0.102930,0.037433,0.030379,0.026605,0.022329
N20000236,0.189857,0.251347,0.245403,0.119883,0.072694,0.044052,0.041278,0.019670,0.015816
N20000237,0.164295,0.330970,0.164608,0.168653,0.057293,0.057172,0.027766,0.016171,0.013072
N20000238,0.427682,0.059829,0.159551,0.040177,0.186828,0.011935,0.027122,0.048517,0.038359
N20000239,0.235778,0.265334,0.148632,0.155915,0.074038,0.060056,0.020312,0.021993,0.017941
N20000240,0.387705,0.137322,0.160394,0.079488,0.118079,0.027132,0.027297,0.034615,0.027968
N20000241,0.100842,0.432100,0.126875,0.184923,0.031160,0.087235,0.019753,0.009509,0.007602
N20000242,0.095306,0.459287,0.110749,0.198113,0.027003,0.076383,0.018192,0.008260,0.006707
N20000243,0.486215,0.043889,0.114872,0.026812,0.201680,0.008633,0.021857,0.054383,0.041660
N20000244,0.515158,0.041467,0.067027,0.028288,0.219444,0.008897,0.013233,0.060965,0.045522
N20000245,0.695899,0.025798,0.021159,0.018035,0.137546,0.006514,0.003478,0.052539,0.039033
N20000246,0.552946,0.035454,0.061304,0.022940,0.205580,0.007794,0.012674,0.057475,0.043833
N20000247,0.503035,0.050746,0.101379,0.030167,0.190097,0.010015,0.019055,0.054517,0.040989
N20000248,0.090980,0.371753,0.207507,0.182388,0.028076,0.075869,0.028281,0.008295,0.006851
N20000249,0.641476,0.038458,0.046481,0.029100,0.139761,0.009402,0.006899,0.049951,0.038473
N20000250,0.601370,0.028201,0.034093,0.020261,0.196177,0.006667,0.006374,0.061488,0.045370
N20000251,0.654302,0.032785,0.024780,0.022285,0.156217,0.008644,0.004142,0.055784,0.041062
N20000252,0.635991,0.037222,0.031717,0.027666,0.159375,0.009371,0.005340,0.052791,0.040528
N20000253,0.491754,0.042924,0.080152,0.031585,0.223421,0.009826,0.015235,0.059853,0.045250
N20000254,0.443297,0.027238,0.106740,0.020801,0.265850,0.006194,0.021273,0.061202,0.047404
N20000255,0.536149,0.023316,0.046515,0.014883,0.246786,0.005876,0.009719,0.067487,0.049269
N20000256,0.567761,0.032652,0.045965,0.022406,0.208007,0.007598,0.008950,0.060844,0.045817
N20000257,0.071100,0.304963,0.279860,0.174721,0.044431,0.065378,0.042206,0.009196,0.008146
N20000258,0.032477,0.301696,0.356471,0.163969,0.016661,0.079563,0.042173,0.003627,0.003362
N20000259,0.037998,0.426044,0.180500,0.218863,0.015355,0.091061,0.022759,0.003967,0.003454
N20000260,0.028153,0.303027,0.369024,0.166700,0.017231,0.057846,0.051087,0.003656,0.003276
N20000261,0.029059,0.413275,0.183104,0.219617,0.014667,0.112233,0.021664,0.003356,0.003025
N20000262,0.020680,0.297523,0.396393,0.155106,0.010304,0.072624,0.042984,0.002293,0.002094
N20000263,0.037336,0.347639,0.288615,0.177637,0.019111,0.081014,0.040455,0.004329,0.003864
N20000264,0.083134,0.254778,0.378124,0.114195,0.037218,0.054098,0.062171,0.008729,0.007553
N20000265,0.108335,0.181974,0.423235,0.100177,0.060786,0.037599,0.062699,0.013649,0.011546
N20000266,0.038270,0.367825,0.256410,0.188021,0.018297,0.091470,0.031792,0.004176,0.003739
N20000267,0.324575,0.093317,0.248513,0.061407,0.145924,0.020134,0.039603,0.036672,0.029855
N20000268,0.105325,0.267187,0.288403,0.165363,0.051786,0.058936,0.041005,0.011667,0.010327
N20000269,0.046646,0.381049,0.229125,0.201364,0.021605,0.081969,0.028421,0.005290,0.004531
N20000270,0.550064,0.080351,0.062027,0.046466,0.144985,0.019252,0.010573,0.049497,0.036786
N20000271,0.291984,0.081983,0.254277,0.047223,0.184917,0.017524,0.048684,0.040908,0.032500
N20000272,0.394763,0.084201,0.129946,0.046642,0.204946,0.016849,0.030424,0.052987,0.039241
N20000273,0.574989,0.041431,0.046198,0.026545,0.187897,0.009100,0.008981,0.060956,0.043902
N20000274,0.026654,0.412895,0.176452,0.219994,0.011665,0.127185,0.019950,0.002694,0.002511
N20000275,0.317978,0.091340,0.229380,0.055364,0.167598,0.017695,0.048663,0.040439,0.031543
N20000276,0.500742,0.093239,0.079346,0.052723,0.151888,0.021600,0.015224,0.048702,0.036536
N20000277,0.613220,0.025639,0.028547,0.018259,0.195675,0.006213,0.005319,0.061509,0.045620
N20000278,0.040970,0.422537,0.161463,0.216557,0.015413,0.116628,0.018862,0.004018,0.003551
N20000279,0.122383,0.390040,0.200674,0.114818,0.047602,0.058399,0.042735,0.013059,0.010289
N20000280,0.039815,0.431072,0.158288,0.209144,0.016262,0.117877,0.019838,0.004101,0.003603
N20000281,0.146622,0.345250,0.142271,0.197109,0.040442,0.086945,0.018594,0.012392,0.010375
N20000282,0.431313,0.141716,0.078294,0.091422,0.139484,0.034407,0.013162,0.038281,0.031922
N20000283,0.543548,0.047923,0.054324,0.029451,0.198054,0.010180,0.010994,0.061431,0.044095
N20000284,0.586210,0.028892,0.022221,0.017669,0.218677,0.006700,0.005177,0.067203,0.047251
N20000285,0.166342,0.358435,0.083978,0.199531,0.039690,0.118914,0.010030,0.012270,0.010810
N20000286,0.608821,0.025456,0.021094,0.016761,0.203913,0.006113,0.004290,0.066487,0.047064
N20000287,0.655249,0.024130,0.012945,0.016078,0.174733,0.006339,0.002480,0.063637,0.044408
N20000288,0.539824,0.118693,0.039874,0.068889,0.122330,0.026521,0.006626,0.044134,0.033110
N20000289,0.617441,0.041299,0.040257,0.024459,0.164051,0.008785,0.006972,0.055717,0.041017
N20000290,0.608455,0.042260,0.035496,0.023664,0.174803,0.009538,0.006295,0.057444,0.042044
N20000291,0.586039,0.042744,0.022686,0.030413,0.199576,0.010228,0.004014,0.059383,0.044917
N20000292,0.660671,0.021251,0.010877,0.013667,0.179018,0.005373,0.002304,0.062597,0.044243
N20000293,0.348410,0.102085,0.217770,0.075192,0.136628,0.022549,0.032674,0.035140,0.029552
N20000294,0.669603,0.017210,0.010340,0.011186,0.177485,0.004242,0.002146,0.063612,0.044176
N20000295,0.476548,0.153852,0.039088,0.104248,0.113986,0.036224,0.006258,0.039470,0.030325
N20000296,0.391921,0.216527,0.049951,0.145277,0.078586,0.060729,0.006269,0.027975,0.022765
N20000297,0.726488,0.046916,0.013012,0.022215,0.098541,0.012644,0.002235,0.045836,0.032114
N20000298,0.710861,0.018999,0.008794,0.013278,0.145124,0.005382,0.001500,0.055480,0.040583
N20000299,0.667724,0.073368,0.014172,0.053381,0.096861,0.022820,0.001969,0.038577,0.031127
N20000300,0.707818,0.033472,0.013295,0.023713,0.123249,0.009527,0.002005,0.049730,0.037190
N20000301,0.653468,0.045051,0.024208,0.029805,0.141463,0.013849,0.003836,0.049944,0.038377
N20000302,0.522373,0.152178,0.028904,0.103057,0.086790,0.042775,0.003810,0.033321,0.026791
N20000303,0.716966,0.018740,0.013838,0.011223,0.137387,0.004546,0.002391,0.055885,0.039024
N20000304,0.496278,0.143542,0.054282,0.070253,0.122146,0.029456,0.009653,0.042848,0.031542
N20000305,0.082246,0.445993,0.049990,0.240785,0.018016,0.146664,0.005508,0.005761,0.005039
N20000306,0.370848,0.175178,0.082199,0.116687,0.128208,0.045772,0.012956,0.038238,0.029914
N20000307,0.298605,0.221555,0.110286,0.145491,0.099899,0.054063,0.017254,0.029405,0.023441
N20000308,0.323139,0.349715,0.069333,0.087954,0.052180,0.067734,0.013695,0.020954,0.015297
N20000309,0.655245,0.052015,0.023866,0.023544,0.138669,0.011333,0.004894,0.053274,0.037160
N20000310,0.465453,0.180881,0.043761,0.121808,0.074044,0.056043,0.005224,0.029190,0.023596
N20000311,0.445530,0.074574,0.115748,0.047723,0.190039,0.018279,0.019900,0.049280,0.038926
N20000312,0.608934,0.041858,0.029434,0.023752,0.180160,0.009601,0.006258,0.057683,0.042320
N20000313,0.589197,0.106911,0.041364,0.029831,0.120583,0.019704,0.010749,0.049575,0.032086
N20000314,0.138321,0.431889,0.100012,0.188393,0.030198,0.076683,0.016749,0.009664,0.008092
N20000315,0.225836,0.225911,0.228123,0.076709,0.102984,0.032436,0.060262,0.027523,0.020218
N20000316,0.678172,0.041935,0.021960,0.016195,0.133573,0.007874,0.004453,0.058450,0.037388
N20000317,0.700338,0.040378,0.019414,0.019543,0.122323,0.009023,0.003871,0.049813,0.035297
N20000318,0.725926,0.035942,0.011167,0.017240,0.113558,0.008414,0.002192,0.050708,0.034852
N20000319,0.579088,0.125054,0.035537,0.038253,0.111800,0.024655,0.007874,0.046842,0.030896
N20000320,0.114133,0.503928,0.109553,0.129813,0.025361,0.080409,0.021009,0.009079,0.006714
N20000321,0.717657,0.014738,0.008685,0.007608,0.145501,0.003547,0.001714,0.060425,0.040125
N20000322,0.740031,0.018187,0.006832,0.008777,0.126270,0.004128,0.001403,0.057071,0.037299
N20000323,0.634518,0.060114,0.027611,0.019956,0.145755,0.012234,0.006888,0.055870,0.037053
N20000324,0.296288,0.365400,0.065601,0.099393,0.059093,0.061029,0.014426,0.022646,0.016124
N20000325,0.254466,0.316990,0.096343,0.134502,0.067795,0.073828,0.016709,0.022303,0.017063
N20000326,0.039933,0.626839,0.026620,0.197611,0.007257,0.092617,0.004191,0.002778,0.002154
N20000327,0.751838,0.016858,0.005984,0.009124,0.117005,0.004146,0.001008,0.057018,0.037020
N20000328,0.411124,0.215088,0.071381,0.082855,0.100184,0.045980,0.014593,0.033547,0.025248
N20000329,0.728558,0.028051,0.008949,0.015660,0.121421,0.007497,0.001720,0.051638,0.036507
N20000330,0.701062,0.041430,0.019258,0.024193,0.116177,0.010321,0.003281,0.048866,0.035413
N20000331,0.608683,0.033592,0.035077,0.023514,0.182218,0.009191,0.006233,0.057975,0.043518
N20000332,0.492902,0.125632,0.060001,0.078665,0.127530,0.029977,0.009682,0.042558,0.033052
N20000333,0.306307,0.318928,0.051010,0.152308,0.057339,0.068526,0.007459,0.021419,0.016704
N20000334,0.315802,0.166420,0.185039,0.096833,0.113551,0.037524,0.027732,0.031619,0.025480
N20000335,0.660875,0.035476,0.012892,0.022220,0.154732,0.008951,0.002589,0.060476,0.041790
N20000336,0.554784,0.090308,0.037551,0.059448,0.142309,0.024906,0.006249,0.047808,0.036637
N20000337,0.525490,0.085675,0.048512,0.056865,0.165990,0.020676,0.008901,0.049377,0.038513
N20000338,0.079924,0.426162,0.033079,0.230538,0.014756,0.203094,0.002915,0.005022,0.004509
N20000339,0.538490,0.129412,0.043505,0.073134,0.104434,0.033516,0.006921,0.040288,0.030302
N20000340,0.109706,0.423187,0.013436,0.263284,0.012485,0.166734,0.001313,0.005230,0.004625
N20000341,0.563381,0.093622,0.040810,0.063013,0.124806,0.028563,0.006055,0.045078,0.034672
N20000342,0.709733,0.023748,0.010058,0.014194,0.137511,0.007436,0.001612,0.056107,0.039601
N20000343,0.391042,0.233017,0.034535,0.148567,0.056212,0.091787,0.003811,0.022231,0.018799
N20000344,0.471674,0.184993,0.027350,0.121297,0.066092,0.077971,0.002960,0.025653,0.022010
N20000345,0.704617,0.066163,0.013437,0.042944,0.077285,0.029721,0.001528,0.035940,0.028364
N20000346,0.542479,0.138910,0.034051,0.085795,0.082413,0.051769,0.004099,0.033630,0.026855
N20000347,0.736360,0.039621,0.006096,0.025374,0.098168,0.014655,0.000911,0.045521,0.033294
N20000348,0.709077,0.027704,0.009360,0.014655,0.136583,0.007489,0.001845,0.055006,0.038280
N20000349,0.718966,0.030833,0.009699,0.015549,0.124064,0.007246,0.001882,0.054805,0.036956
N20000350,0.726177,0.019485,0.007692,0.011235,0.133689,0.004790,0.001433,0.056684,0.038817
N20000351,0.715119,0.040775,0.010097,0.016808,0.116076,0.008691,0.002112,0.055065,0.035257
N20000352,0.720496,0.035331,0.015853,0.016771,0.114947,0.007617,0.002926,0.051019,0.035040
N20000353,0.760160,0.041128,0.007089,0.026168,0.079467,0.014541,0.000947,0.040547,0.029952
N20000354,0.692562,0.050678,0.018543,0.036769,0.106426,0.017766,0.002494,0.041387,0.033375
N20000355,0.705772,0.012432,0.009322,0.009386,0.159739,0.003782,0.001637,0.055924,0.042006
N20000356,0.391531,0.250721,0.030606,0.135583,0.073490,0.065636,0.003885,0.026818,0.021731
N20000357,0.010901,0.622634,0.006201,0.198167,0.001061,0.159624,0.000541,0.000454,0.000417
N20000358,0.134602,0.445592,0.029210,0.215565,0.021290,0.135667,0.003065,0.008151,0.006858
N20000359,0.012595,0.636612,0.023678,0.160310,0.002350,0.160640,0.002311,0.000794,0.000710
N20000360,0.248148,0.330765,0.063411,0.183883,0.044162,0.094163,0.006967,0.015209,0.013291
N20000361,0.509423,0.133830,0.058920,0.072747,0.112434,0.035253,0.008663,0.038087,0.030644
N20000362,0.043891,0.579545,0.017400,0.177380,0.005319,0.170844,0.001627,0.002110,0.001885
N20000363,0.047647,0.513930,0.036552,0.246307,0.007941,0.138658,0.003678,0.002798,0.002489
N20000364,0.112281,0.433210,0.059369,0.235338,0.026233,0.111304,0.006595,0.008448,0.007221
N20000365,0.034569,0.528342,0.031020,0.256574,0.005692,0.136636,0.003288,0.002060,0.001819
N20000366,0.046179,0.502267,0.048477,0.231510,0.008735,0.152866,0.004430,0.002914,0.002621
N20000367,0.158213,0.404893,0.055399,0.206538,0.024497,0.127895,0.005765,0.008969,0.007831
N20000368,0.061096,0.599323,0.041203,0.151534,0.011343,0.120662,0.007246,0.004306,0.003287
N20000369,0.073501,0.502550,0.035537,0.183492,0.009887,0.184554,0.003376,0.003748,0.003355
N20000370,0.687564,0.025261,0.020547,0.016643,0.144468,0.006267,0.003475,0.055825,0.039949
N20000371,0.680975,0.022409,0.019605,0.012635,0.156121,0.004752,0.003738,0.058800,0.040964
N20000372,0.691821,0.026352,0.017937,0.017616,0.145667,0.007224,0.003235,0.050935,0.039212
N20000373,0.731178,0.023056,0.008196,0.011720,0.126569,0.005212,0.001677,0.055237,0.037156
N20000374,0.645105,0.024739,0.036639,0.012578,0.167576,0.005179,0.006966,0.059536,0.041682
N20000375,0.679296,0.036012,0.015837,0.012281,0.144753,0.006189,0.004101,0.062951,0.038580
N20000376,0.685918,0.055070,0.028442,0.019408,0.110207,0.010572,0.005541,0.051628,0.033214
N20000377,0.103760,0.510396,0.096217,0.147298,0.022857,0.083586,0.021868,0.008023,0.005994
N20000378,0.730838,0.018642,0.013254,0.012406,0.128413,0.004795,0.002199,0.051673,0.037781
N20000379,0.616572,0.059770,0.043312,0.021321,0.144896,0.010351,0.009733,0.057063,0.036980
N20000380,0.637217,0.044708,0.025712,0.025867,0.154321,0.009924,0.004678,0.056978,0.040595
N20000381,0.697854,0.063934,0.012524,0.023261,0.103928,0.012559,0.002904,0.050485,0.032551
N20000382,0.607351,0.114789,0.033963,0.027820,0.110057,0.018161,0.009947,0.047607,0.030305
N20000383,0.067702,0.460739,0.049222,0.259276,0.014496,0.134300,0.005386,0.004760,0.004118
N20000384,0.022432,0.452966,0.223447,0.168400,0.008400,0.092758,0.027652,0.002077,0.001867
N20000385,0.023340,0.683014,0.055264,0.127133,0.004585,0.095182,0.008346,0.001792,0.001343
N20000386,0.632630,0.103284,0.022460,0.024868,0.110869,0.017206,0.006902,0.050695,0.031084
N20000387,0.020844,0.611544,0.038532,0.215681,0.003588,0.102496,0.004857,0.001348,0.001109
N20000388,0.018994,0.701722,0.031795,0.143811,0.003138,0.093166,0.005068,0.001321,0.000985
N20000389,0.046605,0.619897,0.039335,0.176556,0.007884,0.097502,0.006717,0.003110,0.002395
N20000390,0.051633,0.649844,0.039273,0.147412,0.008590,0.090174,0.006863,0.003560,0.002650
N20000391,0.049850,0.646206,0.038495,0.152610,0.010021,0.088833,0.007177,0.003956,0.002851
N20000392,0.031172,0.611978,0.041353,0.194097,0.005599,0.106480,0.005495,0.002122,0.001704
N20000393,0.074925,0.533230,0.088359,0.174998,0.014367,0.088540,0.016376,0.005175,0.004030
N20000394,0.023271,0.671711,0.029790,0.153771,0.004019,0.110600,0.004012,0.001581,0.001244
N20000395,0.230634,0.466545,0.065962,0.081503,0.036162,0.074340,0.018960,0.015516,0.010378
N20000396,0.027182,0.638434,0.036110,0.186728,0.004848,0.097732,0.005554,0.001943,0.001469
N20000397,0.013076,0.570413,0.049349,0.231036,0.003279,0.125591,0.005358,0.001009,0.000890
N20000398,0.137739,0.520762,0.077934,0.121689,0.033128,0.069074,0.019967,0.011456,0.008250
N20000399,0.046591,0.624923,0.034244,0.174520,0.007076,0.102398,0.005021,0.002962,0.002265
N20000400,0.220663,0.425683,0.109547,0.082261,0.047116,0.052028,0.032452,0.018080,0.012171
N20000401,0.606167,0.103906,0.033184,0.054665,0.097084,0.034085,0.004402,0.036781,0.029725
N20000402,0.042649,0.603414,0.048856,0.174082,0.008101,0.109865,0.007630,0.003029,0.002373
N20000403,0.227340,0.482118,0.055008,0.087816,0.040857,0.062705,0.015593,0.017178,0.011385
N20000404,0.035613,0.581191,0.049223,0.203397,0.006165,0.113733,0.006471,0.002327,0.001878
N20000405,0.064417,0.502491,0.095788,0.197905,0.013792,0.102998,0.014289,0.004544,0.003776
N20000406,0.012847,0.565546,0.022356,0.254826,0.002336,0.137965,0.002519,0.000879,0.000725
N20000407,0.028777,0.588313,0.042545,0.207511,0.006100,0.117044,0.005854,0.002137,0.001718
N20000408,0.050348,0.524275,0.047343,0.253917,0.014437,0.095107,0.006557,0.004374,0.003641
N20000409,0.018042,0.547825,0.033063,0.259859,0.002711,0.133310,0.003255,0.001041,0.000895
N20000410,0.051987,0.557918,0.054326,0.194931,0.008183,0.119213,0.007724,0.003174,0.002545
N20000411,0.167897,0.427891,0.131236,0.112310,0.046258,0.055794,0.032550,0.015082,0.010983
N20000412,0.043030,0.545364,0.042385,0.203810,0.008114,0.146096,0.005915,0.002922,0.002365
N20000413,0.059009,0.568915,0.069994,0.162880,0.011761,0.108402,0.011338,0.004341,0.003361
N20000414,0.030694,0.485627,0.077682,0.280783,0.007668,0.104197,0.008942,0.002341,0.002067
N20000415,0.034217,0.550427,0.047545,0.227923,0.006643,0.122999,0.005923,0.002357,0.001966
N20000416,0.105355,0.361907,0.146534,0.233133,0.024972,0.098108,0.015612,0.007617,0.006762
N20000417,0.018247,0.561385,0.049643,0.248930,0.004449,0.108679,0.006025,0.001427,0.001214
N20000418,0.172375,0.392344,0.073537,0.146598,0.033107,0.153248,0.007772,0.011299,0.009720
N20000419,0.033830,0.473580,0.059018,0.262417,0.006836,0.154248,0.005783,0.002282,0.002005
N20000420,0.021802,0.480215,0.067356,0.259423,0.005194,0.156803,0.006238,0.001547,0.001421
N20000421,0.568479,0.099504,0.043191,0.059568,0.116740,0.030207,0.005982,0.043188,0.033142
N20000422,0.634711,0.073750,0.038283,0.040846,0.107244,0.028543,0.004558,0.039670,0.032394
N20000423,0.704958,0.021207,0.016435,0.016720,0.139611,0.006029,0.002520,0.052689,0.039832
N20000424,0.655288,0.037891,0.032511,0.025850,0.142508,0.011004,0.004827,0.050909,0.039213
N20000425,0.622322,0.033241,0.026694,0.018087,0.180092,0.007330,0.005855,0.062955,0.043423
N20000426,0.744620,0.018211,0.008149,0.014142,0.120171,0.005363,0.001260,0.050780,0.037305
N20000427,0.618694,0.013719,0.034164,0.010680,0.203540,0.003443,0.005815,0.062905,0.047040
N20000428,0.683490,0.023346,0.020764,0.016955,0.149828,0.005838,0.003369,0.055798,0.040612
N20000429,0.696466,0.023241,0.014446,0.014132,0.145652,0.005863,0.002566,0.057511,0.040122
N20000430,0.029587,0.528916,0.066809,0.174500,0.005004,0.184982,0.006883,0.001776,0.001543
N20000431,0.739626,0.018567,0.009813,0.009502,0.122913,0.004153,0.001736,0.056297,0.037393
N20000432,0.737437,0.015018,0.009695,0.007639,0.127776,0.003307,0.001710,0.058956,0.038462
N20000433,0.428395,0.146627,0.137198,0.056954,0.112738,0.026184,0.029963,0.034731,0.027210
N20000434,0.412421,0.203413,0.098304,0.073605,0.097896,0.032650,0.020957,0.035562,0.025192
N20000435,0.558335,0.045784,0.075874,0.023033,0.177385,0.008857,0.017098,0.053820,0.039814
N20000436,0.398648,0.206893,0.100870,0.084581,0.096533,0.034310,0.022537,0.031468,0.024161
N20000437,0.431374,0.111138,0.121060,0.043625,0.162872,0.020195,0.027284,0.048053,0.034398
N20000438,0.310452,0.259704,0.136784,0.102768,0.076472,0.040689,0.030403,0.023837,0.018893
N20000439,0.706139,0.022462,0.018389,0.011586,0.136756,0.004775,0.003522,0.057600,0.038772
N20000440,0.103820,0.570231,0.055298,0.110338,0.017953,0.120831,0.009199,0.007010,0.005320
N20000441,0.608719,0.083493,0.039651,0.034446,0.127865,0.017805,0.008362,0.045817,0.033842
N20000442,0.645844,0.084019,0.032969,0.035729,0.102494,0.017238,0.005835,0.044383,0.031490
N20000443,0.098257,0.411999,0.208664,0.123605,0.030152,0.074490,0.036864,0.008908,0.007062
N20000444,0.302450,0.375018,0.072574,0.080311,0.055363,0.057556,0.020015,0.021516,0.015197
N20000445,0.465385,0.052663,0.127551,0.022613,0.197366,0.008321,0.032111,0.054730,0.039262
N20000446,0.113464,0.447165,0.102474,0.191071,0.024019,0.091972,0.015209,0.007998,0.006627
N20000447,0.235821,0.278465,0.186929,0.098286,0.075265,0.044179,0.042070,0.021963,0.017022
N20000448,0.689873,0.033912,0.024615,0.020660,0.131679,0.008404,0.004318,0.049564,0.036975
N20000449,0.657093,0.050326,0.031012,0.024831,0.133920,0.010180,0.006141,0.050180,0.036318
N20000450,0.019041,0.506576,0.070876,0.276195,0.005086,0.111032,0.008310,0.001546,0.001338
N20000451,0.062211,0.465921,0.137516,0.171392,0.020142,0.111833,0.020563,0.005749,0.004674
N20000452,0.678343,0.036010,0.032472,0.020180,0.131663,0.007685,0.006172,0.050526,0.036950
N20000453,0.649821,0.048314,0.036783,0.026575,0.136037,0.010332,0.006830,0.048744,0.036565
N20000454,0.687735,0.036358,0.015706,0.020371,0.137207,0.007794,0.002965,0.053838,0.038026
N20000455,0.041189,0.451949,0.172049,0.202253,0.013894,0.087122,0.024637,0.003678,0.003228
N20000456,0.035801,0.443643,0.162589,0.226737,0.011642,0.092099,0.021562,0.003163,0.002764
N20000457,0.032129,0.497190,0.124485,0.186749,0.009075,0.128969,0.016468,0.002663,0.002271
N20000458,0.252578,0.282446,0.117147,0.175233,0.058336,0.065359,0.015304,0.017995,0.015604
N20000459,0.045689,0.464205,0.146378,0.199695,0.012558,0.104627,0.019799,0.003878,0.003171
N20000460,0.040906,0.426888,0.193654,0.185122,0.013216,0.106469,0.026991,0.003652,0.003102
N20000461,0.031454,0.487461,0.141232,0.176078,0.009605,0.130909,0.018155,0.002767,0.002340
N20000462,0.013739,0.476163,0.137904,0.228051,0.005222,0.120336,0.016043,0.001352,0.001192
N20000463,0.014919,0.502714,0.118378,0.205806,0.003667,0.140961,0.011440,0.001114,0.001002
N20000464,0.014456,0.356062,0.324333,0.164305,0.006013,0.094555,0.037537,0.001429,0.001311
N20000465,0.274520,0.289900,0.089662,0.184676,0.053648,0.062237,0.010626,0.019023,0.015709
N20000466,0.028445,0.619288,0.036765,0.167492,0.004132,0.136328,0.004475,0.001706,0.001368
N20000467,0.305695,0.181939,0.186941,0.108513,0.098131,0.043709,0.026477,0.026170,0.022426
N20000468,0.057512,0.576426,0.072096,0.156020,0.012196,0.105505,0.012599,0.004301,0.003345
N20000469,0.018794,0.519273,0.069665,0.258990,0.004503,0.119137,0.007025,0.001366,0.001247
N20000470,0.015602,0.531037,0.068575,0.201048,0.003178,0.172151,0.006442,0.001035,0.000932
N20000471,0.009383,0.503153,0.115044,0.222001,0.002937,0.133546,0.012383,0.000821,0.000733
N20000472,0.026700,0.558571,0.054842,0.184679,0.006114,0.158512,0.006864,0.002031,0.001686
N20000473,0.104228,0.371715,0.161151,0.194227,0.036041,0.092738,0.021492,0.010028,0.008379
N20000474,0.026418,0.527137,0.058125,0.224133,0.005510,0.149822,0.005495,0.001761,0.001601
N20000475,0.012506,0.524934,0.090510,0.220633,0.003449,0.136604,0.009488,0.000973,0.000904
N20000476,0.603879,0.065335,0.057795,0.052296,0.117947,0.018046,0.008174,0.042534,0.033994
N20000477,0.703172,0.018773,0.015108,0.014104,0.147878,0.005234,0.002486,0.052751,0.040493
N20000478,0.569131,0.050729,0.083827,0.042362,0.144926,0.014948,0.012046,0.045075,0.036957
N20000479,0.755028,0.019522,0.016056,0.014826,0.107448,0.005475,0.002267,0.044827,0.034550
N20000480,0.678420,0.015344,0.023436,0.013062,0.163448,0.004291,0.003665,0.055704,0.042630
N20000481,0.706797,0.021453,0.021927,0.016698,0.134305,0.006039,0.003391,0.050509,0.038883
N20000482,0.333736,0.109275,0.245165,0.084808,0.111284,0.026059,0.033499,0.030356,0.025817
N20000483,0.607340,0.015191,0.020396,0.011383,0.220406,0.004013,0.004284,0.067996,0.048991
N20000484,0.633880,0.016525,0.022806,0.012087,0.197233,0.004088,0.004507,0.062953,0.045921
N20000485,0.681292,0.013568,0.009516,0.009384,0.171730,0.003521,0.001835,0.064632,0.044522
N20000486,0.679727,0.015603,0.011361,0.010706,0.172393,0.004251,0.002213,0.060076,0.043671
N20000487,0.673198,0.014780,0.017122,0.011925,0.172667,0.004256,0.002855,0.058855,0.044342
N20000488,0.297047,0.132334,0.226311,0.075709,0.138615,0.031540,0.040053,0.031529,0.026862
N20000489,0.738481,0.017437,0.009289,0.013663,0.124843,0.004906,0.001415,0.051981,0.037983
N20000490,0.737237,0.013929,0.007712,0.007453,0.130907,0.003225,0.001386,0.059317,0.038834
N20000491,0.756790,0.015927,0.009012,0.010214,0.114339,0.004114,0.001452,0.051912,0.036240
N20000492,0.731238,0.014149,0.005858,0.009354,0.135842,0.003672,0.001072,0.058922,0.039892
N20000493,0.559466,0.012510,0.031579,0.008950,0.256470,0.002951,0.007414,0.070031,0.050629
N20000494,0.751249,0.012358,0.003787,0.006998,0.125572,0.003262,0.000702,0.058043,0.038029
N20000495,0.670974,0.015867,0.015031,0.011176,0.174508,0.004228,0.002828,0.061157,0.044230
N20000496,0.631591,0.021870,0.026769,0.013129,0.188847,0.004666,0.005708,0.062869,0.044550
N20000497,0.647593,0.013987,0.015853,0.010738,0.194911,0.003841,0.003005,0.063399,0.046673
N20000498,0.566120,0.083924,0.050525,0.024086,0.152245,0.016516,0.013586,0.056733,0.036265
N20000499,0.737531,0.014394,0.007291,0.010366,0.131151,0.004077,0.001222,0.054883,0.039085
N20000500,0.647133,0.046199,0.037607,0.021802,0.139863,0.010584,0.007731,0.052074,0.037005
N20000501,0.042965,0.274745,0.400276,0.143198,0.021275,0.061070,0.047672,0.004566,0.004233
N20000502,0.085210,0.336891,0.234183,0.205613,0.031013,0.060544,0.031484,0.008045,0.007017
N20000503,0.712348,0.018021,0.010616,0.012635,0.141388,0.004582,0.001841,0.057981,0.040589
N20000504,0.647891,0.089812,0.025884,0.026898,0.106307,0.018763,0.006340,0.047086,0.031018
N20000505,0.715527,0.021974,0.009603,0.010672,0.137817,0.004459,0.002100,0.058953,0.038896
N20000506,0.655580,0.047555,0.022135,0.016683,0.147046,0.008583,0.005782,0.058485,0.038150
N20000507,0.101430,0.412350,0.162537,0.170658,0.030186,0.085017,0.021417,0.009015,0.007390
N20000508,0.703322,0.032063,0.016584,0.014349,0.131054,0.007423,0.003293,0.054842,0.037071
N20000509,0.635931,0.044412,0.035122,0.015253,0.155392,0.008107,0.008601,0.058717,0.038465
N20000510,0.037269,0.418672,0.215365,0.173111,0.014322,0.108141,0.026394,0.003566,0.003161
N20000511,0.726652,0.013884,0.007773,0.008882,0.140645,0.003543,0.001444,0.057315,0.039862
N20000512,0.670407,0.071963,0.015308,0.025096,0.115058,0.013948,0.003624,0.050767,0.033831
N20000513,0.103403,0.290684,0.277794,0.170288,0.039252,0.062182,0.037565,0.010089,0.008743
N20000514,0.044091,0.483231,0.157172,0.187966,0.011528,0.088289,0.021361,0.003406,0.002958
N20000515,0.200099,0.465579,0.066855,0.114100,0.040308,0.071657,0.014768,0.015476,0.011157
N20000516,0.656612,0.017534,0.018994,0.009049,0.181989,0.003495,0.003863,0.064318,0.044147
N20000517,0.018719,0.560824,0.043414,0.215664,0.003332,0.151655,0.004156,0.001200,0.001036
N20000518,0.013606,0.461059,0.156127,0.228877,0.004879,0.116711,0.016346,0.001246,0.001149
N20000519,0.055396,0.602357,0.035104,0.189718,0.009178,0.096414,0.005322,0.003633,0.002878
N20000520,0.016217,0.480912,0.136771,0.218678,0.004686,0.126235,0.014001,0.001305,0.001195
N20000521,0.116390,0.397133,0.133581,0.174727,0.033631,0.110202,0.016564,0.009512,0.008260
N20000522,0.742871,0.017290,0.006664,0.011376,0.124267,0.004727,0.001168,0.053700,0.037937
N20000523,0.032188,0.556715,0.062156,0.212689,0.006726,0.117922,0.007467,0.002220,0.001916
N20000524,0.636721,0.045893,0.037776,0.021725,0.147375,0.008317,0.007314,0.056128,0.038750
N20000525,0.427098,0.216484,0.070781,0.089197,0.089036,0.037418,0.012756,0.032980,0.024250
N20000526,0.080246,0.518235,0.139189,0.124509,0.020753,0.077936,0.027235,0.006677,0.005221
N20000527,0.128698,0.537253,0.082710,0.120414,0.024253,0.073055,0.017364,0.009330,0.006923
N20000528,0.733807,0.020606,0.007219,0.011368,0.125440,0.005045,0.001326,0.057254,0.037936
N20000529,0.050193,0.567315,0.088411,0.158050,0.011020,0.105438,0.012678,0.003832,0.003064
N20000530,0.684323,0.021418,0.017343,0.014354,0.156935,0.005558,0.003092,0.055941,0.041036
N20000531,0.018411,0.491177,0.176567,0.179816,0.006931,0.102600,0.021105,0.001813,0.001578
N20000532,0.702373,0.022420,0.015369,0.010188,0.142407,0.005141,0.003241,0.059737,0.039125
N20000533,0.037437,0.553076,0.110388,0.172383,0.008751,0.096760,0.016094,0.002767,0.002343
N20000534,0.063150,0.594142,0.060814,0.163020,0.012311,0.088306,0.010062,0.004605,0.003589
N20000535,0.696266,0.025278,0.011012,0.014304,0.148850,0.006076,0.002284,0.055966,0.039965
N20000536,0.678688,0.035499,0.017660,0.018969,0.144339,0.008361,0.003638,0.054187,0.038658
N20000537,0.037861,0.527922,0.087236,0.196119,0.009802,0.124167,0.011384,0.002984,0.002525
N20000538,0.687095,0.018303,0.016056,0.011923,0.158800,0.004444,0.002873,0.058644,0.041862
N20000539,0.036866,0.655826,0.030861,0.157614,0.005914,0.104223,0.004375,0.002439,0.001883
N20000540,0.048544,0.656070,0.034611,0.135923,0.006793,0.107525,0.005297,0.002961,0.002275
N20000541,0.742685,0.016771,0.006084,0.009858,0.126195,0.004260,0.001133,0.055296,0.037719
N20000542,0.033550,0.556161,0.035691,0.219536,0.005687,0.141154,0.004409,0.002066,0.001746
N20000543,0.748292,0.018252,0.008977,0.012090,0.117943,0.004693,0.001460,0.051663,0.036631
N20000544,0.017283,0.634292,0.028959,0.180947,0.003330,0.129581,0.003370,0.001226,0.001011
N20000545,0.021509,0.501497,0.082591,0.220268,0.004330,0.159482,0.007678,0.001384,0.001261
N20000546,0.030927,0.613085,0.058841,0.173593,0.005832,0.106919,0.006921,0.002134,0.001747
N20000547,0.027506,0.480472,0.133429,0.176052,0.006145,0.158925,0.013838,0.001941,0.001691
N20000548,0.031423,0.656494,0.030797,0.139577,0.005045,0.129038,0.004078,0.001965,0.001583
N20000549,0.017613,0.484257,0.100362,0.214915,0.004172,0.166583,0.009712,0.001244,0.001142
N20000550,0.021017,0.541541,0.113701,0.196420,0.005730,0.104725,0.013646,0.001724,0.001496
N20000551,0.020351,0.482718,0.093312,0.219639,0.006828,0.163973,0.009721,0.001827,0.001630
N20000552,0.018796,0.472360,0.160959,0.188263,0.005298,0.135762,0.015684,0.001506,0.001372
N20000553,0.018052,0.537392,0.107509,0.166369,0.004609,0.152225,0.011202,0.001402,0.001241
N20000554,0.021542,0.471502,0.148374,0.182835,0.006926,0.150807,0.014439,0.001874,0.001701
N20000555,0.019363,0.531347,0.084873,0.214835,0.005203,0.132087,0.009337,0.001573,0.001382
N20000556,0.031047,0.520806,0.084626,0.207647,0.008016,0.133860,0.009408,0.002453,0.002138
N20000557,0.021011,0.462640,0.144547,0.217802,0.009081,0.125405,0.015431,0.002130,0.001952
N20000558,0.021925,0.494143,0.078902,0.256649,0.006077,0.130489,0.008494,0.001735,0.001585
N20000559,0.014886,0.511148,0.055748,0.246231,0.003903,0.159853,0.006032,0.001160,0.001040
N20000560,0.035546,0.423550,0.184537,0.194090,0.013063,0.121182,0.021698,0.003347,0.002987
N20000561,0.017659,0.441235,0.187601,0.207232,0.006691,0.116605,0.019800,0.001655,0.001523
N20000562,0.023556,0.426827,0.144192,0.228193,0.007160,0.152134,0.014294,0.001869,0.001775
N20000563,0.053633,0.237837,0.413062,0.132089,0.020614,0.089266,0.044217,0.004755,0.004525
N20000564,0.024939,0.443565,0.166238,0.203813,0.006619,0.133826,0.017323,0.001924,0.001753
N20000565,0.061549,0.393567,0.180560,0.204044,0.020071,0.108298,0.021710,0.005422,0.004778
N20000566,0.042366,0.554119,0.065801,0.192229,0.007786,0.125451,0.007101,0.002771,0.002375
N20000567,0.020600,0.508368,0.074551,0.223454,0.004333,0.158746,0.007227,0.001451,0.001272
N20000568,0.025834,0.287036,0.380115,0.152247,0.012617,0.093074,0.043690,0.002819,0.002569
N20000569,0.050765,0.467176,0.113638,0.210655,0.012568,0.126433,0.011600,0.003764,0.003403
N20000570,0.062372,0.461414,0.171113,0.169242,0.017274,0.087549,0.021270,0.005354,0.004411
N20000571,0.052461,0.334103,0.285804,0.167787,0.016498,0.102438,0.032547,0.004380,0.003981
N20000572,0.018284,0.442909,0.158322,0.208443,0.006171,0.146547,0.016165,0.001656,0.001503
N20000573,0.043433,0.343307,0.332611,0.153049,0.015779,0.061862,0.042510,0.003892,0.003556
N20000574,0.042762,0.487158,0.149694,0.189325,0.011342,0.096048,0.017181,0.003487,0.003003
N20000575,0.019776,0.357656,0.348656,0.144720,0.007314,0.083132,0.035297,0.001776,0.001673
N20000576,0.021128,0.413948,0.260442,0.171388,0.008314,0.092080,0.028844,0.002008,0.001849
N20000577,0.043072,0.383127,0.249790,0.169470,0.017982,0.098316,0.030205,0.004183,0.003855
N20000578,0.039365,0.311186,0.368387,0.137985,0.017042,0.074190,0.044295,0.003943,0.003607
N20000579,0.028956,0.422729,0.185747,0.210177,0.010285,0.117381,0.019637,0.002665,0.002423
N20000580,0.033223,0.464293,0.138563,0.205025,0.009362,0.129750,0.014648,0.002704,0.002432
N20000581,0.020177,0.533727,0.068775,0.257617,0.004209,0.105463,0.007461,0.001345,0.001227
N20000582,0.033357,0.366031,0.214131,0.200279,0.013476,0.144065,0.022459,0.003205,0.002997
N20000583,0.032102,0.425401,0.108194,0.233228,0.009338,0.176248,0.010538,0.002565,0.002385
N20000584,0.043664,0.484471,0.143120,0.163212,0.012856,0.129624,0.016249,0.003591,0.003212
N20000585,0.052891,0.451126,0.087339,0.226000,0.015831,0.149097,0.009351,0.004419,0.003945
N20000586,0.017916,0.398847,0.227495,0.205900,0.006065,0.120547,0.020231,0.001541,0.001457
N20000587,0.038336,0.488111,0.129329,0.161663,0.010760,0.152577,0.013395,0.003059,0.002769
N20000588,0.032047,0.429162,0.110137,0.244852,0.009057,0.158804,0.011036,0.002544,0.002360
N20000589,0.032965,0.518326,0.034085,0.203916,0.006388,0.196954,0.003328,0.002102,0.001935
N20000590,0.141412,0.365220,0.127456,0.171253,0.031147,0.131733,0.013421,0.009609,0.008748
N20000591,0.066554,0.427526,0.057788,0.169844,0.010890,0.255693,0.004655,0.003573,0.003477
N20000592,0.204584,0.284227,0.161299,0.157855,0.046565,0.100892,0.017923,0.013944,0.012711
N20000593,0.096389,0.433206,0.045266,0.201176,0.017539,0.190418,0.004573,0.006035,0.005397
N20000594,0.056053,0.385392,0.216811,0.160933,0.016764,0.132089,0.023246,0.004567,0.004145
N20000595,0.130471,0.293003,0.237391,0.167791,0.043121,0.077843,0.028640,0.011629,0.010111
N20000596,0.691314,0.036400,0.035728,0.026423,0.116204,0.009646,0.004614,0.044492,0.035179
N20000597,0.445894,0.104125,0.137669,0.073195,0.126884,0.024596,0.020697,0.036141,0.030797
N20000598,0.440962,0.180743,0.079495,0.091573,0.097800,0.036546,0.012262,0.034294,0.026326
N20000599,0.064354,0.409207,0.174519,0.200797,0.021909,0.096369,0.021759,0.005943,0.005142
N20000600,0.451112,0.102151,0.130295,0.065437,0.135901,0.022886,0.019469,0.040227,0.032521
N20000601,0.250991,0.334926,0.078369,0.162678,0.050047,0.079828,0.010879,0.017944,0.014339
N20000602,0.165189,0.306954,0.152153,0.191951,0.042647,0.101340,0.016073,0.012638,0.011055
N20000603,0.054245,0.492323,0.101520,0.202693,0.012433,0.117983,0.011275,0.004051,0.003477
N20000604,0.034772,0.279534,0.344050,0.214039,0.023241,0.051798,0.044036,0.004439,0.004091
N20000605,0.478400,0.157995,0.053590,0.112660,0.083005,0.052505,0.006422,0.030065,0.025359
N20000606,0.331977,0.226882,0.093809,0.144882,0.075376,0.071381,0.010905,0.024260,0.020529
N20000607,0.174168,0.245779,0.235384,0.141989,0.082122,0.051204,0.033077,0.019678,0.016599
N20000608,0.125225,0.316010,0.177615,0.203655,0.054246,0.073086,0.026029,0.012777,0.011357
N20000609,0.145187,0.273565,0.214455,0.179028,0.063840,0.062724,0.032065,0.015671,0.013464
N20000610,0.073579,0.392669,0.151141,0.236763,0.025114,0.089488,0.018492,0.006816,0.005938
N20000611,0.220829,0.378909,0.059575,0.179276,0.044219,0.080510,0.008332,0.015702,0.012648
N20000612,0.238542,0.356267,0.084445,0.166304,0.043133,0.071443,0.010858,0.016011,0.012997
N20000613,0.095101,0.397678,0.161066,0.196504,0.025456,0.090689,0.019281,0.007610,0.006616
N20000614,0.089762,0.355122,0.178151,0.202391,0.033990,0.103160,0.021623,0.008246,0.007554
N20000615,0.418549,0.234816,0.069269,0.098941,0.073431,0.041790,0.010892,0.029973,0.022339
N20000616,0.262405,0.363787,0.061561,0.146863,0.049662,0.072731,0.009329,0.019007,0.014655
N20000617,0.176895,0.266605,0.217390,0.174526,0.057497,0.052983,0.025661,0.015012,0.013430
N20000618,0.241889,0.320792,0.128096,0.142138,0.051176,0.067663,0.016313,0.017492,0.014442
N20000619,0.480103,0.166101,0.091874,0.075596,0.081345,0.035502,0.013516,0.031463,0.024501
N20000620,0.189939,0.319298,0.184560,0.121512,0.061726,0.060386,0.029655,0.018408,0.014516
N20000621,0.222036,0.181506,0.286465,0.106049,0.085877,0.038383,0.038685,0.022122,0.018878
N20000622,0.367655,0.161253,0.179355,0.085743,0.096141,0.031510,0.024178,0.029812,0.024354
N20000623,0.111449,0.423623,0.108658,0.195942,0.033231,0.093592,0.015038,0.010156,0.008311
N20000624,0.199294,0.244314,0.285635,0.104387,0.050494,0.048393,0.038724,0.015775,0.012986
N20000625,0.362657,0.195259,0.134079,0.070039,0.116222,0.033816,0.026651,0.034655,0.026623
N20000626,0.097377,0.356380,0.204700,0.184281,0.034339,0.080609,0.025195,0.009161,0.007957
N20000627,0.237889,0.259649,0.182892,0.143955,0.062186,0.056900,0.022244,0.018303,0.015981
N20000628,0.062827,0.399021,0.164233,0.223611,0.027746,0.089741,0.020018,0.006823,0.005980
N20000629,0.089123,0.406351,0.086401,0.201416,0.023576,0.170720,0.009598,0.006754,0.006062
N20000630,0.188875,0.361491,0.104241,0.181854,0.043205,0.080968,0.013185,0.014339,0.011842
N20000631,0.186218,0.319710,0.158024,0.173744,0.048890,0.065726,0.020978,0.014321,0.012390
N20000632,0.199515,0.327847,0.165091,0.132378,0.059010,0.058881,0.024140,0.018638,0.014499
N20000633,0.069126,0.451881,0.105242,0.231720,0.022302,0.094664,0.013332,0.006325,0.005408
N20000634,0.069399,0.570396,0.049291,0.179122,0.014991,0.100006,0.006817,0.005669,0.004309
N20000635,0.131800,0.237439,0.285205,0.133770,0.082751,0.052198,0.044186,0.017651,0.015001
N20000636,0.083290,0.416216,0.160311,0.187494,0.025464,0.094189,0.019690,0.007087,0.006259
N20000637,0.085923,0.365213,0.192341,0.198750,0.033245,0.084409,0.024433,0.008339,0.007347
N20000638,0.063414,0.369668,0.217915,0.187159,0.030457,0.089416,0.028484,0.007231,0.006257
N20000639,0.078098,0.467724,0.096665,0.210762,0.018940,0.105771,0.011109,0.005824,0.005107
N20000640,0.152698,0.278756,0.217630,0.159861,0.062202,0.070857,0.029119,0.015509,0.013367
N20000641,0.171390,0.335102,0.155421,0.156615,0.052703,0.076115,0.024504,0.015472,0.012678
N20000642,0.325732,0.118559,0.221026,0.081747,0.128033,0.032317,0.033432,0.031726,0.027428
N20000643,0.086893,0.265829,0.325806,0.158405,0.038639,0.061111,0.045412,0.009613,0.008292
N20000644,0.032495,0.501221,0.031206,0.260224,0.005099,0.163437,0.002794,0.001838,0.001686
N20000645,0.326990,0.180145,0.156249,0.127093,0.091833,0.051447,0.017637,0.025524,0.023081
N20000646,0.449159,0.127430,0.102442,0.066129,0.136822,0.030263,0.014884,0.040385,0.032486
N20000647,0.386953,0.197030,0.078631,0.131595,0.088322,0.056585,0.009727,0.027465,0.023691
N20000648,0.056368,0.427715,0.089523,0.233652,0.017386,0.157457,0.008947,0.004665,0.004287
N20000649,0.162489,0.350939,0.142706,0.156302,0.036658,0.116573,0.013324,0.011024,0.009984
N20000650,0.055897,0.511892,0.026569,0.213054,0.009840,0.173259,0.002811,0.003568,0.003111
N20000651,0.559710,0.118430,0.040734,0.068331,0.101318,0.038099,0.005380,0.037699,0.030299
N20000652,0.207764,0.349760,0.045300,0.218301,0.041474,0.105247,0.005298,0.014558,0.012298
N20000653,0.171410,0.346498,0.084950,0.199977,0.036998,0.129605,0.008576,0.011550,0.010436
N20000654,0.552662,0.083944,0.057769,0.049318,0.142902,0.022473,0.009398,0.045486,0.036048
N20000655,0.028366,0.517348,0.019695,0.167709,0.003998,0.258483,0.001622,0.001423,0.001358
N20000656,0.058427,0.499700,0.022274,0.181024,0.007985,0.222796,0.002061,0.002988,0.002747
N20000657,0.082819,0.395302,0.137442,0.187112,0.024795,0.145654,0.013794,0.006925,0.006157
N20000658,0.102571,0.428988,0.034767,0.226400,0.018113,0.173796,0.003445,0.006253,0.005667
N20000659,0.345806,0.272457,0.067655,0.117074,0.065267,0.079029,0.009045,0.024456,0.019211
N20000660,0.195576,0.408032,0.033244,0.156528,0.028568,0.152964,0.003942,0.011678,0.009469
N20000661,0.293665,0.238235,0.127668,0.122763,0.082116,0.074383,0.016959,0.023845,0.020367
N20000662,0.211528,0.373952,0.058674,0.159319,0.033436,0.133037,0.006327,0.012990,0.010739
N20000663,0.244960,0.364965,0.039813,0.161568,0.026471,0.136831,0.004020,0.011545,0.009827
N20000664,0.016289,0.557851,0.030562,0.200456,0.002785,0.187318,0.002896,0.000977,0.000866
N20000665,0.028830,0.507774,0.033139,0.230354,0.006409,0.186259,0.003318,0.002082,0.001835
N20000666,0.015495,0.527372,0.037683,0.255585,0.002959,0.155327,0.003715,0.000973,0.000892
N20000667,0.031285,0.472466,0.102138,0.221196,0.008759,0.149500,0.009948,0.002458,0.002250
N20000668,0.030718,0.545289,0.039526,0.201453,0.005622,0.169385,0.004325,0.001995,0.001687
N20000669,0.020848,0.515518,0.064688,0.271292,0.005477,0.111330,0.007731,0.001671,0.001445
N20000670,0.020836,0.534568,0.029322,0.198866,0.003201,0.208554,0.002472,0.001133,0.001048
N20000671,0.017431,0.515130,0.065696,0.271331,0.004688,0.115486,0.007607,0.001393,0.001239
N20000672,0.032761,0.553192,0.033530,0.188959,0.006743,0.177479,0.003241,0.002142,0.001953
N20000673,0.014666,0.518336,0.033863,0.272009,0.002616,0.153774,0.003036,0.000882,0.000818
N20000674,0.048203,0.433995,0.116865,0.239668,0.014421,0.126800,0.012566,0.003908,0.003574
N20000675,0.012988,0.556787,0.026956,0.142430,0.001629,0.255906,0.002107,0.000622,0.000575
N20000676,0.018301,0.555181,0.045386,0.180476,0.004164,0.189806,0.004243,0.001273,0.001171
N20000677,0.015098,0.508206,0.060002,0.290385,0.004654,0.112686,0.006480,0.001325,0.001164
N20000678,0.029537,0.587082,0.040702,0.149965,0.005465,0.179724,0.004081,0.001807,0.001637
N20000679,0.018416,0.577717,0.037128,0.177352,0.003556,0.180162,0.003490,0.001127,0.001053
N20000680,0.026916,0.574531,0.031090,0.219692,0.003940,0.138021,0.003073,0.001434,0.001303
N20000681,0.025851,0.474371,0.065555,0.213514,0.006020,0.205482,0.005751,0.001783,0.001673
N20000682,0.040654,0.578696,0.023714,0.212582,0.005894,0.131474,0.002686,0.002340,0.001960
N20000683,0.040499,0.549078,0.035083,0.226849,0.007937,0.131497,0.003919,0.002768,0.002370
N20000684,0.061729,0.563461,0.045851,0.188243,0.013141,0.112961,0.006346,0.004584,0.003685
N20000685,0.047716,0.510278,0.072672,0.178189,0.011819,0.165004,0.007624,0.003521,0.003176
N20000686,0.032923,0.539295,0.034841,0.231302,0.006856,0.146844,0.003583,0.002341,0.002015
N20000687,0.020560,0.556620,0.016121,0.232938,0.003294,0.166534,0.001668,0.001196,0.001068
N20000688,0.069159,0.458647,0.049155,0.238532,0.014526,0.156454,0.005001,0.004414,0.004113
N20000689,0.024655,0.513040,0.020561,0.253241,0.004817,0.178503,0.002040,0.001664,0.001478
N20000690,0.017968,0.518886,0.020488,0.294135,0.003271,0.141169,0.001949,0.001114,0.001020
N20000691,0.016328,0.538476,0.035140,0.207865,0.003378,0.193463,0.003284,0.001077,0.000989
N20000692,0.123805,0.403002,0.078226,0.163830,0.020972,0.188972,0.007543,0.007173,0.006477
N20000693,0.030855,0.519279,0.014403,0.234095,0.004754,0.191860,0.001323,0.001838,0.001593
N20000694,0.048004,0.456348,0.029227,0.157233,0.006350,0.295952,0.002361,0.002331,0.002192
N20000695,0.031135,0.477143,0.027467,0.221553,0.005431,0.231236,0.002376,0.001921,0.001738
N20000696,0.142206,0.433255,0.080338,0.155875,0.033161,0.124093,0.010717,0.011364,0.008992
N20000697,0.039041,0.551971,0.024746,0.221606,0.007014,0.148047,0.002816,0.002583,0.002176
N20000698,0.085073,0.485031,0.031442,0.227216,0.015011,0.142505,0.003465,0.005568,0.004690
N20000699,0.179346,0.376420,0.015168,0.231139,0.024131,0.153826,0.001610,0.009879,0.008481
N20000700,0.033420,0.491599,0.074517,0.221623,0.008495,0.158138,0.007345,0.002573,0.002290
N20000701,0.693089,0.063789,0.009874,0.044627,0.090759,0.023317,0.001337,0.041783,0.031424
N20000702,0.706492,0.046008,0.007154,0.028731,0.110532,0.015707,0.001096,0.048948,0.035331
N20000703,0.030300,0.474613,0.026708,0.217388,0.005810,0.239064,0.002376,0.001956,0.001785
N20000704,0.181193,0.402358,0.053822,0.195076,0.031324,0.108231,0.006460,0.011800,0.009735
N20000705,0.574120,0.124497,0.027217,0.070155,0.091641,0.041025,0.003897,0.038490,0.028958
N20000706,0.768926,0.020063,0.004255,0.013802,0.102707,0.006785,0.000705,0.048150,0.034606
N20000707,0.745532,0.023385,0.008221,0.015265,0.112815,0.007843,0.001256,0.049869,0.035813
N20000708,0.189128,0.377974,0.029007,0.209673,0.028352,0.142423,0.003091,0.010946,0.009406
N20000709,0.682322,0.079244,0.008598,0.053321,0.080069,0.029073,0.001128,0.037339,0.028906
N20000710,0.720633,0.052377,0.010138,0.033464,0.089685,0.018024,0.001414,0.042781,0.031484
N20000711,0.013249,0.544296,0.061922,0.247309,0.003256,0.121584,0.006432,0.001035,0.000916
N20000712,0.642531,0.041993,0.021034,0.024044,0.156377,0.009480,0.004035,0.059457,0.041050
N20000713,0.359408,0.240429,0.083459,0.105245,0.093242,0.047711,0.013605,0.032711,0.024191
N20000714,0.056913,0.597766,0.028804,0.173668,0.013013,0.116857,0.004291,0.004963,0.003725
N20000715,0.700065,0.019811,0.019042,0.012326,0.142544,0.004506,0.003148,0.058231,0.040325
N20000716,0.042361,0.473983,0.164785,0.185380,0.014345,0.087019,0.024604,0.004133,0.003389
N20000717,0.027806,0.588990,0.034423,0.218986,0.005725,0.116036,0.004209,0.002103,0.001722
N20000718,0.016746,0.593918,0.048180,0.225292,0.004084,0.103268,0.005915,0.001438,0.001160
N20000719,0.674074,0.013633,0.014571,0.006799,0.174655,0.002936,0.002803,0.066560,0.043968
N20000720,0.008947,0.608097,0.032618,0.191391,0.001581,0.153233,0.003033,0.000585,0.000515
N20000721,0.077354,0.482038,0.075311,0.204783,0.017248,0.123714,0.008371,0.006189,0.004992
N20000722,0.043201,0.439396,0.196002,0.190220,0.016112,0.076003,0.030901,0.004494,0.003671
N20000723,0.034734,0.562635,0.069429,0.200073,0.008612,0.109818,0.009346,0.002983,0.002369
N20000724,0.672949,0.016585,0.007627,0.009489,0.178033,0.003881,0.001677,0.065282,0.044477
N20000725,0.660822,0.034460,0.023929,0.015844,0.151586,0.006992,0.004290,0.061196,0.040882
N20000726,0.276998,0.228788,0.182254,0.116616,0.079593,0.040542,0.030341,0.025154,0.019714
N20000727,0.029882,0.519440,0.100073,0.235395,0.008987,0.087442,0.013608,0.002864,0.002310
N20000728,0.045664,0.537467,0.079501,0.193707,0.013618,0.112290,0.009912,0.004358,0.003484
N20000729,0.035678,0.607907,0.057591,0.173248,0.007431,0.105602,0.007536,0.002790,0.002218
N20000730,0.049230,0.552719,0.049858,0.206858,0.012115,0.115277,0.006370,0.004234,0.003339
N20000731,0.533311,0.086744,0.047745,0.033858,0.173674,0.017066,0.010578,0.057085,0.039939
N20000732,0.650199,0.031959,0.022103,0.020170,0.162039,0.007608,0.004017,0.059732,0.042172
N20000733,0.601419,0.037041,0.029570,0.021272,0.190295,0.007793,0.005990,0.062142,0.044477
N20000734,0.515946,0.016873,0.032508,0.010876,0.281806,0.003472,0.008435,0.077396,0.052688
N20000735,0.668294,0.015355,0.013327,0.009627,0.176608,0.003767,0.002613,0.065605,0.044804
N20000736,0.052256,0.544661,0.108663,0.168107,0.015577,0.084081,0.017679,0.005075,0.003902
N20000737,0.030219,0.621920,0.048413,0.176629,0.007203,0.104648,0.006268,0.002652,0.002049
N20000738,0.488308,0.019174,0.035277,0.007854,0.300775,0.003081,0.012263,0.081580,0.051688
N20000739,0.037337,0.591481,0.026877,0.224709,0.006639,0.104708,0.003341,0.002782,0.002127
N20000740,0.634276,0.016049,0.014052,0.009725,0.204697,0.003664,0.003008,0.067605,0.046925
N20000741,0.620913,0.014701,0.013178,0.008039,0.213604,0.002942,0.003109,0.075053,0.048462
N20000742,0.045739,0.561947,0.089840,0.178896,0.010409,0.094447,0.012323,0.003498,0.002900
N20000743,0.601399,0.060592,0.036314,0.027715,0.155520,0.011742,0.006400,0.059647,0.040671
N20000744,0.064934,0.611939,0.033058,0.163952,0.011382,0.101637,0.004540,0.004909,0.003649
N20000745,0.588121,0.049175,0.037296,0.017217,0.184509,0.008539,0.009582,0.063727,0.041834
N20000746,0.687642,0.018313,0.009461,0.009170,0.161661,0.004000,0.002106,0.065366,0.042282
N20000747,0.598586,0.023762,0.015933,0.010333,0.220467,0.004545,0.004821,0.074309,0.047245
N20000748,0.703062,0.018272,0.007543,0.008269,0.147464,0.003742,0.001584,0.068623,0.041440
N20000749,0.695451,0.029210,0.013666,0.013662,0.139388,0.006133,0.002655,0.060500,0.039335
N20000750,0.611204,0.018101,0.022344,0.009531,0.211124,0.003525,0.005141,0.071670,0.047359
N20000751,0.715446,0.017985,0.009359,0.009519,0.140054,0.003857,0.001756,0.061926,0.040099
N20000752,0.701075,0.012828,0.007037,0.006670,0.157799,0.002772,0.001367,0.067520,0.042932
N20000753,0.722793,0.010757,0.003446,0.005718,0.145287,0.002517,0.000695,0.067182,0.041605
N20000754,0.592432,0.037234,0.023983,0.011778,0.204485,0.006627,0.007931,0.071633,0.043896
N20000755,0.711610,0.013406,0.006540,0.007370,0.149350,0.003163,0.001178,0.065289,0.042093
N20000756,0.709293,0.024927,0.011044,0.011896,0.135907,0.005228,0.002080,0.060307,0.039318
N20000757,0.598047,0.038827,0.025863,0.015296,0.193874,0.006470,0.006804,0.070021,0.044797
N20000758,0.720961,0.013374,0.005527,0.006917,0.142768,0.002998,0.001052,0.065193,0.041210
N20000759,0.505667,0.073611,0.092843,0.020902,0.174466,0.009876,0.028488,0.056739,0.037407
N20000760,0.691364,0.014608,0.007144,0.008286,0.165089,0.003317,0.001544,0.065642,0.043007
N20000761,0.724565,0.013177,0.004301,0.006543,0.140926,0.002929,0.000923,0.066020,0.040616
N20000762,0.711465,0.015643,0.004724,0.007966,0.148987,0.003760,0.000980,0.065121,0.041355
N20000763,0.518865,0.145037,0.033721,0.070474,0.114726,0.032229,0.005107,0.047202,0.032639
N20000764,0.503039,0.029637,0.051632,0.010019,0.259403,0.004210,0.018220,0.076357,0.047482
N20000765,0.703775,0.016885,0.006984,0.007838,0.150401,0.003591,0.001399,0.067033,0.042093
N20000766,0.664170,0.026757,0.014409,0.010510,0.166033,0.005015,0.003589,0.067346,0.042170
N20000767,0.682737,0.039966,0.012129,0.021037,0.133261,0.009269,0.002017,0.060421,0.039163
N20000768,0.728899,0.014803,0.006490,0.008428,0.134245,0.003427,0.001119,0.062423,0.040167
N20000769,0.655971,0.033751,0.018709,0.013209,0.162911,0.006689,0.004166,0.063044,0.041551
N20000770,0.648807,0.061597,0.021350,0.023603,0.132448,0.011340,0.003797,0.058914,0.038145
N20000771,0.704091,0.025622,0.010213,0.011448,0.140431,0.005380,0.002068,0.061018,0.039728
N20000772,0.576485,0.068925,0.027200,0.020885,0.179744,0.010531,0.008958,0.066573,0.040698
N20000773,0.748567,0.021002,0.007141,0.011208,0.111829,0.005098,0.001132,0.057382,0.036642
N20000774,0.581980,0.023045,0.027351,0.008484,0.225246,0.003612,0.008601,0.075045,0.046634
N20000775,0.631275,0.038383,0.036962,0.016384,0.160660,0.007932,0.006999,0.060557,0.040849
N20000776,0.031111,0.691287,0.025454,0.139982,0.005861,0.098224,0.003658,0.002568,0.001854
N20000777,0.737269,0.015752,0.007610,0.009575,0.129537,0.003780,0.001294,0.056652,0.038531
N20000778,0.631520,0.020945,0.016608,0.008338,0.193913,0.003959,0.004073,0.074942,0.045703
N20000779,0.735626,0.028799,0.007034,0.012775,0.114313,0.006221,0.001389,0.057449,0.036394
N20000780,0.653324,0.017809,0.011555,0.008295,0.184384,0.003348,0.002454,0.072975,0.045856
N20000781,0.717859,0.017057,0.007665,0.009572,0.139382,0.003969,0.001341,0.062669,0.040485
N20000782,0.721039,0.022191,0.012711,0.012068,0.130166,0.004757,0.002175,0.056367,0.038527
N20000783,0.701347,0.023861,0.009283,0.009891,0.144240,0.004744,0.002211,0.064533,0.039889
N20000784,0.701335,0.014968,0.009724,0.007856,0.152566,0.003068,0.001950,0.066623,0.041909
N20000785,0.671649,0.011870,0.015887,0.006920,0.175367,0.002400,0.002846,0.068357,0.044704
N20000786,0.439508,0.056970,0.114267,0.023286,0.221530,0.008015,0.032243,0.062465,0.041715
N20000787,0.619689,0.022453,0.025335,0.015105,0.196432,0.005056,0.005185,0.065155,0.045591
N20000788,0.631832,0.025482,0.029060,0.015850,0.182100,0.005752,0.005550,0.060460,0.043913
N20000789,0.459871,0.034088,0.088784,0.018712,0.259315,0.006313,0.021591,0.064621,0.046706
N20000790,0.055943,0.575984,0.047479,0.187221,0.012160,0.106062,0.006948,0.004649,0.003554
N20000791,0.428462,0.105088,0.095756,0.055535,0.185024,0.019229,0.021196,0.051560,0.038151
N20000792,0.643263,0.025118,0.033334,0.013013,0.170002,0.004924,0.006221,0.061477,0.042648
N20000793,0.609994,0.046600,0.035715,0.026673,0.164555,0.009897,0.006827,0.058291,0.041447
N20000794,0.634098,0.018898,0.023182,0.010202,0.193354,0.003800,0.004866,0.066358,0.045243
N20000795,0.115372,0.456108,0.124189,0.158339,0.034734,0.066421,0.025199,0.011275,0.008363
N20000796,0.454435,0.033419,0.091460,0.023427,0.256873,0.007779,0.021208,0.063825,0.047573
N20000797,0.345526,0.147241,0.157711,0.087252,0.133495,0.032042,0.029240,0.038081,0.029412
N20000798,0.021820,0.613355,0.045318,0.193799,0.003961,0.113348,0.005609,0.001540,0.001250
N20000799,0.429989,0.025055,0.108380,0.018480,0.275684,0.005864,0.024886,0.063298,0.048364
N20000800,0.045158,0.489744,0.122594,0.224127,0.013377,0.081102,0.016260,0.004193,0.003444
N20000801,0.042657,0.515773,0.131709,0.186531,0.013845,0.082064,0.019808,0.004209,0.003404
N20000802,0.507674,0.020425,0.053156,0.014061,0.266037,0.004662,0.012473,0.070963,0.050549
N20000803,0.427362,0.019691,0.076758,0.013055,0.316298,0.004074,0.019899,0.071159,0.051703
N20000804,0.423853,0.110476,0.086194,0.061232,0.185053,0.022494,0.018216,0.053751,0.038730
N20000805,0.046923,0.368633,0.251172,0.192147,0.018760,0.082721,0.030481,0.004927,0.004236
N20000806,0.025516,0.493145,0.080328,0.264497,0.007752,0.115756,0.008715,0.002295,0.001996
N20000807,0.428863,0.027963,0.088762,0.018581,0.290876,0.005740,0.022765,0.067056,0.049394
N20000808,0.453994,0.019890,0.075342,0.012840,0.292667,0.004491,0.019662,0.070085,0.051029
N20000809,0.168932,0.203145,0.298986,0.119341,0.081435,0.042247,0.049067,0.020243,0.016604
N20000810,0.429970,0.033384,0.125937,0.022026,0.245103,0.006811,0.030356,0.061374,0.045040
N20000811,0.022346,0.637080,0.041824,0.171819,0.004256,0.114640,0.005078,0.001637,0.001320
N20000812,0.418526,0.012587,0.073581,0.008544,0.338651,0.002702,0.020678,0.071737,0.052993
N20000813,0.021048,0.623439,0.036706,0.194861,0.004258,0.112350,0.004389,0.001646,0.001304
N20000814,0.583356,0.056032,0.046015,0.029740,0.166046,0.011051,0.009260,0.057785,0.040715
N20000815,0.541633,0.020632,0.044545,0.014122,0.247330,0.004759,0.010684,0.067226,0.049068
N20000816,0.386291,0.051548,0.155079,0.035449,0.232295,0.010891,0.031808,0.054593,0.042046
N20000817,0.294326,0.114214,0.236784,0.058195,0.157449,0.021681,0.047610,0.039470,0.030272
N20000818,0.458649,0.017449,0.078559,0.009932,0.291640,0.003141,0.020077,0.070376,0.050176
N20000819,0.212024,0.151764,0.303151,0.086904,0.111155,0.029342,0.057824,0.026467,0.021369
N20000820,0.022269,0.581476,0.040254,0.222293,0.004712,0.121019,0.004800,0.001766,0.001410
N20000821,0.109556,0.357397,0.246308,0.090263,0.056984,0.048589,0.065387,0.014814,0.010703
N20000822,0.472851,0.026872,0.068586,0.015602,0.273024,0.005533,0.019874,0.068413,0.049245
N20000823,0.105603,0.367414,0.175753,0.184835,0.040863,0.077954,0.026647,0.011704,0.009227
N20000824,0.507549,0.042626,0.070479,0.018825,0.221886,0.007603,0.018223,0.067605,0.045203
N20000825,0.326377,0.123142,0.186456,0.031644,0.177264,0.017585,0.058308,0.046973,0.032250
N20000826,0.140102,0.145191,0.426106,0.083809,0.075701,0.023784,0.074059,0.017095,0.014153
N20000827,0.482881,0.035471,0.097753,0.022404,0.227168,0.007126,0.022634,0.059966,0.044598
N20000828,0.043804,0.496727,0.138445,0.197931,0.013965,0.081907,0.019535,0.004259,0.003427
N20000829,0.046859,0.496887,0.196393,0.126521,0.014670,0.076338,0.034227,0.004582,0.003523
N20000830,0.498663,0.082364,0.075653,0.038571,0.180040,0.015770,0.015577,0.053808,0.039554
N20000831,0.571987,0.018595,0.034959,0.010814,0.233502,0.003768,0.007619,0.069969,0.048789
N20000832,0.301624,0.293329,0.087049,0.118815,0.082239,0.051634,0.015325,0.028903,0.021083
N20000833,0.559376,0.040793,0.041777,0.019067,0.208616,0.007992,0.011077,0.066756,0.044547
N20000834,0.050743,0.546491,0.085297,0.193465,0.012036,0.092925,0.011772,0.004008,0.003262
N20000835,0.029108,0.596339,0.064875,0.177369,0.007526,0.110544,0.009568,0.002642,0.002029
N20000836,0.530106,0.021852,0.053228,0.008754,0.248023,0.003604,0.014678,0.072037,0.047718
N20000837,0.019999,0.597607,0.044329,0.202425,0.004816,0.122017,0.005788,0.001674,0.001345
N20000838,0.533840,0.028595,0.047004,0.013573,0.241001,0.005327,0.013728,0.069652,0.047280
N20000839,0.507645,0.039583,0.094456,0.022805,0.207415,0.008181,0.019911,0.057338,0.042666
N20000840,0.535184,0.014263,0.034639,0.006197,0.270159,0.002655,0.009775,0.076653,0.050475
N20000841,0.472882,0.143315,0.073449,0.064511,0.125112,0.029518,0.013485,0.045486,0.032243
N20000842,0.103244,0.444791,0.164371,0.122900,0.040890,0.064992,0.037790,0.012168,0.008854
N20000843,0.582428,0.057289,0.036718,0.020400,0.177784,0.011672,0.009860,0.062927,0.040922
N20000844,0.026878,0.599326,0.033664,0.204665,0.006363,0.120775,0.004113,0.002387,0.001829
N20000845,0.063376,0.536335,0.081729,0.170169,0.013953,0.112139,0.013675,0.004823,0.003799
N20000846,0.657562,0.019338,0.012893,0.009952,0.180980,0.003901,0.002944,0.067854,0.044576
N20000847,0.049046,0.612529,0.055167,0.164229,0.009554,0.093434,0.009455,0.003765,0.002821
N20000848,0.647973,0.076390,0.012281,0.029415,0.121955,0.015127,0.002577,0.058038,0.036244
N20000849,0.612513,0.036826,0.024942,0.012415,0.189824,0.006223,0.007596,0.066545,0.043115
N20000850,0.062204,0.549125,0.113288,0.145497,0.016515,0.081905,0.021541,0.005681,0.004244
N20000851,0.089079,0.554960,0.033755,0.171390,0.020234,0.112001,0.005078,0.007747,0.005755
N20000852,0.041206,0.625461,0.049773,0.157856,0.007271,0.106147,0.007022,0.002975,0.002289
N20000853,0.100304,0.477996,0.133029,0.146731,0.031375,0.070242,0.022592,0.010108,0.007622
N20000854,0.135732,0.205029,0.321749,0.044082,0.090467,0.020326,0.146851,0.020921,0.014842
N20000855,0.203827,0.116770,0.291577,0.031600,0.152859,0.013406,0.132149,0.034083,0.023730
N20000856,0.015297,0.606231,0.072089,0.204007,0.003756,0.087232,0.009028,0.001311,0.001048
N20000857,0.080063,0.149976,0.427522,0.035655,0.067003,0.014443,0.201578,0.013738,0.010021
N20000858,0.023166,0.547677,0.135181,0.177096,0.007807,0.085729,0.019076,0.002374,0.001895
N20000859,0.033076,0.255361,0.459976,0.098253,0.020063,0.031424,0.093696,0.004490,0.003661
N20000860,0.009892,0.542162,0.119242,0.231149,0.002720,0.079893,0.013431,0.000797,0.000714
N20000861,0.022948,0.463444,0.187922,0.221112,0.009104,0.062230,0.028872,0.002350,0.002019
N20000862,0.034413,0.465350,0.213592,0.167107,0.013219,0.067173,0.032498,0.003652,0.002996
N20000863,0.011941,0.225068,0.540299,0.103821,0.007881,0.029380,0.078612,0.001574,0.001423
N20000864,0.039102,0.398800,0.327578,0.102966,0.018007,0.046337,0.058564,0.004911,0.003735
N20000865,0.036057,0.404819,0.273393,0.162506,0.013041,0.063076,0.040696,0.003450,0.002961
N20000866,0.046543,0.329477,0.368521,0.106010,0.023071,0.045520,0.070702,0.005617,0.004540
N20000867,0.052127,0.329624,0.365248,0.106398,0.027509,0.037819,0.069182,0.006736,0.005358
N20000868,0.043800,0.345364,0.352002,0.113123,0.024544,0.047336,0.063291,0.005871,0.004668
N20000869,0.015577,0.136209,0.657261,0.063332,0.010748,0.018461,0.094471,0.002062,0.001878
N20000870,0.023866,0.686923,0.040833,0.147847,0.005194,0.086034,0.005669,0.002086,0.001549
N20000871,0.024773,0.523954,0.168298,0.167927,0.008751,0.075850,0.025790,0.002578,0.002080
N20000872,0.044154,0.252195,0.449947,0.083699,0.026427,0.033097,0.100037,0.005752,0.004692
N20000873,0.016668,0.681640,0.032075,0.165635,0.002878,0.095086,0.003920,0.001166,0.000933
N20000874,0.039400,0.650260,0.060120,0.151153,0.008552,0.075981,0.008570,0.003427,0.002537
N20000875,0.055519,0.492748,0.184085,0.139842,0.018762,0.065030,0.033827,0.005779,0.004408
N20000876,0.025686,0.179757,0.571680,0.064412,0.019242,0.020930,0.111250,0.003832,0.003211
N20000877,0.027455,0.662910,0.058405,0.148115,0.006694,0.083290,0.008683,0.002549,0.001899
N20000878,0.086829,0.371209,0.276442,0.085657,0.040982,0.041676,0.078450,0.010860,0.007895
N20000879,0.030788,0.335959,0.387023,0.115876,0.012911,0.045471,0.065990,0.003230,0.002752
N20000880,0.034915,0.674585,0.045583,0.137043,0.006668,0.089370,0.007050,0.002737,0.002048
N20000881,0.036443,0.365263,0.327693,0.141413,0.018879,0.047315,0.054678,0.004575,0.003742
N20000882,0.075632,0.135929,0.422760,0.028187,0.066966,0.011185,0.236373,0.013330,0.009639
N20000883,0.031462,0.301558,0.411326,0.116663,0.018890,0.037579,0.074870,0.004170,0.003482
N20000884,0.078166,0.552620,0.088887,0.150430,0.022252,0.078578,0.015589,0.007799,0.005680
N20000885,0.069979,0.453923,0.176072,0.159675,0.027602,0.066422,0.032198,0.008032,0.006097
N20000886,0.644153,0.093741,0.013355,0.036912,0.103796,0.019778,0.002327,0.052283,0.033654
N20000887,0.731860,0.015505,0.003024,0.008443,0.131551,0.003806,0.000581,0.065166,0.040063
N20000888,0.039651,0.197781,0.517056,0.071354,0.027748,0.022786,0.113158,0.005751,0.004715
N20000889,0.013673,0.117904,0.640770,0.060155,0.016570,0.016262,0.130028,0.002435,0.002202
N20000890,0.024351,0.111398,0.646214,0.050911,0.021672,0.015828,0.122408,0.003874,0.003344
N20000891,0.064948,0.492586,0.150874,0.153314,0.026324,0.065837,0.033115,0.007369,0.005632
N20000892,0.021124,0.686096,0.046058,0.138743,0.004393,0.094003,0.006564,0.001706,0.001314
N20000893,0.050500,0.613447,0.070532,0.147168,0.012793,0.084150,0.013282,0.004715,0.003412
N20000894,0.507248,0.178984,0.045488,0.066267,0.092464,0.033923,0.006971,0.040275,0.028381
N20000895,0.054244,0.261043,0.421292,0.082163,0.035855,0.036985,0.094622,0.007692,0.006105
N20000896,0.716274,0.022462,0.007983,0.010614,0.134996,0.005002,0.001422,0.061237,0.040011
N20000897,0.025331,0.090013,0.656275,0.047931,0.025069,0.012183,0.135445,0.004078,0.003674
N20000898,0.057811,0.380425,0.281601,0.128823,0.025676,0.061060,0.052942,0.006448,0.005215
N20000899,0.092354,0.404644,0.229983,0.112812,0.039424,0.046599,0.054864,0.011127,0.008192
N20000900,0.021676,0.645472,0.083269,0.147131,0.005847,0.080883,0.012169,0.001990,0.001564
N20000901,0.196434,0.386343,0.132645,0.076440,0.076663,0.046025,0.045533,0.023925,0.015992
N20000902,0.019555,0.068457,0.708886,0.038408,0.019655,0.010099,0.128923,0.003146,0.002872
N20000903,0.033122,0.663147,0.032463,0.152350,0.006118,0.103722,0.004571,0.002576,0.001931
N20000904,0.549794,0.146829,0.027492,0.059402,0.105457,0.028886,0.005214,0.045898,0.031027
N20000905,0.093727,0.467140,0.173405,0.108876,0.038176,0.054983,0.044635,0.011031,0.008028
N20000906,0.082684,0.503340,0.119925,0.160327,0.024654,0.073829,0.021532,0.007656,0.006054
N20000907,0.066338,0.384842,0.283856,0.102382,0.028737,0.059494,0.060608,0.007781,0.005962
N20000908,0.091154,0.420184,0.228285,0.098551,0.038068,0.049197,0.055766,0.010826,0.007968
N20000909,0.014155,0.124737,0.647152,0.069202,0.014342,0.019464,0.106535,0.002300,0.002111
N20000910,0.061143,0.594012,0.061141,0.155856,0.013513,0.095370,0.010205,0.004942,0.003819
N20000911,0.017209,0.674856,0.036998,0.157525,0.003564,0.103203,0.004161,0.001383,0.001100
N20000912,0.150283,0.396261,0.163932,0.106318,0.057412,0.054991,0.041872,0.016655,0.012275
N20000913,0.104896,0.521976,0.111217,0.113576,0.032919,0.070726,0.026103,0.010819,0.007769
N20000914,0.059943,0.596769,0.117380,0.102206,0.015457,0.074514,0.024216,0.005517,0.003999
N20000915,0.037627,0.340400,0.399303,0.082521,0.017883,0.037140,0.076919,0.004581,0.003625
N20000916,0.099095,0.253891,0.351194,0.080446,0.062977,0.033280,0.094146,0.014148,0.010822
N20000917,0.069324,0.266275,0.397567,0.081789,0.039033,0.030171,0.099399,0.009308,0.007135
N20000918,0.071012,0.577320,0.072580,0.144849,0.018726,0.091665,0.012446,0.006559,0.004842
N20000919,0.046405,0.555153,0.136952,0.147469,0.014134,0.068820,0.022901,0.004631,0.003535
N20000920,0.044831,0.320902,0.391038,0.094605,0.022246,0.051648,0.064594,0.005692,0.004443
N20000921,0.024481,0.651238,0.066603,0.156456,0.005568,0.082225,0.009707,0.002119,0.001601
N20000922,0.042564,0.592189,0.108618,0.131218,0.013272,0.086297,0.018167,0.004396,0.003278
N20000923,0.019665,0.164731,0.601514,0.072470,0.015181,0.023898,0.097223,0.002829,0.002490
N20000924,0.147228,0.411657,0.167385,0.088655,0.059381,0.051178,0.044322,0.017724,0.012469
N20000925,0.076371,0.438191,0.210744,0.119010,0.025538,0.066056,0.051335,0.007099,0.005656
N20000926,0.066166,0.387318,0.263274,0.119418,0.030344,0.064151,0.055232,0.007999,0.006099
N20000927,0.045757,0.623637,0.092609,0.126074,0.011402,0.077086,0.016152,0.004186,0.003097
N20000928,0.091900,0.384534,0.254492,0.107940,0.037784,0.046470,0.059063,0.010003,0.007814
N20000929,0.058791,0.340042,0.323569,0.136497,0.023388,0.046001,0.060782,0.005964,0.004966
N20000930,0.068231,0.309268,0.336956,0.119519,0.038141,0.048685,0.063491,0.008595,0.007114
N20000931,0.060539,0.419442,0.286669,0.091558,0.023637,0.045550,0.060822,0.006660,0.005123
N20000932,0.065034,0.487945,0.215898,0.089730,0.023438,0.055196,0.050548,0.007009,0.005203
N20000933,0.106422,0.314596,0.315316,0.072699,0.046053,0.039480,0.083675,0.012581,0.009179
N20000934,0.177596,0.310141,0.188844,0.096309,0.088746,0.044918,0.052515,0.023828,0.017104
N20000935,0.013704,0.368074,0.310516,0.184471,0.006175,0.079965,0.034302,0.001466,0.001326
N20000936,0.060112,0.574218,0.090016,0.156097,0.016313,0.078224,0.014985,0.005760,0.004275
N20000937,0.052642,0.310221,0.365575,0.111890,0.028090,0.046635,0.072884,0.006703,0.005360
N20000938,0.086264,0.445216,0.196461,0.104910,0.033056,0.066992,0.050625,0.009503,0.006973
N20000939,0.169538,0.264444,0.256402,0.085005,0.084722,0.038208,0.064126,0.021422,0.016133
N20000940,0.094229,0.318056,0.347241,0.067240,0.036976,0.033648,0.084933,0.010044,0.007633
N20000941,0.095717,0.426121,0.191174,0.120911,0.045876,0.055134,0.043896,0.012114,0.009056
N20000942,0.228886,0.281236,0.186667,0.075265,0.090980,0.043858,0.047940,0.026252,0.018915
N20000943,0.087477,0.267886,0.361942,0.063067,0.052464,0.028761,0.116994,0.012316,0.009092
N20000944,0.226188,0.073126,0.260815,0.027033,0.226596,0.009302,0.098121,0.046367,0.032453
N20000945,0.021334,0.289219,0.405092,0.156288,0.012456,0.047251,0.063348,0.002660,0.002353
N20000946,0.022442,0.220997,0.508186,0.110108,0.018690,0.033301,0.079713,0.003518,0.003044
N20000947,0.027966,0.568768,0.048118,0.240649,0.006303,0.098297,0.005974,0.002141,0.001784
N20000948,0.033809,0.520111,0.114599,0.218699,0.009367,0.082069,0.015889,0.003005,0.002452
N20000949,0.021635,0.563555,0.045734,0.238639,0.004732,0.117755,0.004907,0.001657,0.001386
N20000950,0.038100,0.371835,0.280076,0.160409,0.019936,0.074471,0.046411,0.004814,0.003948
N20000951,0.023303,0.454429,0.205615,0.191488,0.009895,0.081994,0.028394,0.002695,0.002186
N20000952,0.006668,0.052062,0.755341,0.035297,0.010154,0.008338,0.129533,0.001334,0.001272
N20000953,0.013382,0.229224,0.497370,0.136883,0.009525,0.045469,0.064576,0.001871,0.001701
N20000954,0.007149,0.145427,0.634913,0.093050,0.006001,0.026015,0.085496,0.000982,0.000968
N20000955,0.009068,0.150000,0.616552,0.093639,0.008031,0.029590,0.090458,0.001370,0.001292
N20000956,0.013872,0.265971,0.442230,0.152536,0.008036,0.056912,0.057218,0.001681,0.001543
N20000957,0.027707,0.525622,0.105989,0.219422,0.007681,0.095570,0.013647,0.002370,0.001993
N20000958,0.017487,0.259872,0.460774,0.133339,0.012454,0.040781,0.070687,0.002446,0.002160
N20000959,0.005428,0.096663,0.713936,0.060549,0.005570,0.015443,0.100696,0.000881,0.000836
N20000960,0.010576,0.164142,0.580154,0.103308,0.011144,0.028898,0.098423,0.001718,0.001636
N20000961,0.009928,0.135419,0.660771,0.072118,0.007823,0.029334,0.081997,0.001310,0.001300
N20000962,0.008692,0.194999,0.567203,0.111202,0.007638,0.031562,0.076205,0.001278,0.001221
N20000963,0.021642,0.172802,0.564345,0.086721,0.018564,0.029031,0.100489,0.003429,0.002977
N20000964,0.014312,0.294674,0.419628,0.146930,0.009009,0.050784,0.061184,0.001836,0.001643
N20000965,0.016141,0.178403,0.544414,0.100904,0.017912,0.032139,0.104724,0.002813,0.002551
N20000966,0.030758,0.153213,0.580360,0.060295,0.026355,0.022047,0.117921,0.004945,0.004105
N20000967,0.032399,0.222887,0.481415,0.087188,0.023060,0.031720,0.112888,0.004562,0.003882
N20000968,0.012285,0.082542,0.713089,0.042558,0.010568,0.011228,0.124277,0.001809,0.001643
N20000969,0.013523,0.101545,0.666394,0.059225,0.016517,0.014678,0.123389,0.002468,0.002262
N20000970,0.019161,0.087996,0.684546,0.041315,0.020728,0.011178,0.128836,0.003301,0.002940
N20000971,0.015620,0.203671,0.517826,0.127002,0.013296,0.037512,0.080523,0.002378,0.002171
N20000972,0.068152,0.087765,0.579395,0.041087,0.059455,0.012468,0.132119,0.010661,0.008898
N20000973,0.009091,0.050477,0.749926,0.025401,0.010818,0.006196,0.144953,0.001650,0.001489
N20000974,0.005777,0.045779,0.771852,0.027621,0.007305,0.006467,0.133172,0.001039,0.000986
N20000975,0.019581,0.081494,0.699198,0.047823,0.018809,0.012426,0.114749,0.003076,0.002845
N20000976,0.082644,0.134419,0.485678,0.066460,0.073821,0.018894,0.113742,0.013284,0.011058
N20000977,0.042161,0.335266,0.316782,0.158664,0.026483,0.057765,0.052311,0.005684,0.004883
N20000978,0.027961,0.120283,0.610829,0.064067,0.030551,0.017949,0.119195,0.004861,0.004304
N20000979,0.018437,0.161400,0.594116,0.090627,0.012556,0.026739,0.091601,0.002324,0.002200
N20000980,0.028247,0.619070,0.064978,0.165530,0.006442,0.103429,0.008104,0.002329,0.001869
N20000981,0.028837,0.290181,0.394668,0.154248,0.016630,0.050397,0.058319,0.003566,0.003153
N20000982,0.009011,0.059545,0.745247,0.039998,0.011430,0.009521,0.122129,0.001589,0.001531
N20000983,0.012384,0.097876,0.683176,0.054480,0.014076,0.013606,0.120196,0.002204,0.002001
N20000984,0.017111,0.063123,0.728590,0.038424,0.016951,0.009675,0.120895,0.002717,0.002513
N20000985,0.026601,0.109443,0.625179,0.059299,0.028801,0.019013,0.122956,0.004596,0.004112
N20000986,0.018795,0.290949,0.406797,0.159580,0.010313,0.063770,0.045609,0.002174,0.002013
N20000987,0.017937,0.441961,0.222197,0.203633,0.007241,0.074207,0.029370,0.001846,0.001608
N20000988,0.016967,0.184503,0.564272,0.093650,0.014539,0.032544,0.088671,0.002544,0.002309
N20000989,0.013760,0.657488,0.037949,0.168794,0.002693,0.113447,0.003994,0.001026,0.000849
N20000990,0.011805,0.435337,0.229677,0.218086,0.003913,0.072363,0.026813,0.001064,0.000943
N20000991,0.011796,0.319985,0.418334,0.127162,0.006293,0.060637,0.053164,0.001386,0.001242
N20000992,0.006393,0.096877,0.716565,0.060649,0.005473,0.017818,0.094415,0.000927,0.000882
N20000993,0.010340,0.138809,0.642699,0.072505,0.009800,0.020547,0.102218,0.001595,0.001488
N20000994,0.008601,0.486656,0.166682,0.228870,0.003059,0.084975,0.019607,0.000824,0.000727
N20000995,0.025825,0.157385,0.570647,0.092902,0.020982,0.025710,0.099277,0.003862,0.003409
N20000996,0.026542,0.619918,0.061543,0.172868,0.006489,0.100225,0.008337,0.002255,0.001822
N20000997,0.026037,0.176464,0.562251,0.094698,0.019205,0.031716,0.082798,0.003572,0.003258
N20000998,0.009589,0.099230,0.687038,0.061809,0.010237,0.015710,0.113254,0.001625,0.001507
N20000999,0.029762,0.617787,0.031133,0.197952,0.006828,0.107921,0.004012,0.002604,0.002002
N20001000,0.029050,0.592964,0.104897,0.160691,0.008599,0.085360,0.013422,0.002783,0.002233
N20001001,0.015434,0.148695,0.617066,0.089916,0.012657,0.029077,0.082907,0.002177,0.002071
N20001002,0.023342,0.458984,0.178630,0.203384,0.009160,0.097356,0.024649,0.002425,0.002071
N20001003,0.025907,0.536539,0.168624,0.153174,0.007868,0.080286,0.023345,0.002282,0.001974
N20001004,0.022948,0.641312,0.049223,0.166496,0.004346,0.107182,0.005483,0.001642,0.001368
N20001005,0.012087,0.110819,0.670909,0.075377,0.011799,0.021340,0.093963,0.001892,0.001814
N20001006,0.016896,0.222044,0.523025,0.112384,0.010789,0.041275,0.069454,0.002166,0.001966
N20001007,0.038806,0.475591,0.180127,0.180593,0.012782,0.080082,0.025316,0.003615,0.003089
N20001008,0.008677,0.189812,0.572869,0.106857,0.006576,0.035332,0.077524,0.001224,0.001129
N20001009,0.038203,0.569904,0.118696,0.160615,0.010565,0.077354,0.018458,0.003450,0.002755
N20001010,0.017359,0.087882,0.678780,0.060309,0.018824,0.013248,0.117902,0.002973,0.002722
N20001011,0.021863,0.528151,0.163954,0.171452,0.006293,0.084769,0.019963,0.001924,0.001631
N20001012,0.047178,0.440510,0.225321,0.158972,0.021383,0.064638,0.031785,0.005626,0.004585
N20001013,0.015490,0.453372,0.242243,0.174612,0.006266,0.073634,0.031370,0.001604,0.001408
N20001014,0.025286,0.512499,0.160992,0.190421,0.008151,0.076936,0.021287,0.002419,0.002009
N20001015,0.024531,0.469057,0.175767,0.204010,0.010501,0.086363,0.024890,0.002605,0.002275
N20001016,0.018353,0.393504,0.316332,0.154997,0.007730,0.066338,0.039086,0.001950,0.001709
N20001017,0.040132,0.420772,0.232015,0.177175,0.018180,0.065177,0.038262,0.004515,0.003773
N20001018,0.021683,0.447081,0.276453,0.136555,0.007717,0.066816,0.039544,0.002315,0.001836
N20001019,0.068564,0.341884,0.295625,0.132270,0.034759,0.050085,0.061654,0.008369,0.006790
N20001020,0.022438,0.330257,0.364363,0.158922,0.011264,0.055675,0.052226,0.002570,0.002283
N20001021,0.150485,0.154115,0.342054,0.056427,0.120833,0.020358,0.112063,0.025044,0.018620
N20001022,0.018718,0.397248,0.286187,0.173820,0.010635,0.066170,0.042850,0.002325,0.002046
N20001023,0.040385,0.295021,0.379903,0.137279,0.023140,0.044928,0.070090,0.004934,0.004321
N20001024,0.152419,0.020584,0.337620,0.009345,0.268651,0.002955,0.139612,0.039589,0.029226
N20001025,0.043270,0.434239,0.176052,0.217284,0.020870,0.065655,0.032976,0.005354,0.004299
N20001026,0.115132,0.322619,0.242175,0.121948,0.061449,0.051852,0.057354,0.015791,0.011680
N20001027,0.163356,0.190253,0.310897,0.081899,0.106626,0.029259,0.075279,0.024112,0.018318
N20001028,0.025880,0.235864,0.501653,0.099219,0.014783,0.038008,0.078630,0.003182,0.002782
N20001029,0.104398,0.183992,0.416322,0.059604,0.068194,0.030402,0.109781,0.015598,0.011709
N20001030,0.142166,0.141194,0.385499,0.083999,0.098216,0.022099,0.089473,0.020699,0.016654
N20001031,0.021691,0.208286,0.548124,0.104642,0.011450,0.037217,0.063980,0.002354,0.002257
N20001032,0.061334,0.110660,0.566622,0.051615,0.046089,0.016275,0.131097,0.008907,0.007401
N20001033,0.013181,0.225991,0.522670,0.111068,0.009229,0.033204,0.081296,0.001760,0.001600
N20001034,0.011408,0.209327,0.552216,0.103533,0.008544,0.033955,0.077950,0.001599,0.001467
N20001035,0.181303,0.035330,0.375388,0.020697,0.205879,0.006176,0.111440,0.035890,0.027897
N20001036,0.041221,0.103892,0.602054,0.058615,0.039968,0.014843,0.126862,0.006669,0.005875
N20001037,0.066393,0.072702,0.568922,0.042598,0.077046,0.011333,0.139061,0.011752,0.010193
N20001038,0.033166,0.338354,0.338757,0.161258,0.016173,0.055911,0.049418,0.003722,0.003241
N20001039,0.020080,0.299166,0.372696,0.183124,0.009827,0.061658,0.049243,0.002196,0.002009
N20001040,0.032973,0.547637,0.072083,0.219573,0.008155,0.105613,0.008905,0.002796,0.002265
N20001041,0.026525,0.624707,0.092130,0.153696,0.006861,0.079379,0.012496,0.002335,0.001871
N20001042,0.127432,0.036591,0.480688,0.024727,0.162695,0.006381,0.115195,0.025188,0.021103
N20001043,0.012746,0.364987,0.341946,0.168834,0.004801,0.061155,0.043276,0.001184,0.001071
N20001044,0.033546,0.589389,0.128038,0.143167,0.009234,0.072432,0.018683,0.003076,0.002435
N20001045,0.032546,0.414423,0.210600,0.194923,0.014833,0.094616,0.031014,0.003870,0.003175
N20001046,0.036833,0.425125,0.215309,0.201555,0.014969,0.066312,0.032803,0.003826,0.003268
N20001047,0.024600,0.356099,0.262888,0.214343,0.010943,0.093166,0.033061,0.002579,0.002320
N20001048,0.015436,0.485265,0.155118,0.235070,0.006992,0.075576,0.023244,0.001804,0.001495
N20001049,0.055048,0.441886,0.163427,0.201262,0.021519,0.079936,0.026045,0.006073,0.004804
N20001050,0.018801,0.242048,0.478016,0.128585,0.011900,0.045621,0.070438,0.002424,0.002168
N20001051,0.016132,0.456878,0.186136,0.231461,0.005272,0.078344,0.023036,0.001461,0.001280
N20001052,0.035380,0.342646,0.316897,0.158780,0.019368,0.066221,0.052688,0.004321,0.003699
N20001053,0.114512,0.331369,0.236366,0.130961,0.062358,0.047694,0.050168,0.014817,0.011755
N20001054,0.016602,0.210811,0.543830,0.091703,0.010327,0.030259,0.092565,0.002049,0.001855
N20001055,0.017173,0.591672,0.103386,0.181499,0.005023,0.086033,0.012336,0.001558,0.001322
N20001056,0.027820,0.447448,0.201054,0.210949,0.009128,0.070413,0.028441,0.002547,0.002202
N20001057,0.275739,0.069271,0.235812,0.037650,0.221166,0.012005,0.068415,0.045332,0.034608
N20001058,0.019575,0.637826,0.073600,0.152915,0.004719,0.099657,0.008707,0.001658,0.001344
N20001059,0.167814,0.178631,0.310868,0.071179,0.113771,0.023147,0.089666,0.025698,0.019226
N20001060,0.040937,0.374762,0.289044,0.161960,0.021534,0.052180,0.050261,0.005098,0.004225
N20001061,0.236697,0.036553,0.260579,0.013028,0.255278,0.004489,0.110199,0.048853,0.034325
N20001062,0.390653,0.034926,0.113669,0.020415,0.288900,0.006112,0.034007,0.064322,0.046997
N20001063,0.162451,0.065106,0.440565,0.032728,0.133427,0.010182,0.109496,0.025486,0.020559
N20001064,0.300841,0.069758,0.207736,0.024733,0.231534,0.008400,0.066005,0.053856,0.037137
N20001065,0.035027,0.582069,0.091148,0.177458,0.008627,0.087867,0.012551,0.002882,0.002371
N20001066,0.135291,0.051235,0.424805,0.021291,0.153122,0.006650,0.161236,0.026120,0.020249
N20001067,0.013950,0.151806,0.617966,0.083408,0.013746,0.027548,0.087152,0.002331,0.002093
N20001068,0.115185,0.051767,0.493207,0.033874,0.136246,0.008727,0.120681,0.021919,0.018395
N20001069,0.295416,0.048472,0.207627,0.026881,0.259128,0.008294,0.066109,0.049919,0.038154
N20001070,0.196493,0.034869,0.359208,0.018212,0.206434,0.005065,0.113231,0.037646,0.028842
N20001071,0.385141,0.057908,0.148850,0.035889,0.232131,0.012659,0.032994,0.053236,0.041192
N20001072,0.223798,0.020222,0.283723,0.012275,0.285026,0.003343,0.086043,0.048662,0.036909
N20001073,0.309961,0.020159,0.219437,0.013594,0.278968,0.004017,0.060119,0.052648,0.041097
N20001074,0.074106,0.135323,0.524032,0.075092,0.050533,0.024076,0.097378,0.010647,0.008814
N20001075,0.340502,0.051105,0.209331,0.032345,0.223914,0.010303,0.046156,0.047949,0.038395
N20001076,0.279449,0.024112,0.273275,0.015865,0.250399,0.004476,0.065887,0.048721,0.037816
N20001077,0.135451,0.096298,0.457013,0.061148,0.101010,0.018367,0.094429,0.019765,0.016518
N20001078,0.134335,0.106121,0.464926,0.068309,0.087195,0.021127,0.084003,0.018523,0.015460
N20001079,0.283174,0.105104,0.209315,0.029200,0.196560,0.013593,0.085187,0.046151,0.031717
N20001080,0.152004,0.250625,0.249311,0.038994,0.088054,0.019988,0.163587,0.022586,0.014851
N20001081,0.349400,0.079958,0.175830,0.026928,0.209177,0.010214,0.057898,0.053946,0.036649
N20001082,0.719757,0.019240,0.008757,0.009524,0.135793,0.004056,0.001735,0.061645,0.039493
N20001083,0.663114,0.012132,0.007506,0.006046,0.191342,0.002498,0.001882,0.070206,0.045274
N20001084,0.150238,0.536635,0.073178,0.102021,0.038840,0.049932,0.025206,0.014398,0.009551
N20001085,0.073329,0.124953,0.411974,0.020235,0.063819,0.009321,0.274480,0.012827,0.009063
N20001086,0.707011,0.033222,0.013383,0.014086,0.125832,0.006341,0.002574,0.059590,0.037961
N20001087,0.121266,0.316468,0.256428,0.048767,0.065257,0.023788,0.139555,0.016951,0.011521
N20001088,0.072875,0.285348,0.341697,0.050227,0.042336,0.022224,0.167578,0.010389,0.007325
N20001089,0.018087,0.618994,0.032464,0.231736,0.003453,0.088266,0.004503,0.001426,0.001071
N20001090,0.171122,0.424792,0.141750,0.071418,0.062622,0.034650,0.061323,0.019253,0.013070
N20001091,0.088045,0.486667,0.142879,0.133914,0.031392,0.067804,0.032752,0.009459,0.007088
N20001092,0.022467,0.622772,0.036491,0.207804,0.004786,0.097313,0.005072,0.001886,0.001409
N20001093,0.019741,0.654692,0.020891,0.198482,0.003924,0.096478,0.002981,0.001615,0.001198
N20001094,0.599896,0.022641,0.024593,0.010493,0.212041,0.004187,0.006208,0.073029,0.046912
N20001095,0.043559,0.600249,0.066737,0.189507,0.011970,0.069083,0.011678,0.004136,0.003082
N20001096,0.053710,0.533233,0.121234,0.172534,0.014663,0.074991,0.021119,0.004781,0.003735
N20001097,0.053951,0.651681,0.048165,0.135268,0.012606,0.080878,0.009143,0.004826,0.003482
N20001098,0.036602,0.538470,0.170193,0.126392,0.013073,0.074192,0.034377,0.003781,0.002920
N20001099,0.194999,0.195879,0.281041,0.056282,0.107810,0.021476,0.095326,0.027778,0.019409
N20001100,0.048465,0.587737,0.136899,0.106511,0.017151,0.060746,0.033287,0.005368,0.003838
N20001101,0.351528,0.307777,0.044184,0.106405,0.071990,0.059406,0.008387,0.029589,0.020734
N20001102,0.159659,0.406168,0.147801,0.100714,0.063633,0.043511,0.047142,0.018336,0.013037
N20001103,0.299134,0.132754,0.150233,0.032834,0.211778,0.013766,0.074301,0.051898,0.033305
N20001104,0.049437,0.606961,0.073241,0.160981,0.011096,0.077504,0.013660,0.004060,0.003061
N20001105,0.336540,0.136120,0.127596,0.052732,0.200447,0.020828,0.039499,0.051087,0.035152
N20001106,0.067379,0.422211,0.268625,0.084469,0.027384,0.049240,0.067645,0.007446,0.005601
N20001107,0.324191,0.066033,0.124291,0.023996,0.295870,0.007873,0.050617,0.064434,0.042695
N20001108,0.101222,0.392071,0.244209,0.067019,0.053878,0.037209,0.079954,0.014449,0.009988
N20001109,0.683589,0.033401,0.013873,0.013459,0.141932,0.006920,0.002869,0.063916,0.040041
N20001110,0.288832,0.098567,0.205781,0.034978,0.210510,0.013732,0.067279,0.047205,0.033118
N20001111,0.052507,0.576883,0.097372,0.162319,0.012305,0.072421,0.018769,0.004157,0.003267
N20001112,0.301267,0.158782,0.139262,0.045086,0.195193,0.017686,0.060601,0.049659,0.032465
N20001113,0.466836,0.063916,0.053990,0.028243,0.246493,0.009979,0.016621,0.068460,0.045461
N20001114,0.471099,0.051382,0.039647,0.018326,0.272021,0.007805,0.014702,0.077015,0.048004
N20001115,0.205144,0.128451,0.264702,0.041846,0.187248,0.017401,0.090246,0.037923,0.027039
N20001116,0.028876,0.635583,0.063940,0.171632,0.006915,0.077847,0.010725,0.002582,0.001900
N20001117,0.039862,0.635601,0.070712,0.151155,0.008496,0.076005,0.012644,0.003160,0.002365
N20001118,0.523307,0.034560,0.039496,0.013408,0.248490,0.007003,0.013473,0.073322,0.046941
N20001119,0.366621,0.063542,0.071508,0.025473,0.319682,0.010456,0.024698,0.070724,0.047296
N20001120,0.448863,0.046696,0.043632,0.021138,0.293230,0.007240,0.014178,0.075553,0.049470
N20001121,0.187821,0.025381,0.348245,0.013369,0.231165,0.003849,0.121006,0.039322,0.029841
N20001122,0.180779,0.087090,0.297873,0.025724,0.193609,0.008563,0.143009,0.037542,0.025811
N20001123,0.184971,0.198198,0.257716,0.062977,0.129788,0.024490,0.091060,0.029920,0.020881
N20001124,0.221741,0.105015,0.244278,0.035692,0.215370,0.013394,0.091663,0.042500,0.030347
N20001125,0.125447,0.144123,0.386467,0.037772,0.097653,0.015629,0.157171,0.020752,0.014986
N20001126,0.144049,0.167947,0.371777,0.048612,0.089269,0.017981,0.124431,0.020678,0.015255
N20001127,0.522215,0.041256,0.035425,0.018606,0.244376,0.008206,0.010744,0.072019,0.047153
N20001128,0.128665,0.409592,0.176091,0.100326,0.054632,0.053673,0.051229,0.014927,0.010866
N20001129,0.100343,0.391915,0.238902,0.101327,0.039711,0.046677,0.061651,0.011208,0.008266
N20001130,0.575126,0.036340,0.017058,0.019322,0.219636,0.007528,0.004442,0.073484,0.047063
N20001131,0.478910,0.065731,0.069106,0.029961,0.215897,0.016252,0.017585,0.064087,0.042471
N20001132,0.260111,0.116102,0.213122,0.037734,0.202706,0.013308,0.080723,0.044967,0.031225
N20001133,0.130009,0.133351,0.389330,0.045275,0.117941,0.016757,0.127130,0.022992,0.017215
N20001134,0.371041,0.076743,0.125219,0.034112,0.239314,0.013970,0.039952,0.059066,0.040583
N20001135,0.221270,0.087115,0.244118,0.027444,0.228973,0.010317,0.103751,0.045820,0.031192
N20001136,0.231135,0.102309,0.219267,0.042531,0.239962,0.014039,0.069605,0.047511,0.033642
N20001137,0.199427,0.067412,0.248195,0.023486,0.261721,0.007875,0.113869,0.046005,0.032011
N20001138,0.268874,0.053208,0.236729,0.017456,0.238323,0.005934,0.095156,0.049742,0.034578
N20001139,0.206657,0.129471,0.254449,0.040609,0.186566,0.015461,0.101584,0.038227,0.026977
N20001140,0.128299,0.102255,0.429939,0.041326,0.115653,0.015070,0.127456,0.022964,0.017038
N20001141,0.369238,0.070619,0.138880,0.024449,0.238050,0.009318,0.051916,0.057970,0.039561
N20001142,0.203266,0.082542,0.269064,0.036607,0.235440,0.010697,0.088666,0.042522,0.031194
N20001143,0.271934,0.133004,0.200653,0.044620,0.187662,0.017150,0.070568,0.043759,0.030651
N20001144,0.198988,0.057941,0.259797,0.019874,0.256370,0.007434,0.124434,0.044029,0.031134
N20001145,0.098424,0.022141,0.471189,0.009851,0.164149,0.002759,0.188044,0.024777,0.018666
N20001146,0.180915,0.055418,0.335974,0.022262,0.211441,0.007031,0.123460,0.036171,0.027328
N20001147,0.128495,0.403473,0.222123,0.075367,0.045511,0.039342,0.062037,0.013753,0.009899
N20001148,0.062527,0.077884,0.570422,0.026137,0.074931,0.011398,0.153952,0.012757,0.009992
N20001149,0.133685,0.116961,0.424042,0.042678,0.105007,0.015530,0.123967,0.021805,0.016325
N20001150,0.222715,0.101000,0.271610,0.034057,0.195279,0.012328,0.092631,0.041214,0.029166
N20001151,0.210567,0.087624,0.285067,0.036996,0.210254,0.012332,0.084965,0.042109,0.030086
N20001152,0.185802,0.073422,0.323342,0.026890,0.190049,0.010059,0.126951,0.037171,0.026314
N20001153,0.185382,0.107624,0.288540,0.050672,0.204300,0.016267,0.079206,0.039613,0.028397
N20001154,0.394284,0.130700,0.119129,0.039423,0.174628,0.016167,0.043046,0.048769,0.033852
N20001155,0.264250,0.059708,0.221443,0.020757,0.248262,0.008121,0.090824,0.051190,0.035446
N20001156,0.132155,0.122733,0.403365,0.049992,0.109756,0.017727,0.124765,0.022587,0.016922
N20001157,0.219629,0.079011,0.265784,0.033197,0.226881,0.010480,0.088428,0.044991,0.031599
N20001158,0.412046,0.060888,0.122964,0.030436,0.229714,0.009817,0.032901,0.059151,0.042082
N20001159,0.182026,0.022128,0.268423,0.007236,0.299848,0.002634,0.138035,0.046908,0.032762
N20001160,0.291455,0.033105,0.159520,0.013402,0.329132,0.004676,0.063122,0.062411,0.043177
N20001161,0.208061,0.046731,0.256669,0.018629,0.273246,0.006705,0.108168,0.048118,0.033675
N20001162,0.137411,0.099417,0.377742,0.030729,0.129325,0.012342,0.169178,0.025426,0.018429
N20001163,0.203998,0.119960,0.319782,0.036373,0.141705,0.013755,0.109759,0.031624,0.023046
N20001164,0.320140,0.048043,0.173321,0.021899,0.269882,0.007257,0.062289,0.056850,0.040320
N20001165,0.360912,0.064132,0.160297,0.030575,0.235889,0.009703,0.043844,0.054800,0.039847
N20001166,0.292706,0.030824,0.184225,0.015041,0.303646,0.004919,0.068147,0.058596,0.041897
N20001167,0.107220,0.026983,0.513286,0.015621,0.142588,0.004194,0.149478,0.022484,0.018145
N20001168,0.154384,0.067176,0.403265,0.025155,0.149014,0.009412,0.141009,0.029234,0.021351
N20001169,0.190051,0.061596,0.360475,0.036055,0.181013,0.010707,0.100586,0.033183,0.026335
N20001170,0.158484,0.053061,0.376588,0.025490,0.194129,0.008481,0.126103,0.032464,0.025199
N20001171,0.106702,0.060764,0.514869,0.032360,0.114070,0.009298,0.125684,0.020089,0.016165
N20001172,0.051626,0.073753,0.619195,0.038536,0.052927,0.013012,0.134557,0.008771,0.007623
N20001173,0.142245,0.065649,0.392721,0.032805,0.179319,0.010737,0.124268,0.029120,0.023136
N20001174,0.135691,0.036433,0.472000,0.020880,0.156833,0.005784,0.125289,0.025977,0.021113
N20001175,0.085016,0.052673,0.515711,0.027540,0.118287,0.007221,0.159837,0.018781,0.014935
N20001176,0.124326,0.038745,0.516215,0.025223,0.135616,0.007495,0.110321,0.022973,0.019087
N20001177,0.140379,0.045644,0.471001,0.027642,0.146814,0.008322,0.115041,0.024678,0.020479
N20001178,0.105155,0.051224,0.512080,0.029284,0.119847,0.007989,0.137741,0.020192,0.016488
N20001179,0.328910,0.061110,0.157457,0.022414,0.261864,0.008982,0.063958,0.056349,0.038956
N20001180,0.296440,0.049875,0.197686,0.028774,0.265324,0.008948,0.058079,0.054438,0.040436
N20001181,0.155712,0.028254,0.371810,0.016178,0.234653,0.004477,0.126935,0.034593,0.027388
N20001182,0.223483,0.053649,0.364664,0.033290,0.166636,0.010178,0.085938,0.034598,0.027565
N20001183,0.200449,0.022991,0.332395,0.014263,0.259984,0.004181,0.090249,0.042007,0.033480
N20001184,0.462695,0.043945,0.082570,0.024253,0.243757,0.009134,0.022699,0.065266,0.045681
N20001185,0.194655,0.036470,0.391518,0.023814,0.199206,0.006685,0.082284,0.036125,0.029243
N20001186,0.307706,0.027722,0.193205,0.016506,0.295361,0.005236,0.055566,0.056261,0.042437
N20001187,0.203348,0.065902,0.366193,0.037469,0.166436,0.011164,0.090262,0.032956,0.026270
N20001188,0.229772,0.037766,0.348280,0.022672,0.203640,0.006757,0.080615,0.039499,0.030998
N20001189,0.287990,0.051492,0.302128,0.034237,0.177922,0.011028,0.062845,0.040328,0.032029
N20001190,0.568757,0.018298,0.028335,0.012553,0.240536,0.004336,0.006814,0.070743,0.049629
N20001191,0.209824,0.019022,0.320968,0.012225,0.271103,0.003929,0.083656,0.044138,0.035135
N20001192,0.610933,0.021625,0.021110,0.014368,0.206989,0.005178,0.004497,0.067887,0.047413
N20001193,0.363824,0.058337,0.218685,0.037761,0.182751,0.011580,0.045169,0.046145,0.035748
N20001194,0.238459,0.228565,0.164877,0.112954,0.122502,0.040804,0.036236,0.031722,0.023881
N20001195,0.397695,0.030598,0.121435,0.020176,0.282926,0.006212,0.029494,0.064128,0.047336
N20001196,0.180380,0.068043,0.394598,0.042727,0.154884,0.012855,0.092506,0.029754,0.024253
N20001197,0.547573,0.016019,0.036532,0.010385,0.255065,0.003760,0.009067,0.071247,0.050352
N20001198,0.248722,0.038110,0.314441,0.027485,0.220969,0.007877,0.066475,0.041808,0.034113
N20001199,0.138334,0.048317,0.462429,0.027331,0.150343,0.008590,0.117038,0.026367,0.021251
N20001200,0.145995,0.084636,0.425690,0.044120,0.123812,0.013371,0.118640,0.024564,0.019173
N20001201,0.099408,0.143359,0.479571,0.078514,0.059756,0.024507,0.090784,0.013220,0.010881
N20001202,0.374510,0.037208,0.142612,0.022706,0.275393,0.007068,0.036531,0.059374,0.044598
N20001203,0.056607,0.512284,0.156501,0.141898,0.018161,0.078077,0.026737,0.005454,0.004282
N20001204,0.516049,0.018096,0.036590,0.011526,0.277595,0.004188,0.009222,0.074548,0.052188
N20001205,0.114234,0.331431,0.239519,0.135681,0.055134,0.048479,0.050622,0.013962,0.010938
N20001206,0.047870,0.493087,0.145603,0.185134,0.020032,0.072840,0.025464,0.005627,0.004344
N20001207,0.023602,0.580363,0.048313,0.208943,0.006234,0.122586,0.006035,0.002215,0.001709
N20001208,0.027304,0.608761,0.020043,0.225142,0.005698,0.106448,0.002668,0.002220,0.001715
N20001209,0.205786,0.144628,0.302924,0.077098,0.133510,0.028570,0.056559,0.028191,0.022733
N20001210,0.037308,0.560458,0.077266,0.205894,0.009943,0.092476,0.010884,0.003176,0.002594
N20001211,0.038123,0.520461,0.134514,0.195260,0.013314,0.070168,0.021076,0.003939,0.003145
N20001212,0.512170,0.012745,0.039438,0.009336,0.285636,0.003026,0.008875,0.075259,0.053514
N20001213,0.053327,0.394804,0.272453,0.156382,0.016266,0.055539,0.042518,0.004760,0.003952
N20001214,0.158116,0.339389,0.171514,0.139458,0.068688,0.057917,0.031360,0.018957,0.014603
N20001215,0.025491,0.458124,0.196794,0.208058,0.011339,0.065586,0.029258,0.002925,0.002425
N20001216,0.119171,0.250628,0.370990,0.076569,0.054739,0.035745,0.066928,0.014034,0.011195
N20001217,0.097163,0.250234,0.359785,0.108521,0.054919,0.040924,0.065469,0.012653,0.010332
N20001218,0.185601,0.088850,0.373424,0.050393,0.142415,0.017455,0.090596,0.028335,0.022932
N20001219,0.102880,0.187417,0.421597,0.087895,0.066897,0.029330,0.077417,0.014581,0.011987
N20001220,0.052529,0.430384,0.196331,0.198991,0.019290,0.061480,0.031189,0.005400,0.004407
N20001221,0.229752,0.102782,0.314079,0.050746,0.149727,0.015550,0.078610,0.032870,0.025885
N20001222,0.036722,0.531006,0.128515,0.183465,0.011283,0.083611,0.019141,0.003468,0.002789
N20001223,0.033426,0.538484,0.118751,0.189101,0.009736,0.087485,0.017540,0.003034,0.002444
N20001224,0.028255,0.531304,0.129367,0.204464,0.007901,0.077079,0.017119,0.002469,0.002042
N20001225,0.026999,0.559999,0.071739,0.219886,0.005656,0.103392,0.008786,0.001897,0.001645
N20001226,0.070593,0.055451,0.584611,0.034707,0.083555,0.009595,0.135703,0.014137,0.011648
N20001227,0.042138,0.512340,0.146690,0.172839,0.013325,0.084450,0.020932,0.004031,0.003254
N20001228,0.025299,0.543347,0.087395,0.217595,0.006383,0.105897,0.010279,0.002084,0.001720
N20001229,0.042574,0.536782,0.078701,0.209100,0.011603,0.104181,0.010375,0.003689,0.002996
N20001230,0.249207,0.053990,0.318871,0.034277,0.190088,0.010625,0.073447,0.038602,0.030893
N20001231,0.182024,0.100907,0.374085,0.061705,0.135932,0.019709,0.075781,0.027429,0.022430
N20001232,0.067125,0.350232,0.250740,0.188939,0.028340,0.065371,0.035731,0.007388,0.006133
N20001233,0.259094,0.117932,0.230398,0.072935,0.181524,0.021327,0.046669,0.039034,0.031087
N20001234,0.053646,0.103449,0.563600,0.051582,0.059343,0.014247,0.136323,0.009653,0.008157
N20001235,0.695674,0.014658,0.007252,0.008161,0.158878,0.003346,0.001487,0.067674,0.042870
N20001236,0.720791,0.011882,0.002593,0.007291,0.145452,0.003249,0.000571,0.066397,0.041773
N20001237,0.708955,0.013013,0.006595,0.009000,0.152627,0.003453,0.001280,0.062726,0.042351
N20001238,0.751770,0.013133,0.004173,0.009079,0.122620,0.003802,0.000740,0.056243,0.038440
N20001239,0.723036,0.011917,0.003249,0.005911,0.142583,0.002852,0.000673,0.068311,0.041467
N20001240,0.649099,0.012675,0.008680,0.006890,0.195363,0.002594,0.001784,0.075255,0.047660
N20001241,0.701872,0.007934,0.003381,0.004676,0.165954,0.001942,0.000734,0.069593,0.043914
N20001242,0.701003,0.016076,0.006893,0.008537,0.153437,0.003690,0.001301,0.066574,0.042488
N20001243,0.754025,0.011437,0.003038,0.006597,0.122577,0.002930,0.000547,0.060541,0.038308
N20001244,0.680472,0.010037,0.007733,0.007046,0.178820,0.002650,0.001539,0.066198,0.045504
N20001245,0.697802,0.013667,0.007654,0.009399,0.159673,0.003716,0.001500,0.063402,0.043187
N20001246,0.688297,0.016934,0.008730,0.011048,0.160002,0.004447,0.001711,0.065243,0.043587
N20001247,0.641029,0.020910,0.014024,0.014375,0.191652,0.004924,0.002850,0.064509,0.045727
N20001248,0.708870,0.010890,0.004096,0.005546,0.154669,0.002472,0.000867,0.069883,0.042708
N20001249,0.076560,0.577647,0.079866,0.151382,0.018121,0.071586,0.013484,0.006442,0.004912
N20001250,0.699344,0.014913,0.004182,0.008406,0.159387,0.003763,0.000927,0.066143,0.042935
N20001251,0.678252,0.014060,0.006514,0.009651,0.173359,0.003668,0.001333,0.068058,0.045105
N20001252,0.742465,0.013012,0.003711,0.007837,0.129944,0.003282,0.000678,0.059976,0.039095
N20001253,0.691202,0.017136,0.006982,0.010952,0.158542,0.004451,0.001421,0.065980,0.043334
N20001254,0.629395,0.045562,0.026855,0.024285,0.158521,0.009355,0.005102,0.059497,0.041427
N20001255,0.738171,0.016958,0.004673,0.008116,0.124971,0.003840,0.000925,0.063671,0.038676
N20001256,0.745982,0.014741,0.003656,0.008747,0.124910,0.003689,0.000668,0.059138,0.038470
N20001257,0.714742,0.009590,0.002616,0.005113,0.152191,0.002272,0.000555,0.070376,0.042545
N20001258,0.669508,0.011763,0.008129,0.008479,0.183101,0.003211,0.001672,0.067964,0.046172
N20001259,0.692842,0.011124,0.005951,0.006590,0.165840,0.002722,0.001243,0.069475,0.044213
N20001260,0.624419,0.018258,0.020472,0.011949,0.200603,0.004409,0.004180,0.068233,0.047477
N20001261,0.733315,0.011889,0.002862,0.006299,0.136353,0.002935,0.000587,0.065483,0.040277
N20001262,0.669197,0.008476,0.004252,0.004384,0.190854,0.001806,0.001072,0.074041,0.045917
N20001263,0.716151,0.013029,0.004122,0.006421,0.146545,0.002774,0.000899,0.068593,0.041466
N20001264,0.544366,0.011209,0.022391,0.007389,0.273766,0.002654,0.005832,0.079098,0.053293
N20001265,0.588148,0.010684,0.016228,0.007319,0.244483,0.002579,0.003685,0.075351,0.051524
N20001266,0.731875,0.013501,0.004099,0.006925,0.135645,0.003151,0.000785,0.063886,0.040133
N20001267,0.672259,0.020029,0.011433,0.013739,0.169609,0.005193,0.002124,0.061810,0.043802
N20001268,0.707770,0.009929,0.004504,0.005526,0.157254,0.002283,0.000879,0.068756,0.043099
N20001269,0.714923,0.018684,0.009212,0.009329,0.138368,0.004156,0.001847,0.063354,0.040126
N20001270,0.699087,0.012786,0.003675,0.006082,0.158246,0.002828,0.000860,0.073232,0.043204
N20001271,0.480498,0.028258,0.075231,0.019535,0.259285,0.006511,0.017681,0.064764,0.048238
N20001272,0.687175,0.007980,0.004929,0.004217,0.175780,0.001738,0.001050,0.072085,0.045045
N20001273,0.676412,0.013950,0.006048,0.009159,0.176147,0.003532,0.001323,0.068204,0.045224
N20001274,0.636786,0.021650,0.009446,0.011039,0.194457,0.004343,0.002176,0.073587,0.046516
N20001275,0.348281,0.055060,0.196495,0.032011,0.222223,0.010279,0.046467,0.050403,0.038780
N20001276,0.716735,0.016857,0.006062,0.009177,0.140332,0.004023,0.001123,0.064824,0.040866
N20001277,0.703836,0.011933,0.004051,0.006624,0.157748,0.002764,0.000864,0.069120,0.043059
N20001278,0.693262,0.017503,0.005935,0.010627,0.158088,0.004363,0.001199,0.065800,0.043222
N20001279,0.670063,0.015523,0.007441,0.009799,0.177991,0.004031,0.001640,0.068169,0.045343
N20001280,0.502243,0.037848,0.050321,0.019353,0.254959,0.006853,0.014292,0.066910,0.047220
N20001281,0.564905,0.023138,0.025810,0.012657,0.241871,0.004985,0.006726,0.070899,0.049009
N20001282,0.693477,0.012461,0.007196,0.008838,0.166025,0.003279,0.001298,0.063366,0.044060
N20001283,0.705479,0.012708,0.009304,0.007347,0.155464,0.003054,0.001654,0.062746,0.042244
N20001284,0.726090,0.013495,0.003075,0.009309,0.140357,0.003881,0.000592,0.062106,0.041096
N20001285,0.562268,0.049060,0.060429,0.027227,0.182166,0.010839,0.011656,0.054861,0.041494
N20001286,0.712475,0.012675,0.009215,0.007687,0.150419,0.002861,0.001667,0.061476,0.041525
N20001287,0.712983,0.014272,0.005392,0.008528,0.145965,0.003437,0.000986,0.066300,0.042137
N20001288,0.737276,0.011698,0.003392,0.006630,0.134860,0.002940,0.000673,0.062791,0.039740
N20001289,0.349492,0.093755,0.179924,0.046495,0.191790,0.018245,0.037015,0.047623,0.035659
N20001290,0.707613,0.013904,0.005343,0.008956,0.153733,0.003782,0.001071,0.063204,0.042392
N20001291,0.726599,0.013428,0.003170,0.007709,0.140583,0.003475,0.000663,0.063570,0.040803
N20001292,0.143341,0.355504,0.175720,0.151906,0.050889,0.068432,0.028566,0.014244,0.011399
N20001293,0.735289,0.012253,0.006349,0.007804,0.133994,0.003076,0.001096,0.060184,0.039954
N20001294,0.056040,0.377203,0.231801,0.195671,0.026513,0.065754,0.034999,0.006534,0.005485
N20001295,0.744820,0.013838,0.003504,0.007375,0.126166,0.003367,0.000683,0.061565,0.038682
N20001296,0.087664,0.229828,0.402614,0.092749,0.054921,0.040757,0.069631,0.012096,0.009741
N20001297,0.684624,0.011480,0.007021,0.006364,0.173321,0.002606,0.001412,0.068577,0.044596
N20001298,0.746655,0.013244,0.002894,0.007147,0.124178,0.003163,0.000548,0.063326,0.038847
N20001299,0.737153,0.008811,0.003405,0.004788,0.136394,0.002059,0.000644,0.066131,0.040615
N20001300,0.731400,0.015864,0.003645,0.007776,0.131150,0.003408,0.000724,0.066287,0.039748
N20001301,0.731309,0.008786,0.002418,0.004442,0.140872,0.002069,0.000496,0.068370,0.041238
N20001302,0.762157,0.010475,0.001826,0.005964,0.117181,0.002709,0.000337,0.061517,0.037834
N20001303,0.682847,0.022457,0.008742,0.010473,0.160088,0.004660,0.001904,0.066106,0.042723
N20001304,0.717083,0.016959,0.004870,0.007899,0.140167,0.003565,0.001002,0.067598,0.040857
N20001305,0.702871,0.009046,0.005543,0.004650,0.159293,0.001906,0.001064,0.071863,0.043765
N20001306,0.659614,0.006239,0.009608,0.003792,0.196107,0.001297,0.001720,0.073724,0.047899
N20001307,0.622239,0.039478,0.017934,0.013488,0.182912,0.006597,0.005786,0.068883,0.042683
N20001308,0.728261,0.014900,0.004512,0.009204,0.136351,0.003871,0.000873,0.061718,0.040310
N20001309,0.705630,0.014655,0.005402,0.009212,0.153116,0.003990,0.001051,0.064220,0.042724
N20001310,0.726134,0.012095,0.003875,0.006052,0.141018,0.002755,0.000806,0.066464,0.040800
N20001311,0.685977,0.019804,0.007261,0.008711,0.160054,0.004381,0.001757,0.069535,0.042520
N20001312,0.661992,0.032515,0.015813,0.014909,0.159400,0.006921,0.003613,0.063646,0.041191
N20001313,0.727784,0.011772,0.003766,0.006116,0.138619,0.002892,0.000706,0.067282,0.041065
N20001314,0.735187,0.014923,0.003771,0.007727,0.129607,0.003559,0.000714,0.064869,0.039642
N20001315,0.659950,0.035177,0.014254,0.015100,0.158802,0.007323,0.003416,0.064991,0.040987
N20001316,0.707898,0.010787,0.003905,0.005507,0.155240,0.002522,0.000790,0.070138,0.043215
N20001317,0.743254,0.011056,0.003781,0.005865,0.128829,0.002543,0.000716,0.064438,0.039519
N20001318,0.734404,0.018154,0.005322,0.011823,0.128008,0.004894,0.000950,0.057553,0.038891
N20001319,0.706632,0.016756,0.004574,0.008444,0.149069,0.003842,0.001041,0.067980,0.041662
N20001320,0.731833,0.010883,0.003321,0.004844,0.136333,0.002303,0.000700,0.069210,0.040573
N20001321,0.672569,0.016319,0.006007,0.008099,0.175355,0.003995,0.001467,0.071831,0.044357
N20001322,0.715062,0.019526,0.005985,0.009292,0.140617,0.004551,0.001336,0.063639,0.039992
N20001323,0.762528,0.012826,0.002624,0.006863,0.114920,0.003214,0.000498,0.059392,0.037135
N20001324,0.707008,0.019180,0.005544,0.008231,0.143664,0.004220,0.001267,0.069904,0.040982
N20001325,0.719517,0.010325,0.003447,0.005574,0.148010,0.002357,0.000728,0.068299,0.041742
N20001326,0.719550,0.009853,0.004058,0.005818,0.149226,0.002388,0.000813,0.066244,0.042050
N20001327,0.680597,0.011643,0.005590,0.007327,0.175264,0.002997,0.001313,0.070093,0.045176
N20001328,0.701135,0.019125,0.007426,0.008601,0.148474,0.003970,0.001587,0.068135,0.041547
N20001329,0.700530,0.013108,0.004499,0.007904,0.157501,0.003235,0.000898,0.068613,0.043712
N20001330,0.635069,0.014240,0.009773,0.008165,0.207178,0.003201,0.002440,0.072354,0.047581
N20001331,0.709531,0.013358,0.004887,0.009120,0.152419,0.003594,0.000966,0.063732,0.042392
N20001332,0.735509,0.014171,0.003734,0.007230,0.130890,0.003325,0.000718,0.064912,0.039511
N20001333,0.632833,0.013556,0.009908,0.007445,0.208558,0.003059,0.002473,0.074352,0.047815
N20001334,0.692765,0.012192,0.004932,0.007611,0.165730,0.003082,0.001059,0.068554,0.044074
N20001335,0.647801,0.017683,0.004963,0.009700,0.193019,0.004179,0.001317,0.074746,0.046592
N20001336,0.711530,0.019784,0.007707,0.010679,0.142275,0.004500,0.001566,0.061739,0.040219
N20001337,0.671315,0.009238,0.005338,0.006521,0.187716,0.002446,0.001083,0.069788,0.046554
N20001338,0.716328,0.027696,0.005524,0.011956,0.126975,0.005636,0.001234,0.065708,0.038942
N20001339,0.703769,0.012527,0.005489,0.008308,0.157069,0.003205,0.001049,0.065476,0.043107
N20001340,0.657671,0.012578,0.008911,0.008012,0.191309,0.003100,0.001855,0.069728,0.046836
N20001341,0.588394,0.012842,0.013966,0.007471,0.243702,0.003039,0.003109,0.076579,0.050899
N20001342,0.698254,0.010155,0.004128,0.005980,0.164623,0.002588,0.000877,0.069222,0.044172
N20001343,0.739456,0.013685,0.003205,0.008203,0.129578,0.003649,0.000645,0.062077,0.039501
N20001344,0.733396,0.011142,0.003339,0.006255,0.135861,0.002987,0.000650,0.065812,0.040558
N20001345,0.718025,0.015854,0.006050,0.009386,0.140634,0.003941,0.001159,0.063796,0.041155
N20001346,0.719189,0.014554,0.004456,0.008657,0.143361,0.003565,0.000883,0.064102,0.041232
N20001347,0.684916,0.015050,0.017727,0.010020,0.160453,0.003340,0.003037,0.062585,0.042872
N20001348,0.721720,0.014780,0.005275,0.007564,0.141133,0.003230,0.001150,0.064679,0.040468
N20001349,0.708890,0.010635,0.003722,0.006625,0.156242,0.002635,0.000777,0.067497,0.042977
N20001350,0.650311,0.009066,0.004571,0.005834,0.203856,0.002310,0.001090,0.074837,0.048126
N20001351,0.741442,0.016151,0.004316,0.009419,0.125009,0.004333,0.000785,0.059877,0.038668
N20001352,0.680445,0.013274,0.006183,0.007638,0.171329,0.003060,0.001301,0.071856,0.044913
N20001353,0.699275,0.008876,0.002953,0.005028,0.165651,0.002116,0.000676,0.071469,0.043956
N20001354,0.696752,0.012949,0.004493,0.007426,0.160761,0.003230,0.000987,0.069819,0.043583
N20001355,0.670258,0.009471,0.003909,0.005995,0.190188,0.002446,0.000929,0.070660,0.046144
N20001356,0.711723,0.009754,0.003904,0.005958,0.155535,0.002400,0.000774,0.067143,0.042810
N20001357,0.698450,0.011810,0.005242,0.007163,0.160801,0.002931,0.001062,0.068887,0.043653
N20001358,0.728318,0.014489,0.004368,0.008292,0.136870,0.003511,0.000831,0.062982,0.040339
N20001359,0.739097,0.012746,0.004139,0.007984,0.131747,0.003243,0.000733,0.060662,0.039647
N20001360,0.721168,0.012214,0.002946,0.007570,0.146944,0.003202,0.000621,0.063951,0.041384
N20001361,0.692889,0.014144,0.007590,0.009166,0.162432,0.003565,0.001570,0.065067,0.043577
N20001362,0.713280,0.012693,0.002929,0.008080,0.151588,0.003543,0.000601,0.064848,0.042438
N20001363,0.727330,0.013852,0.003810,0.008269,0.137291,0.003429,0.000731,0.064645,0.040644
N20001364,0.708169,0.008980,0.005133,0.005943,0.160475,0.002364,0.001010,0.064637,0.043290
N20001365,0.679707,0.015163,0.006974,0.007186,0.171189,0.003054,0.001752,0.071122,0.043853
N20001366,0.695374,0.011164,0.004359,0.006848,0.165754,0.002817,0.000965,0.068779,0.043941
N20001367,0.668906,0.012324,0.005309,0.008030,0.184137,0.003188,0.001120,0.070878,0.046108
N20001368,0.733835,0.016525,0.004650,0.010454,0.130841,0.004206,0.000894,0.059189,0.039406
N20001369,0.023801,0.637688,0.045775,0.180022,0.005422,0.098262,0.005365,0.002069,0.001595
N20001370,0.021191,0.630165,0.018751,0.205020,0.003918,0.115961,0.002141,0.001602,0.001250
N20001371,0.106961,0.434342,0.100659,0.196260,0.033419,0.095402,0.014507,0.010147,0.008305
N20001372,0.017492,0.592343,0.016131,0.273126,0.003499,0.093086,0.001906,0.001343,0.001074
N20001373,0.248882,0.350651,0.054368,0.165361,0.061010,0.073531,0.008062,0.021598,0.016536
N20001374,0.680036,0.013120,0.011244,0.009440,0.173104,0.003538,0.001974,0.062737,0.044806
N20001375,0.018108,0.602834,0.032951,0.196152,0.003660,0.140026,0.003740,0.001403,0.001127
N20001376,0.028061,0.614505,0.063611,0.166632,0.005205,0.111488,0.006835,0.002019,0.001645
N20001377,0.051209,0.558090,0.039310,0.203531,0.011788,0.122927,0.005273,0.004482,0.003390
N20001378,0.034233,0.634690,0.044585,0.164323,0.007501,0.103545,0.006053,0.002869,0.002201
N20001379,0.021440,0.619924,0.030131,0.205278,0.003876,0.112916,0.003680,0.001526,0.001227
N20001380,0.011014,0.543171,0.064993,0.228826,0.002635,0.141242,0.006510,0.000855,0.000753
N20001381,0.015892,0.629528,0.026310,0.211405,0.003305,0.108320,0.002937,0.001291,0.001011
N20001382,0.024805,0.583463,0.034809,0.203403,0.005863,0.139516,0.004350,0.002119,0.001673
N20001383,0.026633,0.648994,0.025365,0.174243,0.005437,0.112245,0.003218,0.002205,0.001661
N20001384,0.029769,0.620233,0.037949,0.178368,0.006001,0.118685,0.004860,0.002328,0.001808
N20001385,0.048362,0.584169,0.051731,0.187447,0.014701,0.096681,0.008246,0.004941,0.003723
N20001386,0.020081,0.505997,0.103028,0.235064,0.005259,0.116304,0.011220,0.001619,0.001428
N20001387,0.028699,0.603858,0.020837,0.223851,0.005840,0.110153,0.002595,0.002372,0.001796
N20001388,0.012282,0.553891,0.025879,0.252080,0.002399,0.149432,0.002460,0.000839,0.000738
N20001389,0.047166,0.624996,0.033598,0.158893,0.009616,0.114148,0.004736,0.003938,0.002908
N20001390,0.013425,0.623777,0.020201,0.216473,0.002658,0.119415,0.002139,0.001069,0.000842
N20001391,0.013183,0.548577,0.031099,0.252679,0.003129,0.146330,0.003050,0.001050,0.000903
N20001392,0.010848,0.537793,0.033001,0.281208,0.002438,0.129897,0.003261,0.000832,0.000722
N20001393,0.016150,0.699120,0.025007,0.144903,0.003010,0.106388,0.003151,0.001305,0.000965
N20001394,0.049832,0.581241,0.046490,0.195218,0.011081,0.102025,0.007018,0.003979,0.003117
N20001395,0.020860,0.601575,0.022248,0.227489,0.004113,0.118117,0.002657,0.001663,0.001277
N20001396,0.027687,0.629816,0.020151,0.176160,0.005003,0.135012,0.002360,0.002181,0.001630
N20001397,0.048916,0.611671,0.061703,0.161330,0.012263,0.086666,0.009552,0.004532,0.003367
N20001398,0.024606,0.631902,0.029407,0.182159,0.004972,0.119621,0.003863,0.001956,0.001514
N20001399,0.022517,0.646896,0.026684,0.175427,0.004431,0.117551,0.003235,0.001859,0.001401
N20001400,0.070652,0.566533,0.071996,0.152622,0.016784,0.099594,0.011233,0.005979,0.004606
N20001401,0.027782,0.572742,0.087166,0.190707,0.006346,0.099810,0.011408,0.002231,0.001807
N20001402,0.031606,0.569637,0.073125,0.196827,0.008972,0.104329,0.010302,0.002865,0.002337
N20001403,0.023980,0.622684,0.028710,0.193293,0.004733,0.120033,0.003276,0.001831,0.001461
N20001404,0.034607,0.584102,0.089870,0.161048,0.009482,0.102409,0.012664,0.003296,0.002522
N20001405,0.016965,0.634309,0.021343,0.196091,0.003355,0.123167,0.002387,0.001334,0.001050
N20001406,0.028059,0.649629,0.019392,0.156731,0.004930,0.135093,0.002360,0.002188,0.001617
N20001407,0.029195,0.606436,0.025365,0.208253,0.005983,0.117052,0.003470,0.002430,0.001814
N20001408,0.010441,0.700869,0.015494,0.147069,0.001587,0.121636,0.001613,0.000727,0.000564
N20001409,0.019171,0.628811,0.026698,0.201936,0.003404,0.114547,0.002959,0.001378,0.001093
N20001410,0.010523,0.614605,0.010391,0.234284,0.001724,0.126002,0.001095,0.000782,0.000593
N20001411,0.013936,0.666234,0.044427,0.160683,0.002722,0.105285,0.004795,0.001061,0.000858
N20001412,0.027899,0.644465,0.028967,0.163608,0.005040,0.122372,0.003856,0.002171,0.001623
N20001413,0.073602,0.532296,0.048000,0.197797,0.015701,0.115721,0.005921,0.006253,0.004708
N20001414,0.655695,0.076210,0.010236,0.035261,0.114787,0.018483,0.001821,0.052379,0.035128
N20001415,0.013392,0.703704,0.015337,0.140143,0.002163,0.121868,0.001633,0.001006,0.000754
N20001416,0.022288,0.620207,0.013459,0.219902,0.003701,0.116111,0.001538,0.001557,0.001236
N20001417,0.019727,0.666392,0.014191,0.174241,0.003349,0.117912,0.001594,0.001472,0.001122
N20001418,0.298839,0.242883,0.132020,0.079513,0.117425,0.035007,0.034160,0.035367,0.024786
N20001419,0.707452,0.009113,0.003101,0.004999,0.158568,0.002151,0.000676,0.070743,0.043196
N20001420,0.690147,0.018237,0.007532,0.007568,0.159171,0.003922,0.001662,0.068997,0.042765
N20001421,0.629779,0.055507,0.014984,0.019977,0.158805,0.010740,0.003615,0.065733,0.040860
N20001422,0.520272,0.068429,0.060097,0.028837,0.190764,0.013101,0.013733,0.062384,0.042383
N20001423,0.705294,0.018531,0.007039,0.007927,0.146132,0.003634,0.001498,0.068462,0.041484
N20001424,0.027442,0.641301,0.018648,0.187274,0.005026,0.114320,0.002290,0.002080,0.001617
N20001425,0.540307,0.049863,0.028449,0.019849,0.229195,0.008812,0.009072,0.069177,0.045276
N20001426,0.721891,0.014425,0.005290,0.006900,0.139846,0.003070,0.001074,0.066846,0.040659
N20001427,0.684153,0.013377,0.004842,0.006589,0.170229,0.002934,0.001132,0.072556,0.044188
N20001428,0.685732,0.026065,0.011065,0.011415,0.150837,0.005298,0.002568,0.065965,0.041056
N20001429,0.728093,0.011243,0.002833,0.005229,0.138801,0.002507,0.000601,0.069786,0.040908
N20001430,0.586272,0.018016,0.023041,0.008661,0.233452,0.003195,0.006121,0.072857,0.048385
N20001431,0.704061,0.012702,0.005240,0.005208,0.154493,0.002604,0.001193,0.072072,0.042426
N20001432,0.759703,0.010866,0.003171,0.005961,0.118631,0.002622,0.000584,0.060783,0.037679
N20001433,0.693280,0.013024,0.008030,0.006449,0.161318,0.002781,0.001522,0.070071,0.043526
N20001434,0.728184,0.015429,0.004706,0.008158,0.135462,0.003488,0.000957,0.063836,0.039781
N20001435,0.693690,0.018623,0.007864,0.007177,0.154559,0.003327,0.001845,0.070767,0.042149
N20001436,0.707047,0.009757,0.005967,0.006064,0.157414,0.002409,0.001050,0.066954,0.043338
N20001437,0.736475,0.018176,0.006101,0.008569,0.124013,0.004079,0.001111,0.062925,0.038551
N20001438,0.633998,0.006017,0.009966,0.002885,0.215148,0.001145,0.002140,0.079679,0.049023
N20001439,0.674041,0.034921,0.007194,0.013419,0.154036,0.007886,0.001918,0.066111,0.040473
N20001440,0.741556,0.010776,0.003719,0.006083,0.131367,0.002581,0.000706,0.063540,0.039672
N20001441,0.663202,0.033685,0.010039,0.013160,0.162099,0.006611,0.002781,0.067078,0.041345
N20001442,0.714055,0.014122,0.003625,0.007928,0.146699,0.003461,0.000734,0.067433,0.041944
N20001443,0.676475,0.029937,0.009680,0.013163,0.153900,0.005917,0.002314,0.067294,0.041320
N20001444,0.717743,0.012926,0.006387,0.006709,0.143767,0.002776,0.001206,0.067168,0.041317
N20001445,0.644691,0.039623,0.014289,0.015440,0.167380,0.008433,0.003689,0.065225,0.041230
N20001446,0.143263,0.333422,0.125452,0.219127,0.049888,0.089838,0.013814,0.013376,0.011821
N20001447,0.400776,0.140851,0.138528,0.082284,0.123152,0.027040,0.021352,0.036800,0.029218
N20001448,0.386067,0.192740,0.098809,0.115629,0.097211,0.039482,0.013735,0.031084,0.025243
N20001449,0.408988,0.158849,0.112615,0.095321,0.112699,0.032838,0.014755,0.035655,0.028280
N20001450,0.411360,0.187853,0.085684,0.116100,0.088061,0.047118,0.010154,0.029139,0.024531
N20001451,0.472019,0.152364,0.069399,0.103355,0.101026,0.029958,0.007983,0.035442,0.028454
N20001452,0.399641,0.164321,0.136704,0.104237,0.089733,0.032997,0.018533,0.029492,0.024344
N20001453,0.556226,0.089440,0.066227,0.062412,0.122361,0.021435,0.009149,0.039682,0.033069
N20001454,0.718244,0.015037,0.012864,0.010344,0.142382,0.003788,0.002068,0.055150,0.040123
N20001455,0.631564,0.014521,0.026598,0.010701,0.196656,0.003563,0.004781,0.065077,0.046541
N20001456,0.681147,0.016548,0.016221,0.012156,0.165460,0.004290,0.002688,0.058603,0.042889
N20001457,0.060646,0.471895,0.024860,0.261836,0.012339,0.157941,0.002507,0.004261,0.003716
N20001458,0.501935,0.120099,0.082149,0.090447,0.097410,0.036961,0.009465,0.033211,0.028322
N20001459,0.204435,0.292381,0.143976,0.180958,0.060691,0.067862,0.017269,0.017436,0.014992
N20001460,0.574172,0.051996,0.071636,0.036040,0.152309,0.013380,0.011122,0.050450,0.038896
N20001461,0.180773,0.348567,0.051604,0.247887,0.034977,0.107969,0.005514,0.012172,0.010537
N20001462,0.677329,0.035195,0.039063,0.029361,0.124051,0.010319,0.004995,0.043554,0.036133
N20001463,0.690481,0.031293,0.041135,0.025306,0.118854,0.008745,0.005409,0.043375,0.035402
N20001464,0.050173,0.467472,0.018542,0.301449,0.008157,0.146772,0.001775,0.002973,0.002688
N20001465,0.637816,0.069413,0.025923,0.055529,0.110739,0.021495,0.003347,0.041965,0.033774
N20001466,0.527749,0.166805,0.017030,0.105575,0.071125,0.055951,0.002111,0.029504,0.024150
N20001467,0.028020,0.512061,0.010950,0.330445,0.004246,0.110257,0.000980,0.001608,0.001432
N20001468,0.754432,0.022709,0.006786,0.016770,0.110357,0.007052,0.000994,0.045713,0.035187
N20001469,0.732641,0.013713,0.009179,0.010202,0.135621,0.003848,0.001479,0.053756,0.039562
N20001470,0.755198,0.015071,0.007322,0.009485,0.119338,0.003905,0.001177,0.051650,0.036855
N20001471,0.768405,0.012384,0.003738,0.008106,0.114540,0.003465,0.000656,0.052372,0.036333
N20001472,0.805074,0.015099,0.007844,0.012351,0.084689,0.004747,0.000977,0.038393,0.030827
N20001473,0.770452,0.019850,0.005739,0.013828,0.101186,0.005877,0.000906,0.047734,0.034429
N20001474,0.715398,0.030329,0.017396,0.015949,0.120899,0.006634,0.002949,0.053702,0.036744
N20001475,0.766147,0.016585,0.006606,0.011493,0.107768,0.004745,0.001031,0.049971,0.035656
N20001476,0.708158,0.012557,0.008567,0.009510,0.156847,0.003404,0.001534,0.057499,0.041923
N20001477,0.685451,0.058107,0.017048,0.043575,0.101907,0.017646,0.002285,0.041215,0.032765
N20001478,0.731294,0.050474,0.013083,0.042132,0.079764,0.016224,0.001544,0.036148,0.029337
N20001479,0.730092,0.019974,0.013274,0.014284,0.126583,0.005361,0.002049,0.050545,0.037838
N20001480,0.670801,0.080721,0.013243,0.059593,0.082631,0.025971,0.001697,0.036336,0.029008
N20001481,0.543616,0.077332,0.084601,0.048635,0.136803,0.017451,0.013054,0.043648,0.034861
N20001482,0.349516,0.215049,0.079552,0.153854,0.083916,0.060061,0.009883,0.025679,0.022491
N20001483,0.377671,0.165786,0.147873,0.112333,0.088451,0.040617,0.016481,0.027134,0.023654
N20001484,0.097848,0.412228,0.083164,0.253795,0.030886,0.095910,0.009576,0.008917,0.007676
N20001485,0.071726,0.377446,0.157289,0.245984,0.023632,0.094525,0.017328,0.006357,0.005711
N20001486,0.299063,0.281292,0.066466,0.166204,0.073201,0.060083,0.008988,0.025028,0.019675
N20001487,0.073257,0.434436,0.082013,0.250590,0.022290,0.115954,0.009319,0.006518,0.005622
N20001488,0.215766,0.304255,0.163481,0.119428,0.078681,0.050367,0.027416,0.023036,0.017571
N20001489,0.117379,0.390357,0.083952,0.263007,0.026910,0.093106,0.009257,0.008553,0.007479
N20001490,0.284384,0.276994,0.104642,0.139191,0.081937,0.051857,0.015194,0.025637,0.020164
N20001491,0.208812,0.260499,0.158676,0.173461,0.077361,0.061838,0.021035,0.020777,0.017541
N20001492,0.244040,0.168071,0.267631,0.113154,0.092637,0.033422,0.036709,0.023968,0.020367
N20001493,0.254022,0.329052,0.078809,0.169042,0.053903,0.070383,0.010696,0.019014,0.015080
N20001494,0.302401,0.218651,0.127170,0.150638,0.086427,0.051148,0.016170,0.025803,0.021593
N20001495,0.229706,0.396785,0.061107,0.148114,0.052865,0.067235,0.008879,0.020475,0.014835
N20001496,0.520890,0.101652,0.103144,0.063578,0.109970,0.019794,0.012471,0.037948,0.030552
N20001497,0.208028,0.294416,0.126312,0.183926,0.064942,0.070422,0.017396,0.018779,0.015780
N20001498,0.386782,0.217158,0.085630,0.129215,0.075617,0.046363,0.009894,0.027219,0.022121
N20001499,0.209153,0.389480,0.049170,0.189470,0.047821,0.076952,0.006704,0.017838,0.013413
N20001500,0.484639,0.131623,0.095916,0.071584,0.109551,0.024174,0.013172,0.039406,0.029937
N20001501,0.254902,0.213427,0.189894,0.140778,0.088277,0.042859,0.025428,0.024180,0.020255
N20001502,0.157294,0.442835,0.039233,0.211815,0.027263,0.097514,0.004680,0.010822,0.008543
N20001503,0.283607,0.267615,0.091505,0.189818,0.055459,0.066956,0.009776,0.018907,0.016356
N20001504,0.372456,0.168177,0.161186,0.095261,0.096213,0.029826,0.021089,0.030988,0.024803
N20001505,0.242899,0.304553,0.070798,0.210818,0.054417,0.075347,0.007916,0.017967,0.015284
N20001506,0.163952,0.328258,0.151771,0.185486,0.055162,0.068007,0.018722,0.015659,0.012983
N20001507,0.492023,0.150325,0.070136,0.082464,0.099188,0.030855,0.008978,0.037576,0.028456
N20001508,0.279731,0.251777,0.101009,0.172933,0.079227,0.058995,0.012940,0.023490,0.019898
N20001509,0.496143,0.159733,0.047563,0.095877,0.095287,0.036658,0.006294,0.034853,0.027592
N20001510,0.389131,0.184816,0.092725,0.119577,0.100687,0.043806,0.011971,0.031279,0.026008
N20001511,0.096073,0.404039,0.047311,0.285772,0.017804,0.132865,0.004594,0.006039,0.005502
N20001512,0.740134,0.023670,0.018886,0.018377,0.109396,0.006564,0.002423,0.045386,0.035163
N20001513,0.446862,0.150028,0.059144,0.109725,0.119403,0.041439,0.008058,0.035209,0.030132
N20001514,0.044166,0.410630,0.201044,0.219630,0.020763,0.066539,0.027886,0.005004,0.004338
N20001515,0.052954,0.439721,0.130250,0.250991,0.019661,0.080713,0.015774,0.005362,0.004575
N20001516,0.045009,0.481323,0.053649,0.279438,0.011765,0.116350,0.005730,0.003573,0.003162
N20001517,0.100751,0.385889,0.113028,0.230959,0.031202,0.108538,0.013020,0.008912,0.007702
N20001518,0.054795,0.356897,0.239666,0.195683,0.030834,0.077134,0.031927,0.007033,0.006031
N20001519,0.054150,0.513703,0.030949,0.268857,0.010355,0.111680,0.003325,0.003801,0.003181
N20001520,0.024966,0.500939,0.044140,0.273250,0.006531,0.141935,0.004469,0.001995,0.001774
N20001521,0.073481,0.423802,0.107895,0.250089,0.024237,0.094650,0.013252,0.006730,0.005863
N20001522,0.029117,0.544595,0.041967,0.237821,0.008502,0.128379,0.004846,0.002569,0.002205
N20001523,0.029280,0.566758,0.015300,0.265687,0.005880,0.111485,0.001688,0.002148,0.001774
N20001524,0.047710,0.398386,0.242833,0.173896,0.019854,0.076997,0.030976,0.005047,0.004302
N20001525,0.039516,0.465932,0.105959,0.229724,0.014884,0.124138,0.012518,0.003897,0.003431
N20001526,0.042052,0.462988,0.058443,0.241589,0.010732,0.172344,0.005666,0.003269,0.002916
N20001527,0.027867,0.483520,0.026424,0.274437,0.005196,0.176671,0.002468,0.001785,0.001632
N20001528,0.036309,0.476062,0.059616,0.236539,0.009522,0.170521,0.006022,0.002841,0.002566
N20001529,0.023908,0.472190,0.061212,0.242610,0.006595,0.183863,0.005998,0.001892,0.001732
N20001530,0.131934,0.357386,0.129803,0.204859,0.029759,0.116407,0.013258,0.008513,0.008080
N20001531,0.548288,0.088148,0.061254,0.052109,0.134605,0.024399,0.009235,0.046483,0.035479
N20001532,0.650592,0.062746,0.027768,0.049020,0.112415,0.019363,0.003649,0.040746,0.033701
N20001533,0.030192,0.478199,0.022783,0.270168,0.005329,0.187938,0.001991,0.001733,0.001667
N20001534,0.273023,0.306393,0.032136,0.208824,0.041341,0.105460,0.003434,0.015699,0.013690
N20001535,0.064484,0.506532,0.030367,0.255073,0.009131,0.124860,0.002849,0.003579,0.003125
N20001536,0.048944,0.531081,0.020681,0.215978,0.006886,0.169334,0.001919,0.002774,0.002403
N20001537,0.106024,0.473567,0.033167,0.220518,0.019826,0.129389,0.003900,0.007501,0.006107
N20001538,0.690025,0.059127,0.012461,0.042971,0.099949,0.018154,0.001770,0.042627,0.032915
N20001539,0.367896,0.229011,0.060966,0.133396,0.077216,0.075165,0.007655,0.026635,0.022060
N20001540,0.675071,0.039947,0.025406,0.018881,0.138039,0.008416,0.005074,0.051576,0.037590
N20001541,0.622502,0.058020,0.052028,0.036001,0.131453,0.013370,0.007991,0.043401,0.035234
N20001542,0.487639,0.155266,0.035889,0.110150,0.091694,0.054419,0.004341,0.033168,0.027435
N20001543,0.604868,0.095143,0.040291,0.056130,0.103253,0.023189,0.005688,0.040058,0.031379
N20001544,0.338512,0.253490,0.037336,0.169266,0.057971,0.099793,0.004021,0.021426,0.018184
N20001545,0.622768,0.044028,0.042959,0.033692,0.148514,0.014556,0.005721,0.048374,0.039388
N20001546,0.726768,0.023748,0.009577,0.018497,0.126470,0.007044,0.001553,0.048693,0.037651
N20001547,0.049279,0.563330,0.081308,0.191547,0.011753,0.085424,0.010134,0.003963,0.003262
N20001548,0.121438,0.276931,0.301504,0.117576,0.053584,0.049025,0.055490,0.013558,0.010893
N20001549,0.050065,0.482479,0.118982,0.211020,0.017962,0.094100,0.016171,0.005043,0.004176
N20001550,0.098128,0.522343,0.075697,0.173936,0.024138,0.078998,0.011571,0.008619,0.006568
N20001551,0.072668,0.452265,0.178090,0.172726,0.019541,0.071005,0.022550,0.006023,0.005132
N20001552,0.070223,0.486414,0.066159,0.243822,0.019190,0.094638,0.008617,0.005966,0.004971
N20001553,0.069748,0.575738,0.060816,0.173507,0.016464,0.084275,0.008575,0.006216,0.004662
N20001554,0.053295,0.590641,0.037856,0.206035,0.011205,0.088558,0.004902,0.004201,0.003307
N20001555,0.086912,0.375074,0.205580,0.175693,0.035942,0.073212,0.030537,0.009316,0.007735
N20001556,0.054129,0.390802,0.228702,0.198457,0.021661,0.063021,0.033377,0.005173,0.004679
N20001557,0.054929,0.486011,0.099275,0.225292,0.013480,0.102029,0.011075,0.004236,0.003672
N20001558,0.049700,0.252284,0.402443,0.150877,0.026547,0.058309,0.049186,0.005539,0.005115
N20001559,0.098957,0.519739,0.053108,0.196812,0.024491,0.083659,0.007850,0.008760,0.006624
N20001560,0.066682,0.345794,0.242862,0.203065,0.026839,0.071140,0.030854,0.006864,0.005900
N20001561,0.063923,0.511260,0.108901,0.196521,0.015312,0.081055,0.013972,0.004947,0.004110
N20001562,0.084312,0.448769,0.161810,0.163310,0.024569,0.079819,0.023967,0.007413,0.006033
N20001563,0.071509,0.540815,0.031333,0.227149,0.012707,0.103841,0.003678,0.004983,0.003985
N20001564,0.067027,0.535279,0.078640,0.201688,0.014831,0.083732,0.009344,0.005247,0.004213
N20001565,0.071770,0.520664,0.095414,0.179860,0.014814,0.096288,0.011948,0.005034,0.004207
N20001566,0.123064,0.457496,0.071268,0.211740,0.028942,0.080396,0.009261,0.009906,0.007928
N20001567,0.107460,0.480826,0.066243,0.195928,0.027350,0.096231,0.009557,0.009182,0.007221
N20001568,0.227466,0.239423,0.236202,0.110148,0.071107,0.043195,0.035794,0.020067,0.016598
N20001569,0.043772,0.345329,0.295993,0.172393,0.016889,0.086947,0.030897,0.004007,0.003773
N20001570,0.169617,0.257825,0.275167,0.102167,0.070006,0.038660,0.054222,0.017961,0.014375
N20001571,0.188542,0.423452,0.076254,0.157276,0.039147,0.078502,0.011463,0.014403,0.010961
N20001572,0.110531,0.460973,0.098589,0.179822,0.032388,0.083699,0.015853,0.010097,0.008047
N20001573,0.243506,0.292313,0.148369,0.146570,0.058026,0.059141,0.018636,0.018124,0.015314
N20001574,0.335746,0.317670,0.059433,0.116847,0.062772,0.054414,0.010626,0.024527,0.017964
N20001575,0.333427,0.265033,0.095604,0.133673,0.065281,0.051085,0.012667,0.024324,0.018905
N20001576,0.186125,0.343910,0.175345,0.117349,0.056585,0.057309,0.032462,0.017594,0.013321
N20001577,0.116540,0.215760,0.340649,0.129503,0.074589,0.045283,0.049250,0.015136,0.013289
N20001578,0.119278,0.405505,0.164767,0.160583,0.033597,0.075346,0.021593,0.010875,0.008455
N20001579,0.311565,0.320495,0.055172,0.146585,0.057953,0.060299,0.008038,0.022767,0.017126
N20001580,0.123320,0.436440,0.079459,0.211565,0.030716,0.090546,0.009924,0.009820,0.008209
N20001581,0.178283,0.367835,0.107512,0.193401,0.042990,0.070633,0.013832,0.014023,0.011491
N20001582,0.076808,0.426625,0.169164,0.180839,0.029623,0.075989,0.026267,0.008112,0.006573
N20001583,0.037684,0.459584,0.112939,0.246265,0.013431,0.111831,0.011529,0.003560,0.003176
N20001584,0.057120,0.414604,0.158535,0.237582,0.020006,0.083059,0.019092,0.005338,0.004664
N20001585,0.064370,0.393077,0.193263,0.214899,0.023218,0.075173,0.024623,0.006079,0.005298
N20001586,0.111454,0.447412,0.103978,0.190773,0.027610,0.088473,0.014345,0.008742,0.007213
N20001587,0.063117,0.392386,0.228403,0.181813,0.022640,0.070283,0.030132,0.006036,0.005190
N20001588,0.095866,0.376876,0.186174,0.193495,0.031878,0.076467,0.023076,0.008710,0.007457
N20001589,0.052683,0.472882,0.103331,0.246064,0.015724,0.088786,0.012047,0.004565,0.003919
N20001590,0.047799,0.386564,0.219546,0.209692,0.023611,0.074166,0.028216,0.005614,0.004792
N20001591,0.062185,0.387431,0.219056,0.189660,0.025592,0.075355,0.028785,0.006409,0.005527
N20001592,0.080863,0.331518,0.253728,0.190056,0.033225,0.061050,0.034701,0.007842,0.007017
N20001593,0.040273,0.425754,0.177471,0.222434,0.017384,0.086513,0.022216,0.004227,0.003728
N20001594,0.053950,0.426365,0.141200,0.234344,0.022478,0.093995,0.016941,0.005789,0.004938
N20001595,0.033197,0.584882,0.027167,0.225317,0.007285,0.114161,0.003153,0.002698,0.002140
N20001596,0.030774,0.363559,0.289534,0.176900,0.017027,0.077329,0.037821,0.003736,0.003319
N20001597,0.024209,0.492069,0.077360,0.258041,0.007242,0.130092,0.007229,0.001950,0.001807
N20001598,0.028121,0.481410,0.077971,0.291263,0.011161,0.096248,0.008547,0.002768,0.002511
N20001599,0.127100,0.298029,0.270111,0.126754,0.054515,0.047652,0.050702,0.013921,0.011215
N20001600,0.031737,0.595149,0.018667,0.242719,0.005897,0.099631,0.002071,0.002302,0.001827
N20001601,0.016591,0.559377,0.035249,0.278063,0.004390,0.099833,0.003919,0.001389,0.001189
N20001602,0.028522,0.328258,0.297107,0.201015,0.017425,0.088226,0.032637,0.003527,0.003283
N20001603,0.149336,0.318381,0.191396,0.187589,0.044980,0.059894,0.025059,0.012470,0.010896
N20001604,0.060060,0.205575,0.464207,0.104504,0.041320,0.033234,0.075379,0.008549,0.007171
N20001605,0.021863,0.551505,0.012340,0.294600,0.003592,0.112391,0.001170,0.001365,0.001174
N20001606,0.017597,0.529956,0.029040,0.304692,0.004562,0.108604,0.002918,0.001394,0.001238
N20001607,0.107053,0.264763,0.304947,0.153884,0.055984,0.043775,0.045709,0.012872,0.011013
N20001608,0.171168,0.324906,0.177940,0.149674,0.065922,0.049086,0.028433,0.018324,0.014549
N20001609,0.056689,0.279926,0.350906,0.162768,0.029067,0.062294,0.046658,0.006073,0.005619
N20001610,0.055414,0.285407,0.364350,0.143054,0.032856,0.049242,0.056516,0.007063,0.006099
N20001611,0.059457,0.328036,0.271598,0.209021,0.024374,0.060856,0.035570,0.005792,0.005296
N20001612,0.175379,0.305809,0.234767,0.115983,0.057552,0.040486,0.039184,0.017349,0.013491
N20001613,0.030534,0.309996,0.324382,0.207542,0.018256,0.059348,0.042663,0.003821,0.003459
N20001614,0.083084,0.421616,0.132991,0.221504,0.031413,0.075364,0.018321,0.008583,0.007123
N20001615,0.103047,0.291411,0.293905,0.147442,0.047705,0.051210,0.044369,0.011213,0.009697
N20001616,0.106648,0.175266,0.416682,0.105825,0.068454,0.031179,0.069547,0.014272,0.012126
N20001617,0.016104,0.461684,0.076108,0.271946,0.004523,0.159797,0.007418,0.001234,0.001186
N20001618,0.036893,0.198383,0.506905,0.115426,0.024060,0.031979,0.077376,0.004721,0.004257
N20001619,0.022681,0.497051,0.045889,0.277077,0.006433,0.142684,0.004710,0.001803,0.001672
N20001620,0.106401,0.210626,0.393844,0.122960,0.051541,0.035164,0.057229,0.011933,0.010301
N20001621,0.111840,0.219759,0.367766,0.095586,0.070712,0.040034,0.066280,0.015521,0.012502
N20001622,0.151241,0.379991,0.127191,0.190946,0.041468,0.068711,0.016757,0.013087,0.010608
N20001623,0.080813,0.253867,0.345998,0.148927,0.047830,0.053841,0.049776,0.010087,0.008861
N20001624,0.068934,0.205330,0.421440,0.144204,0.042675,0.043500,0.057686,0.008544,0.007687
N20001625,0.171874,0.360990,0.108955,0.205226,0.040178,0.074806,0.014152,0.012886,0.010932
N20001626,0.156954,0.346342,0.169138,0.158815,0.053230,0.062543,0.025170,0.015459,0.012349
N20001627,0.036252,0.465174,0.097981,0.255316,0.011432,0.116568,0.011397,0.003059,0.002821
N20001628,0.120423,0.182193,0.392177,0.101122,0.072341,0.036511,0.066373,0.015740,0.013121
N20001629,0.106143,0.303549,0.259881,0.159130,0.053024,0.053504,0.041449,0.012794,0.010526
N20001630,0.168995,0.197290,0.326108,0.101116,0.081406,0.033147,0.055550,0.020299,0.016090
N20001631,0.098744,0.248416,0.353767,0.127149,0.048929,0.049517,0.052725,0.011176,0.009577
N20001632,0.093028,0.170804,0.441960,0.107683,0.062880,0.033855,0.065974,0.012751,0.011065
N20001633,0.180031,0.156632,0.329696,0.081395,0.117669,0.023334,0.065386,0.025689,0.020169
N20001634,0.055513,0.346930,0.259388,0.179521,0.022642,0.097501,0.028177,0.005394,0.004933
N20001635,0.171360,0.220909,0.273700,0.117070,0.087922,0.042629,0.049159,0.020348,0.016903
N20001636,0.025173,0.483472,0.063690,0.248352,0.007262,0.161539,0.006472,0.002141,0.001897
N20001637,0.086320,0.186007,0.449959,0.105128,0.047238,0.042045,0.063959,0.010320,0.009023
N20001638,0.173589,0.214724,0.276050,0.111098,0.095432,0.038907,0.051273,0.021297,0.017631
N20001639,0.021805,0.520090,0.014666,0.259886,0.003815,0.175826,0.001339,0.001346,0.001227
N20001640,0.038007,0.466376,0.068051,0.242913,0.010403,0.161898,0.006632,0.002992,0.002728
N20001641,0.027912,0.448686,0.078444,0.226457,0.007166,0.200102,0.007154,0.002119,0.001961
N20001642,0.023266,0.578971,0.011398,0.256244,0.004655,0.121097,0.001221,0.001735,0.001413
N20001643,0.042033,0.444468,0.078474,0.256025,0.012313,0.152687,0.007397,0.003446,0.003156
N20001644,0.023395,0.515184,0.047114,0.230981,0.005372,0.170365,0.004373,0.001686,0.001531
N20001645,0.032173,0.506644,0.029622,0.227745,0.005480,0.191878,0.002715,0.001961,0.001783
N20001646,0.028529,0.518432,0.026457,0.245363,0.004666,0.171148,0.002246,0.001638,0.001521
N20001647,0.026033,0.506191,0.038630,0.261589,0.006400,0.153439,0.003973,0.001972,0.001772
N20001648,0.029719,0.473927,0.076093,0.261062,0.006536,0.141850,0.006946,0.001986,0.001881
N20001649,0.043110,0.441459,0.121127,0.217140,0.011428,0.148980,0.010513,0.003202,0.003040
N20001650,0.039561,0.497272,0.016744,0.243252,0.006820,0.190053,0.001581,0.002502,0.002214
N20001651,0.262971,0.040804,0.349455,0.022883,0.166053,0.005361,0.090409,0.034365,0.027701
N20001652,0.373458,0.216411,0.062238,0.149349,0.087987,0.051108,0.008092,0.027891,0.023466
N20001653,0.549337,0.046009,0.048943,0.029929,0.202061,0.011180,0.010381,0.058220,0.043941
N20001654,0.625121,0.056362,0.048067,0.029576,0.133986,0.010569,0.007561,0.051570,0.037189
N20001655,0.608031,0.059000,0.040120,0.037368,0.145711,0.015028,0.006775,0.049693,0.038273
N20001656,0.643547,0.037139,0.026302,0.024766,0.159682,0.008730,0.004695,0.054254,0.040886
N20001657,0.535209,0.047126,0.067355,0.031706,0.197115,0.011395,0.011772,0.054878,0.043444
N20001658,0.074234,0.458862,0.052587,0.259639,0.015148,0.124718,0.005609,0.004791,0.004413
N20001659,0.433974,0.093056,0.129125,0.050936,0.167689,0.018561,0.024550,0.046129,0.035979
N20001660,0.621973,0.046428,0.036714,0.029761,0.155277,0.010612,0.006078,0.053169,0.039989
N20001661,0.619870,0.046404,0.036701,0.026996,0.157293,0.009604,0.006555,0.056181,0.040397
N20001662,0.619435,0.052812,0.045747,0.027820,0.144718,0.010401,0.007741,0.053041,0.038283
N20001663,0.654405,0.041629,0.037444,0.026503,0.137256,0.009309,0.005757,0.050038,0.037659
N20001664,0.511608,0.094692,0.073799,0.063369,0.143588,0.021221,0.011307,0.045021,0.035395
N20001665,0.721809,0.032539,0.022113,0.023684,0.110426,0.009121,0.003101,0.042865,0.034342
N20001666,0.102017,0.420888,0.083819,0.246854,0.022107,0.101990,0.009185,0.006886,0.006254
N20001667,0.645519,0.023197,0.047787,0.017370,0.159569,0.006227,0.007646,0.051956,0.040729
N20001668,0.625785,0.046547,0.039469,0.032534,0.150855,0.012469,0.006194,0.047475,0.038672
N20001669,0.031781,0.538953,0.051489,0.231320,0.006458,0.130792,0.005104,0.002173,0.001931
N20001670,0.112163,0.414695,0.079606,0.235600,0.028111,0.104511,0.009909,0.008063,0.007341
N20001671,0.151070,0.448658,0.033682,0.219638,0.021560,0.105759,0.003570,0.008805,0.007259
N20001672,0.018483,0.541217,0.022858,0.265908,0.003647,0.143489,0.002047,0.001236,0.001114
N20001673,0.693923,0.020098,0.021808,0.015710,0.148503,0.005875,0.003415,0.050659,0.040010
N20001674,0.069705,0.423909,0.080375,0.229574,0.015451,0.165337,0.006977,0.004375,0.004297
N20001675,0.771119,0.018977,0.010131,0.015225,0.100710,0.006107,0.001400,0.042676,0.033655
N20001676,0.457096,0.157330,0.085405,0.104002,0.084925,0.046822,0.009465,0.029745,0.025211
N20001677,0.690626,0.023639,0.018080,0.015979,0.146331,0.005777,0.003221,0.056079,0.040270
N20001678,0.711643,0.035567,0.034996,0.029795,0.102546,0.010867,0.004212,0.037817,0.032557
N20001679,0.742079,0.014460,0.012064,0.011043,0.126675,0.004110,0.001794,0.049870,0.037906
N20001680,0.671154,0.022175,0.014945,0.016300,0.166291,0.005900,0.002820,0.057820,0.042595
N20001681,0.755472,0.019316,0.012945,0.015891,0.109632,0.005755,0.001784,0.044332,0.034874
N20001682,0.695747,0.011085,0.013362,0.007782,0.164569,0.002741,0.002213,0.059564,0.042937
N20001683,0.729363,0.026536,0.013997,0.020648,0.117104,0.008228,0.001925,0.045986,0.036213
N20001684,0.679594,0.016465,0.021357,0.012758,0.163244,0.004542,0.003600,0.055839,0.042601
N20001685,0.053314,0.465071,0.082004,0.226580,0.012613,0.145311,0.007975,0.003660,0.003471
N20001686,0.032745,0.413252,0.172321,0.174348,0.012574,0.171431,0.017155,0.003270,0.002904
N20001687,0.053584,0.515564,0.055001,0.194084,0.011405,0.157092,0.006094,0.003881,0.003295
N20001688,0.042559,0.531057,0.031312,0.213923,0.007430,0.165467,0.003232,0.002688,0.002331
N20001689,0.057988,0.417424,0.117271,0.221354,0.015956,0.149987,0.011300,0.004574,0.004147
N20001690,0.052486,0.512215,0.088133,0.175531,0.010740,0.145159,0.008958,0.003640,0.003137
N20001691,0.055291,0.471027,0.092808,0.190641,0.015926,0.154905,0.010572,0.004764,0.004068
N20001692,0.058877,0.431065,0.145147,0.169234,0.016261,0.156214,0.014316,0.004684,0.004200
N20001693,0.039818,0.610088,0.035753,0.173089,0.008183,0.123279,0.004094,0.003206,0.002490
N20001694,0.071260,0.408003,0.194476,0.190842,0.025080,0.072114,0.025299,0.007007,0.005917
N20001695,0.055212,0.529349,0.037363,0.214813,0.010301,0.141908,0.003967,0.003882,0.003206
N20001696,0.030506,0.447706,0.143443,0.214940,0.010571,0.131987,0.015504,0.002806,0.002538
N20001697,0.051848,0.467015,0.083795,0.236555,0.011777,0.133316,0.008785,0.003617,0.003292
N20001698,0.085891,0.446587,0.160681,0.171280,0.021555,0.081144,0.020278,0.006822,0.005762
N20001699,0.037980,0.434413,0.165305,0.188362,0.013755,0.134777,0.018521,0.003688,0.003199
N20001700,0.057562,0.503635,0.135795,0.160339,0.012955,0.106564,0.015019,0.004430,0.003701
N20001701,0.095477,0.538692,0.049237,0.165110,0.019007,0.112262,0.007046,0.007530,0.005639
N20001702,0.082287,0.396718,0.134269,0.216328,0.018728,0.127713,0.012886,0.005822,0.005249
N20001703,0.263404,0.102749,0.389758,0.050762,0.078834,0.016478,0.057254,0.022090,0.018670
N20001704,0.042192,0.510410,0.040616,0.223821,0.008112,0.165485,0.004047,0.002836,0.002480
N20001705,0.028795,0.521066,0.068061,0.213302,0.007441,0.150072,0.007008,0.002243,0.002012
N20001706,0.049314,0.494424,0.073249,0.181766,0.011178,0.175721,0.007453,0.003709,0.003186
N20001707,0.035282,0.556099,0.031445,0.224526,0.006415,0.138712,0.003102,0.002391,0.002027
N20001708,0.037740,0.494836,0.103391,0.214541,0.010158,0.122286,0.011320,0.003020,0.002707
N20001709,0.055810,0.415935,0.142397,0.206874,0.014598,0.140788,0.015394,0.004335,0.003869
N20001710,0.041934,0.401154,0.151594,0.204044,0.012040,0.168581,0.014151,0.003408,0.003093
N20001711,0.051339,0.424885,0.102231,0.215253,0.017829,0.168529,0.010684,0.004945,0.004306
N20001712,0.043586,0.476463,0.032303,0.180340,0.006833,0.253213,0.002599,0.002425,0.002237
N20001713,0.047961,0.495281,0.102198,0.201049,0.011542,0.125093,0.010077,0.003594,0.003204
N20001714,0.053227,0.464832,0.017794,0.174006,0.007593,0.275711,0.001501,0.002768,0.002569
N20001715,0.342832,0.204548,0.106879,0.152357,0.061886,0.081709,0.010870,0.020392,0.018527
N20001716,0.252232,0.255042,0.115231,0.170524,0.052065,0.112027,0.012170,0.016054,0.014656
N20001717,0.038469,0.466685,0.019968,0.116994,0.004795,0.348089,0.001453,0.001839,0.001708
N20001718,0.766326,0.025730,0.013544,0.017268,0.093301,0.007595,0.001814,0.042303,0.032118
N20001719,0.773072,0.018840,0.008129,0.015177,0.101314,0.006063,0.001148,0.042653,0.033603
N20001720,0.069879,0.440344,0.048517,0.187726,0.011790,0.229983,0.004146,0.003906,0.003709
N20001721,0.187931,0.334267,0.108154,0.182805,0.052187,0.092592,0.012934,0.015756,0.013375
N20001722,0.363279,0.251477,0.035709,0.154149,0.047457,0.109843,0.003425,0.018327,0.016334
N20001723,0.116565,0.417224,0.084417,0.202958,0.028782,0.123681,0.009172,0.009330,0.007871
N20001724,0.745325,0.020098,0.008136,0.014286,0.119862,0.005867,0.001355,0.048409,0.036663
N20001725,0.561178,0.079522,0.044549,0.058819,0.142150,0.029210,0.005946,0.042370,0.036256
N20001726,0.140516,0.377631,0.073523,0.198206,0.034332,0.147798,0.008037,0.010570,0.009386
N20001727,0.460901,0.192691,0.033029,0.116689,0.067305,0.077932,0.003489,0.025880,0.022083
N20001728,0.710011,0.020745,0.013262,0.010724,0.142830,0.005610,0.002240,0.055134,0.039443
N20001729,0.683995,0.076449,0.021597,0.037824,0.087570,0.022791,0.003285,0.037460,0.029029
N20001730,0.100502,0.395258,0.034348,0.144297,0.016277,0.295958,0.002806,0.005431,0.005124
N20001731,0.463460,0.171290,0.044837,0.107032,0.085968,0.064140,0.005012,0.032017,0.026244
N20001732,0.701858,0.013805,0.004525,0.008236,0.156928,0.003398,0.000996,0.067394,0.042860
N20001733,0.691217,0.014656,0.006191,0.010245,0.162865,0.004194,0.001262,0.065362,0.044008
N20001734,0.713147,0.012552,0.009479,0.007915,0.150311,0.002998,0.001694,0.060637,0.041268
N20001735,0.641276,0.018124,0.009820,0.011167,0.196308,0.004245,0.002044,0.070504,0.046513
N20001736,0.736018,0.013269,0.003707,0.007653,0.132867,0.003315,0.000732,0.062729,0.039710
N20001737,0.643544,0.007871,0.006364,0.004575,0.213803,0.001830,0.001477,0.072639,0.047897
N20001738,0.660400,0.012067,0.003829,0.006277,0.191990,0.002843,0.001061,0.075248,0.046285
N20001739,0.756829,0.013680,0.003539,0.008142,0.117040,0.003520,0.000636,0.058947,0.037667
N20001740,0.620204,0.014260,0.011961,0.008139,0.216419,0.003256,0.003040,0.074418,0.048302
N20001741,0.684135,0.014931,0.004960,0.007343,0.167472,0.003097,0.001164,0.072978,0.043921
N20001742,0.726383,0.008380,0.003575,0.005005,0.146833,0.002039,0.000699,0.065350,0.041735
N20001743,0.612409,0.043720,0.017154,0.014235,0.186349,0.006952,0.005789,0.070354,0.043038
N20001744,0.720921,0.016885,0.004300,0.008637,0.137368,0.003939,0.000826,0.066676,0.040449
N20001745,0.672774,0.010483,0.004345,0.004728,0.181322,0.002136,0.001147,0.077905,0.045161
N20001746,0.758947,0.015399,0.004871,0.009113,0.112430,0.003797,0.000809,0.057677,0.036957
N20001747,0.725325,0.010928,0.003272,0.005788,0.142374,0.002596,0.000662,0.067734,0.041322
N20001748,0.685236,0.013057,0.005270,0.007357,0.171274,0.003144,0.001233,0.069299,0.044130
N20001749,0.758793,0.011122,0.001736,0.005422,0.117280,0.002701,0.000356,0.064709,0.037881
N20001750,0.687831,0.023285,0.018261,0.011682,0.148609,0.004761,0.003599,0.061532,0.040441
N20001751,0.750826,0.011447,0.002667,0.006190,0.123217,0.002827,0.000513,0.063627,0.038685
N20001752,0.757093,0.009718,0.002006,0.004831,0.119751,0.002259,0.000398,0.065746,0.038198
N20001753,0.738982,0.011682,0.003062,0.006754,0.131275,0.002886,0.000590,0.064831,0.039938
N20001754,0.043097,0.550619,0.019634,0.268628,0.010331,0.098548,0.002686,0.003611,0.002846
N20001755,0.780593,0.011597,0.002254,0.006313,0.101952,0.002908,0.000397,0.058570,0.035414
N20001756,0.598754,0.023949,0.019005,0.010373,0.216383,0.004191,0.005274,0.075026,0.047044
N20001757,0.742187,0.010659,0.004190,0.005784,0.131658,0.002447,0.000781,0.062728,0.039567
N20001758,0.688878,0.008249,0.003723,0.004334,0.174196,0.001839,0.000849,0.073029,0.044903
N20001759,0.757000,0.010249,0.003222,0.005408,0.121909,0.002485,0.000639,0.061098,0.037989
N20001760,0.723866,0.009434,0.002835,0.005402,0.146307,0.002345,0.000573,0.067589,0.041650
N20001761,0.658316,0.011065,0.005778,0.005602,0.194031,0.002429,0.001527,0.075047,0.046206
N20001762,0.742428,0.011129,0.002325,0.006159,0.129515,0.002792,0.000469,0.065519,0.039662
N20001763,0.736400,0.012386,0.002796,0.006826,0.133985,0.002952,0.000555,0.064232,0.039868
N20001764,0.680089,0.014800,0.006558,0.007752,0.171267,0.003272,0.001533,0.070708,0.044021
N20001765,0.749764,0.012358,0.003364,0.006982,0.124468,0.003089,0.000642,0.060814,0.038520
N20001766,0.729042,0.009201,0.002846,0.004774,0.142350,0.002121,0.000588,0.067805,0.041272
N20001767,0.660018,0.051420,0.015396,0.036096,0.129907,0.014699,0.002356,0.052060,0.038049
N20001768,0.721939,0.031701,0.012068,0.021558,0.115306,0.008846,0.001663,0.050528,0.036390
N20001769,0.680100,0.014196,0.007159,0.009675,0.172633,0.003672,0.001467,0.066494,0.044603
N20001770,0.737292,0.010634,0.004263,0.006192,0.136834,0.002590,0.000804,0.061614,0.039776
N20001771,0.536616,0.015580,0.037363,0.010653,0.263059,0.003681,0.009182,0.072443,0.051424
N20001772,0.546612,0.011263,0.020833,0.007493,0.275261,0.002661,0.005079,0.077506,0.053292
N20001773,0.749525,0.011915,0.003334,0.006919,0.124159,0.003029,0.000601,0.061722,0.038795
N20001774,0.714729,0.009540,0.005546,0.005251,0.151945,0.002147,0.001065,0.067472,0.042304
N20001775,0.718950,0.014016,0.004895,0.007830,0.141676,0.003373,0.000940,0.067012,0.041308
N20001776,0.695485,0.010590,0.003311,0.007036,0.169651,0.002911,0.000758,0.066429,0.043830
N20001777,0.662014,0.014485,0.012809,0.009795,0.181578,0.003624,0.002566,0.067373,0.045756
N20001778,0.716022,0.014206,0.004609,0.009067,0.145224,0.003794,0.000902,0.064460,0.041717
N20001779,0.710832,0.010612,0.005353,0.005699,0.156276,0.002466,0.001163,0.065542,0.042056
N20001780,0.738536,0.012111,0.004046,0.007664,0.133263,0.003286,0.000739,0.060411,0.039942
N20001781,0.664742,0.015134,0.013814,0.010030,0.179345,0.003745,0.002869,0.065240,0.045080
N20001782,0.730254,0.010068,0.003726,0.005579,0.140264,0.002347,0.000722,0.066061,0.040978
N20001783,0.690104,0.011772,0.005466,0.007598,0.171196,0.003095,0.001173,0.065456,0.044140
N20001784,0.594336,0.015047,0.009763,0.008130,0.238640,0.003253,0.002698,0.078144,0.049989
N20001785,0.692003,0.011866,0.005306,0.008104,0.167549,0.003333,0.001115,0.066311,0.044413
N20001786,0.742015,0.011436,0.003951,0.006223,0.131412,0.002739,0.000758,0.062071,0.039395
N20001787,0.705165,0.016521,0.005412,0.009301,0.151533,0.004053,0.001076,0.065044,0.041894
N20001788,0.685512,0.011611,0.005129,0.008178,0.173161,0.003171,0.001024,0.067197,0.045018
N20001789,0.551277,0.023982,0.037685,0.010169,0.238980,0.003879,0.011324,0.075006,0.047699
N20001790,0.506333,0.047453,0.059651,0.026673,0.226481,0.009616,0.014517,0.063807,0.045470
N20001791,0.662791,0.015908,0.008291,0.009286,0.181930,0.003747,0.001769,0.070788,0.045490
N20001792,0.646539,0.014037,0.011019,0.009450,0.197593,0.003776,0.002423,0.068116,0.047047
N20001793,0.531212,0.021546,0.027711,0.008807,0.267933,0.003768,0.009248,0.079731,0.050045
N20001794,0.524630,0.030697,0.043480,0.016683,0.248746,0.005298,0.010893,0.071025,0.048549
N20001795,0.636715,0.023579,0.014520,0.013695,0.189539,0.004976,0.003210,0.068238,0.045529
N20001796,0.675365,0.014150,0.008098,0.008584,0.174696,0.003268,0.001743,0.069351,0.044745
N20001797,0.510827,0.027389,0.028979,0.012743,0.276294,0.004785,0.009188,0.079119,0.050674
N20001798,0.617034,0.013339,0.011856,0.006222,0.217861,0.002559,0.003404,0.079347,0.048377
N20001799,0.683320,0.014238,0.007578,0.007461,0.170342,0.003249,0.001791,0.068488,0.043532
N20001800,0.482199,0.017695,0.043835,0.008385,0.298778,0.003028,0.015403,0.079410,0.051266
N20001801,0.481593,0.016281,0.024588,0.006605,0.322865,0.002781,0.010301,0.083000,0.051986
N20001802,0.610256,0.019481,0.013038,0.007307,0.215122,0.003545,0.004131,0.079980,0.047140
N20001803,0.650901,0.026111,0.017690,0.017736,0.173192,0.007148,0.003470,0.060036,0.043716
N20001804,0.629356,0.020962,0.013993,0.013156,0.198616,0.005475,0.003156,0.068259,0.047027
N20001805,0.643902,0.019283,0.012517,0.012490,0.188599,0.004851,0.002729,0.069154,0.046474
N20001806,0.669743,0.015178,0.007275,0.009901,0.178314,0.004116,0.001574,0.068376,0.045521
N20001807,0.628322,0.020526,0.012068,0.013489,0.200033,0.005512,0.002814,0.069793,0.047443
N20001808,0.651503,0.009686,0.017930,0.006387,0.193756,0.002117,0.003145,0.068937,0.046538
N20001809,0.685073,0.011622,0.006037,0.006314,0.174306,0.002544,0.001393,0.068854,0.043859
N20001810,0.680082,0.014423,0.008790,0.010132,0.174006,0.004022,0.001830,0.062409,0.044307
N20001811,0.728287,0.011720,0.005066,0.006686,0.139944,0.002819,0.000901,0.063807,0.040770
N20001812,0.641611,0.020781,0.009542,0.013897,0.192469,0.006372,0.002070,0.066875,0.046383
N20001813,0.731435,0.014012,0.004972,0.007903,0.136594,0.003378,0.000927,0.061013,0.039766
N20001814,0.682754,0.013654,0.008243,0.009524,0.169219,0.003827,0.001714,0.066358,0.044707
N20001815,0.718550,0.011467,0.006659,0.006529,0.148256,0.002658,0.001248,0.063331,0.041301
N20001816,0.732361,0.015447,0.004156,0.010005,0.134741,0.004428,0.000818,0.058480,0.039562
N20001817,0.730612,0.016915,0.006764,0.010212,0.130374,0.004149,0.001142,0.060380,0.039451
N20001818,0.722333,0.011485,0.003392,0.005853,0.146587,0.002529,0.000711,0.065942,0.041167
N20001819,0.723712,0.010011,0.003744,0.006091,0.144706,0.002445,0.000700,0.066738,0.041853
N20001820,0.669233,0.011973,0.009147,0.008517,0.185487,0.003334,0.001801,0.064546,0.045962
N20001821,0.700568,0.009582,0.003228,0.005164,0.160893,0.002218,0.000734,0.073754,0.043858
N20001822,0.732943,0.009908,0.003699,0.005703,0.140490,0.002462,0.000714,0.063440,0.040641
N20001823,0.725104,0.014408,0.003875,0.007683,0.139245,0.003259,0.000723,0.065015,0.040688
N20001824,0.570838,0.012777,0.020349,0.008507,0.252717,0.003272,0.005207,0.074626,0.051706
N20001825,0.740928,0.014844,0.005017,0.007874,0.126263,0.003679,0.000920,0.061891,0.038585
N20001826,0.740072,0.018312,0.005473,0.010437,0.124912,0.004695,0.000964,0.057090,0.038046
N20001827,0.750882,0.014055,0.004066,0.007713,0.122244,0.003341,0.000779,0.059084,0.037834
N20001828,0.704438,0.012804,0.012655,0.007368,0.153011,0.002847,0.002228,0.063097,0.041553
N20001829,0.703336,0.013425,0.004712,0.007944,0.155558,0.003320,0.001004,0.067839,0.042862
N20001830,0.752400,0.008318,0.002225,0.004610,0.128618,0.002102,0.000449,0.062384,0.038894
N20001831,0.748456,0.013664,0.007467,0.008538,0.122702,0.003231,0.001241,0.056784,0.037916
N20001832,0.730661,0.022598,0.006610,0.010759,0.122503,0.004999,0.001139,0.062234,0.038497
N20001833,0.675824,0.018149,0.010412,0.010339,0.167047,0.004305,0.002041,0.067734,0.044149
N20001834,0.608571,0.011970,0.011699,0.008094,0.230141,0.003242,0.002878,0.073481,0.049923
N20001835,0.759453,0.010865,0.003829,0.006227,0.118765,0.002690,0.000664,0.059589,0.037918
N20001836,0.744478,0.010299,0.004585,0.006070,0.130116,0.002545,0.000851,0.061671,0.039384
N20001837,0.719386,0.010275,0.003407,0.005708,0.148877,0.002458,0.000727,0.067350,0.041812
N20001838,0.709360,0.012110,0.005155,0.006396,0.152792,0.002741,0.001101,0.068174,0.042171
N20001839,0.714566,0.013244,0.003970,0.008913,0.149096,0.003757,0.000798,0.063509,0.042148
N20001840,0.626930,0.019440,0.014641,0.013239,0.201335,0.004911,0.003061,0.069115,0.047328
N20001841,0.723742,0.010904,0.002647,0.005466,0.144692,0.002508,0.000590,0.068193,0.041260
N20001842,0.729976,0.007446,0.003325,0.004254,0.143126,0.001787,0.000626,0.067660,0.041799
N20001843,0.729592,0.011643,0.003982,0.006956,0.140078,0.002829,0.000746,0.063331,0.040843
N20001844,0.656696,0.014238,0.009071,0.009583,0.189004,0.003745,0.001963,0.069189,0.046510
N20001845,0.745693,0.012786,0.004050,0.008223,0.126537,0.003350,0.000697,0.059749,0.038914
N20001846,0.699074,0.012277,0.007014,0.007951,0.159007,0.003297,0.001385,0.066346,0.043649
N20001847,0.668921,0.013084,0.011878,0.008504,0.180126,0.003140,0.002259,0.066826,0.045262
N20001848,0.766719,0.013627,0.003687,0.008402,0.111759,0.003742,0.000650,0.055023,0.036391
N20001849,0.724151,0.013914,0.005523,0.009979,0.142381,0.003765,0.000957,0.058351,0.040978
N20001850,0.243717,0.103618,0.303909,0.069114,0.143841,0.022974,0.053063,0.033019,0.026744
N20001851,0.451229,0.087528,0.091667,0.056704,0.184977,0.020900,0.016994,0.050944,0.039057
N20001852,0.163597,0.350533,0.091671,0.218243,0.058755,0.072906,0.014101,0.016603,0.013592
N20001853,0.055386,0.550366,0.031089,0.241336,0.011906,0.098350,0.003707,0.004383,0.003477
N20001854,0.270949,0.159280,0.194567,0.092849,0.149069,0.032114,0.038312,0.034865,0.027995
N20001855,0.238530,0.252033,0.146772,0.131009,0.103361,0.050141,0.028843,0.027714,0.021598
N20001856,0.027582,0.547739,0.023777,0.289769,0.005019,0.100000,0.002613,0.001924,0.001576
N20001857,0.059412,0.546566,0.034641,0.236209,0.015454,0.093322,0.004706,0.005512,0.004179
N20001858,0.552045,0.070995,0.039988,0.043207,0.171524,0.016234,0.007323,0.057399,0.041285
N20001859,0.322471,0.179559,0.158263,0.112449,0.109242,0.038714,0.023713,0.030722,0.024866
N20001860,0.326150,0.113545,0.177389,0.079076,0.172121,0.023872,0.033868,0.041153,0.032826
N20001861,0.493085,0.035395,0.083079,0.019356,0.234810,0.007425,0.016184,0.064186,0.046479
N20001862,0.080526,0.467042,0.030024,0.268276,0.018358,0.120796,0.003760,0.006044,0.005174
N20001863,0.285263,0.240198,0.109771,0.142914,0.103711,0.046087,0.018680,0.030033,0.023344
N20001864,0.125553,0.462343,0.054942,0.217134,0.031059,0.082422,0.007459,0.010747,0.008341
N20001865,0.105040,0.458780,0.045979,0.236686,0.022487,0.111528,0.005607,0.007531,0.006362
N20001866,0.060733,0.556585,0.048911,0.200189,0.017309,0.098595,0.007815,0.005527,0.004336
N20001867,0.309009,0.234569,0.097202,0.141175,0.098876,0.050277,0.015905,0.029556,0.023430
N20001868,0.054236,0.535713,0.046696,0.248470,0.013873,0.086363,0.006077,0.004832,0.003740
N20001869,0.044349,0.531821,0.036853,0.265464,0.010791,0.099857,0.004194,0.003672,0.002999
N20001870,0.505882,0.113180,0.072593,0.050843,0.140058,0.019867,0.013748,0.049292,0.034537
N20001871,0.222810,0.297487,0.116650,0.169206,0.074335,0.063234,0.018341,0.020682,0.017257
N20001872,0.413678,0.111462,0.097047,0.062109,0.184780,0.022469,0.021020,0.049679,0.037757
N20001873,0.108720,0.457186,0.036948,0.245363,0.027000,0.103443,0.004993,0.009057,0.007291
N20001874,0.561368,0.081807,0.053930,0.031779,0.153183,0.016050,0.010447,0.054042,0.037395
N20001875,0.194560,0.359481,0.067641,0.194456,0.062399,0.077611,0.010074,0.018759,0.015017
N20001876,0.039489,0.510236,0.042754,0.289189,0.009590,0.098042,0.004983,0.003076,0.002640
N20001877,0.500651,0.052394,0.050685,0.023325,0.237042,0.009001,0.014501,0.067100,0.045300
N20001878,0.363049,0.216982,0.073907,0.112352,0.110243,0.051078,0.011886,0.033983,0.026522
N20001879,0.095753,0.372273,0.151401,0.227398,0.036881,0.078331,0.020157,0.009552,0.008256
N20001880,0.090129,0.492124,0.044063,0.228031,0.022673,0.103017,0.005901,0.007882,0.006180
N20001881,0.653009,0.015700,0.011765,0.009142,0.191949,0.003731,0.002679,0.066456,0.045569
N20001882,0.504396,0.118795,0.049116,0.061526,0.147330,0.024562,0.009742,0.049073,0.035461
N20001883,0.571697,0.015195,0.016821,0.006987,0.251861,0.002782,0.005138,0.079685,0.049833
N20001884,0.401207,0.063069,0.097661,0.029897,0.262583,0.009907,0.028989,0.062447,0.044239
N20001885,0.467682,0.183685,0.037116,0.102612,0.097491,0.038927,0.005305,0.038990,0.028192
N20001886,0.458433,0.138649,0.068904,0.079247,0.135241,0.030412,0.011282,0.044706,0.033125
N20001887,0.709046,0.012829,0.006651,0.007775,0.153567,0.003020,0.001244,0.063954,0.041916
N20001888,0.345289,0.117952,0.177299,0.068326,0.161599,0.023708,0.032191,0.041411,0.032226
N20001889,0.596809,0.025047,0.024246,0.015554,0.210169,0.006071,0.005656,0.068752,0.047698
N20001890,0.750673,0.012241,0.002739,0.006876,0.123410,0.003111,0.000525,0.061914,0.038509
N20001891,0.531671,0.087351,0.049278,0.052495,0.160738,0.020594,0.008828,0.050680,0.038364
N20001892,0.705611,0.011430,0.007565,0.006992,0.155965,0.002645,0.001323,0.065562,0.042908
N20001893,0.058617,0.468153,0.052591,0.283682,0.015254,0.107344,0.005763,0.004582,0.004015
N20001894,0.079717,0.448092,0.044021,0.274196,0.019508,0.117721,0.005522,0.005977,0.005245
N20001895,0.594222,0.051809,0.032386,0.036115,0.167933,0.013525,0.005627,0.056442,0.041940
N20001896,0.674197,0.018778,0.011448,0.012647,0.167951,0.004871,0.002218,0.063894,0.043996
N20001897,0.071217,0.455558,0.052823,0.243345,0.018425,0.141949,0.005916,0.005810,0.004956
N20001898,0.059129,0.449368,0.056372,0.279305,0.016627,0.123384,0.006685,0.004837,0.004293
N20001899,0.017843,0.507236,0.021549,0.284964,0.004257,0.159478,0.002103,0.001363,0.001208
N20001900,0.573649,0.044588,0.027057,0.030010,0.199200,0.011230,0.005684,0.063128,0.045455
N20001901,0.670201,0.018179,0.008852,0.012231,0.172950,0.004943,0.001793,0.066039,0.044813
N20001902,0.124745,0.390874,0.099264,0.221424,0.044495,0.082404,0.014404,0.012190,0.010201
N20001903,0.379260,0.269447,0.034081,0.146103,0.064598,0.055507,0.004654,0.026405,0.019945
N20001904,0.635180,0.017616,0.016849,0.012233,0.197975,0.004444,0.003340,0.065500,0.046863
N20001905,0.030196,0.526508,0.012982,0.299531,0.004356,0.122037,0.001142,0.001748,0.001501
N20001906,0.671428,0.010462,0.017420,0.006035,0.181146,0.002200,0.003282,0.063923,0.044104
N20001907,0.207401,0.320892,0.095807,0.175834,0.072103,0.075222,0.014671,0.021212,0.016857
N20001908,0.402699,0.180134,0.071665,0.135461,0.095757,0.049249,0.008764,0.030584,0.025688
N20001909,0.692308,0.019035,0.021702,0.011763,0.149709,0.004251,0.003409,0.057198,0.040627
N20001910,0.641543,0.040868,0.031012,0.027843,0.151518,0.009712,0.004776,0.052674,0.040054
N20001911,0.675286,0.027733,0.013826,0.014859,0.158999,0.006263,0.002914,0.059054,0.041066
N20001912,0.669746,0.027229,0.018008,0.016230,0.159467,0.006301,0.003502,0.058042,0.041478
N20001913,0.524793,0.030106,0.065506,0.018065,0.230549,0.006478,0.015247,0.062891,0.046365
N20001914,0.494679,0.105433,0.076683,0.070592,0.138451,0.023899,0.010041,0.045486,0.034736
N20001915,0.397353,0.134272,0.127015,0.091237,0.130487,0.030628,0.019122,0.039186,0.030700
N20001916,0.384513,0.121493,0.140910,0.086727,0.147392,0.026272,0.022309,0.038602,0.031780
N20001917,0.227891,0.170390,0.252479,0.123198,0.103484,0.040568,0.036001,0.024632,0.021358
N20001918,0.379661,0.197207,0.070291,0.138134,0.099348,0.048424,0.009597,0.031628,0.025711
N20001919,0.402667,0.121542,0.142894,0.081927,0.131469,0.029930,0.020088,0.038542,0.030941
N20001920,0.357973,0.134583,0.151715,0.091578,0.139713,0.032763,0.022675,0.038267,0.030734
N20001921,0.475947,0.118375,0.070917,0.076007,0.140258,0.027879,0.011122,0.045028,0.034467
N20001922,0.131405,0.391282,0.056711,0.229619,0.035211,0.128604,0.006956,0.010908,0.009305
N20001923,0.625790,0.052482,0.037711,0.038330,0.139715,0.015341,0.005485,0.047456,0.037690
N20001924,0.736042,0.015593,0.009513,0.010098,0.129764,0.003871,0.001534,0.054813,0.038773
N20001925,0.672496,0.023338,0.013908,0.014481,0.162013,0.005994,0.002788,0.062314,0.042667
N20001926,0.537591,0.034792,0.046471,0.022907,0.227553,0.008354,0.010087,0.065073,0.047172
N20001927,0.583554,0.063202,0.065588,0.049768,0.132383,0.019184,0.008281,0.042493,0.035547
N20001928,0.319649,0.129368,0.180472,0.080735,0.158486,0.025152,0.035562,0.039312,0.031266
N20001929,0.306983,0.247922,0.077177,0.152277,0.079081,0.080341,0.009366,0.025711,0.021142
N20001930,0.048311,0.480270,0.036454,0.305302,0.010471,0.108930,0.003712,0.003526,0.003024
N20001931,0.029405,0.517197,0.033451,0.301215,0.006838,0.104145,0.003541,0.002273,0.001935
N20001932,0.015195,0.498321,0.010882,0.345376,0.003257,0.123792,0.001102,0.001109,0.000966
N20001933,0.021339,0.535281,0.011171,0.312644,0.004012,0.111634,0.001153,0.001513,0.001254
N20001934,0.031010,0.500096,0.026880,0.315660,0.006825,0.112440,0.002902,0.002223,0.001963
N20001935,0.307816,0.275310,0.037888,0.188653,0.060133,0.085951,0.004561,0.021811,0.017877
N20001936,0.416396,0.176418,0.059067,0.119502,0.109676,0.047572,0.007899,0.035033,0.028436
N20001937,0.489191,0.104479,0.057774,0.071590,0.158139,0.027743,0.008977,0.045162,0.036945
N20001938,0.681935,0.045653,0.012369,0.030764,0.125405,0.014539,0.001990,0.050152,0.037192
N20001939,0.035410,0.479122,0.050021,0.296558,0.008307,0.120676,0.004888,0.002669,0.002349
N20001940,0.023509,0.487790,0.031196,0.301001,0.005811,0.143968,0.003318,0.001800,0.001607
N20001941,0.017858,0.474924,0.011470,0.296661,0.003380,0.192466,0.001003,0.001179,0.001058
N20001942,0.652224,0.033804,0.023590,0.025684,0.155721,0.008918,0.003917,0.054844,0.041298
N20001943,0.593548,0.086737,0.051313,0.049936,0.114595,0.019097,0.007213,0.044202,0.033358
N20001944,0.623448,0.069970,0.024181,0.045791,0.128655,0.018222,0.003627,0.049361,0.036744
N20001945,0.115854,0.400992,0.042450,0.225089,0.020636,0.176708,0.004142,0.007649,0.006481
N20001946,0.458965,0.178537,0.039540,0.115778,0.094852,0.045042,0.005566,0.034517,0.027203
N20001947,0.085612,0.427486,0.061046,0.265141,0.019603,0.123381,0.006024,0.006200,0.005507
N20001948,0.047789,0.485361,0.015271,0.274464,0.008778,0.160924,0.001543,0.003145,0.002725
N20001949,0.545564,0.143355,0.017405,0.097508,0.087314,0.043874,0.002277,0.034864,0.027838
N20001950,0.086361,0.446751,0.025808,0.268881,0.015659,0.143444,0.002564,0.005628,0.004903
N20001951,0.322277,0.248001,0.071354,0.170640,0.062353,0.078705,0.007867,0.020652,0.018151
N20001952,0.060931,0.504463,0.011647,0.286947,0.011212,0.115814,0.001293,0.004214,0.003480
N20001953,0.738206,0.018558,0.010080,0.014300,0.123891,0.005384,0.001537,0.050316,0.037727
N20001954,0.529022,0.112789,0.038560,0.082367,0.126435,0.030116,0.005363,0.041670,0.033677
N20001955,0.041184,0.472075,0.020686,0.311122,0.006590,0.142028,0.001834,0.002328,0.002153
N20001956,0.735218,0.027308,0.007810,0.020238,0.118128,0.008643,0.001252,0.045552,0.035851
N20001957,0.306374,0.283376,0.066563,0.176490,0.061703,0.058262,0.007530,0.021897,0.017805
N20001958,0.121841,0.396824,0.091994,0.232198,0.037839,0.087422,0.011433,0.011059,0.009390
N20001959,0.540388,0.128544,0.036149,0.086523,0.097169,0.040450,0.004380,0.036804,0.029593
N20001960,0.669045,0.040011,0.019320,0.028828,0.137531,0.010475,0.002951,0.052875,0.038962
N20001961,0.467536,0.150551,0.056486,0.103674,0.107237,0.042073,0.007329,0.035882,0.029231
N20001962,0.678701,0.029271,0.016386,0.021818,0.146717,0.007941,0.002534,0.055736,0.040895
N20001963,0.646119,0.027559,0.025144,0.018391,0.168434,0.006657,0.004458,0.060387,0.042852
N20001964,0.700307,0.019389,0.011793,0.012961,0.148752,0.004883,0.002101,0.058662,0.041153
N20001965,0.682706,0.028351,0.015607,0.014087,0.151979,0.006488,0.003477,0.057689,0.039616
N20001966,0.722492,0.022747,0.010157,0.016366,0.128608,0.006295,0.001592,0.053154,0.038588
N20001967,0.733228,0.016380,0.007080,0.011238,0.131974,0.004365,0.001217,0.055569,0.038949
N20001968,0.740766,0.027601,0.011538,0.022171,0.109009,0.008200,0.001565,0.044222,0.034929
N20001969,0.679335,0.017705,0.013090,0.008842,0.165578,0.003441,0.002856,0.066416,0.042738
N20001970,0.656218,0.010748,0.010584,0.008174,0.195952,0.002809,0.002044,0.066459,0.047011
N20001971,0.616883,0.073982,0.033190,0.050510,0.121034,0.022155,0.004684,0.042994,0.034568
N20001972,0.732830,0.014912,0.006814,0.008431,0.134112,0.003494,0.001270,0.058992,0.039146
N20001973,0.740281,0.016379,0.009749,0.009239,0.125078,0.003820,0.001596,0.056031,0.037826
N20001974,0.718966,0.019041,0.012719,0.014029,0.135268,0.005139,0.002066,0.053635,0.039138
N20001975,0.735169,0.011400,0.005615,0.006602,0.135548,0.002738,0.001014,0.062043,0.039871
N20001976,0.707174,0.012553,0.010442,0.008205,0.153650,0.002949,0.001824,0.061361,0.041842
N20001977,0.711685,0.019036,0.013404,0.010388,0.138221,0.004183,0.002350,0.060836,0.039897
N20001978,0.737360,0.011390,0.006520,0.006796,0.134192,0.002712,0.001159,0.060284,0.039587
N20001979,0.698084,0.013910,0.012323,0.008912,0.157343,0.003206,0.002138,0.061856,0.042227
N20001980,0.637621,0.019701,0.023420,0.013215,0.186839,0.004457,0.004216,0.065151,0.045380
N20001981,0.777913,0.013799,0.004920,0.010819,0.106707,0.004376,0.000752,0.045955,0.034758
N20001982,0.762704,0.014333,0.003233,0.007542,0.111390,0.003406,0.000583,0.060034,0.036775
N20001983,0.700958,0.010200,0.009428,0.006361,0.162514,0.002331,0.001675,0.063578,0.042956
N20001984,0.717307,0.013842,0.010607,0.008578,0.144078,0.003162,0.001774,0.060001,0.040650
N20001985,0.756120,0.033790,0.004686,0.014234,0.098726,0.007556,0.000999,0.051188,0.032702
N20001986,0.718040,0.014905,0.009525,0.010741,0.143460,0.004042,0.001672,0.057108,0.040506
N20001987,0.685008,0.015739,0.011975,0.010966,0.165536,0.004067,0.002211,0.061215,0.043283
N20001988,0.577510,0.094220,0.026645,0.069315,0.123783,0.027342,0.003937,0.043004,0.034243
N20001989,0.639343,0.071664,0.021974,0.054397,0.112614,0.020040,0.003053,0.042905,0.034010
N20001990,0.561882,0.132550,0.021841,0.084707,0.088919,0.043116,0.002962,0.035770,0.028254
N20001991,0.595155,0.111016,0.021610,0.075017,0.093657,0.033861,0.002872,0.037205,0.029608
N20001992,0.577327,0.077741,0.051171,0.050077,0.133945,0.022209,0.006800,0.044854,0.035876
N20001993,0.720875,0.045482,0.019273,0.031983,0.093775,0.012373,0.002511,0.041776,0.031952
N20001994,0.682006,0.017547,0.008806,0.011261,0.167637,0.004417,0.001766,0.063288,0.043272
N20001995,0.678274,0.024471,0.024100,0.017021,0.149702,0.005924,0.003881,0.056078,0.040548
N20001996,0.706093,0.012050,0.008960,0.008746,0.157648,0.003189,0.001528,0.059416,0.042370
N20001997,0.710785,0.022257,0.011708,0.015899,0.136626,0.006039,0.001959,0.055177,0.039549
N20001998,0.684447,0.023264,0.019377,0.016455,0.151467,0.005990,0.002965,0.055039,0.040997
N20001999,0.769010,0.013226,0.003104,0.009014,0.111817,0.003834,0.000517,0.053149,0.036328
N20002000,0.502786,0.143509,0.051179,0.097586,0.100079,0.034299,0.006627,0.035523,0.028411
N20002001,0.554711,0.072411,0.063158,0.047397,0.148494,0.017713,0.009422,0.049365,0.037328
N20002002,0.591591,0.090782,0.051782,0.061077,0.105792,0.021108,0.006568,0.039919,0.031381
N20002003,0.763967,0.014567,0.010345,0.009122,0.111147,0.003517,0.001544,0.050250,0.035541
N20002004,0.644808,0.053753,0.032309,0.036063,0.130799,0.013567,0.004676,0.047536,0.036488
N20002005,0.693893,0.045431,0.018256,0.037724,0.111821,0.013365,0.002456,0.042633,0.034422
N20002006,0.518681,0.102283,0.074287,0.071521,0.123870,0.028441,0.009248,0.039088,0.032581
N20002007,0.162576,0.389125,0.059202,0.235160,0.032945,0.093005,0.006700,0.011589,0.009699
N20002008,0.118360,0.404528,0.021843,0.292499,0.017216,0.131075,0.002190,0.006502,0.005786
N20002009,0.580092,0.117857,0.022846,0.069198,0.105924,0.027013,0.003512,0.042214,0.031343
N20002010,0.237987,0.364993,0.027919,0.212508,0.039974,0.084439,0.003318,0.016196,0.012667
N20002011,0.451933,0.160534,0.078364,0.097683,0.101213,0.036455,0.010055,0.035791,0.027972
N20002012,0.738478,0.024544,0.011387,0.014261,0.114228,0.005763,0.001713,0.053382,0.036245
N20002013,0.364649,0.249243,0.049858,0.162865,0.064036,0.060217,0.005671,0.023914,0.019548
N20002014,0.719648,0.034686,0.012180,0.021762,0.114951,0.008656,0.001894,0.050405,0.035818
N20002015,0.074873,0.495540,0.011636,0.241662,0.008688,0.159712,0.001083,0.003618,0.003187
N20002016,0.417355,0.193218,0.069442,0.111883,0.098964,0.038838,0.010567,0.033682,0.026050
N20002017,0.210214,0.347474,0.052584,0.220387,0.045321,0.089328,0.006593,0.015214,0.012886
N20002018,0.707653,0.058749,0.013341,0.041205,0.089823,0.015898,0.001792,0.040516,0.031023
N20002019,0.487567,0.201386,0.015239,0.141586,0.046559,0.066237,0.001615,0.021542,0.018270
N20002020,0.296837,0.324228,0.038020,0.173274,0.053414,0.071788,0.004842,0.021285,0.016311
N20002021,0.185320,0.380113,0.058920,0.234759,0.038359,0.070433,0.007275,0.013736,0.011085
N20002022,0.031649,0.480782,0.026551,0.327709,0.005137,0.122280,0.002409,0.001812,0.001669
N20002023,0.711602,0.036375,0.011592,0.028389,0.117334,0.010189,0.001772,0.046930,0.035817
N20002024,0.033466,0.467642,0.015874,0.329095,0.004866,0.144089,0.001456,0.001831,0.001682
N20002025,0.109362,0.449976,0.020037,0.234572,0.019942,0.150896,0.002213,0.006951,0.006050
N20002026,0.777779,0.034127,0.007852,0.027046,0.076195,0.011796,0.000931,0.035459,0.028815
N20002027,0.058157,0.484036,0.020431,0.309409,0.006677,0.114038,0.001925,0.002855,0.002471
N20002028,0.050483,0.522934,0.012717,0.231856,0.005331,0.171204,0.001140,0.002304,0.002032
N20002029,0.106446,0.443580,0.031807,0.266819,0.015142,0.121683,0.003813,0.005732,0.004978
N20002030,0.039950,0.506401,0.034760,0.260056,0.006452,0.144378,0.003652,0.002307,0.002044
N20002031,0.402672,0.237260,0.042230,0.131736,0.066530,0.069815,0.004946,0.024416,0.020396
N20002032,0.065450,0.451236,0.049265,0.281637,0.008321,0.133363,0.004637,0.003191,0.002899
N20002033,0.054507,0.472968,0.054684,0.236796,0.010145,0.158808,0.005740,0.003330,0.003021
N20002034,0.275381,0.326186,0.053185,0.202693,0.037961,0.070138,0.006169,0.015577,0.012711
N20002035,0.258692,0.343581,0.055225,0.197037,0.040534,0.069563,0.007300,0.015361,0.012708
N20002036,0.295384,0.283665,0.075720,0.163737,0.071592,0.056007,0.011470,0.023672,0.018752
N20002037,0.706323,0.047273,0.016565,0.032005,0.104417,0.013712,0.002320,0.043868,0.033516
N20002038,0.796570,0.018940,0.002576,0.013377,0.085213,0.006307,0.000399,0.044856,0.031761
N20002039,0.180422,0.360744,0.047268,0.273110,0.025707,0.089646,0.005184,0.009468,0.008450
N20002040,0.668481,0.063099,0.016477,0.041153,0.113183,0.015915,0.002700,0.045025,0.033968
N20002041,0.334940,0.294853,0.021106,0.189671,0.040935,0.084578,0.002435,0.017104,0.014377
N20002042,0.691461,0.037928,0.024193,0.021054,0.125044,0.008283,0.003860,0.051769,0.036407
N20002043,0.682808,0.064220,0.026224,0.035911,0.098136,0.014985,0.004119,0.042311,0.031285
N20002044,0.644454,0.101355,0.010360,0.077776,0.074823,0.027870,0.001299,0.035035,0.027027
N20002045,0.695815,0.058981,0.019818,0.034711,0.098486,0.012774,0.002886,0.044398,0.032132
N20002046,0.532995,0.103288,0.047382,0.071925,0.133514,0.022172,0.008051,0.046000,0.034674
N20002047,0.596886,0.091028,0.043526,0.066626,0.104374,0.020558,0.006189,0.039690,0.031123
N20002048,0.750530,0.024314,0.008153,0.018078,0.109594,0.007172,0.001229,0.046024,0.034906
N20002049,0.748869,0.030947,0.007399,0.018734,0.101431,0.007771,0.001206,0.049533,0.034109
N20002050,0.567313,0.136250,0.022493,0.090664,0.081396,0.038173,0.002911,0.034040,0.026760
N20002051,0.620868,0.088185,0.025461,0.061874,0.103049,0.024354,0.003607,0.040850,0.031752
N20002052,0.426233,0.203468,0.040252,0.130469,0.088418,0.049919,0.006044,0.030694,0.024505
N20002053,0.717466,0.049528,0.016379,0.035472,0.092620,0.012935,0.002191,0.041805,0.031603
N20002054,0.740056,0.020500,0.012030,0.012646,0.118957,0.005121,0.001938,0.052060,0.036691
N20002055,0.644329,0.082334,0.018177,0.062668,0.096881,0.022524,0.002558,0.039492,0.031036
N20002056,0.671475,0.060037,0.017464,0.045645,0.109111,0.015911,0.002691,0.044045,0.033621
N20002057,0.319262,0.253435,0.087065,0.178171,0.056654,0.057216,0.010577,0.020553,0.017069
N20002058,0.711652,0.037786,0.017157,0.025779,0.113696,0.010472,0.002603,0.045802,0.035052
N20002059,0.722386,0.034068,0.014245,0.020823,0.112545,0.009210,0.002278,0.048967,0.035479
N20002060,0.725681,0.048213,0.015633,0.033204,0.090795,0.012808,0.002192,0.040459,0.031016
N20002061,0.207881,0.303326,0.133754,0.190471,0.047264,0.071144,0.018537,0.014843,0.012781
N20002062,0.559189,0.088899,0.047776,0.058737,0.136440,0.019668,0.008393,0.045563,0.035334
N20002063,0.630363,0.075181,0.030547,0.048634,0.114773,0.018575,0.004627,0.043589,0.033710
N20002064,0.529249,0.129246,0.058260,0.092117,0.089071,0.033794,0.007456,0.033503,0.027302
N20002065,0.082484,0.398889,0.098123,0.294769,0.016712,0.087598,0.011470,0.005225,0.004729
N20002066,0.672335,0.017557,0.017574,0.012660,0.170539,0.004442,0.003032,0.058349,0.043512
N20002067,0.567837,0.102446,0.046392,0.079823,0.103701,0.028675,0.005930,0.035198,0.029998
N20002068,0.329010,0.235389,0.100754,0.149480,0.074533,0.051055,0.014507,0.025133,0.020139
N20002069,0.494854,0.134560,0.068478,0.099274,0.098530,0.033017,0.009014,0.034300,0.027972
N20002070,0.351436,0.183240,0.122715,0.129070,0.100842,0.038335,0.018021,0.031359,0.024981
N20002071,0.342885,0.232970,0.076245,0.186636,0.061047,0.050345,0.009846,0.021768,0.018258
N20002072,0.421507,0.195522,0.052125,0.142396,0.083015,0.046833,0.007408,0.027791,0.023403
N20002073,0.274044,0.297302,0.048003,0.221340,0.057474,0.058533,0.006442,0.020459,0.016404
N20002074,0.737578,0.025420,0.008015,0.018413,0.114967,0.007916,0.001268,0.049944,0.036479
N20002075,0.625493,0.103280,0.021617,0.069362,0.084152,0.027392,0.003230,0.037225,0.028249
N20002076,0.711294,0.045653,0.010250,0.032019,0.106482,0.013544,0.001609,0.045219,0.033929
N20002077,0.709396,0.040705,0.016152,0.020747,0.116433,0.010614,0.003190,0.048227,0.034538
N20002078,0.644544,0.076693,0.024987,0.059754,0.098639,0.021028,0.003421,0.039513,0.031421
N20002079,0.754325,0.025853,0.006446,0.018081,0.105278,0.007615,0.001058,0.046781,0.034565
N20002080,0.531678,0.152172,0.018829,0.114402,0.079510,0.044139,0.002479,0.031435,0.025355
N20002081,0.197667,0.333895,0.102027,0.199314,0.053199,0.071314,0.013061,0.016051,0.013472
N20002082,0.024948,0.489521,0.086927,0.273300,0.005921,0.107179,0.008841,0.001756,0.001607
N20002083,0.061393,0.457162,0.089998,0.255672,0.013818,0.104060,0.009907,0.004215,0.003775
N20002084,0.099142,0.428022,0.122048,0.206619,0.026540,0.086665,0.016502,0.007801,0.006661
N20002085,0.457189,0.176290,0.053760,0.095857,0.103454,0.038875,0.008556,0.037875,0.028144
N20002086,0.656075,0.044311,0.026427,0.018704,0.145120,0.008665,0.005336,0.057014,0.038348
N20002087,0.350245,0.210500,0.100853,0.112405,0.104505,0.046359,0.017488,0.032492,0.025152
N20002088,0.496614,0.123500,0.060848,0.068049,0.135868,0.026157,0.011256,0.044294,0.033413
N20002089,0.599961,0.054859,0.064098,0.027645,0.142506,0.010189,0.010787,0.052767,0.037189
N20002090,0.306653,0.200871,0.162554,0.122894,0.091845,0.040719,0.025244,0.027232,0.021987
N20002091,0.622540,0.038824,0.062346,0.022436,0.147687,0.008290,0.010057,0.049896,0.037924
N20002092,0.462148,0.204782,0.048768,0.085695,0.089804,0.040106,0.009036,0.034604,0.025058
N20002093,0.295210,0.265289,0.123602,0.143205,0.066914,0.047116,0.018738,0.022175,0.017751
N20002094,0.492119,0.070724,0.092609,0.046892,0.178931,0.014636,0.017101,0.048473,0.038515
N20002095,0.672813,0.024340,0.019319,0.012500,0.160230,0.005109,0.003737,0.060492,0.041461
N20002096,0.612158,0.058794,0.048568,0.029259,0.141108,0.011172,0.008082,0.053269,0.037590
N20002097,0.249341,0.268879,0.140407,0.160429,0.069287,0.052838,0.020492,0.021129,0.017198
N20002098,0.521417,0.137241,0.065474,0.052348,0.112804,0.024891,0.013699,0.042154,0.029972
N20002099,0.427218,0.117935,0.123703,0.076372,0.134681,0.027897,0.020013,0.040524,0.031657
N20002100,0.344970,0.209574,0.090805,0.161501,0.083685,0.049753,0.012110,0.025756,0.021846
N20002101,0.537657,0.082181,0.090860,0.038424,0.138748,0.015013,0.016619,0.046439,0.034060
N20002102,0.366831,0.151147,0.133039,0.068937,0.151060,0.026392,0.032592,0.039671,0.030331
N20002103,0.584125,0.106152,0.044748,0.056775,0.107438,0.019972,0.007266,0.042340,0.031185
N20002104,0.455132,0.212373,0.056000,0.096016,0.073209,0.048083,0.008896,0.028251,0.022039
N20002105,0.281648,0.184100,0.210017,0.087309,0.113051,0.027662,0.042523,0.030376,0.023314
N20002106,0.418700,0.227329,0.061816,0.116508,0.072186,0.045630,0.009091,0.027308,0.021432
N20002107,0.431591,0.155794,0.107843,0.059240,0.127571,0.024021,0.023144,0.041059,0.029738
N20002108,0.221547,0.389818,0.047946,0.194034,0.040670,0.072090,0.007321,0.014786,0.011789
N20002109,0.158947,0.317137,0.140443,0.228431,0.035500,0.082782,0.016149,0.010882,0.009729
N20002110,0.152391,0.442805,0.066995,0.194378,0.035965,0.075508,0.010566,0.011938,0.009455
N20002111,0.228274,0.188558,0.240010,0.130773,0.094325,0.034838,0.039502,0.023906,0.019813
N20002112,0.435860,0.118118,0.086189,0.073328,0.163251,0.022542,0.017750,0.047406,0.035556
N20002113,0.285897,0.203563,0.140880,0.144435,0.106749,0.041827,0.023934,0.029181,0.023536
N20002114,0.487222,0.069534,0.077914,0.041400,0.197002,0.014521,0.015134,0.055792,0.041480
N20002115,0.530343,0.040074,0.072249,0.028714,0.206598,0.008551,0.014728,0.055622,0.043120
N20002116,0.532158,0.107121,0.067094,0.058163,0.128522,0.018944,0.011588,0.043506,0.032905
N20002117,0.022701,0.502991,0.042927,0.308511,0.004295,0.111524,0.004327,0.001447,0.001278
N20002118,0.042038,0.429631,0.092522,0.320949,0.010549,0.089351,0.009122,0.003022,0.002816
N20002119,0.033167,0.470724,0.061840,0.314745,0.008086,0.100141,0.006684,0.002445,0.002168
N20002120,0.130248,0.351591,0.132699,0.244934,0.037707,0.065872,0.017240,0.010506,0.009203
N20002121,0.205268,0.342898,0.048406,0.267632,0.035389,0.071252,0.005989,0.012433,0.010733
N20002122,0.163661,0.399216,0.037388,0.264052,0.023855,0.091250,0.003947,0.008822,0.007808
N20002123,0.080904,0.485564,0.022239,0.286705,0.013301,0.099913,0.002442,0.004790,0.004142
N20002124,0.668034,0.035498,0.026835,0.024920,0.143365,0.008702,0.004018,0.049847,0.038781
N20002125,0.415924,0.200979,0.057620,0.131195,0.087784,0.044118,0.008840,0.029478,0.024062
N20002126,0.094860,0.464562,0.061998,0.263848,0.019719,0.075102,0.008014,0.006417,0.005480
N20002127,0.055212,0.491494,0.058896,0.273100,0.012459,0.094798,0.006727,0.003891,0.003423
N20002128,0.729582,0.018432,0.007120,0.011530,0.132153,0.004878,0.001269,0.056116,0.038921
N20002129,0.409199,0.226961,0.034160,0.154223,0.068599,0.054951,0.004638,0.026194,0.021077
N20002130,0.076690,0.433601,0.040019,0.335870,0.016942,0.082399,0.004577,0.005215,0.004686
N20002131,0.714473,0.020403,0.012781,0.011524,0.136995,0.004689,0.002471,0.057673,0.038990
N20002132,0.585135,0.066942,0.050566,0.048639,0.142565,0.014982,0.007835,0.046588,0.036748
N20002133,0.534711,0.070916,0.076228,0.046614,0.158793,0.014376,0.013037,0.047990,0.037336
N20002134,0.630688,0.054509,0.063510,0.036963,0.116300,0.011304,0.008564,0.044233,0.033929
N20002135,0.430369,0.153944,0.086257,0.110405,0.110851,0.032370,0.013050,0.034614,0.028141
N20002136,0.483818,0.164527,0.074975,0.084591,0.088765,0.031586,0.011243,0.034556,0.025940
N20002137,0.697626,0.024423,0.010788,0.015050,0.147624,0.006022,0.001988,0.056271,0.040208
N20002138,0.639133,0.057099,0.042694,0.028045,0.127956,0.010648,0.007419,0.051216,0.035791
N20002139,0.110093,0.392858,0.059121,0.304855,0.025099,0.085817,0.007319,0.007934,0.006904
N20002140,0.014727,0.510174,0.022191,0.362290,0.002899,0.083618,0.002254,0.000987,0.000860
N20002141,0.016773,0.512975,0.034658,0.337555,0.003926,0.088025,0.003752,0.001249,0.001087
N20002142,0.348071,0.261955,0.043932,0.177076,0.052958,0.073536,0.005205,0.020287,0.016981
N20002143,0.011620,0.517758,0.054132,0.311735,0.002764,0.094423,0.005982,0.000838,0.000748
N20002144,0.614818,0.064436,0.037646,0.046787,0.131416,0.017678,0.005263,0.045671,0.036285
N20002145,0.164072,0.313801,0.141859,0.222903,0.038607,0.081113,0.015869,0.011523,0.010252
N20002146,0.594113,0.098571,0.030728,0.070452,0.106879,0.021527,0.004462,0.041674,0.031594
N20002147,0.056615,0.478658,0.020381,0.260321,0.006097,0.171187,0.001839,0.002597,0.002306
N20002148,0.188242,0.329716,0.081005,0.245860,0.040657,0.080541,0.009476,0.013184,0.011321
N20002149,0.513290,0.107256,0.075896,0.054046,0.138019,0.018951,0.013768,0.045238,0.033537
N20002150,0.057524,0.481011,0.047629,0.258627,0.014670,0.126687,0.005363,0.004556,0.003933
N20002151,0.312456,0.261665,0.048993,0.191812,0.059722,0.080633,0.005801,0.021038,0.017879
N20002152,0.467712,0.151241,0.067943,0.107040,0.099176,0.037846,0.008420,0.033057,0.027566
N20002153,0.109931,0.403746,0.046559,0.269953,0.023226,0.127502,0.004766,0.007583,0.006734
N20002154,0.625394,0.070280,0.070276,0.041895,0.099723,0.017542,0.008228,0.036449,0.030214
N20002155,0.521870,0.141899,0.054871,0.100969,0.081189,0.038472,0.005905,0.029387,0.025438
N20002156,0.463156,0.135292,0.071316,0.097400,0.116686,0.037154,0.009577,0.038501,0.030918
N20002157,0.609320,0.055046,0.042878,0.044423,0.143621,0.015106,0.006328,0.045695,0.037581
N20002158,0.270547,0.265076,0.114353,0.163080,0.063327,0.073379,0.013132,0.019959,0.017146
N20002159,0.653422,0.025635,0.036788,0.020558,0.160977,0.007511,0.005442,0.049110,0.040557
N20002160,0.667550,0.043240,0.027143,0.034182,0.128482,0.011576,0.003633,0.047098,0.037096
N20002161,0.450029,0.176902,0.064844,0.111770,0.085686,0.048219,0.008799,0.029101,0.024650
N20002162,0.693763,0.056042,0.016359,0.036952,0.102042,0.016741,0.002145,0.042726,0.033231
N20002163,0.656090,0.057150,0.018069,0.041153,0.126156,0.015226,0.002734,0.047114,0.036307
N20002164,0.389350,0.211765,0.078795,0.119927,0.079317,0.062034,0.009393,0.026935,0.022485
N20002165,0.244221,0.325166,0.067496,0.187737,0.035114,0.110019,0.006299,0.012510,0.011438
N20002166,0.727887,0.048327,0.010213,0.025766,0.097664,0.013528,0.001638,0.043021,0.031956
N20002167,0.719013,0.034110,0.017282,0.015471,0.117399,0.007729,0.003122,0.050698,0.035176
N20002168,0.414204,0.209014,0.045108,0.134546,0.075121,0.068786,0.005564,0.025471,0.022185
N20002169,0.588216,0.100540,0.036134,0.050442,0.117077,0.025203,0.005549,0.043808,0.033031
N20002170,0.661657,0.043551,0.045220,0.025427,0.124663,0.009495,0.006440,0.047728,0.035819
N20002171,0.594080,0.086459,0.046886,0.053629,0.115194,0.022143,0.006478,0.042316,0.032815
N20002172,0.647037,0.087248,0.026260,0.051784,0.091790,0.021073,0.003522,0.041046,0.030240
N20002173,0.678621,0.061275,0.021346,0.046648,0.098846,0.019307,0.002781,0.039266,0.031911
N20002174,0.559846,0.140597,0.022934,0.089734,0.081984,0.042191,0.003013,0.033155,0.026546
N20002175,0.597790,0.080794,0.042342,0.061010,0.117351,0.020890,0.005909,0.040634,0.033280
N20002176,0.597813,0.116603,0.023750,0.075660,0.085230,0.034796,0.003022,0.035092,0.028034
N20002177,0.609508,0.104093,0.037238,0.066968,0.083629,0.032357,0.004459,0.034021,0.027727
N20002178,0.702906,0.052079,0.022831,0.038954,0.095051,0.014173,0.003095,0.039380,0.031531
N20002179,0.716438,0.056820,0.017307,0.039684,0.082175,0.018657,0.002117,0.037240,0.029562
N20002180,0.215059,0.374266,0.038132,0.223322,0.025677,0.100786,0.003790,0.009954,0.009014
N20002181,0.318026,0.247957,0.084997,0.157440,0.081129,0.051445,0.012918,0.025302,0.020786
N20002182,0.601844,0.071507,0.046836,0.048981,0.126868,0.016997,0.007019,0.044911,0.035037
N20002183,0.694420,0.023440,0.018530,0.010472,0.145759,0.004674,0.003645,0.059390,0.039670
N20002184,0.566164,0.087909,0.080162,0.039649,0.121123,0.016174,0.014247,0.042403,0.032169
N20002185,0.685321,0.038879,0.025745,0.023383,0.128988,0.009274,0.004313,0.047940,0.036156
N20002186,0.506375,0.073829,0.119163,0.056660,0.136251,0.017558,0.015509,0.040608,0.034047
N20002187,0.611040,0.020605,0.031317,0.014746,0.201641,0.005078,0.006095,0.063106,0.046371
N20002188,0.709812,0.053415,0.025877,0.025737,0.095292,0.011418,0.004023,0.043295,0.031131
N20002189,0.423995,0.139448,0.099190,0.093692,0.127315,0.031050,0.016219,0.038587,0.030504
N20002190,0.614962,0.019197,0.053315,0.013058,0.185603,0.004094,0.009188,0.057127,0.043456
N20002191,0.670041,0.022340,0.031486,0.012641,0.155023,0.004591,0.005400,0.057815,0.040662
N20002192,0.510871,0.133604,0.067571,0.067906,0.112220,0.027471,0.010612,0.039484,0.030261
N20002193,0.619957,0.048218,0.040387,0.030382,0.153716,0.010698,0.007323,0.050635,0.038683
N20002194,0.674493,0.021282,0.036578,0.014102,0.149700,0.004930,0.005764,0.053463,0.039688
N20002195,0.508906,0.168482,0.054247,0.060673,0.098794,0.030169,0.011515,0.039706,0.027508
N20002196,0.377761,0.164648,0.108588,0.099307,0.127773,0.034946,0.019350,0.038078,0.029548
N20002197,0.140988,0.441980,0.070568,0.194035,0.031718,0.091234,0.010017,0.010852,0.008609
N20002198,0.628113,0.052697,0.048076,0.020695,0.142462,0.010122,0.010676,0.050936,0.036224
N20002199,0.518671,0.141521,0.078457,0.050864,0.102947,0.025179,0.016109,0.038426,0.027826
N20002200,0.036019,0.569588,0.028426,0.242107,0.007213,0.108307,0.003556,0.002657,0.002127
N20002201,0.076397,0.481942,0.032114,0.269669,0.017522,0.107770,0.004294,0.005500,0.004791
N20002202,0.647243,0.028328,0.041884,0.015681,0.158827,0.005706,0.007747,0.054629,0.039955
N20002203,0.746150,0.020334,0.025881,0.014188,0.106377,0.005053,0.003405,0.044467,0.034144
N20002204,0.695781,0.016424,0.015719,0.008161,0.154441,0.003338,0.003043,0.061812,0.041280
N20002205,0.656694,0.025400,0.046004,0.013405,0.152258,0.005731,0.008094,0.053547,0.038867
N20002206,0.080422,0.517198,0.072506,0.189592,0.018670,0.099195,0.011196,0.006280,0.004940
N20002207,0.358922,0.254454,0.060170,0.140905,0.071020,0.058595,0.008606,0.026755,0.020574
N20002208,0.593301,0.094686,0.042238,0.049257,0.117452,0.018852,0.007842,0.043948,0.032425
N20002209,0.105637,0.430602,0.089904,0.228862,0.022752,0.096754,0.011277,0.007733,0.006477
N20002210,0.728335,0.020130,0.013330,0.014980,0.127873,0.005515,0.002092,0.050121,0.037625
N20002211,0.457176,0.132457,0.061936,0.078563,0.149412,0.029601,0.010930,0.045077,0.034848
N20002212,0.667014,0.036836,0.041292,0.016885,0.134750,0.008442,0.007597,0.050989,0.036196
N20002213,0.565878,0.052658,0.071149,0.033459,0.164607,0.011969,0.012618,0.049092,0.038570
N20002214,0.660867,0.020301,0.030319,0.013112,0.167540,0.004905,0.005298,0.055829,0.041828
N20002215,0.692796,0.035352,0.024335,0.023711,0.127489,0.008906,0.003941,0.047017,0.036454
N20002216,0.590118,0.044547,0.051583,0.029777,0.169797,0.010254,0.008639,0.054246,0.041039
N20002217,0.028658,0.507786,0.040317,0.287346,0.007512,0.119390,0.004713,0.002266,0.002012
N20002218,0.513132,0.109921,0.075710,0.063638,0.126592,0.027940,0.011497,0.039204,0.032368
N20002219,0.587612,0.035525,0.043611,0.021860,0.196129,0.007852,0.009369,0.055308,0.042735
N20002220,0.423352,0.102872,0.122411,0.072173,0.156817,0.023411,0.021418,0.043039,0.034507
N20002221,0.635828,0.097461,0.017233,0.070278,0.086652,0.025216,0.002375,0.036142,0.028815
N20002222,0.280137,0.322977,0.035772,0.176293,0.049423,0.096709,0.004607,0.018861,0.015221
N20002223,0.759236,0.019090,0.007505,0.013534,0.110609,0.005398,0.001171,0.048024,0.035434
N20002224,0.769710,0.013515,0.003120,0.009826,0.111983,0.004340,0.000535,0.050749,0.036222
N20002225,0.719042,0.033171,0.014827,0.024783,0.114716,0.009362,0.002228,0.046334,0.035537
N20002226,0.399838,0.207840,0.051343,0.154615,0.073455,0.058729,0.006376,0.025872,0.021933
N20002227,0.174511,0.366686,0.042714,0.237805,0.038915,0.111262,0.005241,0.012167,0.010700
N20002228,0.757651,0.016557,0.007365,0.013029,0.114429,0.005074,0.001129,0.048469,0.036297
N20002229,0.696418,0.019451,0.023537,0.015603,0.145762,0.005245,0.003595,0.050647,0.039742
N20002230,0.485931,0.067707,0.132859,0.050684,0.149433,0.018376,0.018254,0.041563,0.035192
N20002231,0.767166,0.019161,0.006723,0.014938,0.102863,0.006086,0.000970,0.047240,0.034853
N20002232,0.437992,0.183257,0.049337,0.137084,0.081762,0.051167,0.006223,0.029113,0.024065
N20002233,0.575045,0.060130,0.056254,0.040734,0.158470,0.013801,0.009057,0.048172,0.038337
N20002234,0.603144,0.065481,0.059704,0.054300,0.117662,0.016938,0.007749,0.041250,0.033774
N20002235,0.741171,0.028915,0.007228,0.019738,0.108273,0.008668,0.001141,0.049416,0.035450
N20002236,0.604747,0.061054,0.042563,0.035830,0.146717,0.014099,0.007669,0.049813,0.037509
N20002237,0.771265,0.018970,0.005532,0.012195,0.103591,0.006110,0.000885,0.047045,0.034407
N20002238,0.668663,0.022176,0.032757,0.015760,0.154695,0.005371,0.005431,0.054339,0.040807
N20002239,0.694421,0.029851,0.008897,0.021189,0.140297,0.008635,0.001612,0.055187,0.039912
N20002240,0.761547,0.018063,0.005193,0.012825,0.111172,0.005973,0.000810,0.048558,0.035859
N20002241,0.752083,0.027076,0.005605,0.014495,0.105957,0.007668,0.001002,0.051302,0.034813
N20002242,0.568170,0.093894,0.050333,0.071554,0.112409,0.023754,0.006505,0.040756,0.032626
N20002243,0.675956,0.069766,0.010561,0.040601,0.103587,0.022340,0.001527,0.042890,0.032772
N20002244,0.558632,0.138388,0.023976,0.075075,0.092835,0.040628,0.003357,0.038207,0.028901
N20002245,0.317411,0.245270,0.092934,0.154899,0.071659,0.063317,0.012066,0.022923,0.019521
N20002246,0.118336,0.440042,0.040365,0.236687,0.023927,0.121047,0.004426,0.008151,0.007019
N20002247,0.579267,0.119126,0.036201,0.067717,0.096341,0.029867,0.005097,0.037030,0.029353
N20002248,0.752653,0.022839,0.007031,0.015303,0.109250,0.007184,0.001096,0.048936,0.035708
N20002249,0.293174,0.288549,0.065553,0.138740,0.066906,0.099364,0.007656,0.021736,0.018323
N20002250,0.529927,0.136267,0.042325,0.085637,0.092207,0.046615,0.005019,0.034004,0.028001
N20002251,0.743441,0.017826,0.007598,0.013555,0.123710,0.005084,0.001237,0.050173,0.037377
N20002252,0.069936,0.460925,0.176475,0.158973,0.021639,0.073783,0.026568,0.006473,0.005229
N20002253,0.061061,0.488230,0.136238,0.169418,0.019772,0.095737,0.019555,0.005397,0.004591
N20002254,0.041793,0.504906,0.125856,0.187385,0.012779,0.103290,0.017131,0.003715,0.003145
N20002255,0.082599,0.415943,0.201374,0.170832,0.024568,0.060250,0.030980,0.007408,0.006045
N20002256,0.053740,0.393933,0.239689,0.172420,0.020999,0.078829,0.030386,0.005342,0.004663
N20002257,0.120099,0.211656,0.359546,0.115960,0.065715,0.041222,0.057922,0.015208,0.012672
N20002258,0.025596,0.512664,0.073761,0.262568,0.006098,0.107768,0.008008,0.001861,0.001676
N20002259,0.018064,0.432084,0.206727,0.217544,0.007592,0.090942,0.023572,0.001810,0.001665
N20002260,0.032109,0.441747,0.156525,0.225564,0.013156,0.105551,0.019202,0.003231,0.002915
N20002261,0.026901,0.415032,0.176600,0.259946,0.012635,0.081246,0.022125,0.002869,0.002647
N20002262,0.027330,0.333172,0.314951,0.204010,0.014255,0.057258,0.043142,0.003085,0.002797
N20002263,0.039284,0.220650,0.470324,0.115464,0.027989,0.038897,0.077035,0.005567,0.004790
N20002264,0.047651,0.372393,0.209651,0.233571,0.021301,0.080726,0.025152,0.005052,0.004503
N20002265,0.049668,0.447476,0.141788,0.234517,0.017953,0.079048,0.020595,0.004864,0.004090
N20002266,0.022368,0.155292,0.595505,0.097040,0.016059,0.027999,0.079997,0.002971,0.002770
N20002267,0.064221,0.387902,0.209544,0.212753,0.024343,0.060180,0.029191,0.006436,0.005430
N20002268,0.039804,0.425358,0.168973,0.230497,0.013302,0.096576,0.018872,0.003474,0.003145
N20002269,0.030555,0.439543,0.191570,0.216696,0.010514,0.081951,0.023856,0.002823,0.002492
N20002270,0.078193,0.367236,0.212553,0.201706,0.031478,0.059887,0.033728,0.008318,0.006901
N20002271,0.032244,0.157212,0.575253,0.100494,0.021213,0.026143,0.079667,0.004004,0.003770
N20002272,0.039064,0.217991,0.472049,0.113229,0.026637,0.036724,0.084207,0.005459,0.004641
N20002273,0.038990,0.227329,0.461016,0.132450,0.022805,0.041670,0.066564,0.004878,0.004298
N20002274,0.018357,0.201071,0.523132,0.129957,0.014998,0.036314,0.071112,0.002590,0.002468
N20002275,0.034294,0.245379,0.433332,0.146193,0.022563,0.043936,0.065702,0.004562,0.004039
N20002276,0.063312,0.425663,0.128189,0.241960,0.021286,0.092725,0.015885,0.005907,0.005074
N20002277,0.020462,0.377687,0.292394,0.157971,0.009581,0.105360,0.032385,0.002163,0.001995
N20002278,0.023028,0.464679,0.129497,0.250499,0.009676,0.102371,0.015747,0.002368,0.002134
N20002279,0.035540,0.255413,0.417462,0.125848,0.032024,0.046761,0.076307,0.005678,0.004967
N20002280,0.014268,0.206504,0.539626,0.117519,0.010855,0.039645,0.067751,0.001979,0.001851
N20002281,0.015657,0.158568,0.597095,0.089285,0.016354,0.028192,0.089739,0.002667,0.002442
N20002282,0.037836,0.407748,0.218145,0.204179,0.016260,0.078126,0.030190,0.004002,0.003514
N20002283,0.025311,0.137219,0.609946,0.079189,0.025811,0.021588,0.092778,0.004273,0.003884
N20002284,0.019084,0.396990,0.234626,0.207097,0.007491,0.107792,0.023504,0.001744,0.001673
N20002285,0.019838,0.416101,0.207860,0.212984,0.010198,0.104464,0.024307,0.002196,0.002051
N20002286,0.030990,0.385322,0.239830,0.180509,0.013417,0.119706,0.024236,0.003081,0.002911
N20002287,0.243411,0.268379,0.115585,0.153812,0.090632,0.063188,0.019575,0.025164,0.020254
N20002288,0.663816,0.021573,0.011548,0.014510,0.172032,0.005441,0.002315,0.064508,0.044257
N20002289,0.512468,0.135412,0.038255,0.081679,0.114413,0.039427,0.005710,0.040855,0.031781
N20002290,0.564337,0.020213,0.038844,0.014697,0.235375,0.004874,0.007688,0.065146,0.048827
N20002291,0.629869,0.035171,0.042374,0.023777,0.159989,0.008065,0.006952,0.053219,0.040583
N20002292,0.638007,0.015265,0.015491,0.011536,0.199105,0.003901,0.002876,0.066318,0.047499
N20002293,0.402954,0.099558,0.186708,0.069290,0.124578,0.025292,0.027118,0.034906,0.029595
N20002294,0.190173,0.241788,0.217482,0.179699,0.057171,0.061903,0.023206,0.014739,0.013839
N20002295,0.368200,0.078054,0.236260,0.051802,0.145088,0.017559,0.037638,0.035172,0.030227
N20002296,0.166915,0.356955,0.109968,0.193670,0.049089,0.082234,0.014497,0.014524,0.012148
N20002297,0.207412,0.329483,0.101778,0.184247,0.054891,0.078069,0.013467,0.016604,0.014050
N20002298,0.073294,0.360396,0.196380,0.213729,0.023592,0.098846,0.021856,0.006249,0.005658
N20002299,0.112463,0.203394,0.379353,0.133637,0.051223,0.051126,0.047176,0.011259,0.010368
N20002300,0.054589,0.295946,0.352082,0.167052,0.023176,0.051338,0.045490,0.005398,0.004929
N20002301,0.022559,0.503147,0.061769,0.269916,0.005086,0.128134,0.006420,0.001544,0.001425
N20002302,0.035207,0.468636,0.123677,0.218286,0.009895,0.126169,0.012794,0.002789,0.002547
N20002303,0.046940,0.301167,0.377292,0.145815,0.017217,0.056631,0.046966,0.004133,0.003839
N20002304,0.038547,0.398255,0.239083,0.195806,0.017846,0.072214,0.030481,0.004089,0.003679
N20002305,0.246691,0.145726,0.272459,0.090473,0.113776,0.030613,0.047432,0.029352,0.023480
N20002306,0.266025,0.151730,0.227591,0.089534,0.132250,0.028910,0.045418,0.032598,0.025943
N20002307,0.188213,0.209582,0.254713,0.121768,0.091743,0.049878,0.042086,0.023256,0.018762
N20002308,0.342719,0.110077,0.186635,0.065897,0.162574,0.021359,0.037061,0.041251,0.032427
N20002309,0.255367,0.224130,0.166508,0.121845,0.105943,0.045421,0.028452,0.029432,0.022902
N20002310,0.151452,0.183909,0.351056,0.107860,0.078998,0.040468,0.052689,0.018146,0.015421
N20002311,0.026872,0.347703,0.320048,0.160024,0.012447,0.092023,0.035702,0.002641,0.002539
N20002312,0.164569,0.184712,0.352135,0.115170,0.066696,0.035300,0.049989,0.017040,0.014388
N20002313,0.023103,0.493614,0.081103,0.280937,0.006378,0.102867,0.008453,0.001862,0.001683
N20002314,0.028340,0.507912,0.105067,0.240557,0.008040,0.093245,0.012386,0.002378,0.002074
N20002315,0.028190,0.500288,0.126219,0.229138,0.007284,0.089811,0.014918,0.002218,0.001934
N20002316,0.018306,0.543968,0.070365,0.247917,0.005375,0.102367,0.008680,0.001631,0.001391
N20002317,0.038507,0.428602,0.155267,0.244618,0.012237,0.097017,0.017467,0.003316,0.002970
N20002318,0.164536,0.226090,0.279240,0.105844,0.084049,0.046705,0.056883,0.020418,0.016235
N20002319,0.046069,0.441641,0.185936,0.199811,0.016071,0.078840,0.023790,0.004152,0.003691
N20002320,0.026330,0.385659,0.269954,0.183829,0.011472,0.083923,0.033697,0.002694,0.002441
N20002321,0.014032,0.367750,0.328306,0.147591,0.004414,0.104864,0.030797,0.001157,0.001090
N20002322,0.017496,0.496729,0.130846,0.223594,0.005880,0.107295,0.015134,0.001606,0.001419
N20002323,0.021101,0.473093,0.159021,0.210009,0.005535,0.110776,0.017447,0.001568,0.001451
N20002324,0.013944,0.526607,0.070931,0.250260,0.003179,0.126481,0.006753,0.000952,0.000893
N20002325,0.016694,0.496244,0.109069,0.255313,0.004233,0.104617,0.011406,0.001276,0.001147
N20002326,0.051684,0.316673,0.295547,0.195937,0.025018,0.061599,0.042680,0.005797,0.005065
N20002327,0.019793,0.418197,0.196906,0.245122,0.008949,0.083299,0.023697,0.002131,0.001906
N20002328,0.024009,0.514420,0.079556,0.263893,0.007485,0.096702,0.009876,0.002193,0.001865
N20002329,0.028504,0.560926,0.116129,0.180584,0.006563,0.090214,0.013072,0.002152,0.001857
N20002330,0.036807,0.348481,0.295198,0.180444,0.021360,0.062787,0.046318,0.004614,0.003992
N20002331,0.370970,0.227546,0.113759,0.082250,0.092434,0.035168,0.020343,0.033168,0.024363
N20002332,0.022465,0.622779,0.041382,0.199081,0.004421,0.101844,0.005038,0.001637,0.001354
N20002333,0.030837,0.385013,0.235088,0.228594,0.011833,0.073403,0.029623,0.002945,0.002663
N20002334,0.031759,0.631854,0.032914,0.181400,0.005437,0.108651,0.003981,0.002239,0.001766
N20002335,0.113139,0.510222,0.079796,0.158954,0.025961,0.082984,0.012094,0.009533,0.007317
N20002336,0.034933,0.381502,0.263953,0.199205,0.014216,0.066579,0.033058,0.003461,0.003092
N20002337,0.018268,0.426449,0.204520,0.218087,0.007960,0.098284,0.022806,0.001905,0.001722
N20002338,0.037770,0.225901,0.463161,0.118946,0.027869,0.039857,0.076205,0.005504,0.004786
N20002339,0.023818,0.482995,0.144229,0.225189,0.008172,0.093559,0.017871,0.002227,0.001940
N20002340,0.039175,0.556395,0.042026,0.239166,0.007853,0.105069,0.005001,0.002956,0.002359
N20002341,0.043534,0.501264,0.111800,0.204532,0.011791,0.105402,0.014991,0.003619,0.003068
N20002342,0.064023,0.336740,0.307016,0.148603,0.028416,0.050931,0.051344,0.007002,0.005926
N20002343,0.034663,0.419556,0.217717,0.203613,0.011805,0.077667,0.028968,0.003231,0.002779
N20002344,0.055091,0.465716,0.133967,0.213805,0.018195,0.084366,0.019485,0.005068,0.004307
N20002345,0.060403,0.527671,0.070101,0.204765,0.012853,0.107011,0.008992,0.004519,0.003685
N20002346,0.077465,0.425765,0.155258,0.204914,0.023738,0.077574,0.022354,0.007137,0.005796
N20002347,0.051525,0.540696,0.077739,0.202761,0.015360,0.091273,0.011913,0.004886,0.003847
N20002348,0.085711,0.431385,0.153706,0.182911,0.028317,0.080756,0.022256,0.008221,0.006737
N20002349,0.059080,0.348538,0.313372,0.133534,0.022871,0.065869,0.045924,0.005815,0.004997
N20002350,0.077712,0.387958,0.194017,0.185158,0.032837,0.077368,0.029571,0.008436,0.006943
N20002351,0.116390,0.329263,0.261871,0.116299,0.049288,0.048749,0.054755,0.013088,0.010297
N20002352,0.062840,0.429920,0.137829,0.232919,0.021893,0.086556,0.017038,0.005955,0.005051
N20002353,0.106126,0.405115,0.155108,0.185581,0.032951,0.075190,0.022259,0.009667,0.008003
N20002354,0.119733,0.411649,0.144230,0.186655,0.026705,0.076463,0.017955,0.009187,0.007423
N20002355,0.290479,0.228814,0.177803,0.120218,0.073733,0.042214,0.024513,0.023312,0.018915
N20002356,0.290037,0.312689,0.092387,0.126074,0.063713,0.060700,0.015317,0.021852,0.017230
N20002357,0.193552,0.318923,0.174803,0.136783,0.057740,0.059040,0.028004,0.017283,0.013873
N20002358,0.174944,0.309793,0.175292,0.141002,0.072539,0.064282,0.027312,0.019343,0.015492
N20002359,0.251712,0.256546,0.190216,0.104603,0.078909,0.046133,0.030486,0.023104,0.018290
N20002360,0.090185,0.388426,0.194858,0.168238,0.039437,0.069398,0.031029,0.010161,0.008267
N20002361,0.393519,0.203116,0.095483,0.087411,0.104648,0.039927,0.015294,0.034199,0.026403
N20002362,0.126143,0.432187,0.110443,0.192792,0.029647,0.074493,0.016664,0.009701,0.007932
N20002363,0.135125,0.439227,0.098249,0.182620,0.035047,0.074449,0.014830,0.011402,0.009050
N20002364,0.245995,0.257814,0.202913,0.099294,0.078601,0.041171,0.031032,0.024418,0.018761
N20002365,0.103681,0.477383,0.142580,0.141916,0.027237,0.070117,0.020785,0.009125,0.007176
N20002366,0.072529,0.508143,0.097228,0.194490,0.022456,0.077041,0.015727,0.006937,0.005450
N20002367,0.206824,0.327549,0.153156,0.147811,0.053855,0.058532,0.021263,0.017041,0.013969
N20002368,0.059061,0.576494,0.078470,0.173504,0.013747,0.077367,0.012638,0.004909,0.003810
N20002369,0.056031,0.521360,0.089031,0.200337,0.014032,0.098771,0.012147,0.004566,0.003725
N20002370,0.037932,0.617303,0.061262,0.177035,0.007934,0.084265,0.009031,0.002920,0.002318
N20002371,0.043801,0.590890,0.108828,0.141923,0.011437,0.080531,0.015610,0.003917,0.003064
N20002372,0.058922,0.306932,0.337117,0.152118,0.030360,0.055205,0.046574,0.006807,0.005966
N20002373,0.133345,0.437219,0.117184,0.167309,0.037035,0.068417,0.018055,0.012070,0.009368
N20002374,0.054703,0.570115,0.081605,0.178049,0.013491,0.081545,0.012106,0.004713,0.003673
N20002375,0.054559,0.583840,0.075509,0.175174,0.011620,0.080796,0.010863,0.004266,0.003374
N20002376,0.112678,0.444674,0.130717,0.170247,0.028659,0.076481,0.019379,0.009548,0.007617
N20002377,0.490239,0.107932,0.078377,0.054293,0.147341,0.022039,0.015397,0.048632,0.035749
N20002378,0.362229,0.109595,0.165508,0.074477,0.158868,0.024873,0.029848,0.041547,0.033055
N20002379,0.029999,0.584921,0.059831,0.191538,0.006493,0.115417,0.007667,0.002273,0.001861
N20002380,0.031445,0.566614,0.056393,0.225708,0.006233,0.102624,0.006913,0.002206,0.001865
N20002381,0.252327,0.253008,0.169347,0.149658,0.069025,0.044159,0.023526,0.021324,0.017626
N20002382,0.029265,0.562350,0.090650,0.195288,0.007511,0.098392,0.012209,0.002349,0.001986
N20002383,0.211398,0.285809,0.192548,0.097865,0.083482,0.047880,0.039483,0.023703,0.017831
N20002384,0.071608,0.500103,0.103958,0.207336,0.013938,0.081345,0.012868,0.004731,0.004113
N20002385,0.432344,0.047920,0.116252,0.031255,0.232619,0.010437,0.025973,0.059147,0.044052
N20002386,0.027062,0.535017,0.126295,0.182568,0.007438,0.101077,0.016355,0.002250,0.001938
N20002387,0.155059,0.311932,0.227363,0.109951,0.065488,0.052270,0.046226,0.017952,0.013759
N20002388,0.034773,0.563892,0.085207,0.192907,0.009016,0.097629,0.011109,0.003038,0.002429
N20002389,0.329693,0.071940,0.234117,0.045162,0.180911,0.014906,0.048171,0.041939,0.033162
N20002390,0.292474,0.204252,0.132268,0.153010,0.088844,0.062442,0.018543,0.026520,0.021647
N20002391,0.275511,0.264741,0.084871,0.195898,0.066166,0.061483,0.011463,0.021897,0.017970
N20002392,0.310092,0.077098,0.238333,0.058757,0.178524,0.016484,0.046572,0.041157,0.032983
N20002393,0.118860,0.239370,0.313733,0.144721,0.063279,0.045116,0.047551,0.014920,0.012449
N20002394,0.064371,0.481017,0.098663,0.224934,0.017581,0.090488,0.012995,0.005411,0.004539
N20002395,0.438721,0.049522,0.104811,0.034916,0.236127,0.010915,0.021536,0.058648,0.044805
N20002396,0.108498,0.295409,0.271463,0.153169,0.047755,0.062116,0.039634,0.011948,0.010009
N20002397,0.105500,0.200816,0.364887,0.114383,0.078188,0.031226,0.076124,0.015840,0.013036
N20002398,0.207239,0.216639,0.271461,0.115883,0.073678,0.035278,0.042185,0.020851,0.016787
N20002399,0.111595,0.182148,0.384610,0.117571,0.076134,0.034668,0.064247,0.015716,0.013310
N20002400,0.066716,0.312464,0.301357,0.173536,0.028700,0.067071,0.037052,0.006951,0.006152
N20002401,0.055589,0.220694,0.442728,0.122834,0.030839,0.053299,0.061476,0.006642,0.005898
N20002402,0.133387,0.434458,0.100532,0.171161,0.035546,0.089393,0.015442,0.011044,0.009036
N20002403,0.060184,0.177721,0.499150,0.105478,0.036975,0.030474,0.075807,0.007559,0.006651
N20002404,0.045596,0.340924,0.345026,0.112173,0.023232,0.051479,0.071522,0.005530,0.004517
N20002405,0.115699,0.324129,0.236486,0.153982,0.040940,0.073677,0.034914,0.010878,0.009295
N20002406,0.077711,0.145731,0.479030,0.094287,0.065585,0.026698,0.087927,0.012469,0.010562
N20002407,0.028711,0.544696,0.113139,0.199962,0.007216,0.087316,0.014688,0.002333,0.001939
N20002408,0.072995,0.370344,0.181444,0.230964,0.029477,0.076080,0.024928,0.007337,0.006431
N20002409,0.072906,0.468916,0.121789,0.207566,0.020279,0.079846,0.017165,0.006338,0.005195
N20002410,0.040755,0.218947,0.472075,0.120263,0.025910,0.046439,0.065761,0.005172,0.004677
N20002411,0.069673,0.331094,0.307920,0.150116,0.028297,0.051586,0.047653,0.007516,0.006146
N20002412,0.103311,0.275529,0.309314,0.146915,0.043738,0.053049,0.047636,0.011142,0.009365
N20002413,0.040229,0.215085,0.476634,0.116857,0.024084,0.039867,0.077501,0.005265,0.004478
N20002414,0.091243,0.384356,0.217322,0.164044,0.033695,0.057054,0.035305,0.009403,0.007578
N20002415,0.068772,0.457551,0.152805,0.194187,0.022031,0.070215,0.022718,0.006471,0.005250
N20002416,0.031946,0.395408,0.239683,0.206821,0.015297,0.069157,0.034868,0.003670,0.003150
N20002417,0.020619,0.186357,0.532704,0.116207,0.020668,0.035351,0.081500,0.003452,0.003142
N20002418,0.082188,0.360875,0.277338,0.138481,0.028960,0.052312,0.045586,0.007828,0.006432
N20002419,0.071189,0.338602,0.326202,0.115234,0.026520,0.054122,0.055462,0.006944,0.005725
N20002420,0.074171,0.510863,0.084120,0.213076,0.017845,0.076664,0.012296,0.006140,0.004825
N20002421,0.141966,0.344169,0.211296,0.124931,0.058155,0.052706,0.038949,0.015582,0.012245
N20002422,0.080725,0.403161,0.232665,0.137790,0.032311,0.056395,0.040723,0.009221,0.007009
N20002423,0.115284,0.481411,0.086675,0.180663,0.032553,0.070064,0.014632,0.010601,0.008116
N20002424,0.029198,0.077098,0.663674,0.051185,0.033108,0.011570,0.124538,0.005037,0.004592
N20002425,0.032665,0.231741,0.476275,0.119534,0.021397,0.043426,0.066918,0.004229,0.003815
N20002426,0.026484,0.156042,0.569469,0.096050,0.026449,0.025579,0.091444,0.004462,0.004021
N20002427,0.044657,0.293438,0.354422,0.163430,0.027541,0.056745,0.048741,0.005883,0.005142
N20002428,0.039624,0.545400,0.078403,0.200307,0.009113,0.112244,0.009350,0.002998,0.002560
N20002429,0.040419,0.574654,0.111326,0.159640,0.009885,0.081172,0.016750,0.003423,0.002730
N20002430,0.046248,0.167492,0.530331,0.093525,0.033323,0.030906,0.085867,0.006533,0.005775
N20002431,0.038392,0.608759,0.077271,0.155466,0.008693,0.094564,0.011223,0.003161,0.002469
N20002432,0.056716,0.564390,0.087387,0.166172,0.014575,0.088015,0.013788,0.005065,0.003891
N20002433,0.038497,0.313928,0.327942,0.166515,0.023498,0.073205,0.047075,0.004906,0.004433
N20002434,0.031878,0.526061,0.057851,0.237069,0.011678,0.121992,0.007577,0.003176,0.002717
N20002435,0.027750,0.161373,0.581491,0.083551,0.021478,0.033340,0.083475,0.003975,0.003567
N20002436,0.023557,0.300298,0.382258,0.150735,0.014478,0.072135,0.050809,0.003049,0.002680
N20002437,0.034164,0.192300,0.514909,0.101162,0.028038,0.042021,0.077691,0.005131,0.004584
N20002438,0.014218,0.411602,0.274281,0.157301,0.006816,0.101359,0.031463,0.001552,0.001409
N20002439,0.038958,0.378984,0.241627,0.188760,0.015054,0.104083,0.025527,0.003612,0.003394
N20002440,0.018352,0.490440,0.123172,0.203588,0.006640,0.141723,0.012851,0.001686,0.001549
N20002441,0.023699,0.376676,0.244082,0.229042,0.012101,0.078379,0.030880,0.002691,0.002451
N20002442,0.020512,0.297169,0.408532,0.134160,0.013560,0.068536,0.052503,0.002606,0.002421
N20002443,0.014632,0.187029,0.563310,0.101786,0.013148,0.036204,0.079740,0.002106,0.002045
N20002444,0.029960,0.395360,0.228250,0.189195,0.015073,0.108303,0.027482,0.003320,0.003058
N20002445,0.037019,0.364936,0.258932,0.194532,0.019531,0.082028,0.034957,0.004200,0.003865
N20002446,0.016935,0.425991,0.202223,0.204395,0.007102,0.120309,0.019882,0.001618,0.001545
N20002447,0.021987,0.451272,0.155805,0.204697,0.008845,0.136086,0.017147,0.002184,0.001977
N20002448,0.038819,0.438846,0.179621,0.195326,0.013373,0.106368,0.021112,0.003435,0.003099
N20002449,0.016516,0.425212,0.177478,0.212292,0.007601,0.139415,0.018194,0.001685,0.001606
N20002450,0.029532,0.384909,0.239495,0.194772,0.016075,0.097320,0.031180,0.003547,0.003169
N20002451,0.018357,0.503080,0.058320,0.187529,0.004119,0.221132,0.005056,0.001242,0.001166
N20002452,0.037519,0.387749,0.226734,0.174257,0.014764,0.127462,0.024612,0.003584,0.003319
N20002453,0.056915,0.397087,0.184975,0.199145,0.018587,0.114150,0.020070,0.004677,0.004394
N20002454,0.083918,0.447754,0.094623,0.195943,0.019978,0.136066,0.010162,0.006132,0.005424
N20002455,0.114825,0.419733,0.091419,0.206789,0.028163,0.111659,0.010996,0.008860,0.007555
N20002456,0.241475,0.067362,0.347861,0.043582,0.154158,0.012046,0.074239,0.032683,0.026594
N20002457,0.171015,0.109663,0.384433,0.056679,0.122445,0.019358,0.090729,0.025497,0.020181
N20002458,0.178206,0.078235,0.388409,0.053866,0.149243,0.015040,0.084467,0.028964,0.023570
N20002459,0.170611,0.158377,0.370049,0.090237,0.081547,0.031700,0.061442,0.019841,0.016195
N20002460,0.218636,0.171865,0.275515,0.071018,0.115643,0.028050,0.069462,0.028308,0.021502
N20002461,0.146550,0.114651,0.417604,0.056853,0.112560,0.016831,0.093579,0.023025,0.018347
N20002462,0.095778,0.338682,0.268213,0.136803,0.042732,0.051786,0.046365,0.010802,0.008840
N20002463,0.282844,0.091678,0.268368,0.060040,0.161839,0.017677,0.050074,0.037312,0.030167
N20002464,0.098927,0.115127,0.491823,0.063669,0.077570,0.019245,0.106114,0.015056,0.012469
N20002465,0.222347,0.156311,0.292040,0.094144,0.104971,0.030969,0.052183,0.025884,0.021152
N20002466,0.196190,0.189651,0.309554,0.087340,0.086257,0.031830,0.059929,0.021742,0.017506
N20002467,0.159161,0.159533,0.361224,0.103282,0.087416,0.030781,0.062203,0.019816,0.016585
N20002468,0.196451,0.115694,0.310122,0.065077,0.159508,0.021309,0.073732,0.032806,0.025302
N20002469,0.174720,0.083921,0.439178,0.052360,0.110856,0.016346,0.079594,0.023456,0.019569
N20002470,0.147590,0.088578,0.432661,0.051469,0.123312,0.014872,0.098063,0.023985,0.019469
N20002471,0.191800,0.099204,0.365937,0.058835,0.136286,0.019216,0.079367,0.026900,0.022455
N20002472,0.130615,0.184787,0.382382,0.105256,0.062557,0.041963,0.064996,0.014878,0.012568
N20002473,0.247269,0.106469,0.267467,0.062225,0.171249,0.021435,0.058075,0.036788,0.029022
N20002474,0.124814,0.097834,0.461238,0.059046,0.105119,0.017526,0.098101,0.019839,0.016481
N20002475,0.127891,0.094618,0.474590,0.063182,0.099690,0.017778,0.086659,0.019273,0.016319
N20002476,0.224763,0.093428,0.323923,0.055599,0.153801,0.018803,0.071912,0.031851,0.025920
N20002477,0.124119,0.183126,0.363697,0.104695,0.085931,0.033653,0.071797,0.018217,0.014764
N20002478,0.135959,0.044009,0.501607,0.029954,0.129174,0.007963,0.109324,0.022797,0.019212
N20002479,0.341998,0.093311,0.212362,0.054249,0.162024,0.018557,0.045147,0.040562,0.031790
N20002480,0.198832,0.062350,0.412988,0.039947,0.139394,0.012260,0.083332,0.027392,0.023506
N20002481,0.160071,0.291046,0.219711,0.144118,0.063657,0.053134,0.037058,0.017292,0.013914
N20002482,0.205376,0.042096,0.390019,0.022923,0.174111,0.008150,0.097901,0.032971,0.026453
N20002483,0.212229,0.087201,0.355968,0.056169,0.143336,0.018573,0.071852,0.029964,0.024707
N20002484,0.205830,0.161889,0.300687,0.083916,0.109107,0.031668,0.060077,0.025981,0.020847
N20002485,0.335466,0.025066,0.181667,0.017587,0.291067,0.004797,0.046577,0.054498,0.043275
N20002486,0.338788,0.141627,0.167908,0.083377,0.135040,0.040827,0.026951,0.036282,0.029202
N20002487,0.360829,0.053505,0.185642,0.034359,0.222356,0.011881,0.039266,0.052231,0.039931
N20002488,0.284348,0.079348,0.290106,0.054955,0.158213,0.017515,0.050444,0.035561,0.029510
N20002489,0.259492,0.182204,0.192256,0.110720,0.125396,0.043218,0.031060,0.030591,0.025063
N20002490,0.159083,0.223688,0.292438,0.138075,0.063285,0.051690,0.041906,0.016034,0.013801
N20002491,0.169741,0.142763,0.367785,0.083532,0.101777,0.029068,0.066046,0.021189,0.018099
N20002492,0.059804,0.357872,0.280947,0.152118,0.023182,0.075968,0.039046,0.005976,0.005087
N20002493,0.082510,0.472147,0.094988,0.218825,0.023783,0.080670,0.013401,0.007593,0.006081
N20002494,0.281577,0.057528,0.265511,0.031169,0.215965,0.011277,0.060716,0.042201,0.034057
N20002495,0.341138,0.069048,0.191178,0.043982,0.213149,0.014942,0.041104,0.047903,0.037556
N20002496,0.290978,0.160087,0.215212,0.097430,0.111181,0.037672,0.032909,0.030074,0.024457
N20002497,0.424641,0.115909,0.133120,0.067419,0.136515,0.027096,0.021932,0.041257,0.032112
N20002498,0.050969,0.370294,0.229927,0.178828,0.023191,0.108045,0.028417,0.005495,0.004834
N20002499,0.108255,0.198741,0.388040,0.112559,0.057507,0.053142,0.057928,0.012803,0.011026
N20002500,0.011502,0.421511,0.243848,0.178053,0.004586,0.113708,0.024576,0.001162,0.001054
N20002501,0.010245,0.461117,0.173374,0.214296,0.003825,0.115984,0.019236,0.001014,0.000910
N20002502,0.021105,0.421682,0.182114,0.211729,0.006763,0.133779,0.019294,0.001875,0.001659
N20002503,0.019168,0.336008,0.322911,0.197250,0.008524,0.071741,0.040616,0.001972,0.001810
N20002504,0.036720,0.500135,0.082094,0.233690,0.008168,0.124348,0.009838,0.002691,0.002315
N20002505,0.011229,0.307768,0.393696,0.154685,0.005662,0.077272,0.047281,0.001249,0.001158
N20002506,0.026062,0.448526,0.159559,0.228272,0.007672,0.107972,0.017767,0.002209,0.001960
N20002507,0.028848,0.419026,0.181231,0.221713,0.009985,0.114713,0.019444,0.002677,0.002364
N20002508,0.038837,0.257804,0.439644,0.114918,0.019518,0.052713,0.068275,0.004472,0.003819
N20002509,0.016698,0.293354,0.421310,0.138604,0.008662,0.065179,0.052494,0.001942,0.001757
N20002510,0.019155,0.591200,0.071321,0.187163,0.003822,0.116903,0.007894,0.001376,0.001166
N20002511,0.016633,0.560355,0.089244,0.183408,0.003060,0.136026,0.009185,0.001124,0.000965
N20002512,0.028091,0.539283,0.147622,0.152873,0.007640,0.100053,0.020004,0.002423,0.002012
N20002513,0.024558,0.513685,0.136203,0.179161,0.008469,0.115426,0.017918,0.002537,0.002043
N20002514,0.038204,0.553373,0.064445,0.210909,0.008548,0.110869,0.008225,0.002974,0.002453
N20002515,0.020337,0.282240,0.426790,0.143276,0.009578,0.063284,0.050334,0.002160,0.002000
N20002516,0.032781,0.361537,0.289302,0.170589,0.015550,0.085577,0.037674,0.003768,0.003223
N20002517,0.018283,0.602994,0.044547,0.202216,0.003574,0.120719,0.005194,0.001359,0.001113
N20002518,0.017667,0.291741,0.417342,0.142059,0.010477,0.061103,0.055379,0.002248,0.001985
N20002519,0.015797,0.362426,0.288781,0.188738,0.006616,0.104392,0.030190,0.001592,0.001467
N20002520,0.028831,0.357664,0.287828,0.175536,0.013479,0.095016,0.035522,0.003292,0.002832
N20002521,0.020661,0.591112,0.104907,0.157846,0.004815,0.103962,0.013683,0.001649,0.001365
N20002522,0.016069,0.584211,0.064786,0.219403,0.003470,0.102416,0.007395,0.001220,0.001032
N20002523,0.025262,0.608880,0.053461,0.188606,0.005679,0.107531,0.006789,0.002118,0.001674
N20002524,0.032302,0.450320,0.161379,0.209599,0.010376,0.110422,0.020115,0.002940,0.002548
N20002525,0.016403,0.471684,0.202681,0.191422,0.005460,0.084600,0.024835,0.001555,0.001361
N20002526,0.021833,0.326391,0.395234,0.125861,0.011400,0.058544,0.055757,0.002684,0.002296
N20002527,0.025219,0.567305,0.091276,0.200168,0.006014,0.095339,0.010873,0.002092,0.001714
N20002528,0.020763,0.245509,0.492942,0.100751,0.012485,0.044628,0.077993,0.002604,0.002325
N20002529,0.016698,0.615026,0.052992,0.199585,0.003419,0.103479,0.006521,0.001245,0.001034
N20002530,0.017410,0.597310,0.037181,0.212076,0.003488,0.126125,0.004047,0.001288,0.001074
N20002531,0.029880,0.295671,0.382463,0.146862,0.021307,0.060095,0.055756,0.004249,0.003718
N20002532,0.017399,0.323763,0.369782,0.165000,0.008254,0.061465,0.050707,0.001912,0.001718
N20002533,0.027128,0.568060,0.060806,0.208262,0.006457,0.118006,0.007224,0.002239,0.001817
N20002534,0.027214,0.461991,0.184256,0.189683,0.008033,0.103115,0.021337,0.002351,0.002020
N20002535,0.015977,0.463706,0.161288,0.242410,0.006684,0.086949,0.019788,0.001701,0.001497
N20002536,0.014302,0.288133,0.419575,0.152392,0.006660,0.070973,0.045066,0.001495,0.001404
N20002537,0.014663,0.354433,0.292583,0.214629,0.009678,0.075314,0.034941,0.001963,0.001795
N20002538,0.019339,0.374863,0.300190,0.177142,0.008224,0.078230,0.038193,0.002004,0.001815
N20002539,0.010217,0.228677,0.534197,0.109994,0.005369,0.042636,0.066690,0.001146,0.001074
N20002540,0.017522,0.359629,0.311659,0.169400,0.010096,0.091143,0.036514,0.002094,0.001944
N20002541,0.015569,0.259085,0.469040,0.129675,0.009441,0.054594,0.058967,0.001861,0.001767
N20002542,0.014506,0.391707,0.271566,0.200344,0.008438,0.073521,0.036411,0.001855,0.001652
N20002543,0.036694,0.450348,0.128279,0.237484,0.015359,0.109295,0.015323,0.003828,0.003390
N20002544,0.018811,0.556109,0.054250,0.221824,0.004172,0.136314,0.005937,0.001369,0.001214
N20002545,0.013677,0.464608,0.135133,0.240941,0.005261,0.124034,0.013776,0.001339,0.001231
N20002546,0.011103,0.463222,0.174464,0.206132,0.004794,0.119704,0.018345,0.001171,0.001064
N20002547,0.029949,0.389183,0.245722,0.187474,0.012354,0.102057,0.027484,0.003033,0.002743
N20002548,0.072683,0.422668,0.039811,0.195813,0.013103,0.243817,0.003643,0.004415,0.004047
N20002549,0.017102,0.468109,0.030431,0.198684,0.002598,0.278857,0.002425,0.000921,0.000872
N20002550,0.029153,0.494970,0.031674,0.151490,0.004266,0.283041,0.002438,0.001526,0.001443
N20002551,0.019752,0.457098,0.061200,0.177331,0.003791,0.273343,0.005171,0.001186,0.001127
N20002552,0.204693,0.332098,0.073805,0.184419,0.047930,0.120531,0.008224,0.015107,0.013193
N20002553,0.228192,0.349987,0.045859,0.165885,0.047527,0.126958,0.005568,0.016287,0.013737
N20002554,0.028338,0.510149,0.078014,0.213714,0.005800,0.152150,0.008123,0.001993,0.001720
N20002555,0.011858,0.465921,0.092215,0.172642,0.002534,0.245570,0.007648,0.000848,0.000763
N20002556,0.030153,0.541279,0.045429,0.208320,0.005844,0.160129,0.004875,0.002170,0.001800
N20002557,0.010436,0.490585,0.030467,0.245447,0.002329,0.216400,0.002869,0.000775,0.000693
N20002558,0.024497,0.490974,0.118119,0.172825,0.005818,0.171983,0.012228,0.001922,0.001633
N20002559,0.025854,0.505470,0.058562,0.229134,0.005946,0.165054,0.006258,0.002000,0.001721
N20002560,0.274590,0.309700,0.075424,0.160313,0.052046,0.084659,0.008947,0.018837,0.015485
N20002561,0.584986,0.121022,0.029904,0.066179,0.092419,0.035437,0.004513,0.036883,0.028657
N20002562,0.413740,0.177651,0.074973,0.089765,0.113822,0.056413,0.011142,0.034418,0.028075
N20002563,0.022819,0.502290,0.024990,0.163767,0.003711,0.277983,0.001943,0.001285,0.001213
N20002564,0.026486,0.470114,0.032037,0.185797,0.005037,0.274425,0.002844,0.001714,0.001546
N20002565,0.021155,0.381439,0.244139,0.205012,0.011106,0.106083,0.026326,0.002466,0.002272
N20002566,0.020106,0.502072,0.083307,0.237361,0.004756,0.141668,0.007929,0.001461,0.001339
N20002567,0.025660,0.520582,0.060368,0.234722,0.007148,0.141131,0.006308,0.002182,0.001899
N20002568,0.028982,0.510753,0.068386,0.230851,0.007542,0.141846,0.007092,0.002453,0.002094
N20002569,0.015787,0.413225,0.217763,0.196121,0.008757,0.120166,0.024414,0.002008,0.001760
N20002570,0.032299,0.256479,0.409169,0.161569,0.020634,0.065319,0.046444,0.004235,0.003852
N20002571,0.014251,0.463149,0.044204,0.161868,0.002944,0.308288,0.003442,0.000969,0.000886
N20002572,0.018541,0.490445,0.028360,0.201797,0.003816,0.252051,0.002512,0.001315,0.001163
N20002573,0.011938,0.427275,0.207305,0.182967,0.004559,0.145555,0.018185,0.001158,0.001059
N20002574,0.018597,0.467235,0.048597,0.183846,0.003936,0.271482,0.003860,0.001272,0.001175
N20002575,0.036411,0.554761,0.027848,0.207099,0.007396,0.158260,0.003167,0.002818,0.002239
N20002576,0.021932,0.558071,0.025087,0.219504,0.004046,0.166244,0.002337,0.001493,0.001286
N20002577,0.390842,0.229182,0.039997,0.130328,0.070253,0.086380,0.004861,0.026537,0.021620
N20002578,0.017253,0.503768,0.117206,0.200610,0.005236,0.141606,0.011453,0.001517,0.001351
N20002579,0.019026,0.526312,0.061036,0.234694,0.005112,0.144794,0.006076,0.001562,0.001388
N20002580,0.047410,0.454594,0.058398,0.186087,0.010402,0.231540,0.005299,0.003273,0.002996
N20002581,0.092840,0.414412,0.083556,0.211042,0.022867,0.153301,0.008751,0.006999,0.006232
N20002582,0.028309,0.481172,0.089318,0.211476,0.008336,0.168266,0.008633,0.002341,0.002150
N20002583,0.519580,0.119710,0.061898,0.071121,0.109593,0.040987,0.008240,0.038020,0.030850
N20002584,0.081166,0.437592,0.093545,0.185038,0.022221,0.158513,0.009569,0.006574,0.005781
N20002585,0.697199,0.025592,0.017471,0.019368,0.139778,0.008300,0.002696,0.050145,0.039451
N20002586,0.063750,0.466484,0.074825,0.183391,0.015379,0.180131,0.007187,0.004678,0.004176
N20002587,0.410436,0.201811,0.123728,0.070186,0.082966,0.036514,0.021071,0.030310,0.022979
N20002588,0.486452,0.160552,0.070468,0.042897,0.121821,0.025874,0.017469,0.044302,0.030164
N20002589,0.537721,0.092644,0.102561,0.038308,0.119659,0.018625,0.016133,0.042498,0.031853
N20002590,0.406451,0.087793,0.176979,0.059111,0.148370,0.019903,0.029527,0.039460,0.032406
N20002591,0.205614,0.285332,0.144995,0.166661,0.065622,0.079365,0.018842,0.017973,0.015596
N20002592,0.353418,0.215861,0.116956,0.111292,0.087435,0.046440,0.020158,0.026493,0.021947
N20002593,0.409935,0.102260,0.157135,0.055364,0.151345,0.021123,0.028633,0.041715,0.032491
N20002594,0.353735,0.260647,0.107264,0.079940,0.079448,0.049512,0.018254,0.029730,0.021470
N20002595,0.091622,0.344428,0.235707,0.165233,0.033673,0.081161,0.031457,0.009095,0.007625
N20002596,0.363043,0.254012,0.095993,0.086042,0.083954,0.049271,0.017381,0.028709,0.021593
N20002597,0.217787,0.320502,0.118243,0.133781,0.075964,0.074130,0.020180,0.022201,0.017213
N20002598,0.441606,0.065768,0.164255,0.042830,0.162508,0.013825,0.028645,0.045031,0.035532
N20002599,0.080284,0.359986,0.212671,0.185450,0.023471,0.101738,0.024090,0.006500,0.005811
N20002600,0.036034,0.472555,0.078545,0.242493,0.011741,0.143793,0.008656,0.003289,0.002894
N20002601,0.305048,0.316180,0.088326,0.104843,0.067281,0.061247,0.014813,0.024272,0.017990
N20002602,0.404856,0.136334,0.153887,0.060392,0.123343,0.028213,0.027707,0.036818,0.028450
N20002603,0.063014,0.312057,0.296584,0.162548,0.032913,0.082409,0.036594,0.007397,0.006485
N20002604,0.491239,0.115570,0.083713,0.049205,0.141371,0.024121,0.016019,0.045237,0.033525
N20002605,0.318699,0.259412,0.138547,0.080694,0.077839,0.056073,0.024411,0.025220,0.019106
N20002606,0.113277,0.380522,0.176324,0.158302,0.034334,0.092396,0.026388,0.010265,0.008191
N20002607,0.037676,0.456862,0.116806,0.247127,0.015268,0.102193,0.016478,0.004132,0.003460
N20002608,0.231076,0.219352,0.254897,0.093318,0.081099,0.032887,0.045890,0.023542,0.017938
N20002609,0.045008,0.421388,0.148863,0.229611,0.019032,0.108340,0.018791,0.004803,0.004164
N20002610,0.083971,0.409884,0.148687,0.182205,0.022615,0.121520,0.018573,0.006814,0.005730
N20002611,0.176823,0.308850,0.234388,0.075722,0.055499,0.071697,0.047666,0.017043,0.012312
N20002612,0.419032,0.181008,0.091791,0.071238,0.115292,0.039914,0.016062,0.037837,0.027825
N20002613,0.108373,0.461930,0.138313,0.114694,0.033464,0.093767,0.031213,0.010562,0.007682
N20002614,0.213356,0.375686,0.093364,0.139516,0.047127,0.087643,0.013519,0.016965,0.012823
N20002615,0.096190,0.484007,0.157013,0.090811,0.029635,0.084375,0.041634,0.009676,0.006658
N20002616,0.209144,0.377544,0.120271,0.118561,0.049082,0.074985,0.019931,0.017458,0.013024
N20002617,0.093117,0.466712,0.191978,0.061501,0.033170,0.062536,0.073865,0.010356,0.006764
N20002618,0.034998,0.419299,0.138273,0.227766,0.013418,0.143752,0.015827,0.003570,0.003097
N20002619,0.041753,0.621681,0.053131,0.145184,0.008177,0.117755,0.006388,0.003379,0.002552
N20002620,0.094371,0.484373,0.140827,0.105262,0.032652,0.093386,0.031883,0.010087,0.007159
N20002621,0.020594,0.230214,0.461825,0.159274,0.014018,0.055200,0.053549,0.002764,0.002561
N20002622,0.031817,0.640073,0.030487,0.146958,0.005374,0.137658,0.003515,0.002325,0.001793
N20002623,0.022735,0.430754,0.147242,0.235939,0.009998,0.131387,0.017313,0.002445,0.002188
N20002624,0.050668,0.259303,0.383111,0.154330,0.024617,0.066513,0.050949,0.005538,0.004971
N20002625,0.034506,0.633841,0.109272,0.102516,0.008843,0.087740,0.017759,0.003163,0.002360
N20002626,0.019444,0.624945,0.028404,0.170773,0.003563,0.147313,0.002966,0.001430,0.001162
N20002627,0.035182,0.631040,0.056910,0.139204,0.008986,0.115776,0.007182,0.003224,0.002496
N20002628,0.048167,0.491749,0.184380,0.105598,0.014328,0.115794,0.032305,0.004345,0.003333
N20002629,0.034310,0.626610,0.033552,0.161264,0.006197,0.129809,0.003908,0.002395,0.001955
N20002630,0.054249,0.439613,0.155954,0.187937,0.016453,0.118194,0.019131,0.004466,0.004001
N20002631,0.031718,0.593220,0.028351,0.189347,0.005467,0.144825,0.003115,0.002170,0.001786
N20002632,0.024118,0.584761,0.050677,0.191080,0.006101,0.133256,0.006252,0.002054,0.001700
N20002633,0.041267,0.423149,0.205073,0.176964,0.015955,0.104721,0.025145,0.004140,0.003585
N20002634,0.041036,0.429692,0.211564,0.167418,0.018407,0.089926,0.033487,0.004616,0.003855
N20002635,0.028738,0.467334,0.133585,0.192203,0.009928,0.148712,0.014426,0.002700,0.002374
N20002636,0.039461,0.411854,0.236988,0.166849,0.014817,0.094854,0.028017,0.003806,0.003353
N20002637,0.022027,0.462370,0.160007,0.207228,0.009034,0.115535,0.019431,0.002341,0.002028
N20002638,0.048166,0.524231,0.098417,0.169748,0.012858,0.125608,0.013761,0.003939,0.003272
N20002639,0.232755,0.321565,0.053585,0.181655,0.044713,0.131352,0.005796,0.015264,0.013314
N20002640,0.636400,0.020003,0.046450,0.014027,0.174016,0.004761,0.007652,0.054503,0.042189
N20002641,0.642119,0.029077,0.058922,0.023160,0.143728,0.008269,0.008566,0.047603,0.038558
N20002642,0.419212,0.113156,0.142849,0.079938,0.127993,0.032082,0.018174,0.035824,0.030771
N20002643,0.355671,0.236445,0.045856,0.158971,0.064721,0.090805,0.005217,0.022677,0.019636
N20002644,0.019478,0.507737,0.021776,0.248471,0.003911,0.194018,0.002101,0.001310,0.001199
N20002645,0.018574,0.485673,0.044487,0.216603,0.004542,0.223444,0.004002,0.001392,0.001282
N20002646,0.206574,0.298910,0.103950,0.179906,0.048200,0.122673,0.011365,0.015205,0.013217
N20002647,0.026074,0.457911,0.068962,0.257299,0.007735,0.170914,0.006871,0.002213,0.002021
N20002648,0.018016,0.490086,0.069271,0.230905,0.004592,0.178073,0.006449,0.001345,0.001263
N20002649,0.082701,0.426402,0.069916,0.208789,0.018929,0.175444,0.006579,0.005911,0.005329
N20002650,0.042252,0.429275,0.096668,0.246706,0.011625,0.158053,0.009071,0.003277,0.003072
N20002651,0.023416,0.491360,0.055245,0.243558,0.007073,0.169750,0.005785,0.002001,0.001811
N20002652,0.026259,0.528079,0.073368,0.222507,0.008690,0.127742,0.008730,0.002489,0.002135
N20002653,0.022045,0.450561,0.087846,0.243608,0.006441,0.177830,0.008192,0.001811,0.001666
N20002654,0.013145,0.505009,0.056176,0.249372,0.004435,0.163661,0.005845,0.001249,0.001108
N20002655,0.207327,0.281773,0.175833,0.147347,0.061266,0.066756,0.027055,0.017869,0.014774
N20002656,0.022239,0.535973,0.027578,0.235698,0.005001,0.167716,0.002710,0.001646,0.001440
N20002657,0.030202,0.525991,0.021904,0.259092,0.006155,0.150356,0.002252,0.002184,0.001864
N20002658,0.090331,0.369377,0.176901,0.183710,0.024662,0.123663,0.018116,0.006916,0.006322
N20002659,0.027399,0.510055,0.108947,0.205963,0.008055,0.123935,0.011211,0.002370,0.002065
N20002660,0.014176,0.480052,0.079274,0.218551,0.005147,0.192541,0.007622,0.001397,0.001240
N20002661,0.030748,0.504342,0.050473,0.253363,0.007100,0.144469,0.005165,0.002306,0.002034
N20002662,0.025856,0.514630,0.029679,0.209112,0.005247,0.209483,0.002739,0.001682,0.001570
N20002663,0.047957,0.432075,0.134200,0.179301,0.012590,0.174984,0.012089,0.003509,0.003295
N20002664,0.065531,0.439199,0.100591,0.216925,0.018700,0.137710,0.011261,0.005293,0.004790
N20002665,0.024755,0.659243,0.018429,0.152913,0.004435,0.134471,0.002409,0.001907,0.001438
N20002666,0.037475,0.662346,0.042374,0.122443,0.007489,0.116481,0.006186,0.002984,0.002222
N20002667,0.041128,0.553476,0.032026,0.185383,0.006798,0.172793,0.003661,0.002551,0.002185
N20002668,0.034976,0.468443,0.088503,0.234088,0.008278,0.152444,0.008580,0.002396,0.002293
N20002669,0.036465,0.625750,0.074118,0.123401,0.008825,0.116390,0.009483,0.003105,0.002463
N20002670,0.025779,0.539899,0.042106,0.185331,0.005985,0.192992,0.004237,0.001964,0.001706
N20002671,0.035204,0.610657,0.105049,0.123908,0.007914,0.098880,0.013167,0.002933,0.002289
N20002672,0.026700,0.523044,0.082884,0.170190,0.006199,0.179327,0.007998,0.001921,0.001737
N20002673,0.031497,0.634833,0.049938,0.158384,0.007017,0.107579,0.006041,0.002635,0.002076
N20002674,0.049932,0.431088,0.099985,0.233865,0.014252,0.153461,0.009738,0.004005,0.003674
N20002675,0.018183,0.485552,0.062478,0.237330,0.004648,0.183656,0.005472,0.001391,0.001289
N20002676,0.026032,0.459680,0.140443,0.186715,0.008482,0.161015,0.013304,0.002248,0.002080
N20002677,0.019615,0.513635,0.081402,0.176234,0.005919,0.192873,0.007188,0.001627,0.001508
N20002678,0.028181,0.447770,0.151710,0.198810,0.011292,0.141069,0.015805,0.002793,0.002570
N20002679,0.024109,0.504056,0.068621,0.217559,0.008734,0.165723,0.006859,0.002259,0.002079
N20002680,0.027838,0.603411,0.021470,0.204167,0.005567,0.131296,0.002488,0.002063,0.001700
N20002681,0.021717,0.539714,0.068576,0.228558,0.006012,0.124597,0.007426,0.001793,0.001606
N20002682,0.019737,0.570965,0.052710,0.213359,0.005133,0.129382,0.005701,0.001606,0.001408
N20002683,0.019016,0.546204,0.088012,0.201294,0.005879,0.126738,0.009678,0.001679,0.001501
N20002684,0.022659,0.496081,0.061345,0.238902,0.006249,0.165224,0.006111,0.001771,0.001658
N20002685,0.374393,0.198787,0.110955,0.137148,0.069724,0.050619,0.013479,0.024262,0.020631
N20002686,0.627069,0.050013,0.067527,0.033236,0.121876,0.011498,0.008871,0.044937,0.034973
N20002687,0.666691,0.027807,0.025282,0.019494,0.155264,0.006623,0.004114,0.053933,0.040792
N20002688,0.674392,0.028046,0.021506,0.018851,0.151648,0.007131,0.003350,0.054320,0.040756
N20002689,0.164919,0.272016,0.255997,0.125048,0.058113,0.057630,0.036623,0.016405,0.013249
N20002690,0.324042,0.257118,0.079460,0.170932,0.047682,0.080576,0.007828,0.016948,0.015414
N20002691,0.260064,0.239903,0.157448,0.141187,0.080250,0.057963,0.021298,0.022415,0.019472
N20002692,0.072676,0.271407,0.337074,0.164888,0.033834,0.059244,0.045729,0.008050,0.007098
N20002693,0.033879,0.265325,0.406642,0.157832,0.023539,0.047264,0.056754,0.004572,0.004193
N20002694,0.097286,0.405290,0.108846,0.241239,0.019607,0.103948,0.011669,0.006319,0.005797
N20002695,0.045080,0.305870,0.323984,0.188902,0.020089,0.066741,0.040198,0.004828,0.004309
N20002696,0.098972,0.305910,0.257497,0.181567,0.038611,0.067982,0.031067,0.009800,0.008594
N20002697,0.084189,0.296818,0.269346,0.190812,0.037850,0.069634,0.034153,0.009174,0.008023
N20002698,0.290480,0.271860,0.127487,0.115951,0.077011,0.053935,0.018412,0.025147,0.019717
N20002699,0.065737,0.383784,0.190349,0.213129,0.020522,0.093806,0.021981,0.005634,0.005057
N20002700,0.042820,0.336217,0.322137,0.158089,0.013942,0.089248,0.030378,0.003748,0.003422
N20002701,0.209359,0.312475,0.126361,0.148881,0.077653,0.067247,0.017698,0.022462,0.017864
N20002702,0.055932,0.524036,0.074530,0.210768,0.011727,0.106579,0.008754,0.004194,0.003479
N20002703,0.060723,0.450739,0.163597,0.191036,0.015745,0.091651,0.017375,0.004897,0.004237
N20002704,0.054069,0.528365,0.045768,0.230246,0.009450,0.120422,0.005042,0.003619,0.003019
N20002705,0.061444,0.430718,0.151898,0.209482,0.021242,0.094394,0.020101,0.005719,0.005003
N20002706,0.077993,0.434046,0.097617,0.237937,0.019601,0.110749,0.010620,0.006099,0.005339
N20002707,0.066056,0.484696,0.065429,0.237273,0.011998,0.120468,0.006404,0.003970,0.003706
N20002708,0.050974,0.554329,0.058944,0.197001,0.009389,0.116222,0.006649,0.003563,0.002930
N20002709,0.034960,0.588758,0.028012,0.207696,0.007324,0.124879,0.003408,0.002760,0.002204
N20002710,0.056524,0.551037,0.058145,0.205977,0.011675,0.101602,0.007181,0.004357,0.003500
N20002711,0.074577,0.489449,0.104234,0.201528,0.015064,0.093852,0.011258,0.005493,0.004544
N20002712,0.071141,0.502925,0.091968,0.204570,0.015281,0.093500,0.010823,0.005335,0.004457
N20002713,0.048035,0.371870,0.212307,0.233957,0.016819,0.084333,0.024244,0.004438,0.003996
N20002714,0.062220,0.530715,0.085944,0.183243,0.016989,0.099593,0.011157,0.005649,0.004490
N20002715,0.104558,0.393220,0.132723,0.219129,0.026948,0.093198,0.015082,0.007961,0.007183
N20002716,0.069778,0.376025,0.219637,0.197742,0.023861,0.072199,0.028582,0.006514,0.005663
N20002717,0.206743,0.350779,0.123640,0.140311,0.057599,0.069622,0.017780,0.018805,0.014721
N20002718,0.146569,0.366854,0.161062,0.175541,0.035924,0.071710,0.021202,0.011470,0.009668
N20002719,0.079255,0.548125,0.049900,0.179965,0.015402,0.110731,0.005987,0.005925,0.004710
N20002720,0.225194,0.238618,0.219542,0.130452,0.068142,0.052737,0.028375,0.020180,0.016761
N20002721,0.261504,0.327757,0.073849,0.158743,0.057281,0.073668,0.010406,0.020596,0.016198
N20002722,0.053459,0.429955,0.148046,0.224328,0.019336,0.097462,0.017723,0.005204,0.004485
N20002723,0.061207,0.523008,0.124254,0.172248,0.014593,0.078687,0.017083,0.004901,0.004019
N20002724,0.125669,0.340399,0.222598,0.146462,0.043015,0.067673,0.031708,0.012405,0.010071
N20002725,0.046297,0.430524,0.180775,0.197973,0.014079,0.101537,0.021273,0.004054,0.003488
N20002726,0.073851,0.331934,0.223294,0.218405,0.034015,0.075715,0.027374,0.008233,0.007179
N20002727,0.175213,0.359114,0.144128,0.142054,0.052962,0.075187,0.022814,0.015812,0.012716
N20002728,0.060879,0.233342,0.404492,0.155371,0.034871,0.041999,0.054827,0.007602,0.006617
N20002729,0.125854,0.444673,0.091469,0.173451,0.027578,0.108436,0.010390,0.010223,0.007925
N20002730,0.042330,0.421596,0.147587,0.254527,0.011818,0.099981,0.015785,0.003314,0.003061
N20002731,0.052925,0.346492,0.290266,0.175768,0.020390,0.068359,0.036032,0.005176,0.004593
N20002732,0.073082,0.439291,0.117304,0.216871,0.020480,0.107266,0.014203,0.006193,0.005309
N20002733,0.086609,0.290842,0.298213,0.163634,0.038062,0.067451,0.038359,0.008795,0.008034
N20002734,0.056406,0.506956,0.106531,0.192301,0.011559,0.106482,0.012416,0.004001,0.003348
N20002735,0.064771,0.422138,0.186880,0.184212,0.019087,0.088760,0.023721,0.005652,0.004779
N20002736,0.032142,0.428399,0.167462,0.226757,0.010555,0.111913,0.017356,0.002832,0.002584
N20002737,0.090788,0.375436,0.180996,0.185591,0.036965,0.087118,0.025782,0.009303,0.008020
N20002738,0.060326,0.399828,0.204794,0.197954,0.022676,0.076083,0.027146,0.006027,0.005165
N20002739,0.033230,0.450404,0.142949,0.241107,0.013315,0.093891,0.018677,0.003406,0.003020
N20002740,0.035624,0.494390,0.078125,0.257901,0.009531,0.110346,0.008592,0.002930,0.002560
N20002741,0.022007,0.523922,0.066800,0.253262,0.005867,0.117827,0.006927,0.001798,0.001590
N20002742,0.027094,0.491780,0.066441,0.250225,0.007601,0.145692,0.006978,0.002190,0.001998
N20002743,0.017390,0.406782,0.228778,0.226614,0.006796,0.085204,0.025259,0.001628,0.001549
N20002744,0.023043,0.497404,0.075585,0.247178,0.007215,0.137343,0.008403,0.002011,0.001818
N20002745,0.025933,0.474187,0.115715,0.255945,0.008672,0.101664,0.013483,0.002291,0.002109
N20002746,0.014074,0.489584,0.068234,0.260367,0.003996,0.155158,0.006406,0.001124,0.001057
N20002747,0.020758,0.513025,0.040446,0.272869,0.005475,0.140058,0.004226,0.001645,0.001498
N20002748,0.039325,0.389251,0.259377,0.186581,0.013565,0.073928,0.031272,0.003501,0.003200
N20002749,0.021458,0.356557,0.317079,0.174080,0.009931,0.080394,0.036037,0.002339,0.002124
N20002750,0.018675,0.475676,0.105411,0.251271,0.005083,0.130821,0.010258,0.001449,0.001356
N20002751,0.020884,0.369217,0.279536,0.208838,0.010027,0.075340,0.031829,0.002237,0.002091
N20002752,0.019006,0.498037,0.111335,0.226398,0.005725,0.124840,0.011515,0.001660,0.001484
N20002753,0.021700,0.463333,0.144199,0.225183,0.007862,0.117828,0.015948,0.002079,0.001869
N20002754,0.027264,0.251470,0.495056,0.101517,0.012750,0.037670,0.068767,0.002892,0.002613
N20002755,0.016911,0.261800,0.436505,0.168104,0.010812,0.048981,0.052739,0.002159,0.001988
N20002756,0.062338,0.480983,0.147262,0.188667,0.017179,0.073784,0.019935,0.005399,0.004453
N20002757,0.053652,0.361420,0.252647,0.195898,0.024746,0.064785,0.035866,0.005852,0.005134
N20002758,0.021031,0.318922,0.382502,0.158440,0.010140,0.057832,0.046788,0.002253,0.002093
N20002759,0.049436,0.441246,0.191209,0.200370,0.014863,0.068375,0.026279,0.004504,0.003718
N20002760,0.051459,0.302417,0.392641,0.114032,0.022017,0.046080,0.061147,0.005513,0.004692
N20002761,0.026738,0.209100,0.505362,0.112837,0.020032,0.032484,0.086384,0.003747,0.003317
N20002762,0.021997,0.117308,0.643904,0.065170,0.021132,0.016984,0.106647,0.003632,0.003226
N20002763,0.016115,0.461656,0.172611,0.219825,0.007607,0.098168,0.020557,0.001821,0.001640
N20002764,0.016188,0.388892,0.295131,0.191094,0.006585,0.066920,0.032047,0.001653,0.001492
N20002765,0.020056,0.477994,0.154890,0.227221,0.006776,0.092412,0.017161,0.001833,0.001658
N20002766,0.006898,0.338516,0.410510,0.134678,0.004346,0.051052,0.052229,0.000942,0.000829
N20002767,0.023717,0.426047,0.214561,0.208389,0.007823,0.091354,0.024105,0.002099,0.001903
N20002768,0.011834,0.426183,0.212412,0.224253,0.004243,0.097450,0.021523,0.001095,0.001007
N20002769,0.011238,0.340042,0.385116,0.151779,0.005617,0.058723,0.045058,0.001266,0.001162
N20002770,0.019631,0.432948,0.204997,0.205768,0.008487,0.100602,0.023584,0.002110,0.001873
N20002771,0.020978,0.357948,0.326944,0.168469,0.009841,0.069249,0.042175,0.002319,0.002076
N20002772,0.019116,0.629431,0.093176,0.151115,0.004454,0.087759,0.011989,0.001663,0.001296
N20002773,0.015423,0.550406,0.080500,0.239175,0.004207,0.098799,0.009065,0.001290,0.001133
N20002774,0.017644,0.306230,0.413287,0.142007,0.008983,0.056364,0.051621,0.002026,0.001838
N20002775,0.015770,0.436466,0.187631,0.230631,0.006718,0.099297,0.020360,0.001642,0.001485
N20002776,0.016098,0.557161,0.132692,0.183820,0.004705,0.087911,0.014953,0.001430,0.001231
N20002777,0.013952,0.466948,0.163398,0.233816,0.005049,0.096019,0.018263,0.001354,0.001202
N20002778,0.028535,0.473123,0.137007,0.219751,0.008786,0.112182,0.015890,0.002516,0.002210
N20002779,0.034157,0.492280,0.125761,0.216430,0.009750,0.100244,0.015852,0.002993,0.002534
N20002780,0.025085,0.557302,0.123134,0.183766,0.007291,0.083836,0.015348,0.002332,0.001905
N20002781,0.027542,0.630234,0.064304,0.160559,0.006429,0.098507,0.008234,0.002345,0.001846
N20002782,0.024246,0.508841,0.108401,0.231027,0.007777,0.103113,0.012380,0.002257,0.001957
N20002783,0.016280,0.418191,0.224278,0.212894,0.006501,0.094692,0.024078,0.001615,0.001472
N20002784,0.028354,0.476538,0.149721,0.221592,0.009887,0.087661,0.021150,0.002747,0.002349
N20002785,0.019701,0.511222,0.111201,0.217196,0.006176,0.118729,0.012433,0.001788,0.001553
N20002786,0.016196,0.437892,0.211623,0.217721,0.006561,0.083340,0.023469,0.001705,0.001493
N20002787,0.032777,0.452165,0.198412,0.195611,0.011132,0.077507,0.026563,0.003166,0.002667
N20002788,0.019944,0.502455,0.103268,0.233577,0.004763,0.122753,0.010411,0.001485,0.001343
N20002789,0.033191,0.411193,0.202869,0.229205,0.012794,0.077749,0.026791,0.003315,0.002892
N20002790,0.034515,0.380027,0.293237,0.160414,0.016814,0.059910,0.047592,0.004061,0.003430
N20002791,0.026291,0.476068,0.155512,0.222660,0.007247,0.089531,0.018592,0.002196,0.001903
N20002792,0.040101,0.511059,0.104549,0.208931,0.009243,0.108680,0.011748,0.003108,0.002581
N20002793,0.031951,0.521458,0.070092,0.240421,0.007902,0.115225,0.008200,0.002590,0.002161
N20002794,0.045234,0.464093,0.172379,0.194982,0.014796,0.076642,0.023954,0.004327,0.003594
N20002795,0.033786,0.437662,0.223785,0.181610,0.012232,0.076814,0.027761,0.003478,0.002871
N20002796,0.067993,0.478556,0.171140,0.155714,0.018508,0.070553,0.026810,0.005958,0.004767
N20002797,0.049348,0.490495,0.166638,0.170722,0.015532,0.071429,0.027364,0.004680,0.003792
N20002798,0.066594,0.335388,0.334527,0.112273,0.027669,0.044523,0.065892,0.007301,0.005833
N20002799,0.071620,0.420928,0.166310,0.198781,0.022268,0.085313,0.022707,0.006570,0.005503
N20002800,0.034600,0.426245,0.223575,0.188031,0.013083,0.078156,0.029725,0.003588,0.002995
N20002801,0.034167,0.494421,0.099785,0.214988,0.013321,0.123172,0.013436,0.003708,0.003003
N20002802,0.011752,0.509060,0.082856,0.231038,0.003114,0.153113,0.007310,0.000906,0.000850
N20002803,0.024202,0.443042,0.150221,0.254300,0.008405,0.097063,0.018480,0.002270,0.002016
N20002804,0.011901,0.444686,0.160371,0.255525,0.004293,0.103761,0.017305,0.001129,0.001030
N20002805,0.015812,0.495003,0.111969,0.253407,0.004364,0.105423,0.011605,0.001268,0.001149
N20002806,0.021783,0.440263,0.210685,0.204353,0.010118,0.080841,0.027265,0.002515,0.002176
N20002807,0.013746,0.518084,0.050563,0.289413,0.003023,0.118269,0.005040,0.000984,0.000878
N20002808,0.016617,0.489977,0.091904,0.260799,0.005468,0.122158,0.010160,0.001557,0.001359
N20002809,0.017032,0.483637,0.109740,0.245266,0.005478,0.124505,0.011511,0.001474,0.001357
N20002810,0.018381,0.488564,0.130887,0.240664,0.005500,0.098103,0.014954,0.001550,0.001397
N20002811,0.020289,0.609799,0.067292,0.190366,0.004082,0.098094,0.007321,0.001502,0.001254
N20002812,0.016629,0.515363,0.170758,0.172784,0.005724,0.094037,0.021760,0.001570,0.001375
N20002813,0.026052,0.617647,0.080482,0.169810,0.005868,0.085932,0.010364,0.002136,0.001711
N20002814,0.020139,0.473245,0.131897,0.262677,0.005812,0.088216,0.014846,0.001677,0.001491
N20002815,0.023387,0.620270,0.076261,0.175887,0.005076,0.085734,0.010034,0.001849,0.001501
N20002816,0.023878,0.564110,0.122402,0.188732,0.005258,0.077095,0.015232,0.001768,0.001526
N20002817,0.026827,0.570820,0.096548,0.200635,0.007089,0.080742,0.013092,0.002336,0.001912
N20002818,0.035098,0.604551,0.064480,0.187857,0.007215,0.087287,0.008577,0.002770,0.002165
N20002819,0.028467,0.587551,0.062161,0.204465,0.006742,0.098300,0.007992,0.002405,0.001917
N20002820,0.025575,0.531842,0.087160,0.229279,0.007581,0.103335,0.010909,0.002347,0.001972
N20002821,0.026366,0.602211,0.091909,0.172928,0.006353,0.084116,0.012129,0.002201,0.001787
N20002822,0.017067,0.538199,0.142826,0.184354,0.004136,0.093427,0.017578,0.001277,0.001135
N20002823,0.014240,0.332443,0.393144,0.140662,0.008486,0.055412,0.052127,0.001845,0.001642
N20002824,0.045259,0.418172,0.215749,0.182737,0.020025,0.073170,0.035547,0.005066,0.004276
N20002825,0.018086,0.231369,0.495523,0.133170,0.011377,0.045034,0.061032,0.002282,0.002127
N20002826,0.008974,0.194300,0.567318,0.107529,0.007297,0.034253,0.077821,0.001296,0.001214
N20002827,0.010232,0.109688,0.708613,0.054181,0.008292,0.019333,0.086801,0.001480,0.001380
N20002828,0.009379,0.127675,0.690624,0.054729,0.006166,0.015314,0.093794,0.001210,0.001110
N20002829,0.021050,0.517231,0.195643,0.162852,0.006170,0.069233,0.024355,0.001892,0.001575
N20002830,0.027393,0.270749,0.445864,0.128132,0.014262,0.043770,0.063805,0.003206,0.002820
N20002831,0.033587,0.522328,0.143246,0.194233,0.009450,0.070713,0.020993,0.003022,0.002428
N20002832,0.011494,0.160481,0.625789,0.081268,0.009153,0.028928,0.079642,0.001694,0.001550
N20002833,0.029467,0.550770,0.131131,0.182639,0.007226,0.076866,0.017475,0.002440,0.001985
N20002834,0.016696,0.595084,0.088039,0.194596,0.004654,0.087295,0.010860,0.001539,0.001237
N20002835,0.033120,0.375881,0.325926,0.141022,0.012805,0.059361,0.045687,0.003348,0.002850
N20002836,0.029709,0.232286,0.474088,0.119534,0.020196,0.039273,0.077112,0.004187,0.003616
N20002837,0.589868,0.122568,0.027999,0.064197,0.083496,0.045962,0.003248,0.034890,0.027773
N20002838,0.500891,0.153439,0.038949,0.091422,0.091585,0.058393,0.005061,0.032990,0.027269
N20002839,0.641698,0.083303,0.016929,0.053358,0.099941,0.029379,0.002246,0.041069,0.032078
N20002840,0.285974,0.305471,0.025026,0.184647,0.043618,0.121228,0.002815,0.016881,0.014340
N20002841,0.790725,0.017298,0.003428,0.012908,0.091197,0.005941,0.000509,0.045017,0.032977
N20002842,0.785874,0.016946,0.005002,0.012576,0.096072,0.005701,0.000718,0.043897,0.033212
N20002843,0.544915,0.151771,0.017817,0.096428,0.081772,0.043572,0.002309,0.034680,0.026735
N20002844,0.289574,0.318324,0.054466,0.144602,0.045197,0.110513,0.005728,0.017013,0.014584
N20002845,0.707298,0.027653,0.008379,0.019089,0.132942,0.008743,0.001451,0.055028,0.039415
N20002846,0.050472,0.489676,0.011765,0.243416,0.007554,0.190445,0.001128,0.002969,0.002575
N20002847,0.793488,0.014309,0.003227,0.010961,0.093036,0.004741,0.000486,0.046435,0.033315
N20002848,0.697910,0.049584,0.013143,0.036403,0.108268,0.017277,0.001861,0.041764,0.033791
N20002849,0.656726,0.041806,0.025186,0.027148,0.140186,0.011178,0.003917,0.054478,0.039374
N20002850,0.730031,0.032722,0.008987,0.019599,0.112763,0.008499,0.001558,0.050366,0.035475
N20002851,0.666764,0.034789,0.021156,0.025630,0.145747,0.009623,0.003393,0.052997,0.039901
N20002852,0.722428,0.019371,0.008837,0.012703,0.134023,0.005408,0.001670,0.056223,0.039337
N20002853,0.088886,0.434792,0.015558,0.221546,0.012629,0.215877,0.001450,0.004891,0.004370
N20002854,0.759005,0.020142,0.008345,0.012386,0.108084,0.004992,0.001309,0.050627,0.035109
N20002855,0.431650,0.254492,0.015355,0.121212,0.064789,0.059974,0.002311,0.029077,0.021140
N20002856,0.723715,0.028500,0.011660,0.020755,0.119202,0.008490,0.001882,0.049206,0.036590
N20002857,0.203616,0.386903,0.044546,0.201072,0.038276,0.095319,0.005533,0.013439,0.011298
N20002858,0.737443,0.039462,0.014838,0.020720,0.097405,0.009728,0.002310,0.045626,0.032469
N20002859,0.767773,0.016279,0.004591,0.013061,0.109763,0.005376,0.000716,0.046880,0.035561
N20002860,0.711287,0.025736,0.010578,0.018042,0.132677,0.007556,0.001736,0.053243,0.039144
N20002861,0.710168,0.017468,0.018043,0.013016,0.141099,0.005063,0.002700,0.052692,0.039751
N20002862,0.751178,0.019105,0.004505,0.013436,0.117825,0.006043,0.000771,0.050375,0.036761
N20002863,0.740907,0.021007,0.010221,0.016301,0.119035,0.006504,0.001483,0.047741,0.036801
N20002864,0.799225,0.016709,0.004712,0.013306,0.086323,0.005789,0.000658,0.041714,0.031564
N20002865,0.747574,0.024177,0.006307,0.017922,0.111158,0.007561,0.000931,0.048518,0.035851
N20002866,0.728318,0.024321,0.010725,0.020105,0.120836,0.007668,0.001533,0.049077,0.037416
N20002867,0.031865,0.492234,0.022696,0.215511,0.005633,0.226492,0.001943,0.001901,0.001725
N20002868,0.621216,0.071443,0.024583,0.050516,0.125569,0.022097,0.003493,0.045330,0.035753
N20002869,0.773140,0.023804,0.007268,0.016168,0.093924,0.006679,0.001046,0.045182,0.032789
N20002870,0.722764,0.029113,0.012012,0.021196,0.118992,0.008137,0.001808,0.049301,0.036678
N20002871,0.426673,0.192170,0.045125,0.119810,0.092320,0.060676,0.005856,0.031389,0.025981
N20002872,0.088018,0.459167,0.024367,0.240791,0.013987,0.161448,0.002414,0.005282,0.004526
N20002873,0.752937,0.017908,0.005514,0.012751,0.115733,0.005358,0.000949,0.052044,0.036806
N20002874,0.717600,0.022347,0.013384,0.016928,0.130539,0.006396,0.002106,0.052020,0.038680
N20002875,0.742127,0.025673,0.014698,0.015953,0.110378,0.006479,0.002281,0.047566,0.034846
N20002876,0.121573,0.445201,0.047134,0.186290,0.020822,0.161563,0.004288,0.006799,0.006330
N20002877,0.457599,0.170400,0.043567,0.109879,0.099616,0.052030,0.005861,0.033387,0.027662
N20002878,0.759477,0.018784,0.009651,0.011779,0.109241,0.004944,0.001463,0.049262,0.035400
N20002879,0.283515,0.285746,0.079909,0.150158,0.067234,0.084791,0.009662,0.021060,0.017927
N20002880,0.426655,0.199056,0.065893,0.097671,0.091404,0.053110,0.009154,0.031666,0.025392
N20002881,0.160524,0.396906,0.067677,0.204816,0.034139,0.107356,0.007621,0.011276,0.009684
N20002882,0.662213,0.044976,0.026304,0.034685,0.131650,0.013586,0.003709,0.045771,0.037105
N20002883,0.286409,0.272680,0.098156,0.148811,0.072739,0.066917,0.012903,0.022588,0.018797
N20002884,0.401404,0.216981,0.075280,0.119868,0.072547,0.058325,0.009027,0.025059,0.021510
N20002885,0.750518,0.018957,0.006302,0.012848,0.117305,0.005623,0.001065,0.050658,0.036723
N20002886,0.292355,0.306894,0.051327,0.147397,0.052558,0.109443,0.005631,0.018753,0.015643
N20002887,0.694239,0.021280,0.023535,0.017006,0.143408,0.005803,0.003480,0.051447,0.039803
N20002888,0.749268,0.028552,0.024782,0.026019,0.090534,0.008806,0.002807,0.037750,0.031481
N20002889,0.200509,0.376879,0.040674,0.182152,0.037292,0.133983,0.004281,0.012956,0.011274
N20002890,0.777650,0.031108,0.006769,0.022483,0.080798,0.011144,0.000852,0.038998,0.030198
N20002891,0.322327,0.297304,0.051102,0.141069,0.052973,0.093672,0.006094,0.019110,0.016348
N20002892,0.718699,0.044391,0.009558,0.024374,0.107487,0.014650,0.001440,0.045206,0.034194
N20002893,0.646330,0.083832,0.032994,0.055594,0.087382,0.025110,0.003980,0.035615,0.029163
N20002894,0.599466,0.057355,0.038892,0.036622,0.155829,0.016281,0.006307,0.049879,0.039369
N20002895,0.582081,0.104580,0.040724,0.041747,0.120452,0.024665,0.007611,0.045090,0.033049
N20002896,0.333588,0.126104,0.225090,0.063702,0.128119,0.030325,0.032575,0.032914,0.027583
N20002897,0.556814,0.153104,0.024012,0.061105,0.099098,0.032195,0.004678,0.040149,0.028845
N20002898,0.434525,0.163822,0.102888,0.075974,0.105531,0.038395,0.016799,0.034743,0.027324
N20002899,0.370092,0.323211,0.037682,0.104671,0.049459,0.072040,0.005344,0.021150,0.016351
N20002900,0.492008,0.062737,0.072947,0.041444,0.206820,0.015764,0.014569,0.051685,0.042026
N20002901,0.511772,0.169819,0.040430,0.055053,0.112544,0.029629,0.010048,0.041669,0.029034
N20002902,0.393862,0.239834,0.095087,0.081470,0.075495,0.053046,0.013375,0.026636,0.021195
N20002903,0.514047,0.105342,0.059909,0.055001,0.148029,0.026549,0.010395,0.045321,0.035408
N20002904,0.506312,0.220747,0.036328,0.066049,0.067246,0.046945,0.006292,0.028459,0.021623
N20002905,0.360581,0.267637,0.087880,0.099406,0.064734,0.066177,0.012453,0.022508,0.018622
N20002906,0.697077,0.035790,0.016864,0.016687,0.131695,0.007935,0.003109,0.053435,0.037408
N20002907,0.143729,0.537765,0.030740,0.126256,0.016745,0.128069,0.003457,0.007311,0.005928
N20002908,0.471437,0.203706,0.059834,0.081836,0.073396,0.050720,0.008038,0.028222,0.022811
N20002909,0.397945,0.216068,0.095420,0.092939,0.079332,0.054574,0.013392,0.027887,0.022443
N20002910,0.372815,0.139976,0.150318,0.077963,0.134154,0.035722,0.023571,0.035773,0.029710
N20002911,0.540163,0.132035,0.033290,0.073260,0.106716,0.042558,0.004490,0.036948,0.030541
N20002912,0.368895,0.220588,0.090505,0.104649,0.093153,0.058494,0.011808,0.028281,0.023628
N20002913,0.057970,0.532375,0.022648,0.177273,0.009170,0.192182,0.002078,0.003328,0.002976
N20002914,0.190129,0.407859,0.060894,0.137316,0.033160,0.143083,0.006334,0.011230,0.009996
N20002915,0.159392,0.430830,0.046647,0.173073,0.030574,0.135636,0.004835,0.010045,0.008967
N20002916,0.714598,0.035801,0.016640,0.022370,0.117007,0.010598,0.002397,0.045105,0.035484
N20002917,0.524216,0.156343,0.040919,0.085295,0.084030,0.047231,0.004836,0.030970,0.026159
N20002918,0.582986,0.108023,0.028860,0.070324,0.103652,0.032330,0.003853,0.038681,0.031290
N20002919,0.441461,0.204020,0.029539,0.129255,0.078006,0.059493,0.003817,0.030283,0.024127
N20002920,0.172176,0.401908,0.034455,0.214240,0.025562,0.130474,0.003505,0.009297,0.008382
N20002921,0.129697,0.399643,0.079551,0.237215,0.030563,0.096828,0.009023,0.009307,0.008174
N20002922,0.284692,0.301328,0.069610,0.174381,0.057088,0.067658,0.008496,0.020262,0.016485
N20002923,0.356959,0.254469,0.065005,0.131274,0.077260,0.058966,0.009102,0.026039,0.020926
N20002924,0.225991,0.365937,0.062138,0.185370,0.044180,0.079438,0.008386,0.015791,0.012768
N20002925,0.490173,0.218135,0.013006,0.108045,0.056773,0.067442,0.001615,0.024525,0.020287
N20002926,0.080425,0.507031,0.025041,0.205077,0.013005,0.157935,0.002407,0.004870,0.004210
N20002927,0.721039,0.042542,0.012197,0.032091,0.103335,0.013408,0.001667,0.040623,0.033099
N20002928,0.209292,0.345974,0.070602,0.193992,0.043324,0.102426,0.007719,0.014212,0.012460
N20002929,0.771943,0.013559,0.006303,0.010767,0.112030,0.004403,0.000905,0.044816,0.035273
N20002930,0.704602,0.054806,0.015966,0.039546,0.093872,0.018264,0.001966,0.039340,0.031638
N20002931,0.096880,0.464711,0.026604,0.245695,0.019048,0.131718,0.003012,0.006666,0.005667
N20002932,0.086217,0.468273,0.088896,0.197456,0.023630,0.111455,0.010958,0.007103,0.006013
N20002933,0.676124,0.047247,0.018276,0.034196,0.123215,0.013366,0.002605,0.048316,0.036656
N20002934,0.044792,0.539405,0.045546,0.218567,0.009032,0.132045,0.004810,0.003135,0.002669
N20002935,0.023887,0.567108,0.023668,0.246087,0.004218,0.129877,0.002235,0.001584,0.001335
N20002936,0.754157,0.014375,0.005214,0.010490,0.120798,0.004344,0.000859,0.052149,0.037613
N20002937,0.155977,0.411926,0.083883,0.186406,0.038145,0.089259,0.011646,0.012612,0.010147
N20002938,0.031323,0.599061,0.026980,0.229241,0.005821,0.100364,0.003183,0.002240,0.001788
N20002939,0.034179,0.534878,0.044696,0.262914,0.006104,0.108775,0.004505,0.002076,0.001874
N20002940,0.167771,0.526540,0.050954,0.119031,0.030786,0.071814,0.011928,0.012454,0.008722
N20002941,0.420854,0.230321,0.059996,0.108912,0.071471,0.051385,0.009196,0.026616,0.021249
N20002942,0.241642,0.316498,0.058067,0.203458,0.042329,0.104453,0.005858,0.014767,0.012928
N20002943,0.464960,0.173454,0.072495,0.073519,0.103269,0.037366,0.012826,0.034974,0.027137
N20002944,0.064352,0.495430,0.040327,0.231779,0.013414,0.142244,0.004026,0.004511,0.003917
N20002945,0.610188,0.033994,0.053010,0.014749,0.171419,0.005763,0.010192,0.059521,0.041165
N20002946,0.573627,0.139098,0.059397,0.045929,0.084497,0.024663,0.011146,0.035750,0.025893
N20002947,0.294835,0.333015,0.117217,0.082615,0.058538,0.052833,0.024163,0.021139,0.015645
N20002948,0.740000,0.020689,0.010864,0.015862,0.119873,0.006013,0.001620,0.048273,0.036806
N20002949,0.565473,0.123122,0.047731,0.059407,0.100346,0.028330,0.007640,0.038530,0.029422
N20002950,0.441645,0.289900,0.033309,0.064390,0.069603,0.040679,0.009917,0.030359,0.020197
N20002951,0.263744,0.287358,0.093127,0.184016,0.043442,0.091106,0.008649,0.015040,0.013517
N20002952,0.056636,0.521012,0.044547,0.220305,0.010396,0.136020,0.004198,0.003716,0.003169
N20002953,0.511182,0.115554,0.055475,0.065966,0.136374,0.027216,0.009384,0.044441,0.034408
N20002954,0.584240,0.116907,0.036034,0.063846,0.097143,0.027984,0.005539,0.038824,0.029483
N20002955,0.593785,0.052187,0.044272,0.032863,0.164557,0.011504,0.007944,0.052744,0.040144
N20002956,0.725257,0.021895,0.011524,0.012182,0.129546,0.005031,0.002103,0.054628,0.037834
N20002957,0.624280,0.077414,0.056097,0.033723,0.109648,0.015012,0.010336,0.042072,0.031417
N20002958,0.619446,0.092122,0.063321,0.047550,0.085940,0.019942,0.008257,0.035634,0.027788
N20002959,0.629064,0.082343,0.023332,0.050984,0.108621,0.026441,0.003033,0.042996,0.033186
N20002960,0.088249,0.535818,0.052447,0.183419,0.015766,0.107301,0.006153,0.006017,0.004830
N20002961,0.585648,0.074146,0.063525,0.037332,0.132904,0.015399,0.012194,0.044556,0.034296
N20002962,0.558594,0.141787,0.056064,0.054581,0.088400,0.027769,0.009283,0.036543,0.026976
N20002963,0.547064,0.082215,0.080034,0.049106,0.133387,0.018352,0.012163,0.043310,0.034370
N20002964,0.490577,0.184124,0.047599,0.090298,0.084072,0.039559,0.007503,0.031599,0.024669
N20002965,0.554868,0.111793,0.048667,0.059920,0.118251,0.024179,0.008587,0.041728,0.032007
N20002966,0.741885,0.036854,0.010056,0.026256,0.097334,0.010959,0.001363,0.042492,0.032801
N20002967,0.071023,0.469813,0.045938,0.269182,0.014694,0.115213,0.005001,0.004865,0.004270
N20002968,0.048857,0.510982,0.041387,0.238012,0.011584,0.137880,0.004419,0.003705,0.003175
N20002969,0.080243,0.470135,0.080786,0.213465,0.018206,0.116952,0.009412,0.005803,0.004998
N20002970,0.729328,0.021773,0.010554,0.015407,0.127647,0.005823,0.001693,0.050085,0.037690
N20002971,0.492968,0.157628,0.032416,0.101990,0.101361,0.045386,0.004487,0.035158,0.028606
N20002972,0.740399,0.021642,0.008685,0.012754,0.121713,0.005635,0.001549,0.051101,0.036522
N20002973,0.645104,0.071593,0.023087,0.054617,0.107167,0.021215,0.002979,0.041132,0.033105
N20002974,0.520919,0.156925,0.035892,0.117064,0.067291,0.047120,0.003960,0.027686,0.023143
N20002975,0.755313,0.011705,0.008728,0.010057,0.126122,0.003652,0.001299,0.046080,0.037045
N20002976,0.777295,0.013450,0.005805,0.010376,0.106408,0.004076,0.000833,0.046800,0.034957
N20002977,0.733807,0.013975,0.011140,0.012168,0.134831,0.004180,0.001660,0.049425,0.038814
N20002978,0.703062,0.010938,0.011876,0.008597,0.162585,0.002968,0.001919,0.055713,0.042342
N20002979,0.042141,0.523533,0.028674,0.200308,0.007192,0.191092,0.002306,0.002507,0.002247
N20002980,0.740991,0.018427,0.016503,0.015025,0.119050,0.005364,0.002276,0.045903,0.036461
N20002981,0.036711,0.512798,0.026964,0.270554,0.007095,0.138691,0.002779,0.002303,0.002106
N20002982,0.694285,0.035534,0.023615,0.025338,0.123534,0.010177,0.003267,0.047179,0.037071
N20002983,0.663402,0.074648,0.025665,0.046784,0.096705,0.018192,0.003492,0.040071,0.031040
N20002984,0.629353,0.098573,0.027899,0.063196,0.086310,0.026644,0.003426,0.035751,0.028847
N20002985,0.024714,0.519877,0.019928,0.267872,0.004399,0.158693,0.001721,0.001439,0.001356
N20002986,0.523187,0.119585,0.069791,0.086609,0.095898,0.035699,0.007442,0.033334,0.028454
N20002987,0.258293,0.318278,0.037471,0.203094,0.054851,0.087520,0.004832,0.019747,0.015914
N20002988,0.551686,0.127304,0.023863,0.077747,0.105567,0.039455,0.003332,0.040052,0.030992
N20002989,0.685066,0.025565,0.016330,0.019542,0.150685,0.007329,0.002504,0.052055,0.040924
N20002990,0.763114,0.044921,0.004629,0.032026,0.074119,0.014075,0.000652,0.037869,0.028595
N20002991,0.746576,0.019078,0.006775,0.012724,0.120112,0.005355,0.001141,0.051372,0.036868
N20002992,0.470320,0.172891,0.030036,0.127201,0.088307,0.050971,0.003967,0.030659,0.025648
N20002993,0.729782,0.026082,0.011897,0.020107,0.117379,0.007974,0.001702,0.048428,0.036648
N20002994,0.064039,0.530713,0.049214,0.211534,0.011058,0.120986,0.005108,0.003929,0.003419
N20002995,0.712130,0.025084,0.013371,0.014713,0.134266,0.006189,0.002507,0.053624,0.038116
N20002996,0.385332,0.233173,0.032618,0.137316,0.089953,0.062245,0.004736,0.030383,0.024243
N20002997,0.716302,0.021976,0.015046,0.015411,0.130860,0.006002,0.002419,0.053338,0.038645
N20002998,0.743180,0.030961,0.006595,0.022430,0.102938,0.009513,0.000978,0.048567,0.034838
N20002999,0.738711,0.021263,0.005783,0.011286,0.125422,0.005326,0.001220,0.053980,0.037010
N20003000,0.714965,0.011082,0.010299,0.009092,0.152436,0.003236,0.001641,0.055462,0.041788
N20003001,0.754368,0.016980,0.006488,0.008441,0.116371,0.003959,0.001313,0.055763,0.036317
N20003002,0.612958,0.026368,0.024231,0.011335,0.198796,0.004752,0.006749,0.069914,0.044897
N20003003,0.732903,0.029280,0.012836,0.015000,0.116937,0.006594,0.002487,0.048983,0.034979
N20003004,0.154784,0.421370,0.041193,0.230266,0.025398,0.105398,0.004542,0.009114,0.007935
N20003005,0.729628,0.036248,0.013820,0.017951,0.109634,0.008018,0.002585,0.048250,0.033865
N20003006,0.722720,0.046549,0.012588,0.021728,0.103826,0.010738,0.002594,0.046670,0.032587
N20003007,0.634149,0.034049,0.028834,0.022695,0.166089,0.008394,0.005089,0.058303,0.042397
N20003008,0.680735,0.050765,0.032509,0.024501,0.115298,0.010327,0.006027,0.046065,0.033772
N20003009,0.671163,0.043838,0.025305,0.029304,0.129394,0.011017,0.004071,0.048822,0.037087
N20003010,0.745494,0.027262,0.008222,0.012687,0.111555,0.006302,0.001640,0.052108,0.034730
N20003011,0.718121,0.025600,0.009153,0.014217,0.131184,0.006142,0.001769,0.055810,0.038004
N20003012,0.740538,0.018373,0.005255,0.011314,0.127848,0.005009,0.001041,0.052998,0.037623
N20003013,0.726415,0.038927,0.010753,0.021940,0.107372,0.009798,0.001866,0.048744,0.034185
N20003014,0.683285,0.026821,0.027288,0.016703,0.144154,0.006108,0.004895,0.052039,0.038707
N20003015,0.732872,0.012575,0.003724,0.009739,0.138907,0.003827,0.000663,0.057353,0.040340
N20003016,0.729481,0.013084,0.006531,0.010516,0.142310,0.004015,0.001132,0.052886,0.040046
N20003017,0.755635,0.015781,0.005414,0.011763,0.116484,0.004852,0.000898,0.051933,0.037241
N20003018,0.637731,0.086726,0.018807,0.039719,0.112812,0.020459,0.003391,0.046996,0.033359
N20003019,0.455672,0.208569,0.030907,0.125135,0.074205,0.048823,0.004370,0.029215,0.023104
N20003020,0.653827,0.100503,0.021182,0.030633,0.097737,0.018244,0.006032,0.042831,0.029012
N20003021,0.694620,0.059333,0.010535,0.036411,0.102869,0.017618,0.001592,0.043953,0.033070
N20003022,0.663522,0.084603,0.022260,0.033347,0.099968,0.017629,0.004955,0.043262,0.030453
N20003023,0.683750,0.038193,0.014861,0.017502,0.141243,0.007832,0.003399,0.055320,0.037900
N20003024,0.306160,0.225548,0.113662,0.134341,0.097898,0.057682,0.015541,0.026375,0.022793
N20003025,0.622067,0.038322,0.035543,0.021796,0.167001,0.008661,0.006991,0.058146,0.041473
N20003026,0.676204,0.052232,0.024896,0.017355,0.127204,0.008945,0.006128,0.052241,0.034795
N20003027,0.156720,0.522321,0.036592,0.142541,0.021591,0.098446,0.006437,0.008534,0.006819
N20003028,0.658893,0.087778,0.024666,0.028214,0.102925,0.016100,0.005756,0.045262,0.030406
N20003029,0.655284,0.086493,0.027232,0.028747,0.103823,0.014715,0.006520,0.046506,0.030679
N20003030,0.662130,0.056065,0.020594,0.022203,0.132252,0.010983,0.004614,0.054726,0.036434
N20003031,0.565328,0.099778,0.045245,0.046125,0.131465,0.020942,0.008979,0.047752,0.034385
N20003032,0.651008,0.108323,0.022421,0.027713,0.094409,0.018098,0.006712,0.043058,0.028257
N20003033,0.732746,0.047411,0.008920,0.014970,0.101820,0.008452,0.002326,0.051374,0.031981
N20003034,0.523487,0.161396,0.054644,0.054635,0.098029,0.028591,0.012791,0.039209,0.027218
N20003035,0.736422,0.050266,0.007250,0.017392,0.097223,0.010024,0.001826,0.048590,0.031006
N20003036,0.288963,0.314830,0.039487,0.191334,0.050343,0.075639,0.004791,0.019060,0.015553
N20003037,0.582238,0.179891,0.025857,0.033436,0.080849,0.024952,0.008927,0.039723,0.024128
N20003038,0.440956,0.277538,0.049968,0.053298,0.073823,0.034836,0.015801,0.032947,0.020833
N20003039,0.286782,0.387943,0.052836,0.104711,0.054228,0.064323,0.013502,0.020916,0.014759
N20003040,0.170671,0.485207,0.040977,0.158834,0.025999,0.092609,0.007212,0.010506,0.007985
N20003041,0.701029,0.073804,0.010314,0.017697,0.099525,0.011713,0.003142,0.052225,0.030551
N20003042,0.664882,0.070299,0.019473,0.020865,0.121716,0.011936,0.005300,0.052009,0.033519
N20003043,0.280838,0.402340,0.039081,0.129647,0.039456,0.071335,0.007343,0.017399,0.012560
N20003044,0.280893,0.386385,0.046823,0.106554,0.062789,0.065120,0.012019,0.023273,0.016144
N20003045,0.215697,0.477363,0.028604,0.133344,0.033770,0.080646,0.006594,0.013931,0.010051
N20003046,0.298766,0.399448,0.031096,0.120183,0.045042,0.065167,0.007435,0.019260,0.013603
N20003047,0.346396,0.347610,0.043483,0.097882,0.056795,0.057119,0.010545,0.023610,0.016560
N20003048,0.022364,0.604486,0.029924,0.216037,0.004336,0.116471,0.003617,0.001490,0.001276
N20003049,0.151077,0.492640,0.048463,0.160887,0.022048,0.100831,0.008265,0.008864,0.006924
N20003050,0.348603,0.259882,0.061012,0.121593,0.088300,0.059691,0.011185,0.027632,0.022102
N20003051,0.176848,0.518239,0.032088,0.129520,0.022244,0.097539,0.006487,0.009777,0.007259
N20003052,0.029960,0.549940,0.022715,0.262417,0.006688,0.121382,0.002685,0.002303,0.001909
N20003053,0.012493,0.569036,0.019414,0.253489,0.001918,0.140708,0.001611,0.000698,0.000633
N20003054,0.160068,0.450024,0.077036,0.161352,0.029245,0.093022,0.010226,0.010472,0.008556
N20003055,0.087220,0.456635,0.092689,0.214491,0.021505,0.104966,0.010347,0.006459,0.005689
N20003056,0.176409,0.383554,0.085684,0.182380,0.043700,0.093169,0.010532,0.013137,0.011436
N20003057,0.250896,0.329573,0.072211,0.151554,0.042279,0.117427,0.007851,0.015198,0.013010
N20003058,0.601536,0.088135,0.030611,0.039912,0.131139,0.019596,0.006552,0.048041,0.034478
N20003059,0.553313,0.120282,0.043167,0.043526,0.125856,0.024569,0.009909,0.046843,0.032535
N20003060,0.589681,0.091632,0.018432,0.045274,0.141041,0.019296,0.004001,0.053840,0.036804
N20003061,0.668082,0.042497,0.017997,0.022885,0.141668,0.010509,0.003750,0.054188,0.038424
N20003062,0.577522,0.112149,0.032655,0.060471,0.108118,0.034230,0.004742,0.039045,0.031069
N20003063,0.752427,0.016923,0.003981,0.011654,0.118480,0.004943,0.000686,0.053488,0.037419
N20003064,0.685617,0.034456,0.013259,0.022413,0.139545,0.009470,0.002459,0.053598,0.039183
N20003065,0.515191,0.143712,0.024419,0.101944,0.104365,0.039720,0.003695,0.037167,0.029787
N20003066,0.268951,0.297433,0.096373,0.157927,0.065052,0.062010,0.013756,0.021273,0.017224
N20003067,0.665673,0.057855,0.016312,0.034100,0.123442,0.014996,0.002836,0.048938,0.035848
N20003068,0.736258,0.034603,0.010550,0.021403,0.105427,0.009247,0.001628,0.046810,0.034073
N20003069,0.295990,0.315005,0.045937,0.169334,0.052113,0.080283,0.005890,0.019507,0.015940
N20003070,0.238948,0.322856,0.052018,0.200532,0.045108,0.105189,0.005991,0.015926,0.013433
N20003071,0.387218,0.212994,0.048124,0.140245,0.086452,0.065361,0.006356,0.029239,0.024012
N20003072,0.217603,0.422499,0.050686,0.154488,0.039394,0.080988,0.007888,0.014904,0.011550
N20003073,0.649816,0.059128,0.022173,0.037537,0.127256,0.019950,0.003044,0.044803,0.036294
N20003074,0.306459,0.285053,0.052752,0.161360,0.053258,0.100211,0.005978,0.018644,0.016285
N20003075,0.687890,0.075159,0.015293,0.048334,0.082702,0.022883,0.001988,0.036784,0.028966
N20003076,0.673946,0.054923,0.028445,0.032877,0.113499,0.013588,0.004811,0.044330,0.033582
N20003077,0.394974,0.214583,0.055151,0.123022,0.084283,0.067093,0.007330,0.029640,0.023923
N20003078,0.608132,0.056122,0.045663,0.039546,0.142217,0.015020,0.006853,0.048601,0.037845
N20003079,0.580804,0.128659,0.014931,0.084451,0.085166,0.039548,0.002083,0.036194,0.028164
N20003080,0.196575,0.380689,0.023778,0.203655,0.024942,0.149465,0.002279,0.009852,0.008764
N20003081,0.320863,0.314929,0.031356,0.134352,0.050736,0.109080,0.003836,0.018953,0.015894
N20003082,0.623700,0.104484,0.013920,0.051360,0.098296,0.035335,0.002146,0.040169,0.030590
N20003083,0.354783,0.296900,0.020075,0.145256,0.054706,0.085190,0.002909,0.022609,0.017573
N20003084,0.096932,0.453135,0.034094,0.225956,0.018668,0.155918,0.003479,0.006270,0.005549
N20003085,0.351716,0.268963,0.043207,0.143626,0.056578,0.093064,0.004384,0.020608,0.017854
N20003086,0.424009,0.248782,0.022324,0.115235,0.052083,0.095294,0.002579,0.021591,0.018103
N20003087,0.409748,0.232175,0.035823,0.136168,0.071252,0.060705,0.005029,0.027308,0.021791
N20003088,0.352359,0.317254,0.021723,0.148963,0.048390,0.070819,0.003311,0.021081,0.016101
N20003089,0.461287,0.206799,0.033543,0.125372,0.064683,0.056171,0.004203,0.026514,0.021429
N20003090,0.261976,0.403113,0.021111,0.157856,0.032026,0.095541,0.003281,0.014077,0.011017
N20003091,0.345661,0.283415,0.038706,0.154470,0.061881,0.068644,0.005144,0.023418,0.018662
N20003092,0.271377,0.347597,0.022904,0.172556,0.032016,0.125988,0.002431,0.013565,0.011566
N20003093,0.235637,0.353300,0.041066,0.208007,0.031060,0.103865,0.004172,0.012229,0.010664
N20003094,0.032638,0.508696,0.027750,0.301582,0.004664,0.119012,0.002480,0.001622,0.001555
N20003095,0.068290,0.471904,0.032216,0.280470,0.012618,0.122790,0.003467,0.004369,0.003876
N20003096,0.725207,0.028971,0.008061,0.022405,0.120263,0.008948,0.001234,0.048226,0.036685
N20003097,0.040473,0.585737,0.020389,0.224524,0.005687,0.116545,0.002542,0.002231,0.001872
N20003098,0.252401,0.350307,0.104288,0.130646,0.053961,0.057745,0.017072,0.018966,0.014615
N20003099,0.037442,0.528648,0.056030,0.249530,0.007073,0.110767,0.006080,0.002333,0.002097
N20003100,0.289734,0.336882,0.060226,0.120280,0.058576,0.089031,0.008408,0.020442,0.016421
N20003101,0.467331,0.182402,0.018603,0.112404,0.084580,0.075220,0.002454,0.031506,0.025500
N20003102,0.157595,0.382293,0.046952,0.214782,0.032525,0.140002,0.005609,0.010800,0.009441
N20003103,0.485418,0.186156,0.018765,0.097476,0.059086,0.104869,0.001958,0.025255,0.021017
N20003104,0.375755,0.309758,0.032032,0.093353,0.059482,0.079427,0.005635,0.026028,0.018529
N20003105,0.205806,0.353095,0.028173,0.184722,0.030587,0.173052,0.002928,0.011558,0.010080
N20003106,0.685046,0.014935,0.008210,0.010023,0.173688,0.004301,0.001571,0.059054,0.043173
N20003107,0.701669,0.047871,0.010753,0.032953,0.110587,0.014724,0.001616,0.045150,0.034676
N20003108,0.441011,0.180691,0.046845,0.121187,0.093810,0.050646,0.007048,0.032660,0.026101
N20003109,0.533683,0.113528,0.042367,0.051588,0.142896,0.018670,0.008554,0.052481,0.036232
N20003110,0.618370,0.070695,0.019792,0.044274,0.136982,0.018388,0.003727,0.050553,0.037219
N20003111,0.678615,0.023879,0.014636,0.015306,0.157391,0.005933,0.002570,0.059686,0.041983
N20003112,0.628917,0.023616,0.016678,0.013366,0.194512,0.005610,0.003700,0.067687,0.045915
N20003113,0.653401,0.062270,0.022697,0.034504,0.123174,0.013991,0.003839,0.050290,0.035834
N20003114,0.706232,0.023495,0.009986,0.013880,0.139424,0.006928,0.001712,0.058429,0.039913
N20003115,0.710125,0.022502,0.011688,0.014886,0.138970,0.006118,0.002135,0.054314,0.039262
N20003116,0.717537,0.023035,0.007614,0.015881,0.133446,0.006023,0.001329,0.055979,0.039156
N20003117,0.745172,0.024414,0.005825,0.013552,0.112392,0.005862,0.001036,0.055538,0.036209
N20003118,0.744806,0.025345,0.008020,0.011575,0.112955,0.005689,0.001513,0.054543,0.035553
N20003119,0.684949,0.051401,0.011745,0.022160,0.127609,0.011427,0.002545,0.052250,0.035915
N20003120,0.702043,0.020622,0.016073,0.010923,0.144084,0.004350,0.003169,0.059040,0.039697
N20003121,0.736512,0.023714,0.007990,0.017748,0.118907,0.007240,0.001304,0.049618,0.036967
N20003122,0.710541,0.012317,0.005071,0.007817,0.154362,0.003284,0.001021,0.063353,0.042234
N20003123,0.724323,0.019851,0.009084,0.013140,0.132910,0.005696,0.001577,0.054592,0.038828
N20003124,0.763794,0.014086,0.003944,0.009233,0.114599,0.004109,0.000688,0.052996,0.036551
N20003125,0.174745,0.337491,0.021315,0.114299,0.016131,0.320373,0.001886,0.007336,0.006424
N20003126,0.735842,0.018173,0.005162,0.011341,0.129092,0.005284,0.000945,0.055624,0.038538
N20003127,0.739446,0.023418,0.005681,0.015415,0.119415,0.006682,0.001021,0.051978,0.036945
N20003128,0.713681,0.042028,0.007496,0.027460,0.114115,0.012085,0.001335,0.046767,0.035032
N20003129,0.749833,0.014792,0.004312,0.010354,0.122368,0.004486,0.000751,0.054882,0.038221
N20003130,0.721849,0.014975,0.005830,0.010199,0.142762,0.004361,0.001164,0.058175,0.040685
N20003131,0.753616,0.020876,0.003943,0.013337,0.113130,0.007160,0.000690,0.051050,0.036197
N20003132,0.764998,0.018878,0.003274,0.008961,0.106491,0.004370,0.000688,0.056925,0.035416
N20003133,0.765565,0.015251,0.003278,0.010557,0.110766,0.004671,0.000561,0.052877,0.036475
N20003134,0.706141,0.016772,0.007774,0.010044,0.153583,0.004478,0.001629,0.058582,0.040996
N20003135,0.680579,0.014312,0.007310,0.009246,0.174268,0.003787,0.001683,0.064617,0.044196
N20003136,0.729404,0.018793,0.009101,0.011875,0.131037,0.005012,0.001728,0.054376,0.038674
N20003137,0.745446,0.016389,0.004227,0.010612,0.123810,0.004661,0.000784,0.056003,0.038068
N20003138,0.713001,0.015537,0.004725,0.009506,0.148350,0.004267,0.001004,0.062230,0.041380
N20003139,0.739053,0.014164,0.005115,0.009280,0.130738,0.003831,0.000925,0.057757,0.039138
N20003140,0.763121,0.012817,0.002816,0.008728,0.117412,0.003925,0.000524,0.053646,0.037011
N20003141,0.781886,0.017556,0.004098,0.011240,0.096604,0.005211,0.000707,0.048917,0.033783
N20003142,0.739170,0.014433,0.003995,0.009341,0.131055,0.004027,0.000759,0.057974,0.039247
N20003143,0.746596,0.011152,0.002524,0.006408,0.128746,0.002861,0.000516,0.062076,0.039121
N20003144,0.768739,0.018422,0.003182,0.011767,0.104786,0.005579,0.000558,0.051753,0.035214
N20003145,0.763679,0.014804,0.002975,0.008483,0.114694,0.004014,0.000584,0.054561,0.036207
N20003146,0.731214,0.014343,0.003178,0.007408,0.137330,0.003593,0.000696,0.062753,0.039485
N20003147,0.751738,0.023527,0.003167,0.012825,0.112090,0.006417,0.000645,0.053925,0.035668
N20003148,0.770114,0.015089,0.002840,0.010445,0.107742,0.004693,0.000478,0.052722,0.035877
N20003149,0.717645,0.015118,0.004979,0.009507,0.144063,0.004177,0.001031,0.062159,0.041320
N20003150,0.763600,0.016121,0.002799,0.008417,0.109727,0.004061,0.000536,0.058562,0.036178
N20003151,0.789857,0.015929,0.002995,0.011062,0.094448,0.005284,0.000474,0.046631,0.033320
N20003152,0.799403,0.016019,0.001731,0.010183,0.087636,0.005073,0.000307,0.047435,0.032213
N20003153,0.760246,0.016722,0.002633,0.010513,0.111786,0.005109,0.000498,0.055758,0.036734
N20003154,0.401771,0.225167,0.073435,0.116176,0.073822,0.050879,0.010201,0.026939,0.021609
N20003155,0.620406,0.037022,0.028007,0.021268,0.177701,0.008453,0.005997,0.058881,0.042265
N20003156,0.536192,0.020636,0.064712,0.015037,0.237167,0.004952,0.012921,0.061090,0.047294
N20003157,0.684248,0.025888,0.012580,0.013591,0.153815,0.006234,0.002686,0.060177,0.040781
N20003158,0.598541,0.064187,0.041838,0.032037,0.150987,0.013564,0.009400,0.051868,0.037579
N20003159,0.757474,0.030004,0.007673,0.012789,0.101871,0.007389,0.001525,0.048464,0.032809
N20003160,0.675879,0.024998,0.016467,0.014836,0.158563,0.005883,0.003367,0.058508,0.041498
N20003161,0.643386,0.052440,0.030518,0.029763,0.137602,0.011934,0.005608,0.051247,0.037502
N20003162,0.710221,0.024098,0.018720,0.012492,0.132370,0.005247,0.003377,0.055424,0.038051
N20003163,0.536742,0.034562,0.064523,0.024469,0.211276,0.008169,0.013073,0.061726,0.045459
N20003164,0.732959,0.026895,0.012081,0.014384,0.118795,0.006161,0.002245,0.050889,0.035590
N20003165,0.516691,0.012722,0.034946,0.008364,0.288518,0.003009,0.008544,0.074368,0.052838
N20003166,0.763500,0.017235,0.007171,0.009390,0.108884,0.004087,0.001200,0.053120,0.035413
N20003167,0.753097,0.015329,0.008709,0.008829,0.118524,0.003771,0.001522,0.053458,0.036761
N20003168,0.647887,0.040484,0.028745,0.023787,0.149707,0.009891,0.005750,0.054413,0.039336
N20003169,0.649088,0.025133,0.019165,0.016670,0.173705,0.006783,0.003805,0.061826,0.043826
N20003170,0.657348,0.022284,0.025091,0.009213,0.169670,0.003927,0.005754,0.064725,0.041988
N20003171,0.664245,0.036712,0.022198,0.014373,0.151399,0.007095,0.005209,0.059589,0.039180
N20003172,0.652419,0.049648,0.027835,0.018281,0.143992,0.009530,0.006744,0.054732,0.036820
N20003173,0.716668,0.016514,0.006311,0.008090,0.142521,0.003597,0.001328,0.064663,0.040309
N20003174,0.632623,0.035731,0.024927,0.012808,0.175114,0.006510,0.006624,0.064369,0.041296
N20003175,0.671486,0.024102,0.013270,0.012425,0.164137,0.005144,0.002903,0.064350,0.042183
N20003176,0.696738,0.031005,0.014209,0.013934,0.139403,0.006699,0.003305,0.056547,0.038160
N20003177,0.726482,0.032071,0.011364,0.015069,0.116293,0.007134,0.002217,0.053751,0.035618
N20003178,0.607742,0.057367,0.030058,0.018956,0.165399,0.009959,0.008556,0.062611,0.039351
N20003179,0.587748,0.086046,0.037350,0.024778,0.147184,0.016167,0.010612,0.054527,0.035589
N20003180,0.672826,0.033338,0.016133,0.018324,0.150578,0.008211,0.003222,0.057394,0.039974
N20003181,0.668530,0.024683,0.025352,0.012593,0.160134,0.005124,0.005203,0.057803,0.040577
N20003182,0.735947,0.029983,0.011904,0.014510,0.110487,0.007066,0.002091,0.052929,0.035083
N20003183,0.674098,0.012644,0.010149,0.006289,0.179030,0.002635,0.002387,0.068708,0.044060
N20003184,0.706900,0.016861,0.010436,0.010510,0.149313,0.004268,0.001982,0.058980,0.040750
N20003185,0.681073,0.031728,0.016020,0.013328,0.148398,0.006479,0.003650,0.059988,0.039336
N20003186,0.728240,0.021920,0.009241,0.009546,0.127819,0.004690,0.001999,0.059112,0.037432
N20003187,0.682812,0.033600,0.012664,0.013510,0.146975,0.006657,0.003103,0.061622,0.039056
N20003188,0.710186,0.021026,0.009817,0.012875,0.141714,0.005259,0.001953,0.057454,0.039715
N20003189,0.697982,0.027833,0.014312,0.015989,0.139831,0.006476,0.002745,0.055905,0.038927
N20003190,0.581995,0.089584,0.036793,0.025153,0.151792,0.014035,0.012876,0.052725,0.035047
N20003191,0.680389,0.023283,0.013657,0.014266,0.157182,0.006065,0.002869,0.060247,0.042043
N20003192,0.688687,0.015644,0.011650,0.008613,0.166753,0.003550,0.002385,0.060585,0.042133
N20003193,0.657122,0.036318,0.015601,0.017936,0.160395,0.008287,0.003574,0.059886,0.040882
N20003194,0.684671,0.015716,0.008963,0.010702,0.169398,0.004095,0.001847,0.061299,0.043309
N20003195,0.722007,0.024028,0.012590,0.011201,0.129277,0.005033,0.002615,0.055972,0.037277
N20003196,0.664714,0.043424,0.017365,0.020646,0.145523,0.009496,0.004288,0.056040,0.038504
N20003197,0.704146,0.024056,0.012448,0.013423,0.140780,0.005738,0.002498,0.057498,0.039413
N20003198,0.655935,0.026854,0.022000,0.018218,0.165559,0.006913,0.004262,0.057975,0.042284
N20003199,0.688237,0.027745,0.013675,0.013137,0.147998,0.006106,0.002820,0.060387,0.039894
N20003200,0.720799,0.019503,0.007683,0.013363,0.136400,0.005504,0.001456,0.055773,0.039519
N20003201,0.747154,0.015658,0.004963,0.008776,0.123943,0.004014,0.000977,0.056817,0.037697
N20003202,0.735685,0.017949,0.004930,0.011686,0.127837,0.005361,0.000915,0.056792,0.038845
N20003203,0.707071,0.012290,0.007566,0.008287,0.158479,0.003293,0.001454,0.059531,0.042029
N20003204,0.742840,0.018296,0.004983,0.012818,0.122360,0.005417,0.000896,0.054292,0.038097
N20003205,0.735646,0.016119,0.006072,0.010763,0.130216,0.004693,0.001082,0.056365,0.039044
N20003206,0.713389,0.009459,0.004174,0.005491,0.155148,0.002363,0.000824,0.066362,0.042790
N20003207,0.655561,0.028131,0.018487,0.018669,0.168074,0.008343,0.003437,0.056775,0.042521
N20003208,0.239840,0.282356,0.078662,0.148779,0.061335,0.147516,0.008553,0.017112,0.015846
N20003209,0.335425,0.235726,0.092972,0.109527,0.074812,0.096791,0.010661,0.023721,0.020365
N20003210,0.596321,0.085920,0.032043,0.056610,0.119719,0.027253,0.004720,0.043225,0.034189
N20003211,0.668320,0.026027,0.020108,0.019469,0.159735,0.007697,0.003297,0.053703,0.041644
N20003212,0.620992,0.071280,0.021793,0.047931,0.130095,0.021653,0.003431,0.046536,0.036288
N20003213,0.503677,0.171098,0.021818,0.097929,0.074604,0.075899,0.002633,0.028295,0.024046
N20003214,0.585397,0.090618,0.037223,0.051777,0.124038,0.026684,0.005769,0.044048,0.034445
N20003215,0.549417,0.112202,0.043067,0.070210,0.113745,0.031592,0.006327,0.041219,0.032221
N20003216,0.685559,0.050182,0.018352,0.038214,0.111032,0.016603,0.002537,0.043037,0.034483
N20003217,0.714596,0.018349,0.010097,0.011986,0.141880,0.004643,0.001841,0.056635,0.039973
N20003218,0.654347,0.011898,0.016462,0.008636,0.193840,0.003105,0.002967,0.062360,0.046382
N20003219,0.704749,0.036630,0.015386,0.026274,0.119605,0.012062,0.002213,0.046778,0.036304
N20003220,0.749401,0.014981,0.004365,0.009799,0.124575,0.004458,0.000768,0.053922,0.037731
N20003221,0.694864,0.020493,0.013431,0.012536,0.152584,0.005053,0.002531,0.057576,0.040932
N20003222,0.709477,0.029922,0.019295,0.021846,0.122894,0.009748,0.002763,0.047108,0.036948
N20003223,0.661962,0.014162,0.011397,0.009502,0.186748,0.003679,0.002214,0.064540,0.045797
N20003224,0.747554,0.015178,0.006200,0.010651,0.124084,0.004249,0.001024,0.053211,0.037850
N20003225,0.763716,0.019890,0.008735,0.017073,0.105029,0.006489,0.001202,0.043423,0.034444
N20003226,0.712522,0.014490,0.011187,0.010512,0.150159,0.004204,0.001963,0.054153,0.040811
N20003227,0.719687,0.015485,0.007665,0.011422,0.142583,0.004582,0.001360,0.056635,0.040580
N20003228,0.565124,0.014281,0.028334,0.009387,0.252864,0.003530,0.006458,0.069594,0.050428
N20003229,0.653006,0.029678,0.025875,0.021139,0.159503,0.008372,0.004322,0.056069,0.042035
N20003230,0.728023,0.020375,0.011965,0.014974,0.127409,0.006307,0.001879,0.050872,0.038196
N20003231,0.711801,0.017194,0.011326,0.011971,0.143790,0.004771,0.002087,0.056512,0.040548
N20003232,0.711197,0.024748,0.021638,0.020789,0.126618,0.007318,0.003112,0.047144,0.037436
N20003233,0.619331,0.016292,0.014026,0.010449,0.214487,0.004160,0.003153,0.069623,0.048479
N20003234,0.641012,0.016095,0.014843,0.011271,0.200116,0.004736,0.002968,0.062511,0.046449
N20003235,0.696263,0.034161,0.013170,0.022560,0.133316,0.009824,0.002298,0.050505,0.037903
N20003236,0.615105,0.020737,0.028442,0.013344,0.203605,0.005019,0.005811,0.062273,0.045665
N20003237,0.597973,0.029280,0.033148,0.021236,0.198243,0.007940,0.005926,0.061018,0.045237
N20003238,0.632351,0.034267,0.018706,0.018532,0.177696,0.007923,0.004287,0.063057,0.043182
N20003239,0.667024,0.017698,0.013045,0.010144,0.175885,0.004261,0.002853,0.064960,0.044130
N20003240,0.580021,0.019993,0.030331,0.014173,0.228196,0.004809,0.006223,0.067302,0.048951
N20003241,0.654873,0.030313,0.022787,0.016013,0.164898,0.006767,0.004853,0.058421,0.041075
N20003242,0.586978,0.027331,0.041466,0.013098,0.206588,0.005145,0.009436,0.065061,0.044898
N20003243,0.677759,0.021773,0.018014,0.012592,0.162596,0.005052,0.003593,0.057325,0.041296
N20003244,0.738225,0.014815,0.007534,0.009365,0.130880,0.003832,0.001343,0.055456,0.038550
N20003245,0.684104,0.010526,0.012765,0.006154,0.174888,0.002291,0.002723,0.063407,0.043142
N20003246,0.696958,0.027645,0.018658,0.012228,0.138511,0.005480,0.004079,0.058143,0.038298
N20003247,0.622063,0.034098,0.030127,0.019061,0.179011,0.007318,0.006596,0.059370,0.042356
N20003248,0.696813,0.029197,0.016726,0.014088,0.138817,0.006285,0.003403,0.056413,0.038258
N20003249,0.698158,0.035364,0.018778,0.017143,0.128402,0.007215,0.003555,0.054357,0.037028
N20003250,0.545125,0.018078,0.037187,0.011577,0.255802,0.004074,0.008766,0.069468,0.049923
N20003251,0.628838,0.024688,0.026721,0.011683,0.188493,0.004924,0.006549,0.064424,0.043681
N20003252,0.693262,0.018002,0.012761,0.010843,0.155772,0.004381,0.002374,0.060646,0.041959
N20003253,0.555308,0.038043,0.057480,0.020273,0.203200,0.008012,0.013092,0.060852,0.043740
N20003254,0.583370,0.020500,0.027479,0.011858,0.230171,0.004456,0.007003,0.067310,0.047852
N20003255,0.587095,0.062930,0.039108,0.024176,0.166883,0.010772,0.010946,0.058748,0.039341
N20003256,0.473787,0.037933,0.073314,0.018531,0.255802,0.007946,0.018885,0.066881,0.046921
N20003257,0.591268,0.055762,0.034755,0.039350,0.165679,0.015507,0.005804,0.051203,0.040671
N20003258,0.686810,0.017538,0.018158,0.011578,0.159468,0.004310,0.003122,0.057049,0.041968
N20003259,0.427411,0.097321,0.140547,0.057764,0.154389,0.021564,0.022623,0.043844,0.034537
N20003260,0.756613,0.017373,0.005792,0.011276,0.114190,0.004721,0.000990,0.052506,0.036540
N20003261,0.574911,0.125658,0.020254,0.087152,0.082861,0.043458,0.002549,0.035299,0.027857
N20003262,0.551593,0.058664,0.071655,0.039599,0.165490,0.013099,0.011727,0.049148,0.039024
N20003263,0.587164,0.033045,0.068908,0.018320,0.174459,0.006146,0.011537,0.058426,0.041995
N20003264,0.469339,0.052998,0.103019,0.037030,0.209801,0.013210,0.018977,0.053398,0.042227
N20003265,0.636098,0.032114,0.042641,0.020891,0.161084,0.006764,0.006739,0.053290,0.040378
N20003266,0.513090,0.072139,0.092841,0.049543,0.158652,0.015807,0.015486,0.045751,0.036690
N20003267,0.606041,0.032790,0.053666,0.019967,0.174663,0.006868,0.008558,0.055536,0.041910
N20003268,0.296104,0.066364,0.257558,0.047090,0.192630,0.014504,0.053039,0.039750,0.032963
N20003269,0.586646,0.029494,0.077334,0.018297,0.175787,0.005797,0.013166,0.052819,0.040660
N20003270,0.459544,0.076003,0.132069,0.053177,0.159706,0.017277,0.020740,0.045430,0.036053
N20003271,0.423749,0.046111,0.181491,0.025206,0.193402,0.008604,0.035084,0.048762,0.037590
N20003272,0.484971,0.038420,0.112684,0.026367,0.211383,0.007638,0.021899,0.054023,0.042615
N20003273,0.492272,0.087046,0.091059,0.052050,0.156817,0.019957,0.016147,0.047834,0.036819
N20003274,0.392892,0.041946,0.211017,0.030737,0.196719,0.008285,0.036113,0.044932,0.037358
N20003275,0.490962,0.086774,0.106727,0.058536,0.140686,0.024816,0.014610,0.042257,0.034632
N20003276,0.690772,0.027857,0.015052,0.021294,0.141112,0.007587,0.002439,0.053886,0.040002
N20003277,0.381489,0.078284,0.186296,0.050575,0.175482,0.015352,0.032802,0.044510,0.035210
N20003278,0.326904,0.146800,0.223290,0.076262,0.105276,0.028045,0.039440,0.029849,0.024134
N20003279,0.451644,0.058646,0.148972,0.034826,0.179341,0.010856,0.028822,0.049020,0.037874
N20003280,0.741121,0.017411,0.010191,0.013465,0.124631,0.005206,0.001658,0.049003,0.037315
N20003281,0.460657,0.204688,0.039175,0.090634,0.077062,0.072168,0.004686,0.027548,0.023384
N20003282,0.625092,0.097862,0.028396,0.052480,0.092998,0.035951,0.003161,0.034427,0.029633
N20003283,0.653223,0.085141,0.017419,0.056730,0.089695,0.030657,0.002103,0.035353,0.029678
N20003284,0.663344,0.048147,0.048427,0.030086,0.115567,0.011583,0.006466,0.042543,0.033836
N20003285,0.087996,0.476714,0.039027,0.221039,0.017815,0.142244,0.004354,0.005742,0.005070
N20003286,0.026662,0.520817,0.021663,0.259319,0.005004,0.161207,0.002093,0.001701,0.001534
N20003287,0.020479,0.544182,0.017242,0.252774,0.003475,0.157863,0.001705,0.001185,0.001095
N20003288,0.155425,0.440932,0.017080,0.126712,0.018647,0.225500,0.001577,0.007477,0.006649
N20003289,0.474481,0.184809,0.048787,0.083182,0.079342,0.072351,0.005462,0.027621,0.023964
N20003290,0.505874,0.112571,0.087821,0.080278,0.106343,0.033785,0.011290,0.033043,0.028997
N20003291,0.563511,0.121354,0.032627,0.085085,0.088585,0.044675,0.003895,0.032327,0.027942
N20003292,0.089497,0.488810,0.010967,0.100851,0.009189,0.292697,0.000911,0.003645,0.003432
N20003293,0.251091,0.347059,0.018319,0.173764,0.039746,0.140428,0.002089,0.014765,0.012738
N20003294,0.521030,0.154481,0.020897,0.084169,0.097722,0.056880,0.002764,0.033733,0.028324
N20003295,0.591233,0.030932,0.036294,0.019917,0.202310,0.007704,0.007300,0.059168,0.045142
N20003296,0.456857,0.213308,0.031602,0.090125,0.073023,0.081242,0.003536,0.027546,0.022761
N20003297,0.227045,0.397123,0.042576,0.143186,0.037963,0.121555,0.005284,0.013663,0.011605
N20003298,0.027379,0.544968,0.010273,0.202048,0.004139,0.207260,0.000951,0.001582,0.001399
N20003299,0.673143,0.057286,0.020062,0.028430,0.121205,0.012858,0.003474,0.048273,0.035270
N20003300,0.045185,0.534577,0.010651,0.166569,0.006396,0.230978,0.001028,0.002443,0.002175
N20003301,0.118126,0.498494,0.069398,0.146708,0.026868,0.113913,0.010213,0.009082,0.007199
N20003302,0.717931,0.024215,0.021582,0.013536,0.125888,0.005398,0.003540,0.051062,0.036848
N20003303,0.397935,0.217932,0.100945,0.078492,0.090071,0.041515,0.016310,0.032648,0.024151
N20003304,0.467115,0.200876,0.059288,0.092752,0.073521,0.047627,0.007442,0.028276,0.023103
N20003305,0.076598,0.534596,0.030728,0.200249,0.016776,0.126169,0.004221,0.005898,0.004766
N20003306,0.055136,0.536144,0.037079,0.203469,0.012470,0.143288,0.004777,0.004167,0.003470
N20003307,0.050436,0.522679,0.013907,0.231550,0.009127,0.164493,0.001600,0.003377,0.002831
N20003308,0.270666,0.338948,0.048699,0.153155,0.051179,0.097001,0.006454,0.018791,0.015108
N20003309,0.403712,0.217411,0.045647,0.135366,0.073932,0.071209,0.005757,0.025238,0.021729
N20003310,0.409171,0.211534,0.034635,0.131334,0.080939,0.076801,0.004261,0.027654,0.023670
N20003311,0.128112,0.317542,0.238241,0.154919,0.042885,0.067500,0.029310,0.011531,0.009960
N20003312,0.024863,0.435307,0.211015,0.193129,0.009958,0.096485,0.024639,0.002409,0.002195
N20003313,0.392627,0.127107,0.169733,0.096477,0.104769,0.032898,0.020776,0.029347,0.026266
N20003314,0.030177,0.297706,0.409107,0.131006,0.015323,0.064538,0.045812,0.003279,0.003053
N20003315,0.588831,0.032931,0.098722,0.025309,0.149095,0.008738,0.012748,0.046034,0.037592
N20003316,0.022889,0.489454,0.060954,0.269151,0.006620,0.140991,0.006320,0.001882,0.001739
N20003317,0.284742,0.111238,0.304346,0.070852,0.111751,0.026375,0.038726,0.027794,0.024176
N20003318,0.665473,0.032173,0.072075,0.024502,0.114227,0.007891,0.008445,0.041308,0.033905
N20003319,0.580629,0.029962,0.071566,0.021987,0.183282,0.007531,0.012406,0.050889,0.041749
N20003320,0.351364,0.143956,0.168144,0.098725,0.121753,0.030367,0.025211,0.032703,0.027778
N20003321,0.492099,0.078627,0.130463,0.051422,0.135926,0.019800,0.018200,0.039953,0.033510
N20003322,0.312170,0.134667,0.267273,0.097822,0.080807,0.033409,0.031760,0.021735,0.020357
N20003323,0.407806,0.201086,0.085793,0.106298,0.065694,0.081954,0.008820,0.022334,0.020214
N20003324,0.531415,0.056650,0.088493,0.040416,0.168961,0.013670,0.013413,0.047784,0.039200
N20003325,0.609880,0.071646,0.049000,0.049211,0.119840,0.019530,0.006616,0.040581,0.033695
N20003326,0.568856,0.072676,0.063868,0.051252,0.136500,0.020103,0.008855,0.042308,0.035582
N20003327,0.663976,0.067302,0.027242,0.050208,0.097218,0.021473,0.003388,0.037818,0.031374
N20003328,0.519315,0.097897,0.089697,0.064824,0.121237,0.025447,0.012002,0.037674,0.031907
N20003329,0.293347,0.244809,0.106303,0.126303,0.100145,0.061519,0.015678,0.028869,0.023026
N20003330,0.258047,0.284734,0.105215,0.156582,0.067179,0.076250,0.013653,0.020927,0.017412
N20003331,0.395786,0.222014,0.050704,0.117084,0.080229,0.077370,0.006674,0.027336,0.022804
N20003332,0.603377,0.017776,0.030255,0.011999,0.218102,0.004411,0.005889,0.061448,0.046742
N20003333,0.521775,0.135184,0.044788,0.084872,0.100301,0.042092,0.005984,0.035850,0.029154
N20003334,0.606895,0.055668,0.052672,0.038326,0.138088,0.014865,0.008058,0.048209,0.037220
N20003335,0.535689,0.042305,0.118716,0.030750,0.161341,0.009165,0.017004,0.046942,0.038088
N20003336,0.735655,0.017499,0.011923,0.013310,0.128014,0.005228,0.001780,0.048672,0.037919
N20003337,0.374205,0.185028,0.113892,0.122723,0.085221,0.054385,0.014139,0.027216,0.023192
N20003338,0.428855,0.102714,0.139504,0.060423,0.149306,0.020144,0.025599,0.040567,0.032888
N20003339,0.507374,0.078382,0.084757,0.045904,0.165739,0.014913,0.014820,0.050338,0.037774
N20003340,0.293771,0.131399,0.241361,0.076926,0.131600,0.022589,0.042281,0.033325,0.026747
N20003341,0.681355,0.037425,0.021841,0.021592,0.135649,0.008686,0.003984,0.051664,0.037803
N20003342,0.678509,0.013923,0.020366,0.009980,0.169714,0.003412,0.003497,0.057714,0.042885
N20003343,0.625170,0.056341,0.053758,0.038086,0.124779,0.014517,0.007301,0.044668,0.035380
N20003344,0.717771,0.019671,0.015588,0.013556,0.133323,0.004856,0.002613,0.053859,0.038763
N20003345,0.728882,0.014309,0.007491,0.009727,0.138931,0.003863,0.001363,0.055584,0.039850
N20003346,0.714381,0.013389,0.007814,0.008313,0.148740,0.003238,0.001494,0.061227,0.041402
N20003347,0.038298,0.346410,0.258171,0.221747,0.016367,0.085179,0.026588,0.003687,0.003555
N20003348,0.084495,0.113583,0.524931,0.069733,0.073263,0.020970,0.088356,0.013188,0.011482
N20003349,0.108238,0.242789,0.331665,0.135605,0.053940,0.055556,0.049102,0.012412,0.010693
N20003350,0.100874,0.358517,0.187533,0.193631,0.038737,0.075635,0.026105,0.010290,0.008677
N20003351,0.039756,0.244711,0.411254,0.140005,0.036878,0.050452,0.064689,0.006497,0.005759
N20003352,0.167323,0.286679,0.209727,0.147670,0.054357,0.081367,0.025769,0.014382,0.012726
N20003353,0.087436,0.354202,0.216745,0.195401,0.026343,0.081982,0.024521,0.007009,0.006361
N20003354,0.041694,0.344243,0.271670,0.189772,0.021007,0.088812,0.033617,0.004888,0.004298
N20003355,0.050633,0.104905,0.607084,0.068191,0.040248,0.021146,0.093973,0.007260,0.006560
N20003356,0.026936,0.330895,0.337543,0.164672,0.014662,0.077645,0.041565,0.003185,0.002898
N20003357,0.391143,0.103803,0.188354,0.070246,0.128072,0.027391,0.025703,0.035345,0.029943
N20003358,0.032986,0.338005,0.316935,0.170826,0.016195,0.079627,0.038624,0.003501,0.003302
N20003359,0.051043,0.450970,0.092865,0.240423,0.012278,0.135704,0.009610,0.003712,0.003395
N20003360,0.058741,0.254628,0.407975,0.132623,0.029113,0.053022,0.051628,0.006396,0.005875
N20003361,0.084996,0.356310,0.211579,0.165159,0.028381,0.115368,0.024301,0.007275,0.006630
N20003362,0.024677,0.438686,0.197966,0.190917,0.008472,0.116625,0.018406,0.002233,0.002019
N20003363,0.038902,0.399170,0.213007,0.196643,0.016493,0.104839,0.023400,0.003935,0.003612
N20003364,0.391086,0.168951,0.125526,0.083492,0.111961,0.036431,0.020244,0.034998,0.027311
N20003365,0.161905,0.312653,0.153342,0.183330,0.058977,0.080805,0.020567,0.015163,0.013259
N20003366,0.024221,0.549277,0.059915,0.228751,0.005604,0.122674,0.006179,0.001790,0.001588
N20003367,0.138820,0.318111,0.227165,0.137166,0.058547,0.062675,0.029636,0.015283,0.012596
N20003368,0.246315,0.342379,0.087896,0.161541,0.052991,0.063011,0.012573,0.018442,0.014852
N20003369,0.021358,0.626934,0.026332,0.199201,0.003634,0.117198,0.002746,0.001426,0.001171
N20003370,0.024603,0.428635,0.245051,0.165399,0.010117,0.094463,0.026974,0.002513,0.002245
N20003371,0.072484,0.290678,0.314454,0.159150,0.039505,0.063212,0.044913,0.008142,0.007462
N20003372,0.154997,0.345844,0.169698,0.168317,0.051930,0.057316,0.024859,0.014853,0.012185
N20003373,0.175022,0.282766,0.214099,0.148771,0.061237,0.059741,0.028809,0.015710,0.013845
N20003374,0.130047,0.398896,0.141838,0.174030,0.041094,0.069274,0.022527,0.012407,0.009888
N20003375,0.092396,0.238784,0.378330,0.134534,0.041784,0.036570,0.059216,0.009844,0.008543
N20003376,0.150290,0.352936,0.163049,0.168838,0.049778,0.064980,0.023810,0.014524,0.011793
N20003377,0.330199,0.208830,0.123428,0.112618,0.108073,0.042299,0.016645,0.032282,0.025625
N20003378,0.167664,0.390103,0.127651,0.153906,0.039943,0.079820,0.017287,0.012942,0.010684
N20003379,0.387778,0.083573,0.250724,0.041476,0.120547,0.013076,0.038660,0.035923,0.028243
N20003380,0.526411,0.079749,0.096091,0.047736,0.140049,0.015904,0.014225,0.044686,0.035147
N20003381,0.212886,0.298821,0.122106,0.185406,0.063686,0.066853,0.015845,0.018577,0.015819
N20003382,0.195547,0.278924,0.225707,0.111233,0.068129,0.051233,0.034417,0.019259,0.015551
N20003383,0.385325,0.206836,0.090048,0.119298,0.082164,0.054144,0.011789,0.027478,0.022918
N20003384,0.521652,0.055633,0.080153,0.032718,0.188490,0.011526,0.014486,0.054062,0.041279
N20003385,0.297594,0.203803,0.154700,0.102811,0.118922,0.041089,0.026172,0.029966,0.024943
N20003386,0.195913,0.345031,0.098563,0.198720,0.047175,0.073023,0.014075,0.014870,0.012631
N20003387,0.161316,0.298879,0.185382,0.157485,0.063816,0.078100,0.025243,0.015954,0.013825
N20003388,0.559577,0.082130,0.073194,0.044495,0.131822,0.018294,0.011502,0.044402,0.034585
N20003389,0.180410,0.327223,0.146412,0.181870,0.044783,0.075628,0.018749,0.013227,0.011698
N20003390,0.416090,0.042459,0.170170,0.029594,0.215402,0.009449,0.028998,0.047663,0.040174
N20003391,0.473360,0.045679,0.139999,0.033218,0.186311,0.008744,0.024156,0.049112,0.039422
N20003392,0.250652,0.166269,0.250128,0.113574,0.101518,0.036647,0.035160,0.024508,0.021545
N20003393,0.516904,0.039584,0.093218,0.029277,0.205783,0.008561,0.017484,0.047510,0.041679
N20003394,0.606165,0.019174,0.031024,0.015226,0.212132,0.004788,0.005863,0.059227,0.046401
N20003395,0.304852,0.105794,0.288424,0.080771,0.109267,0.024381,0.035892,0.026455,0.024165
N20003396,0.502368,0.060102,0.136326,0.045652,0.145142,0.012881,0.020415,0.042086,0.035028
N20003397,0.374954,0.080030,0.198331,0.057159,0.165333,0.016232,0.033913,0.040574,0.033473
N20003398,0.515846,0.024780,0.111183,0.019139,0.209049,0.005888,0.018917,0.052166,0.043031
N20003399,0.547542,0.024763,0.061249,0.018539,0.223684,0.005586,0.011615,0.060505,0.046518
N20003400,0.592020,0.029520,0.059095,0.022128,0.179067,0.007082,0.009841,0.057749,0.043498
N20003401,0.569361,0.064966,0.064788,0.034559,0.153410,0.014107,0.011794,0.049935,0.037081
N20003402,0.561301,0.035813,0.081710,0.027067,0.178375,0.008192,0.013889,0.052330,0.041323
N20003403,0.549276,0.029533,0.066591,0.013994,0.213533,0.005010,0.013591,0.063348,0.045123
N20003404,0.466529,0.179251,0.067128,0.080412,0.098911,0.032427,0.011089,0.037052,0.027200
N20003405,0.612278,0.022719,0.047122,0.018185,0.184227,0.005415,0.007662,0.058129,0.044264
N20003406,0.611861,0.061306,0.048520,0.025199,0.141105,0.010905,0.009179,0.054804,0.037120
N20003407,0.602712,0.047341,0.045469,0.021904,0.166562,0.009191,0.009159,0.057445,0.040218
N20003408,0.548208,0.064596,0.099628,0.025247,0.146368,0.010258,0.019410,0.050602,0.035684
N20003409,0.603696,0.012509,0.029974,0.008562,0.225557,0.002768,0.005456,0.063635,0.047844
N20003410,0.575372,0.023584,0.070045,0.012641,0.197782,0.004385,0.012836,0.059898,0.043457
N20003411,0.575057,0.032154,0.050365,0.022424,0.200915,0.007437,0.009028,0.058029,0.044591
N20003412,0.628765,0.021585,0.031443,0.015640,0.189318,0.005372,0.005350,0.058152,0.044375
N20003413,0.650159,0.023191,0.041623,0.015436,0.162806,0.004974,0.006607,0.054128,0.041075
N20003414,0.613368,0.030341,0.039703,0.024233,0.181465,0.007379,0.006399,0.053917,0.043195
N20003415,0.619634,0.018492,0.032860,0.012139,0.198986,0.004148,0.005525,0.062435,0.045781
N20003416,0.680729,0.020446,0.021329,0.010409,0.156597,0.004112,0.004146,0.061183,0.041049
N20003417,0.701534,0.025539,0.029234,0.015797,0.129867,0.005864,0.004210,0.050391,0.037563
N20003418,0.680537,0.014647,0.019904,0.010827,0.167772,0.003736,0.003254,0.056552,0.042771
N20003419,0.667269,0.014784,0.033749,0.008776,0.165637,0.002982,0.005379,0.059192,0.042230
N20003420,0.603137,0.032490,0.079657,0.022173,0.154613,0.007109,0.012798,0.049163,0.038861
N20003421,0.649896,0.015833,0.029072,0.013103,0.181326,0.003949,0.004653,0.057877,0.044291
N20003422,0.546964,0.052728,0.109010,0.042521,0.143033,0.012942,0.014461,0.042365,0.035979
N20003423,0.662991,0.027634,0.036706,0.022577,0.151206,0.007146,0.005485,0.047037,0.039219
N20003424,0.483551,0.060658,0.104410,0.040877,0.188593,0.013682,0.018458,0.049884,0.039887
N20003425,0.687529,0.023052,0.041048,0.015684,0.134961,0.005084,0.005849,0.049095,0.037698
N20003426,0.702885,0.017153,0.008848,0.009534,0.154277,0.003971,0.001586,0.060254,0.041492
N20003427,0.601985,0.021510,0.035712,0.012786,0.207275,0.004314,0.007173,0.063204,0.046041
N20003428,0.675331,0.027386,0.041952,0.018980,0.137264,0.006442,0.006104,0.048604,0.037936
N20003429,0.577273,0.063455,0.078879,0.050063,0.128799,0.016422,0.010043,0.040610,0.034457
N20003430,0.663311,0.019590,0.022774,0.012529,0.171308,0.004497,0.004070,0.058697,0.043225
N20003431,0.687324,0.018153,0.012650,0.010909,0.160616,0.004123,0.002409,0.061364,0.042451
N20003432,0.021542,0.452683,0.160560,0.213807,0.011757,0.115681,0.018780,0.002800,0.002390
N20003433,0.016315,0.473597,0.177086,0.181642,0.006855,0.121472,0.019833,0.001675,0.001525
N20003434,0.029386,0.461240,0.116397,0.230018,0.008413,0.138891,0.011075,0.002375,0.002204
N20003435,0.026178,0.474708,0.118346,0.240955,0.008775,0.112788,0.013735,0.002371,0.002145
N20003436,0.036199,0.516832,0.064071,0.220535,0.008027,0.142519,0.006822,0.002667,0.002328
N20003437,0.020700,0.474659,0.127529,0.245103,0.007606,0.105724,0.014945,0.001954,0.001781
N20003438,0.021075,0.533168,0.039346,0.250936,0.005205,0.142864,0.004224,0.001715,0.001467
N20003439,0.020891,0.494207,0.065240,0.264005,0.006301,0.139377,0.006449,0.001881,0.001650
N20003440,0.042960,0.575560,0.086748,0.168612,0.011364,0.095953,0.011912,0.003851,0.003040
N20003441,0.023039,0.584119,0.081451,0.186020,0.005412,0.107236,0.009347,0.001846,0.001531
N20003442,0.022769,0.442553,0.182654,0.205454,0.011899,0.106625,0.022873,0.002745,0.002428
N20003443,0.035846,0.401934,0.290324,0.142458,0.015005,0.065675,0.041682,0.003810,0.003264
N20003444,0.059948,0.550202,0.104398,0.156374,0.016902,0.087066,0.014887,0.005780,0.004442
N20003445,0.043291,0.545502,0.100829,0.179325,0.011922,0.100253,0.011933,0.003788,0.003158
N20003446,0.038236,0.489085,0.150503,0.199831,0.009999,0.087738,0.018867,0.003084,0.002658
N20003447,0.024611,0.400943,0.246175,0.187063,0.010414,0.096094,0.029874,0.002529,0.002298
N20003448,0.016700,0.481079,0.098308,0.273671,0.005389,0.112039,0.010029,0.001441,0.001344
N20003449,0.039890,0.436150,0.210330,0.190894,0.015738,0.070548,0.028912,0.004021,0.003516
N20003450,0.026721,0.554515,0.075025,0.197615,0.006628,0.127704,0.007832,0.002124,0.001837
N20003451,0.024268,0.365424,0.312955,0.162571,0.014739,0.066114,0.048000,0.003170,0.002761
N20003452,0.018252,0.404807,0.235952,0.213509,0.007560,0.091791,0.024652,0.001791,0.001686
N20003453,0.008899,0.205659,0.544613,0.119782,0.009373,0.038086,0.070616,0.001544,0.001429
N20003454,0.013705,0.346059,0.339769,0.176733,0.008733,0.067846,0.043738,0.001781,0.001636
N20003455,0.006585,0.076888,0.739118,0.042108,0.008333,0.012601,0.112016,0.001200,0.001149
N20003456,0.030453,0.428578,0.187467,0.205369,0.013891,0.105452,0.022596,0.003220,0.002975
N20003457,0.021720,0.394125,0.257414,0.191439,0.009137,0.093332,0.028849,0.002012,0.001971
N20003458,0.020122,0.475230,0.092580,0.249429,0.007003,0.142976,0.009074,0.001866,0.001720
N20003459,0.026292,0.446630,0.170192,0.204784,0.011977,0.115588,0.019201,0.002777,0.002559
N20003460,0.014798,0.436507,0.174230,0.244308,0.006030,0.103985,0.017372,0.001416,0.001353
N20003461,0.018157,0.475397,0.100530,0.245240,0.005818,0.142398,0.009488,0.001519,0.001454
N20003462,0.014702,0.433565,0.227935,0.172449,0.006044,0.119485,0.023078,0.001393,0.001348
N20003463,0.016060,0.521006,0.087285,0.211827,0.004255,0.148925,0.008259,0.001231,0.001153
N20003464,0.026242,0.392003,0.259089,0.186930,0.012686,0.085699,0.031828,0.002872,0.002650
N20003465,0.050940,0.538102,0.048004,0.195443,0.010247,0.145348,0.005314,0.003538,0.003064
N20003466,0.015787,0.526756,0.078883,0.225025,0.005000,0.137731,0.008163,0.001390,0.001266
N20003467,0.019458,0.328676,0.365795,0.159127,0.010641,0.066328,0.045718,0.002173,0.002084
N20003468,0.019620,0.332749,0.374399,0.151121,0.008868,0.063803,0.045545,0.002013,0.001881
N20003469,0.021097,0.174815,0.577049,0.087938,0.019700,0.029479,0.083625,0.003239,0.003058
N20003470,0.023839,0.396927,0.231237,0.212716,0.009678,0.095477,0.025738,0.002241,0.002147
N20003471,0.078354,0.423897,0.079010,0.250645,0.016213,0.134134,0.007833,0.005140,0.004773
N20003472,0.036069,0.392236,0.238852,0.196242,0.021499,0.073789,0.032542,0.004643,0.004128
N20003473,0.018585,0.312133,0.390144,0.155140,0.009677,0.066364,0.043998,0.002016,0.001942
N20003474,0.017890,0.235857,0.483270,0.138214,0.011532,0.047991,0.060934,0.002207,0.002106
N20003475,0.017789,0.346460,0.322943,0.173236,0.009205,0.085584,0.040908,0.002017,0.001859
N20003476,0.017920,0.396153,0.247898,0.191028,0.008028,0.109078,0.026285,0.001886,0.001725
N20003477,0.013469,0.357927,0.337137,0.167039,0.006623,0.073516,0.041405,0.001503,0.001379
N20003478,0.012205,0.352882,0.313880,0.180143,0.006461,0.098138,0.033618,0.001375,0.001298
N20003479,0.013924,0.348868,0.351702,0.165153,0.006355,0.072102,0.039028,0.001499,0.001369
N20003480,0.021262,0.432741,0.230037,0.191684,0.008539,0.082919,0.028658,0.002215,0.001946
N20003481,0.014454,0.294810,0.420510,0.154899,0.007136,0.060947,0.044192,0.001577,0.001475
N20003482,0.022442,0.319854,0.380351,0.150967,0.009896,0.065872,0.046161,0.002328,0.002128
N20003483,0.017242,0.348531,0.313215,0.188461,0.009384,0.081690,0.037509,0.002088,0.001881
N20003484,0.016171,0.440273,0.244948,0.171571,0.006726,0.089143,0.027982,0.001681,0.001504
N20003485,0.027553,0.523094,0.220970,0.121489,0.007052,0.069546,0.025995,0.002344,0.001957
N20003486,0.052546,0.514575,0.187851,0.128330,0.013992,0.067001,0.027281,0.004679,0.003745
N20003487,0.018248,0.460350,0.175829,0.218364,0.007784,0.094849,0.020907,0.001956,0.001713
N20003488,0.020757,0.413564,0.243688,0.197021,0.008838,0.082617,0.029360,0.002203,0.001952
N20003489,0.027460,0.387471,0.286625,0.169604,0.012225,0.073293,0.037813,0.002903,0.002608
N20003490,0.023704,0.431559,0.193733,0.212863,0.009920,0.099833,0.023664,0.002530,0.002194
N20003491,0.025461,0.496888,0.125966,0.218104,0.008465,0.105613,0.014993,0.002432,0.002077
N20003492,0.025052,0.411649,0.241721,0.195902,0.009191,0.085199,0.026826,0.002315,0.002145
N20003493,0.056775,0.507017,0.167731,0.151593,0.015120,0.068076,0.024790,0.004901,0.003997
N20003494,0.022456,0.400196,0.222827,0.211050,0.011832,0.098109,0.028430,0.002701,0.002399
N20003495,0.045263,0.502933,0.172797,0.160355,0.014597,0.071172,0.024781,0.004472,0.003629
N20003496,0.024444,0.431369,0.216933,0.200619,0.009768,0.085675,0.026554,0.002442,0.002195
N20003497,0.015666,0.526683,0.108478,0.201372,0.004299,0.130940,0.010153,0.001261,0.001147
N20003498,0.044809,0.473587,0.121740,0.223482,0.015760,0.095729,0.017021,0.004219,0.003653
N20003499,0.091938,0.438704,0.194770,0.134961,0.027656,0.065687,0.030679,0.008730,0.006874
N20003500,0.062449,0.486090,0.120028,0.192552,0.022936,0.086308,0.017865,0.006479,0.005292
N20003501,0.024276,0.459881,0.131914,0.246721,0.011558,0.104869,0.015478,0.002847,0.002457
N20003502,0.027589,0.465039,0.192990,0.190652,0.009448,0.086425,0.022972,0.002600,0.002285
N20003503,0.069633,0.350857,0.321632,0.119276,0.024037,0.058527,0.043743,0.006680,0.005616
N20003504,0.064508,0.462129,0.194461,0.146204,0.020239,0.069676,0.031785,0.006088,0.004909
N20003505,0.029078,0.501199,0.173269,0.169179,0.007876,0.093919,0.021006,0.002399,0.002073
N20003506,0.043051,0.552411,0.073962,0.189814,0.012562,0.111164,0.009607,0.004150,0.003280
N20003507,0.014409,0.348393,0.360457,0.164379,0.005248,0.068828,0.035747,0.001297,0.001241
N20003508,0.011488,0.332713,0.371035,0.150866,0.006413,0.080765,0.044058,0.001389,0.001273
N20003509,0.046037,0.523000,0.180628,0.125631,0.012127,0.078488,0.026930,0.003931,0.003228
N20003510,0.059621,0.584646,0.059059,0.163283,0.016457,0.097505,0.008998,0.006041,0.004389
N20003511,0.023208,0.518922,0.134903,0.187625,0.007009,0.109704,0.014814,0.002031,0.001784
N20003512,0.030371,0.620888,0.056172,0.160166,0.006053,0.115679,0.006477,0.002325,0.001868
N20003513,0.060645,0.451577,0.208780,0.149816,0.019340,0.066084,0.033496,0.005609,0.004652
N20003514,0.022861,0.437086,0.165890,0.248466,0.009438,0.092103,0.019584,0.002430,0.002141
N20003515,0.057899,0.557022,0.076302,0.180632,0.014095,0.093545,0.011699,0.004912,0.003895
N20003516,0.041665,0.508928,0.146512,0.184789,0.012174,0.079333,0.019848,0.003659,0.003092
N20003517,0.028671,0.611404,0.053784,0.165374,0.005776,0.125449,0.005649,0.002124,0.001769
N20003518,0.069724,0.491388,0.137778,0.165128,0.020296,0.084148,0.020006,0.006369,0.005163
N20003519,0.036321,0.498762,0.140130,0.199011,0.011222,0.089746,0.018804,0.003219,0.002785
N20003520,0.053695,0.506824,0.163280,0.154783,0.013727,0.076276,0.023217,0.004518,0.003680
N20003521,0.036101,0.544715,0.139366,0.153919,0.009251,0.093726,0.017262,0.003127,0.002533
N20003522,0.040238,0.516886,0.153722,0.166242,0.011248,0.085092,0.020317,0.003371,0.002883
N20003523,0.018779,0.371234,0.304467,0.165009,0.008989,0.094748,0.032878,0.002021,0.001875
N20003524,0.038044,0.555557,0.121832,0.158343,0.009433,0.094607,0.016418,0.003176,0.002590
N20003525,0.016641,0.442836,0.233925,0.187533,0.006868,0.079003,0.029893,0.001761,0.001539
N20003526,0.034065,0.586420,0.054499,0.193810,0.007037,0.112903,0.006624,0.002537,0.002104
N20003527,0.064458,0.489462,0.153869,0.164350,0.020331,0.073621,0.022558,0.006295,0.005057
N20003528,0.011482,0.344018,0.337747,0.189930,0.007087,0.069250,0.037650,0.001475,0.001362
N20003529,0.066610,0.499533,0.140728,0.165289,0.018736,0.075185,0.023621,0.005604,0.004694
N20003530,0.009395,0.555558,0.165805,0.157063,0.002971,0.090305,0.017284,0.000851,0.000767
N20003531,0.031338,0.643326,0.034331,0.164953,0.004869,0.113694,0.003772,0.002063,0.001655
N20003532,0.034039,0.623390,0.080539,0.150311,0.007652,0.088553,0.010385,0.002884,0.002247
N20003533,0.028446,0.644067,0.058873,0.144866,0.006094,0.106168,0.007316,0.002330,0.001839
N20003534,0.039519,0.599103,0.096707,0.149475,0.008852,0.087478,0.013070,0.003221,0.002575
N20003535,0.020393,0.420298,0.217111,0.208441,0.007420,0.098465,0.024263,0.001875,0.001734
N20003536,0.018549,0.468395,0.163759,0.219390,0.005683,0.103913,0.017357,0.001529,0.001425
N20003537,0.021167,0.148990,0.594462,0.076576,0.021859,0.021265,0.108660,0.003722,0.003298
N20003538,0.016088,0.127174,0.635535,0.068339,0.015987,0.017049,0.114777,0.002650,0.002402
N20003539,0.037551,0.098348,0.642708,0.062981,0.029785,0.017725,0.100877,0.005194,0.004831
N20003540,0.029616,0.164684,0.548259,0.091547,0.034508,0.022628,0.098286,0.005544,0.004928
N20003541,0.013061,0.267773,0.421597,0.173003,0.011229,0.047119,0.062399,0.001990,0.001828
N20003542,0.010761,0.151533,0.619792,0.094890,0.009726,0.023911,0.086189,0.001649,0.001549
N20003543,0.021024,0.375304,0.233248,0.249348,0.011711,0.074490,0.030006,0.002558,0.002311
N20003544,0.023485,0.172212,0.559603,0.106564,0.015994,0.033654,0.082628,0.003039,0.002822
N20003545,0.024951,0.259606,0.451715,0.107827,0.015306,0.042136,0.092475,0.003211,0.002775
N20003546,0.045114,0.419468,0.228749,0.170343,0.019299,0.075148,0.032799,0.004894,0.004185
N20003547,0.019025,0.136925,0.630944,0.065177,0.016566,0.020657,0.105149,0.002903,0.002652
N20003548,0.018574,0.130180,0.624844,0.074972,0.017716,0.019035,0.108973,0.002992,0.002714
N20003549,0.026417,0.088437,0.659061,0.056239,0.032627,0.014496,0.113246,0.004995,0.004481
N20003550,0.026154,0.135211,0.599806,0.079254,0.024790,0.019070,0.107488,0.004409,0.003818
N20003551,0.031798,0.132300,0.590472,0.084857,0.028682,0.021192,0.101484,0.004839,0.004377
N20003552,0.145424,0.339382,0.182789,0.149218,0.067568,0.050206,0.034205,0.017487,0.013722
N20003553,0.035658,0.094469,0.641634,0.062304,0.031847,0.014761,0.108772,0.005588,0.004967
N20003554,0.019567,0.285657,0.421840,0.145378,0.010963,0.058906,0.053195,0.002355,0.002138
N20003555,0.022466,0.087808,0.672924,0.051384,0.023524,0.012351,0.122332,0.003796,0.003415
N20003556,0.030254,0.335158,0.352304,0.149814,0.013444,0.065022,0.047983,0.003185,0.002835
N20003557,0.030030,0.350744,0.332475,0.152644,0.014004,0.066272,0.047782,0.003178,0.002872
N20003558,0.121584,0.192553,0.394039,0.091581,0.070033,0.025994,0.076071,0.015377,0.012769
N20003559,0.060168,0.113632,0.556518,0.059492,0.050888,0.016516,0.125660,0.009229,0.007895
N20003560,0.032933,0.125395,0.600984,0.083369,0.026661,0.019205,0.102218,0.004846,0.004390
N20003561,0.107772,0.146377,0.448668,0.070098,0.073827,0.019232,0.106993,0.014775,0.012257
N20003562,0.013333,0.365143,0.291436,0.184753,0.006943,0.100854,0.034526,0.001582,0.001430
N20003563,0.100693,0.298858,0.284500,0.136941,0.054190,0.048954,0.052922,0.012658,0.010284
N20003564,0.080194,0.127978,0.547152,0.067814,0.044948,0.018458,0.096138,0.009082,0.008235
N20003565,0.020622,0.088005,0.660760,0.053316,0.024448,0.013364,0.132332,0.003800,0.003353
N20003566,0.027214,0.094442,0.628531,0.046070,0.032519,0.012963,0.148793,0.005078,0.004391
N20003567,0.041068,0.202648,0.480472,0.124149,0.026685,0.034051,0.080780,0.005391,0.004755
N20003568,0.019865,0.416550,0.208472,0.211272,0.009345,0.105939,0.024287,0.002265,0.002005
N20003569,0.026337,0.269284,0.413680,0.163585,0.013683,0.057429,0.050317,0.002938,0.002748
N20003570,0.110790,0.434665,0.140241,0.171148,0.037377,0.061245,0.024340,0.011356,0.008837
N20003571,0.051298,0.394383,0.286133,0.133870,0.022131,0.057367,0.044117,0.005964,0.004737
N20003572,0.036215,0.479621,0.124385,0.205861,0.011918,0.120491,0.015177,0.003399,0.002933
N20003573,0.114234,0.398463,0.174353,0.165820,0.037717,0.062770,0.026760,0.010995,0.008887
N20003574,0.096294,0.291081,0.295097,0.168937,0.042427,0.044328,0.042237,0.010634,0.008964
N20003575,0.020305,0.120279,0.626356,0.078729,0.020398,0.017228,0.110226,0.003417,0.003062
N20003576,0.073850,0.450481,0.215722,0.117882,0.022058,0.065536,0.042933,0.006283,0.005256
N20003577,0.117815,0.393011,0.157529,0.170245,0.044425,0.070614,0.025082,0.011495,0.009783
N20003578,0.008233,0.058218,0.732019,0.032175,0.014513,0.008620,0.142589,0.001911,0.001722
N20003579,0.023122,0.208807,0.513901,0.110182,0.017361,0.034684,0.085566,0.003400,0.002976
N20003580,0.041746,0.211976,0.470537,0.131824,0.025335,0.042499,0.066192,0.005155,0.004737
N20003581,0.027706,0.092077,0.637891,0.052967,0.032270,0.014152,0.133314,0.005104,0.004517
N20003582,0.052897,0.296440,0.318358,0.184982,0.032223,0.054564,0.047774,0.006774,0.005987
N20003583,0.053737,0.097991,0.603570,0.062922,0.043415,0.014483,0.108993,0.007924,0.006966
N20003584,0.070086,0.240281,0.366500,0.166360,0.038546,0.049072,0.053362,0.008356,0.007436
N20003585,0.025372,0.323635,0.323488,0.198155,0.013907,0.069145,0.040470,0.003071,0.002757
N20003586,0.094852,0.157048,0.478771,0.086524,0.055265,0.023420,0.082041,0.011867,0.010212
N20003587,0.033534,0.291514,0.374106,0.163937,0.021436,0.046670,0.060492,0.004434,0.003876
N20003588,0.025537,0.297276,0.387195,0.158246,0.016810,0.053604,0.054844,0.003441,0.003046
N20003589,0.043115,0.266157,0.399164,0.156629,0.022464,0.048016,0.055115,0.004907,0.004434
N20003590,0.056338,0.225239,0.459419,0.097847,0.030433,0.033401,0.084845,0.006742,0.005737
N20003591,0.025054,0.346758,0.279163,0.221899,0.015351,0.067025,0.038614,0.003246,0.002891
N20003592,0.052030,0.335297,0.360690,0.121345,0.017512,0.049243,0.054974,0.004815,0.004093
N20003593,0.060362,0.462527,0.179751,0.157991,0.022220,0.077030,0.028723,0.006393,0.005002
N20003594,0.026907,0.392066,0.260484,0.197227,0.012384,0.069539,0.035711,0.003031,0.002650
N20003595,0.031142,0.376628,0.261104,0.199733,0.017963,0.067111,0.038778,0.004054,0.003488
N20003596,0.037920,0.322015,0.380017,0.127193,0.017255,0.048153,0.059622,0.004224,0.003601
N20003597,0.039535,0.343282,0.350398,0.125952,0.019056,0.053376,0.059836,0.004680,0.003884
N20003598,0.034889,0.418429,0.180591,0.229862,0.017871,0.086522,0.023966,0.004226,0.003645
N20003599,0.075007,0.352212,0.296898,0.134201,0.028563,0.049538,0.049545,0.007706,0.006329
N20003600,0.031055,0.408724,0.194369,0.240640,0.015173,0.077456,0.025848,0.003588,0.003148
N20003601,0.053923,0.449735,0.158750,0.194152,0.019362,0.092114,0.022270,0.005212,0.004483
N20003602,0.066957,0.441371,0.139311,0.219780,0.021328,0.081436,0.018513,0.006108,0.005196
N20003603,0.047019,0.499884,0.131713,0.181923,0.014614,0.097622,0.019156,0.004439,0.003631
N20003604,0.017896,0.418582,0.210831,0.236498,0.007724,0.077783,0.027062,0.001928,0.001696
N20003605,0.047076,0.376117,0.289682,0.153440,0.017902,0.067824,0.039221,0.004696,0.004043
N20003606,0.051715,0.441894,0.166076,0.204072,0.021444,0.080945,0.023427,0.005698,0.004730
N20003607,0.036990,0.571374,0.063139,0.205755,0.010904,0.097002,0.008437,0.003544,0.002855
N20003608,0.069680,0.487032,0.123770,0.188195,0.022365,0.077973,0.018751,0.006758,0.005475
N20003609,0.047437,0.578826,0.076114,0.186094,0.011479,0.081570,0.011129,0.004130,0.003221
N20003610,0.069472,0.542792,0.115908,0.133959,0.018451,0.086866,0.021462,0.006293,0.004796
N20003611,0.052507,0.450915,0.165442,0.210116,0.015844,0.074000,0.022670,0.004567,0.003939
N20003612,0.060812,0.319685,0.331929,0.147092,0.027471,0.052615,0.047854,0.006785,0.005758
N20003613,0.031040,0.515197,0.125272,0.195395,0.008388,0.105351,0.014525,0.002595,0.002237
N20003614,0.049857,0.429408,0.202461,0.178783,0.017011,0.087332,0.026233,0.004854,0.004061
N20003615,0.025421,0.399917,0.248801,0.196288,0.012748,0.078924,0.032313,0.002976,0.002612
N20003616,0.033578,0.568681,0.098633,0.184527,0.007873,0.089627,0.012174,0.002672,0.002236
N20003617,0.038554,0.592526,0.103198,0.143921,0.009489,0.092842,0.013438,0.003361,0.002671
N20003618,0.036136,0.542197,0.153718,0.155030,0.010447,0.075730,0.020664,0.003337,0.002740
N20003619,0.049007,0.349401,0.314193,0.147354,0.023133,0.059482,0.047080,0.005566,0.004784
N20003620,0.045449,0.459983,0.170396,0.185951,0.015441,0.091151,0.023704,0.004254,0.003672
N20003621,0.010303,0.126819,0.651311,0.074376,0.010538,0.018990,0.104407,0.001679,0.001578
N20003622,0.007950,0.128836,0.652545,0.078634,0.007579,0.019868,0.102149,0.001260,0.001180
N20003623,0.017008,0.196023,0.548040,0.104445,0.013366,0.028957,0.087493,0.002433,0.002236
N20003624,0.060554,0.185793,0.499116,0.066642,0.040052,0.022132,0.110619,0.008247,0.006844
N20003625,0.013904,0.213204,0.522167,0.123317,0.011242,0.038056,0.074206,0.002026,0.001877
N20003626,0.010780,0.082759,0.705333,0.051685,0.013839,0.012463,0.119244,0.002024,0.001873
N20003627,0.018439,0.221377,0.493281,0.140914,0.014160,0.036183,0.070656,0.002590,0.002399
N20003628,0.039786,0.123730,0.594323,0.066919,0.033779,0.019458,0.110391,0.006214,0.005401
N20003629,0.012003,0.095495,0.684444,0.058097,0.013404,0.012463,0.120100,0.002078,0.001917
N20003630,0.008546,0.064619,0.739091,0.037325,0.010340,0.008623,0.128498,0.001543,0.001416
N20003631,0.051636,0.129941,0.571013,0.062187,0.036586,0.015559,0.119822,0.007128,0.006127
N20003632,0.087726,0.143684,0.503483,0.056056,0.057454,0.019925,0.109941,0.011901,0.009830
N20003633,0.040351,0.478862,0.157971,0.182460,0.011893,0.103737,0.018019,0.003690,0.003016
N20003634,0.016769,0.183759,0.562860,0.119001,0.009361,0.027043,0.077594,0.001839,0.001773
N20003635,0.030628,0.390607,0.268578,0.182263,0.013754,0.069327,0.038419,0.003488,0.002936
N20003636,0.025978,0.067910,0.684262,0.029276,0.026029,0.008589,0.149907,0.004314,0.003737
N20003637,0.023592,0.147437,0.599387,0.081888,0.020432,0.023910,0.096432,0.003661,0.003263
N20003638,0.021267,0.131906,0.637925,0.065940,0.015025,0.020412,0.102096,0.002836,0.002592
N20003639,0.017733,0.103458,0.680117,0.063615,0.015794,0.016456,0.097787,0.002570,0.002470
N20003640,0.167324,0.305899,0.218970,0.110223,0.065348,0.053998,0.047424,0.017189,0.013626
N20003641,0.041216,0.199703,0.514720,0.097047,0.023351,0.030826,0.083851,0.004901,0.004385
N20003642,0.096998,0.297561,0.318874,0.117461,0.038499,0.043672,0.068557,0.010232,0.008146
N20003643,0.020830,0.441329,0.174874,0.233546,0.008479,0.094327,0.022580,0.002130,0.001904
N20003644,0.037234,0.354776,0.288636,0.188929,0.020043,0.058422,0.043244,0.004759,0.003956
N20003645,0.020694,0.234128,0.479669,0.145041,0.012826,0.036449,0.066287,0.002548,0.002358
N20003646,0.014390,0.271078,0.454597,0.139509,0.010644,0.047545,0.058295,0.002076,0.001865
N20003647,0.014423,0.097839,0.696083,0.056723,0.012552,0.014353,0.103871,0.002151,0.002006
N20003648,0.029856,0.325640,0.325031,0.192333,0.016806,0.059385,0.043929,0.003708,0.003313
N20003649,0.047088,0.234507,0.465382,0.111709,0.021962,0.039575,0.070425,0.004894,0.004457
N20003650,0.026740,0.344918,0.330727,0.173670,0.013893,0.058643,0.045668,0.003002,0.002739
N20003651,0.040492,0.465097,0.263144,0.121976,0.011705,0.056080,0.034958,0.003553,0.002995
N20003652,0.024981,0.397186,0.251605,0.204080,0.009727,0.076597,0.031151,0.002465,0.002208
N20003653,0.057079,0.567472,0.102768,0.153068,0.015262,0.079761,0.015311,0.005196,0.004084
N20003654,0.060716,0.446602,0.200253,0.159962,0.020686,0.070978,0.029628,0.006228,0.004947
N20003655,0.021542,0.449377,0.238459,0.160293,0.010725,0.080458,0.034281,0.002651,0.002213
N20003656,0.041714,0.614939,0.058320,0.168564,0.009040,0.093141,0.008224,0.003392,0.002665
N20003657,0.048249,0.522041,0.125728,0.188531,0.013513,0.075725,0.018492,0.004209,0.003511
N20003658,0.015879,0.423149,0.232447,0.209863,0.007808,0.078634,0.028813,0.001803,0.001605
N20003659,0.042943,0.573642,0.075336,0.186899,0.010813,0.092773,0.010932,0.003702,0.002960
N20003660,0.063792,0.538039,0.117714,0.155365,0.018260,0.078614,0.017415,0.006022,0.004779
N20003661,0.061250,0.451301,0.184830,0.164735,0.020998,0.073616,0.032745,0.005729,0.004794
N20003662,0.048568,0.543564,0.064007,0.212146,0.013343,0.101788,0.008622,0.004422,0.003540
N20003663,0.050679,0.466342,0.201063,0.144177,0.016485,0.083325,0.028879,0.005046,0.004005
N20003664,0.026198,0.524443,0.130027,0.194184,0.007162,0.098077,0.015780,0.002227,0.001902
N20003665,0.040474,0.505571,0.154563,0.177260,0.011196,0.083639,0.020688,0.003668,0.002941
N20003666,0.037261,0.524332,0.124233,0.181733,0.009219,0.103369,0.014166,0.003133,0.002553
N20003667,0.031183,0.409303,0.226346,0.205113,0.011148,0.082911,0.028429,0.002947,0.002620
N20003668,0.036585,0.540561,0.129299,0.163216,0.009761,0.097984,0.016729,0.003246,0.002619
N20003669,0.025014,0.298270,0.395936,0.150268,0.014751,0.056992,0.052715,0.003212,0.002842
N20003670,0.035516,0.414760,0.279714,0.143664,0.013611,0.060217,0.045727,0.003704,0.003087
N20003671,0.029398,0.332982,0.380053,0.129575,0.013430,0.056521,0.051886,0.003305,0.002849
N20003672,0.035293,0.375359,0.266525,0.188271,0.015740,0.076290,0.035256,0.003843,0.003425
N20003673,0.017378,0.434445,0.268090,0.155639,0.006836,0.081371,0.032910,0.001760,0.001571
N20003674,0.019643,0.375300,0.308871,0.176677,0.008720,0.069189,0.037609,0.002094,0.001897
N20003675,0.011721,0.330652,0.383904,0.145815,0.006092,0.072463,0.046703,0.001400,0.001251
N20003676,0.021263,0.364749,0.354160,0.141253,0.008882,0.058229,0.047257,0.002234,0.001973
N20003677,0.035998,0.583691,0.062255,0.184303,0.008115,0.112205,0.008134,0.002942,0.002357
N20003678,0.030503,0.289028,0.415483,0.135439,0.016876,0.045922,0.059866,0.003607,0.003278
N20003679,0.032681,0.482653,0.072810,0.274603,0.007221,0.118391,0.007280,0.002284,0.002076
N20003680,0.027633,0.312663,0.369877,0.158278,0.018587,0.048966,0.056833,0.003829,0.003334
N20003681,0.012268,0.264300,0.447730,0.145717,0.009333,0.047559,0.069653,0.001814,0.001626
N20003682,0.031943,0.469702,0.144196,0.230897,0.013274,0.085738,0.017777,0.003511,0.002963
N20003683,0.020072,0.340313,0.337735,0.178285,0.008347,0.071350,0.040119,0.001960,0.001819
N20003684,0.015733,0.274239,0.419953,0.169027,0.011117,0.049867,0.055924,0.002160,0.001978
N20003685,0.021139,0.299990,0.378737,0.177289,0.012388,0.057637,0.047941,0.002508,0.002371
N20003686,0.033517,0.394149,0.215589,0.227312,0.012937,0.085279,0.025021,0.003244,0.002953
N20003687,0.028530,0.387687,0.261858,0.183781,0.013154,0.085301,0.033817,0.003099,0.002773
N20003688,0.014309,0.332246,0.335043,0.200624,0.009397,0.060582,0.044122,0.001938,0.001738
N20003689,0.022082,0.356393,0.330583,0.175092,0.009100,0.059378,0.043057,0.002288,0.002025
N20003690,0.020609,0.418617,0.207932,0.229279,0.008474,0.086478,0.024608,0.002105,0.001898
N20003691,0.022517,0.390722,0.239881,0.214575,0.006990,0.098673,0.023050,0.001850,0.001742
N20003692,0.019776,0.452909,0.169985,0.221260,0.008516,0.102271,0.021247,0.002157,0.001879
N20003693,0.008493,0.178507,0.581989,0.106900,0.009200,0.027548,0.084479,0.001517,0.001368
N20003694,0.037158,0.410041,0.196475,0.224954,0.013983,0.085595,0.024987,0.003602,0.003204
N20003695,0.021066,0.358030,0.291793,0.201725,0.008301,0.081951,0.033189,0.002070,0.001875
N20003696,0.019761,0.316593,0.352315,0.176731,0.010522,0.078052,0.041574,0.002346,0.002104
N20003697,0.015352,0.291652,0.391003,0.173986,0.011842,0.052311,0.059457,0.002335,0.002061
N20003698,0.027248,0.421202,0.214418,0.215534,0.010877,0.079485,0.025939,0.002830,0.002466
N20003699,0.034887,0.452246,0.179938,0.198264,0.011151,0.095210,0.022422,0.003143,0.002739
N20003700,0.023289,0.357584,0.304256,0.191036,0.012238,0.066447,0.039938,0.002754,0.002458
N20003701,0.023445,0.389483,0.222718,0.225606,0.011803,0.094061,0.027702,0.002728,0.002453
N20003702,0.020832,0.388738,0.237335,0.230141,0.009158,0.078460,0.031107,0.002233,0.001996
N20003703,0.041132,0.316818,0.375339,0.134396,0.018705,0.050373,0.054729,0.004576,0.003933
N20003704,0.012956,0.227714,0.499651,0.137630,0.011063,0.038976,0.068228,0.001959,0.001822
N20003705,0.027805,0.398234,0.237441,0.211248,0.012953,0.074375,0.032087,0.003117,0.002740
N20003706,0.021163,0.306788,0.360765,0.179595,0.013490,0.064304,0.048649,0.002742,0.002504
N20003707,0.023134,0.459482,0.192871,0.205239,0.009320,0.080980,0.024380,0.002468,0.002125
N20003708,0.033347,0.327349,0.328938,0.184065,0.015376,0.061382,0.042657,0.003639,0.003246
N20003709,0.035976,0.386880,0.261272,0.183608,0.016201,0.073314,0.035326,0.003977,0.003446
N20003710,0.032411,0.341576,0.325855,0.174840,0.011289,0.070330,0.038144,0.002898,0.002657
N20003711,0.038667,0.535207,0.069217,0.239945,0.010624,0.090995,0.009215,0.003338,0.002793
N20003712,0.030741,0.313836,0.362579,0.163916,0.017972,0.056061,0.047535,0.003899,0.003460
N20003713,0.022728,0.439843,0.242699,0.182256,0.010056,0.066134,0.031449,0.002626,0.002208
N20003714,0.016212,0.408692,0.246064,0.199687,0.007600,0.087741,0.030604,0.001783,0.001616
N20003715,0.023687,0.403211,0.291820,0.158236,0.011170,0.066656,0.040077,0.002773,0.002369
N20003716,0.024643,0.437316,0.226009,0.187515,0.010055,0.077351,0.032255,0.002611,0.002244
N20003717,0.012009,0.236271,0.509516,0.110801,0.008166,0.045757,0.074366,0.001627,0.001487
N20003718,0.023887,0.444527,0.212114,0.201262,0.007864,0.080051,0.026206,0.002159,0.001930
N20003719,0.013531,0.274471,0.437488,0.150126,0.008440,0.051286,0.061338,0.001741,0.001580
N20003720,0.039041,0.598723,0.032528,0.201987,0.006796,0.111927,0.004072,0.002735,0.002191
N20003721,0.037057,0.283043,0.371370,0.163799,0.028689,0.052538,0.053201,0.005375,0.004927
N20003722,0.026110,0.374034,0.291589,0.182670,0.014413,0.066564,0.038473,0.003292,0.002855
N20003723,0.029016,0.567085,0.053050,0.233493,0.006465,0.100032,0.006731,0.002246,0.001881
N20003724,0.015445,0.510752,0.063846,0.291688,0.004039,0.105663,0.006272,0.001198,0.001095
N20003725,0.027851,0.454737,0.190620,0.195269,0.010265,0.092028,0.024248,0.002616,0.002365
N20003726,0.020780,0.420948,0.239084,0.192351,0.008149,0.086377,0.028423,0.002027,0.001861
N20003727,0.027881,0.491717,0.103309,0.242003,0.009046,0.110092,0.011225,0.002480,0.002246
N20003728,0.020164,0.405725,0.233360,0.221693,0.009947,0.074912,0.029843,0.002284,0.002072
N20003729,0.023112,0.405902,0.248700,0.197553,0.009526,0.078529,0.032296,0.002284,0.002099
N20003730,0.018264,0.419951,0.218491,0.220629,0.006498,0.088185,0.024850,0.001613,0.001520
N20003731,0.018735,0.432367,0.181146,0.219695,0.007318,0.117530,0.019751,0.001783,0.001676
N20003732,0.029026,0.520910,0.122217,0.201174,0.009311,0.096559,0.015760,0.002746,0.002298
N20003733,0.019162,0.514992,0.141849,0.181341,0.005883,0.119117,0.014483,0.001683,0.001489
N20003734,0.014099,0.558011,0.085651,0.204036,0.003727,0.123225,0.009064,0.001162,0.001024
N20003735,0.023401,0.588726,0.030913,0.208566,0.004916,0.136709,0.003428,0.001850,0.001492
N20003736,0.014848,0.461965,0.232747,0.152296,0.004362,0.107478,0.023915,0.001258,0.001130
N20003737,0.016678,0.488721,0.148071,0.197194,0.007429,0.120559,0.017842,0.001876,0.001630
N20003738,0.014294,0.465932,0.192892,0.205106,0.004243,0.096194,0.019054,0.001198,0.001087
N20003739,0.014532,0.412080,0.285744,0.164531,0.006194,0.077683,0.036308,0.001552,0.001375
N20003740,0.018777,0.371480,0.297983,0.174370,0.008251,0.094296,0.031191,0.001876,0.001775
N20003741,0.027456,0.488594,0.097241,0.240488,0.007636,0.124441,0.009881,0.002256,0.002007
N20003742,0.020216,0.499652,0.115556,0.244303,0.006667,0.097252,0.012792,0.001906,0.001655
N20003743,0.020270,0.437813,0.163822,0.247625,0.007295,0.101458,0.018189,0.001811,0.001718
N20003744,0.037137,0.311222,0.343082,0.179194,0.017353,0.064472,0.039946,0.003955,0.003640
N20003745,0.021083,0.490684,0.097075,0.245704,0.005955,0.126213,0.009962,0.001758,0.001566
N20003746,0.029336,0.362941,0.276738,0.191252,0.015035,0.086123,0.032173,0.003345,0.003057
N20003747,0.020353,0.383202,0.254341,0.197226,0.008620,0.106147,0.026224,0.002001,0.001887
N20003748,0.010555,0.501961,0.105045,0.235271,0.003858,0.131552,0.009822,0.001010,0.000925
N20003749,0.033059,0.457026,0.185301,0.195169,0.013943,0.085643,0.023336,0.003483,0.003040
N20003750,0.024749,0.552906,0.027558,0.262070,0.004247,0.122663,0.002873,0.001570,0.001364
N20003751,0.021407,0.555931,0.066917,0.227634,0.004537,0.113348,0.007347,0.001539,0.001338
N20003752,0.032119,0.458201,0.110221,0.261805,0.009538,0.111988,0.011109,0.002591,0.002429
N20003753,0.026364,0.522805,0.108491,0.217692,0.007635,0.100087,0.012692,0.002263,0.001971
N20003754,0.025342,0.504645,0.102798,0.245955,0.007148,0.099181,0.010931,0.002136,0.001864
N20003755,0.024210,0.356854,0.318322,0.161971,0.012011,0.082609,0.038896,0.002697,0.002429
N20003756,0.277909,0.161098,0.263119,0.092508,0.090861,0.031737,0.037207,0.024565,0.020996
N20003757,0.027176,0.539844,0.118413,0.187694,0.007490,0.100455,0.014667,0.002297,0.001964
N20003758,0.019652,0.540748,0.137273,0.181282,0.005647,0.096790,0.015428,0.001714,0.001467
N20003759,0.479853,0.126721,0.118803,0.072947,0.097726,0.028577,0.015638,0.032566,0.027169
N20003760,0.370117,0.119746,0.180533,0.092038,0.124951,0.023806,0.025392,0.034639,0.028776
N20003761,0.071080,0.406949,0.170860,0.209759,0.020135,0.089971,0.020556,0.005630,0.005061
N20003762,0.016879,0.630600,0.066194,0.115347,0.003504,0.158490,0.006815,0.001149,0.001021
N20003763,0.319004,0.191865,0.171133,0.110677,0.091132,0.046071,0.021515,0.026115,0.022489
N20003764,0.012223,0.615639,0.008605,0.106089,0.001438,0.254186,0.000698,0.000590,0.000532
N20003765,0.030281,0.621835,0.021451,0.098221,0.003354,0.220287,0.001917,0.001408,0.001246
N20003766,0.023116,0.596036,0.039087,0.146621,0.003840,0.185052,0.003654,0.001363,0.001231
N20003767,0.047558,0.526776,0.073589,0.195937,0.010625,0.131030,0.008149,0.003358,0.002977
N20003768,0.017977,0.608600,0.032109,0.115314,0.002692,0.218784,0.002642,0.000985,0.000897
N20003769,0.151517,0.374172,0.132951,0.176527,0.032801,0.097379,0.014923,0.010459,0.009272
N20003770,0.055399,0.448545,0.147176,0.213668,0.015670,0.091432,0.019470,0.004640,0.004000
N20003771,0.230003,0.133418,0.339599,0.100540,0.084250,0.029044,0.044251,0.020306,0.018591
N20003772,0.126072,0.393562,0.139994,0.179362,0.029929,0.097282,0.015976,0.009598,0.008224
N20003773,0.408745,0.073044,0.199926,0.056186,0.146661,0.016990,0.028361,0.037481,0.032605
N20003774,0.410121,0.106757,0.162839,0.075264,0.129651,0.026719,0.022687,0.035475,0.030487
N20003775,0.602428,0.034489,0.096892,0.026018,0.139136,0.007802,0.012959,0.043983,0.036294
N20003776,0.684752,0.034969,0.026793,0.028083,0.128323,0.009475,0.003720,0.046781,0.037103
N20003777,0.614306,0.017825,0.061755,0.012117,0.180737,0.003849,0.009197,0.056790,0.043424
N20003778,0.565434,0.031648,0.124220,0.025556,0.149614,0.007163,0.016617,0.043115,0.036633
N20003779,0.531349,0.031611,0.115789,0.020973,0.182912,0.006320,0.019120,0.051205,0.040722
N20003780,0.443474,0.108740,0.140340,0.080290,0.118510,0.026376,0.018120,0.034301,0.029850
