code,Sinn Féin,DUP,Alliance,UUP,SDLP,TUV,Green,PBP,Aontú
N20000001,0.035365,0.478963,0.087670,0.203805,0.009293,0.171138,0.008627,0.002636,0.002502
N20000002,0.015550,0.496403,0.089831,0.222775,0.004840,0.159373,0.008664,0.001327,0.001237
N20000003,0.041986,0.513876,0.035635,0.193910,0.010338,0.194235,0.003955,0.003224,0.002842
N20000004,0.246493,0.172247,0.258596,0.094008,0.098640,0.050970,0.033845,0.023992,0.021209
N20000005,0.023258,0.468750,0.078967,0.255905,0.006340,0.155666,0.007635,0.001780,0.001700
N20000006,0.216347,0.286782,0.131637,0.146100,0.071083,0.096142,0.016053,0.019043,0.016813
N20000007,0.727153,0.033040,0.015571,0.025232,0.108773,0.011038,0.002011,0.042677,0.034504
N20000008,0.389493,0.164458,0.122885,0.108319,0.094774,0.054275,0.014103,0.026978,0.024715
N20000009,0.058321,0.462051,0.061100,0.220229,0.015785,0.167085,0.006636,0.004614,0.004180
N20000010,0.020545,0.430063,0.188441,0.211290,0.008052,0.117325,0.020448,0.001982,0.001854
N20000011,0.083242,0.554965,0.039965,0.172409,0.014395,0.119461,0.005447,0.005630,0.004487
N20000012,0.061341,0.473537,0.108994,0.198630,0.015070,0.121409,0.012559,0.004434,0.004027
N20000013,0.118472,0.390421,0.089233,0.222834,0.025375,0.128510,0.009922,0.007961,0.007272
N20000014,0.148158,0.307970,0.228980,0.138709,0.048412,0.073815,0.029293,0.013221,0.011441
N20000015,0.747895,0.017342,0.013100,0.011629,0.116877,0.004408,0.001973,0.050372,0.036404
N20000016,0.330087,0.129148,0.183560,0.071080,0.154037,0.027039,0.036921,0.038024,0.030106
N20000017,0.697510,0.033703,0.025281,0.021155,0.125582,0.008118,0.004296,0.047963,0.036392
N20000018,0.584382,0.027304,0.056260,0.020409,0.194599,0.006480,0.009687,0.056865,0.044014
N20000019,0.253871,0.381178,0.084073,0.106101,0.048488,0.080251,0.014239,0.018054,0.013745
N20000020,0.392229,0.198540,0.109973,0.093437,0.089801,0.046875,0.015047,0.029937,0.024160
N20000021,0.529991,0.041291,0.104290,0.032032,0.176007,0.009989,0.016441,0.049956,0.040003
N20000022,0.721330,0.012447,0.005258,0.008784,0.150770,0.003983,0.001024,0.055553,0.040850
N20000023,0.406886,0.112843,0.151997,0.071806,0.138759,0.025778,0.023713,0.037055,0.031162
N20000024,0.720598,0.038714,0.010831,0.024549,0.112256,0.013989,0.001524,0.042906,0.034633
N20000025,0.250383,0.217268,0.181552,0.135731,0.091798,0.053360,0.024642,0.024555,0.020710
N20000026,0.019404,0.459422,0.116207,0.249830,0.006562,0.133650,0.011626,0.001690,0.001610
N20000027,0.193555,0.168380,0.338908,0.092184,0.080601,0.038716,0.051249,0.019651,0.016758
N20000028,0.520344,0.120258,0.040033,0.082087,0.118969,0.041450,0.005744,0.038964,0.032151
N20000029,0.426351,0.123501,0.111719,0.083745,0.135901,0.029480,0.017798,0.039460,0.032044
N20000030,0.035827,0.364281,0.239596,0.212980,0.018006,0.093502,0.028035,0.004061,0.003712
N20000031,0.013942,0.376471,0.294210,0.186358,0.006517,0.084976,0.034639,0.001494,0.001393
N20000032,0.611384,0.026236,0.046111,0.022325,0.184499,0.006896,0.008300,0.051836,0.042413
N20000033,0.726795,0.021562,0.009008,0.017560,0.131059,0.007163,0.001393,0.047515,0.037945
N20000034,0.663618,0.028519,0.029915,0.023010,0.150963,0.008186,0.004872,0.050866,0.040051
N20000035,0.244566,0.240368,0.197146,0.113634,0.081966,0.045613,0.035006,0.023215,0.018487
N20000036,0.303508,0.257419,0.137719,0.096892,0.087659,0.039351,0.029231,0.027502,0.020719
N20000037,0.296624,0.313498,0.125618,0.089596,0.060641,0.048712,0.025626,0.022974,0.016710
N20000038,0.101996,0.194437,0.433558,0.084758,0.053291,0.032590,0.077066,0.012194,0.010111
N20000039,0.141962,0.183202,0.371851,0.099889,0.080258,0.034420,0.055685,0.017696,0.015036
N20000040,0.411312,0.222182,0.085852,0.067867,0.098929,0.031054,0.022953,0.035287,0.024564
N20000041,0.160334,0.317426,0.188380,0.155262,0.059250,0.059411,0.030365,0.016279,0.013293
N20000042,0.100781,0.284806,0.341096,0.095919,0.044855,0.050893,0.061305,0.011328,0.009017
N20000043,0.149931,0.335717,0.208775,0.125651,0.055841,0.056050,0.040360,0.015454,0.012221
N20000044,0.169356,0.291515,0.193949,0.149823,0.073577,0.052276,0.034492,0.019441,0.015572
N20000045,0.252955,0.121931,0.295990,0.080727,0.126441,0.022368,0.046367,0.028735,0.024485
N20000046,0.077119,0.525687,0.076899,0.183936,0.019337,0.094049,0.011322,0.006473,0.005176
N20000047,0.098183,0.348146,0.225779,0.180391,0.030349,0.071090,0.030216,0.008468,0.007379
N20000048,0.276888,0.186658,0.196669,0.101976,0.115604,0.036312,0.030886,0.030429,0.024578
N20000049,0.367429,0.142561,0.180740,0.071764,0.118567,0.026510,0.029183,0.035743,0.027503
N20000050,0.068744,0.463211,0.167749,0.166314,0.022272,0.073536,0.025952,0.006817,0.005404
N20000051,0.526565,0.077876,0.105193,0.035291,0.141206,0.013909,0.020236,0.045471,0.034253
N20000052,0.136628,0.440719,0.113545,0.163544,0.033548,0.075319,0.015897,0.011645,0.009157
N20000053,0.253496,0.186001,0.274865,0.088990,0.080840,0.029053,0.044191,0.023776,0.018788
N20000054,0.085396,0.480023,0.113798,0.190069,0.022919,0.076995,0.017474,0.007354,0.005972
N20000055,0.088379,0.481199,0.128978,0.170584,0.023660,0.073752,0.019320,0.007907,0.006222
N20000056,0.164769,0.374005,0.190369,0.117989,0.039522,0.059927,0.029485,0.013404,0.010529
N20000057,0.245700,0.203405,0.219385,0.114983,0.094645,0.040451,0.036906,0.024285,0.020240
N20000058,0.096078,0.489263,0.128889,0.150145,0.022976,0.081590,0.017179,0.007617,0.006262
N20000059,0.311347,0.103793,0.283513,0.042372,0.127715,0.014225,0.055127,0.035280,0.026629
N20000060,0.178529,0.283794,0.197313,0.166779,0.054392,0.064954,0.025787,0.015298,0.013155
N20000061,0.098766,0.449811,0.153635,0.150911,0.030078,0.077055,0.023220,0.009141,0.007383
N20000062,0.081533,0.541643,0.088968,0.150958,0.020048,0.091638,0.012729,0.007012,0.005471
N20000063,0.205870,0.263787,0.236435,0.100325,0.069600,0.040345,0.048958,0.019285,0.015395
N20000064,0.143316,0.314432,0.196439,0.172950,0.053213,0.064405,0.028666,0.014548,0.012031
N20000065,0.197729,0.227868,0.239106,0.140195,0.075501,0.050732,0.033200,0.019060,0.016610
N20000066,0.336297,0.119734,0.275317,0.050908,0.098994,0.019947,0.044400,0.030658,0.023744
N20000067,0.304635,0.218983,0.201925,0.090610,0.073123,0.035448,0.029994,0.025646,0.019635
N20000068,0.241824,0.329221,0.094323,0.146364,0.065181,0.070902,0.013386,0.021914,0.016885
N20000069,0.139006,0.327888,0.182684,0.189169,0.040479,0.076921,0.023135,0.010880,0.009839
N20000070,0.113900,0.310876,0.210657,0.213436,0.041468,0.062747,0.026529,0.010892,0.009495
N20000071,0.217869,0.194499,0.265770,0.098334,0.099736,0.030858,0.048293,0.024728,0.019913
N20000072,0.069612,0.223576,0.416751,0.128839,0.040318,0.046320,0.058575,0.008471,0.007539
N20000073,0.066852,0.495348,0.104191,0.197010,0.017995,0.095988,0.012223,0.005603,0.004790
N20000074,0.066046,0.528088,0.068873,0.192710,0.016348,0.108472,0.009505,0.005500,0.004458
N20000075,0.134744,0.357960,0.169105,0.171264,0.045277,0.072362,0.026225,0.012605,0.010457
N20000076,0.220670,0.180819,0.293826,0.086558,0.089736,0.032222,0.054293,0.023131,0.018746
N20000077,0.131644,0.393856,0.140618,0.177120,0.038019,0.077919,0.019609,0.011629,0.009586
N20000078,0.100644,0.476439,0.093971,0.191143,0.026263,0.082317,0.013766,0.008471,0.006987
N20000079,0.034370,0.565496,0.060802,0.212041,0.006899,0.108810,0.006980,0.002494,0.002107
N20000080,0.071809,0.343786,0.249011,0.183424,0.031515,0.069269,0.036596,0.007854,0.006737
N20000081,0.108882,0.439862,0.109642,0.193854,0.028353,0.087764,0.015309,0.008952,0.007381
N20000082,0.047509,0.556832,0.065134,0.189612,0.009972,0.116642,0.007698,0.003631,0.002969
N20000083,0.136409,0.402571,0.106205,0.202901,0.029989,0.090487,0.012840,0.010069,0.008530
N20000084,0.192066,0.303535,0.144275,0.169704,0.066184,0.069813,0.019533,0.019215,0.015675
N20000085,0.063858,0.327554,0.270134,0.203944,0.024113,0.063525,0.035361,0.006070,0.005440
N20000086,0.010014,0.421665,0.207276,0.225427,0.004009,0.108604,0.021109,0.000975,0.000922
N20000087,0.015081,0.390800,0.226106,0.197448,0.005650,0.141035,0.021164,0.001384,0.001331
N20000088,0.012700,0.380983,0.281570,0.177092,0.006165,0.108859,0.029942,0.001398,0.001290
N20000089,0.013360,0.409793,0.238895,0.184020,0.005369,0.122651,0.023383,0.001314,0.001214
N20000090,0.016837,0.372263,0.259309,0.214357,0.006844,0.098703,0.028488,0.001654,0.001544
N20000091,0.013816,0.405182,0.233616,0.194509,0.004745,0.123224,0.022605,0.001167,0.001137
N20000092,0.017424,0.410533,0.203921,0.225122,0.006836,0.109594,0.023273,0.001730,0.001567
N20000093,0.022575,0.530636,0.059625,0.261801,0.005350,0.109978,0.006665,0.001834,0.001536
N20000094,0.005295,0.144013,0.662750,0.074600,0.002750,0.044052,0.065426,0.000561,0.000553
N20000095,0.047284,0.564839,0.071187,0.191793,0.010888,0.097422,0.009493,0.003950,0.003144
N20000096,0.020177,0.490368,0.092592,0.255050,0.004600,0.125087,0.009363,0.001432,0.001331
N20000097,0.014302,0.384470,0.248731,0.217624,0.004714,0.102366,0.025395,0.001238,0.001159
N20000098,0.016343,0.508091,0.101477,0.235905,0.004590,0.119998,0.010973,0.001392,0.001231
N20000099,0.018091,0.459779,0.114750,0.263186,0.005171,0.125229,0.010997,0.001422,0.001375
N20000100,0.013306,0.429562,0.148854,0.261643,0.004535,0.125694,0.014156,0.001146,0.001105
N20000101,0.007605,0.381968,0.283205,0.189798,0.003054,0.104680,0.028248,0.000742,0.000699
N20000102,0.029899,0.410903,0.224205,0.202344,0.010807,0.089226,0.027294,0.002788,0.002533
N20000103,0.035297,0.514961,0.111484,0.212336,0.009795,0.096560,0.013986,0.002981,0.002600
N20000104,0.033390,0.534537,0.142267,0.175383,0.008912,0.082308,0.017847,0.002940,0.002416
N20000105,0.036154,0.496461,0.156037,0.193692,0.009411,0.084169,0.018639,0.002894,0.002543
N20000106,0.017362,0.422346,0.206560,0.230201,0.006768,0.089460,0.023978,0.001761,0.001564
N20000107,0.031946,0.517245,0.120472,0.190228,0.009444,0.108712,0.016553,0.002978,0.002422
N20000108,0.042738,0.528325,0.118488,0.190809,0.010515,0.087836,0.014895,0.003479,0.002916
N20000109,0.012106,0.421230,0.169831,0.252103,0.004524,0.120441,0.017568,0.001134,0.001064
N20000110,0.012409,0.453102,0.119640,0.283054,0.003575,0.114346,0.011912,0.001014,0.000947
N20000111,0.022626,0.456628,0.121332,0.264804,0.007752,0.109625,0.013222,0.002115,0.001895
N20000112,0.026032,0.554616,0.036715,0.255156,0.004652,0.115690,0.003955,0.001701,0.001484
N20000113,0.018947,0.402031,0.252321,0.181890,0.006684,0.108610,0.026155,0.001764,0.001598
N20000114,0.015328,0.431591,0.184955,0.231062,0.005594,0.108575,0.020130,0.001439,0.001327
N20000115,0.019636,0.473104,0.102547,0.248388,0.006519,0.135162,0.011245,0.001791,0.001606
N20000116,0.025373,0.466599,0.149677,0.229405,0.007820,0.098892,0.018127,0.002152,0.001955
N20000117,0.015154,0.461235,0.126132,0.273536,0.005782,0.102085,0.013242,0.001469,0.001365
N20000118,0.014390,0.452771,0.166922,0.242801,0.005093,0.096779,0.018622,0.001385,0.001237
N20000119,0.022637,0.424030,0.204659,0.227828,0.009064,0.083219,0.024248,0.002257,0.002059
N20000120,0.019878,0.457157,0.120512,0.248221,0.008011,0.128997,0.013411,0.001988,0.001825
N20000121,0.025331,0.438080,0.166355,0.204822,0.009654,0.133557,0.017499,0.002462,0.002240
N20000122,0.014444,0.409816,0.201283,0.229498,0.007764,0.110946,0.022950,0.001724,0.001576
N20000123,0.010518,0.439217,0.164029,0.245291,0.005009,0.115310,0.018343,0.001206,0.001078
N20000124,0.019034,0.387354,0.304175,0.159422,0.008832,0.083167,0.033968,0.002139,0.001909
N20000125,0.019691,0.460153,0.110006,0.252849,0.006440,0.135955,0.011558,0.001743,0.001605
N20000126,0.017841,0.162846,0.592794,0.100999,0.012116,0.029977,0.078995,0.002277,0.002155
N20000127,0.019157,0.569211,0.065543,0.207982,0.004812,0.123527,0.006853,0.001561,0.001355
N20000128,0.017712,0.307916,0.385853,0.160868,0.010196,0.063547,0.049660,0.002246,0.002003
N20000129,0.041274,0.572180,0.074338,0.191245,0.009433,0.095616,0.009774,0.003421,0.002719
N20000130,0.017848,0.401625,0.265847,0.189178,0.006909,0.082910,0.032262,0.001825,0.001595
N20000131,0.047746,0.555032,0.048584,0.217538,0.010495,0.107562,0.006272,0.003707,0.003064
N20000132,0.015537,0.063548,0.718281,0.039488,0.018754,0.009930,0.128943,0.002903,0.002615
N20000133,0.014812,0.391236,0.280859,0.182589,0.005989,0.089246,0.032397,0.001509,0.001361
N20000134,0.029461,0.178077,0.540319,0.106812,0.019440,0.036728,0.081788,0.003902,0.003472
N20000135,0.027506,0.391869,0.224281,0.223089,0.010483,0.091750,0.025993,0.002635,0.002394
N20000136,0.023163,0.423063,0.181756,0.242218,0.010193,0.092297,0.022581,0.002514,0.002215
N20000137,0.019427,0.360084,0.295236,0.199996,0.007345,0.081535,0.032884,0.001807,0.001686
N20000138,0.015418,0.529324,0.100351,0.214941,0.003738,0.123611,0.010359,0.001196,0.001063
N20000139,0.021317,0.395370,0.213090,0.242150,0.007938,0.093190,0.023078,0.002019,0.001847
N20000140,0.031811,0.099473,0.619793,0.043510,0.030297,0.015016,0.150468,0.005219,0.004413
N20000141,0.034892,0.255706,0.448306,0.118394,0.019369,0.049023,0.066377,0.004196,0.003737
N20000142,0.022269,0.637308,0.079972,0.147646,0.004819,0.095028,0.009665,0.001830,0.001463
N20000143,0.023410,0.151558,0.574544,0.106480,0.019550,0.025040,0.092906,0.003382,0.003129
N20000144,0.038114,0.457113,0.136775,0.246641,0.010815,0.085581,0.019056,0.003147,0.002757
N20000145,0.026951,0.609952,0.078302,0.170971,0.006579,0.092931,0.009945,0.002463,0.001905
N20000146,0.039211,0.594204,0.106177,0.149155,0.008304,0.083885,0.013524,0.003052,0.002488
N20000147,0.041404,0.587068,0.053369,0.197709,0.010204,0.096138,0.007573,0.003649,0.002885
N20000148,0.033898,0.490270,0.083489,0.248600,0.010378,0.118246,0.009503,0.002975,0.002641
N20000149,0.028725,0.201262,0.508814,0.122602,0.018663,0.032812,0.079968,0.003791,0.003363
N20000150,0.017392,0.628435,0.100814,0.146473,0.003628,0.090142,0.010621,0.001371,0.001124
N20000151,0.041063,0.484709,0.101213,0.245214,0.011906,0.097041,0.012106,0.003630,0.003119
N20000152,0.050959,0.219726,0.442320,0.116196,0.037631,0.036102,0.082896,0.007719,0.006450
N20000153,0.024208,0.564959,0.063723,0.223041,0.004874,0.108818,0.007146,0.001749,0.001482
N20000154,0.031340,0.601581,0.056308,0.189846,0.006937,0.102353,0.007032,0.002541,0.002062
N20000155,0.028562,0.577244,0.113205,0.177893,0.006139,0.078832,0.014119,0.002184,0.001820
N20000156,0.032489,0.424733,0.219146,0.191938,0.010942,0.087782,0.027254,0.003049,0.002666
N20000157,0.056397,0.438973,0.136411,0.222889,0.016752,0.103082,0.016396,0.004833,0.004267
N20000158,0.020504,0.150416,0.587220,0.090267,0.017066,0.023933,0.104801,0.003048,0.002745
N20000159,0.017228,0.678279,0.052168,0.155999,0.003357,0.083509,0.007004,0.001387,0.001069
N20000160,0.041758,0.229490,0.437935,0.137670,0.028735,0.049567,0.064079,0.005688,0.005078
N20000161,0.067755,0.244589,0.431443,0.102806,0.027395,0.045635,0.068020,0.006529,0.005829
N20000162,0.028760,0.219153,0.487310,0.127087,0.019380,0.041183,0.069919,0.003763,0.003445
N20000163,0.064140,0.439851,0.178796,0.170672,0.019655,0.089123,0.027297,0.005687,0.004778
N20000164,0.056807,0.243977,0.392268,0.152218,0.030744,0.050671,0.060399,0.006902,0.006014
N20000165,0.019475,0.451267,0.195151,0.212730,0.006698,0.086504,0.024842,0.001760,0.001573
N20000166,0.024973,0.103553,0.643268,0.064056,0.027936,0.016414,0.111454,0.004376,0.003969
N20000167,0.016886,0.087044,0.704189,0.052851,0.015081,0.015391,0.103630,0.002562,0.002366
N20000168,0.020429,0.523338,0.094542,0.249193,0.005786,0.091048,0.012369,0.001775,0.001519
N20000169,0.430206,0.120782,0.127781,0.064946,0.136504,0.022088,0.021979,0.043453,0.032260
N20000170,0.021962,0.499641,0.201961,0.164174,0.007654,0.070632,0.029940,0.002202,0.001834
N20000171,0.033366,0.463673,0.214586,0.168611,0.010217,0.076774,0.027179,0.003028,0.002567
N20000172,0.164013,0.141877,0.401950,0.068171,0.084193,0.022323,0.082039,0.019535,0.015899
N20000173,0.191969,0.153688,0.318725,0.113651,0.098744,0.033852,0.048090,0.022046,0.019237
N20000174,0.020614,0.625331,0.052196,0.171936,0.003710,0.118000,0.005568,0.001435,0.001210
N20000175,0.090187,0.455051,0.146462,0.159438,0.030438,0.075350,0.027218,0.008788,0.007069
N20000176,0.034549,0.503874,0.144861,0.199083,0.009670,0.083573,0.018971,0.002888,0.002531
N20000177,0.127622,0.104495,0.486797,0.052744,0.082413,0.016748,0.097313,0.017658,0.014210
N20000178,0.411263,0.143568,0.141558,0.077277,0.112899,0.027293,0.023453,0.034808,0.027882
N20000179,0.037766,0.477329,0.173752,0.188878,0.011536,0.080755,0.023700,0.003422,0.002863
N20000180,0.017945,0.631386,0.048911,0.179382,0.003701,0.110541,0.005607,0.001386,0.001140
N20000181,0.024819,0.598057,0.083575,0.190803,0.005364,0.083653,0.010176,0.001954,0.001599
N20000182,0.024663,0.615510,0.066060,0.180244,0.005107,0.096431,0.008501,0.001932,0.001554
N20000183,0.020865,0.610873,0.094096,0.162901,0.005262,0.091485,0.011278,0.001756,0.001484
N20000184,0.027164,0.594042,0.106088,0.174576,0.007023,0.071286,0.015442,0.002438,0.001941
N20000185,0.033931,0.501640,0.161125,0.175717,0.010020,0.088988,0.023133,0.002950,0.002496
N20000186,0.109373,0.338822,0.229317,0.163693,0.038350,0.064458,0.036381,0.010838,0.008768
N20000187,0.021650,0.636406,0.045619,0.190902,0.003588,0.093621,0.005526,0.001486,0.001201
N20000188,0.039301,0.236979,0.434046,0.147680,0.023843,0.042720,0.065938,0.005047,0.004446
N20000189,0.020710,0.624063,0.050061,0.191051,0.004064,0.101002,0.006154,0.001621,0.001273
N20000190,0.024634,0.587998,0.068866,0.192923,0.006153,0.106688,0.008874,0.002132,0.001731
N20000191,0.026764,0.517871,0.139169,0.186330,0.008993,0.097895,0.018197,0.002622,0.002160
N20000192,0.022916,0.513272,0.145292,0.204415,0.004965,0.090394,0.015572,0.001701,0.001473
N20000193,0.029339,0.597404,0.052133,0.202399,0.006325,0.101134,0.006886,0.002482,0.001897
N20000194,0.020417,0.638342,0.097634,0.140741,0.004770,0.082174,0.012741,0.001796,0.001384
N20000195,0.024125,0.610222,0.051768,0.196103,0.005146,0.102407,0.006638,0.002030,0.001561
N20000196,0.020835,0.580899,0.086560,0.194237,0.004725,0.099596,0.010083,0.001686,0.001380
N20000197,0.015900,0.564232,0.116311,0.209451,0.003871,0.072711,0.015085,0.001344,0.001095
N20000198,0.018163,0.537884,0.169682,0.170796,0.005666,0.074396,0.020233,0.001732,0.001448
N20000199,0.022571,0.605341,0.060235,0.196289,0.004550,0.100411,0.007437,0.001764,0.001403
N20000200,0.012918,0.543785,0.134952,0.206130,0.003722,0.079487,0.016859,0.001165,0.000981
N20000201,0.293867,0.284729,0.095137,0.121347,0.084964,0.053693,0.016204,0.028675,0.021384
N20000202,0.018235,0.606914,0.070839,0.211742,0.004092,0.075856,0.009606,0.001520,0.001197
N20000203,0.149287,0.231999,0.315551,0.104752,0.071102,0.034558,0.061387,0.017347,0.014017
N20000204,0.138359,0.259051,0.298543,0.109590,0.064089,0.040488,0.060808,0.016187,0.012885
N20000205,0.068387,0.342826,0.290175,0.162461,0.027397,0.050936,0.044334,0.007409,0.006076
N20000206,0.085661,0.355474,0.226912,0.184026,0.030673,0.069304,0.032691,0.008268,0.006992
N20000207,0.702327,0.019592,0.017045,0.012176,0.143581,0.004639,0.002704,0.057561,0.040375
N20000208,0.636418,0.024690,0.020691,0.013491,0.184709,0.004977,0.004302,0.066264,0.044460
N20000209,0.695556,0.031125,0.018405,0.019547,0.132697,0.007894,0.003143,0.053346,0.038287
N20000210,0.698155,0.021885,0.013114,0.012266,0.144777,0.004977,0.002326,0.061697,0.040802
N20000211,0.064585,0.189656,0.467497,0.113686,0.039437,0.034615,0.074958,0.008344,0.007222
N20000212,0.044031,0.524003,0.119712,0.184259,0.012072,0.091469,0.017204,0.004021,0.003230
N20000213,0.050529,0.481303,0.156123,0.183071,0.012030,0.089289,0.020360,0.003945,0.003350
N20000214,0.021366,0.516626,0.045007,0.268116,0.004700,0.136590,0.004673,0.001540,0.001382
N20000215,0.052934,0.353949,0.254379,0.197930,0.022902,0.072005,0.035267,0.005685,0.004950
N20000216,0.038436,0.480064,0.098298,0.256038,0.012090,0.096329,0.012184,0.003536,0.003025
N20000217,0.054714,0.378025,0.215533,0.204702,0.024131,0.082083,0.029745,0.005850,0.005217
N20000218,0.051817,0.428675,0.170902,0.207021,0.018361,0.091296,0.022520,0.005080,0.004327
N20000219,0.145296,0.106292,0.473254,0.070902,0.077166,0.021555,0.073861,0.016931,0.014744
N20000220,0.057215,0.353732,0.224021,0.225440,0.021644,0.082489,0.025022,0.005474,0.004963
N20000221,0.034774,0.471029,0.155610,0.213588,0.010627,0.089365,0.019172,0.003141,0.002695
N20000222,0.072127,0.428563,0.163873,0.200126,0.020639,0.081365,0.021881,0.006162,0.005263
N20000223,0.087059,0.423682,0.125095,0.231901,0.020362,0.082613,0.017025,0.006623,0.005641
N20000224,0.152091,0.304413,0.174196,0.202892,0.050066,0.067932,0.021932,0.014358,0.012120
N20000225,0.059438,0.496308,0.155457,0.160934,0.017940,0.074898,0.024816,0.005719,0.004490
N20000226,0.088718,0.301242,0.295093,0.166761,0.036114,0.052371,0.042638,0.009197,0.007866
N20000227,0.103635,0.290679,0.258215,0.182764,0.044154,0.059629,0.040359,0.011123,0.009440
N20000228,0.045797,0.501723,0.138880,0.189607,0.013266,0.084565,0.018605,0.004134,0.003423
N20000229,0.043047,0.525324,0.133279,0.185916,0.011279,0.073916,0.020415,0.003822,0.003002
N20000230,0.121598,0.389619,0.151566,0.191622,0.033943,0.070412,0.022478,0.010195,0.008567
N20000231,0.266577,0.138101,0.236969,0.091569,0.139172,0.026860,0.040939,0.032792,0.027020
N20000232,0.102069,0.094362,0.543395,0.056689,0.067505,0.017027,0.093110,0.014110,0.011733
N20000233,0.347069,0.150092,0.159578,0.093749,0.128288,0.031009,0.025117,0.036232,0.028866
N20000234,0.301765,0.109338,0.234429,0.064917,0.157538,0.020881,0.044139,0.037274,0.029718
N20000235,0.286077,0.186686,0.190793,0.113849,0.105634,0.035402,0.031490,0.027189,0.022881
N20000236,0.202454,0.233721,0.249997,0.115020,0.077406,0.041418,0.042316,0.020863,0.016806
N20000237,0.179321,0.308969,0.172749,0.161628,0.062344,0.053845,0.029401,0.017529,0.014213
N20000238,0.434848,0.054816,0.154381,0.038749,0.191600,0.011124,0.026185,0.049262,0.039036
N20000239,0.247599,0.253483,0.149151,0.152959,0.076901,0.057951,0.020501,0.022768,0.018686
N20000240,0.400925,0.124602,0.159847,0.075099,0.122802,0.024882,0.027238,0.035694,0.028911
N20000241,0.110836,0.414194,0.136667,0.180262,0.033855,0.084060,0.021508,0.010328,0.008290
N20000242,0.101875,0.446611,0.117481,0.195435,0.028688,0.074453,0.019561,0.008756,0.007141
N20000243,0.492932,0.037858,0.110201,0.024520,0.208154,0.007595,0.020911,0.055376,0.042454
N20000244,0.519915,0.036703,0.065251,0.026547,0.223419,0.008027,0.012823,0.061390,0.045926
N20000245,0.698474,0.023220,0.020031,0.016989,0.139871,0.005895,0.003290,0.052887,0.039343
N20000246,0.560765,0.029504,0.057322,0.020229,0.211058,0.006594,0.011822,0.058273,0.044432
N20000247,0.507578,0.046259,0.099309,0.028946,0.193518,0.009271,0.018674,0.055034,0.041412
N20000248,0.096376,0.359659,0.215057,0.179898,0.029353,0.074186,0.029587,0.008683,0.007203
N20000249,0.645774,0.035834,0.043967,0.028362,0.141774,0.008845,0.006521,0.050155,0.038769
N20000250,0.603838,0.025374,0.032708,0.019251,0.199278,0.006078,0.006094,0.061740,0.045639
N20000251,0.659166,0.029527,0.023128,0.021011,0.158164,0.007866,0.003880,0.055966,0.041293
N20000252,0.640399,0.033522,0.030452,0.026141,0.161857,0.008529,0.005132,0.053114,0.040853
N20000253,0.497520,0.037687,0.077559,0.029400,0.228230,0.008796,0.014641,0.060405,0.045762
N20000254,0.449098,0.023698,0.101087,0.019334,0.271627,0.005518,0.019971,0.061775,0.047893
N20000255,0.542482,0.019953,0.042761,0.013526,0.249933,0.005126,0.008922,0.067815,0.049482
N20000256,0.575331,0.028412,0.041982,0.020548,0.211360,0.006695,0.008173,0.061314,0.046184
N20000257,0.083866,0.286014,0.284566,0.168848,0.051138,0.062489,0.043071,0.010584,0.009424
N20000258,0.036252,0.294538,0.358393,0.163566,0.017977,0.079040,0.042628,0.003934,0.003671
N20000259,0.040871,0.417438,0.186964,0.217088,0.016183,0.089877,0.023713,0.004194,0.003673
N20000260,0.030358,0.298382,0.369228,0.167707,0.018154,0.057644,0.051194,0.003857,0.003476
N20000261,0.031644,0.406695,0.187926,0.217978,0.015447,0.111174,0.022354,0.003552,0.003229
N20000262,0.020429,0.293424,0.401501,0.154519,0.009945,0.072177,0.043742,0.002220,0.002042
N20000263,0.041164,0.337957,0.294003,0.176396,0.020482,0.079752,0.041414,0.004654,0.004177
N20000264,0.090388,0.238578,0.387485,0.110618,0.039850,0.051551,0.064104,0.009327,0.008100
N20000265,0.113609,0.174812,0.423281,0.099609,0.063076,0.036698,0.062823,0.014102,0.011991
N20000266,0.039219,0.359525,0.265459,0.186360,0.018356,0.090064,0.033035,0.004197,0.003785
N20000267,0.333637,0.088050,0.241939,0.060582,0.150015,0.019277,0.038525,0.037422,0.030553
N20000268,0.111355,0.253323,0.298000,0.161367,0.054172,0.056492,0.042280,0.012180,0.010830
N20000269,0.051788,0.370515,0.234339,0.199006,0.023375,0.080913,0.029386,0.005732,0.004946
N20000270,0.559031,0.073713,0.059597,0.044393,0.147864,0.017842,0.010208,0.050050,0.037302
N20000271,0.300526,0.074645,0.250740,0.045270,0.189763,0.016254,0.047922,0.041705,0.033175
N20000272,0.405636,0.074511,0.126877,0.043578,0.210594,0.015172,0.029658,0.053972,0.040002
N20000273,0.579182,0.037427,0.044084,0.025217,0.191558,0.008312,0.008561,0.061371,0.044287
N20000274,0.029521,0.406214,0.179995,0.219329,0.012414,0.126485,0.020443,0.002885,0.002713
N20000275,0.326179,0.082110,0.227970,0.052591,0.173167,0.016224,0.048211,0.041289,0.032259
N20000276,0.511439,0.085789,0.076813,0.050562,0.154348,0.020049,0.014787,0.049215,0.036998
N20000277,0.616223,0.023521,0.026687,0.017628,0.197868,0.005760,0.004976,0.061586,0.045751
N20000278,0.044529,0.415945,0.165827,0.214650,0.016232,0.115265,0.019513,0.004252,0.003786
N20000279,0.128259,0.381987,0.202356,0.113791,0.048820,0.056935,0.043868,0.013388,0.010596
N20000280,0.044491,0.422978,0.161224,0.208173,0.017557,0.116805,0.020390,0.004444,0.003937
N20000281,0.159659,0.332699,0.142932,0.193825,0.043279,0.084382,0.018818,0.013250,0.011155
N20000282,0.457880,0.122102,0.075222,0.081820,0.146677,0.029947,0.012668,0.040146,0.033538
N20000283,0.546040,0.043416,0.054364,0.028074,0.201452,0.009322,0.010950,0.061934,0.044449
N20000284,0.589715,0.023840,0.021550,0.015458,0.223333,0.005604,0.004996,0.067859,0.047645
N20000285,0.184789,0.344797,0.083288,0.194738,0.042782,0.114530,0.010016,0.013283,0.011777
N20000286,0.612816,0.022227,0.019749,0.015422,0.206404,0.005396,0.004009,0.066733,0.047243
N20000287,0.658246,0.021658,0.012280,0.015144,0.176404,0.005732,0.002352,0.063676,0.044508
N20000288,0.549076,0.110116,0.039961,0.065988,0.124923,0.024669,0.006653,0.044886,0.033730
N20000289,0.618240,0.037640,0.040230,0.023310,0.167559,0.008058,0.006957,0.056468,0.041538
N20000290,0.607998,0.039724,0.036577,0.023219,0.176710,0.009011,0.006476,0.057953,0.042332
N20000291,0.593544,0.036091,0.021120,0.026978,0.204074,0.008762,0.003738,0.060127,0.045565
N20000292,0.663933,0.017719,0.010296,0.012019,0.181849,0.004521,0.002178,0.062997,0.044488
N20000293,0.357067,0.097107,0.211899,0.074582,0.140001,0.021701,0.031703,0.035763,0.030176
N20000294,0.670518,0.014697,0.009888,0.010094,0.180652,0.003661,0.002049,0.064011,0.044431
N20000295,0.492781,0.142137,0.037834,0.099340,0.116732,0.033697,0.006094,0.040313,0.031073
N20000296,0.408576,0.205491,0.048463,0.140687,0.080665,0.057761,0.006121,0.028736,0.023500
N20000297,0.729358,0.044889,0.012711,0.021901,0.098862,0.012058,0.002206,0.045865,0.032149
N20000298,0.714574,0.016854,0.008038,0.012309,0.145913,0.004796,0.001374,0.055509,0.040634
N20000299,0.686561,0.063067,0.012643,0.047226,0.098303,0.019650,0.001771,0.039123,0.031656
N20000300,0.712573,0.030989,0.012305,0.022752,0.123725,0.008833,0.001865,0.049698,0.037260
N20000301,0.664709,0.038544,0.021986,0.026676,0.143459,0.011981,0.003495,0.050375,0.038775
N20000302,0.540374,0.140965,0.027551,0.097690,0.088645,0.039659,0.003651,0.034005,0.027461
N20000303,0.715530,0.017636,0.013698,0.011054,0.139729,0.004297,0.002371,0.056362,0.039323
N20000304,0.503360,0.135741,0.055144,0.068634,0.123906,0.028005,0.009855,0.043395,0.031960
N20000305,0.092903,0.436537,0.050036,0.238395,0.019563,0.145117,0.005582,0.006309,0.005558
N20000306,0.395144,0.158927,0.077094,0.109380,0.133990,0.041992,0.012197,0.039939,0.031339
N20000307,0.315159,0.208107,0.108307,0.141106,0.104065,0.051334,0.016959,0.030524,0.024437
N20000308,0.333460,0.339490,0.070418,0.086725,0.052973,0.065726,0.014252,0.021366,0.015590
N20000309,0.658166,0.048410,0.023890,0.022756,0.140336,0.010569,0.004937,0.053586,0.037351
N20000310,0.480897,0.171848,0.041102,0.118615,0.075277,0.053581,0.004950,0.029621,0.024108
N20000311,0.455565,0.068336,0.110474,0.045876,0.194172,0.017033,0.019008,0.049959,0.039578
N20000312,0.614725,0.036208,0.028697,0.021559,0.183296,0.008364,0.006105,0.058341,0.042704
N20000313,0.597794,0.096024,0.042683,0.027809,0.123494,0.017790,0.011265,0.050562,0.032578
N20000314,0.144943,0.422965,0.103142,0.186914,0.031112,0.075054,0.017479,0.010002,0.008388
N20000315,0.233361,0.207682,0.237113,0.073402,0.106143,0.030160,0.063071,0.028322,0.020745
N20000316,0.671725,0.042654,0.023875,0.017052,0.135311,0.007988,0.004878,0.058946,0.037570
N20000317,0.703112,0.037156,0.019110,0.018693,0.124030,0.008306,0.003837,0.050239,0.035518
N20000318,0.729801,0.032842,0.010669,0.016313,0.114648,0.007677,0.002114,0.050947,0.034988
N20000319,0.587776,0.115374,0.036378,0.036387,0.113956,0.022824,0.008201,0.047741,0.031363
N20000320,0.117141,0.492898,0.117809,0.128476,0.025697,0.078850,0.023034,0.009253,0.006842
N20000321,0.716725,0.012985,0.008505,0.007036,0.148256,0.003143,0.001683,0.061194,0.040474
N20000322,0.738538,0.016605,0.006949,0.008363,0.128761,0.003767,0.001433,0.057912,0.037673
N20000323,0.640711,0.052888,0.027597,0.018318,0.148559,0.010835,0.006975,0.056685,0.037433
N20000324,0.307526,0.351073,0.068885,0.097353,0.061051,0.058600,0.015433,0.023426,0.016655
N20000325,0.265232,0.305467,0.097893,0.132726,0.069525,0.071540,0.017145,0.022907,0.017565
N20000326,0.041557,0.625122,0.028260,0.196022,0.007383,0.092043,0.004540,0.002853,0.002220
N20000327,0.750012,0.016200,0.005948,0.009106,0.118808,0.003983,0.001008,0.057591,0.037346
N20000328,0.432201,0.195901,0.071385,0.077775,0.104557,0.042125,0.014794,0.034952,0.026309
N20000329,0.733119,0.024780,0.008426,0.014392,0.122505,0.006623,0.001630,0.051888,0.036637
N20000330,0.704554,0.038202,0.018700,0.023145,0.117746,0.009514,0.003196,0.049252,0.035692
N20000331,0.611650,0.031548,0.034419,0.023201,0.182951,0.008721,0.006102,0.057889,0.043519
N20000332,0.508479,0.115619,0.056375,0.074884,0.130556,0.027772,0.009138,0.043370,0.033806
N20000333,0.318670,0.306733,0.052877,0.149143,0.059268,0.065983,0.007794,0.022191,0.017340
N20000334,0.332518,0.155607,0.177581,0.093968,0.118558,0.035623,0.026700,0.032864,0.026582
N20000335,0.665984,0.031872,0.012209,0.020850,0.156060,0.008078,0.002459,0.060580,0.041907
N20000336,0.568870,0.080859,0.035798,0.055344,0.144947,0.022482,0.005965,0.048492,0.037244
N20000337,0.536253,0.076783,0.047474,0.053314,0.169551,0.018736,0.008704,0.050049,0.039136
N20000338,0.099441,0.412240,0.032094,0.224937,0.017415,0.199576,0.002886,0.005986,0.005426
N20000339,0.554263,0.118165,0.042059,0.069019,0.106864,0.030788,0.006727,0.041122,0.030993
N20000340,0.128816,0.412465,0.013154,0.256481,0.013991,0.162596,0.001307,0.005913,0.005278
N20000341,0.579898,0.083918,0.037832,0.058559,0.127219,0.025806,0.005630,0.045804,0.035333
N20000342,0.714061,0.021410,0.009120,0.013344,0.138064,0.006752,0.001472,0.056117,0.039660
N20000343,0.421976,0.215655,0.031699,0.139948,0.058768,0.085191,0.003535,0.023362,0.019867
N20000344,0.508383,0.164747,0.024668,0.110189,0.069310,0.069706,0.002701,0.027000,0.023295
N20000345,0.720608,0.058603,0.011862,0.039122,0.077373,0.026441,0.001363,0.036047,0.028581
N20000346,0.564800,0.126322,0.031330,0.079970,0.084437,0.047219,0.003803,0.034473,0.027646
N20000347,0.746888,0.034144,0.005467,0.022597,0.098409,0.012642,0.000823,0.045609,0.033422
N20000348,0.712230,0.024998,0.009095,0.013753,0.137710,0.006759,0.001804,0.055264,0.038388
N20000349,0.720175,0.028592,0.009600,0.014962,0.125659,0.006711,0.001874,0.055236,0.037191
N20000350,0.726501,0.017650,0.007467,0.010612,0.135710,0.004342,0.001397,0.057221,0.039100
N20000351,0.713780,0.039823,0.010464,0.016943,0.117391,0.008446,0.002211,0.055505,0.035438
N20000352,0.719228,0.034257,0.016084,0.016821,0.116508,0.007357,0.002990,0.051471,0.035283
N20000353,0.767133,0.037807,0.006427,0.024700,0.079314,0.013320,0.000867,0.040453,0.029978
N20000354,0.704223,0.044713,0.016743,0.033629,0.107403,0.015746,0.002263,0.041614,0.033665
N20000355,0.707655,0.010626,0.008644,0.008467,0.161546,0.003262,0.001515,0.056147,0.042137
N20000356,0.410719,0.237334,0.029091,0.131032,0.075633,0.062261,0.003724,0.027670,0.022535
N20000357,0.012250,0.624183,0.006131,0.195456,0.001125,0.159364,0.000549,0.000489,0.000454
N20000358,0.145557,0.437821,0.028768,0.213152,0.022223,0.133578,0.003063,0.008568,0.007270
N20000359,0.013333,0.636566,0.023264,0.159862,0.002372,0.160747,0.002312,0.000811,0.000733
N20000360,0.261397,0.322230,0.060788,0.182156,0.045214,0.092074,0.006738,0.015639,0.013764
N20000361,0.525766,0.123831,0.055380,0.069662,0.114377,0.032801,0.008194,0.038732,0.031257
N20000362,0.047644,0.577530,0.017303,0.176427,0.005524,0.169706,0.001648,0.002219,0.002000
N20000363,0.052125,0.510041,0.036910,0.244949,0.008353,0.138211,0.003782,0.002966,0.002663
N20000364,0.120731,0.426229,0.057950,0.234475,0.027269,0.110394,0.006513,0.008829,0.007610
N20000365,0.039380,0.524829,0.031355,0.254466,0.006188,0.136116,0.003388,0.002262,0.002015
N20000366,0.050084,0.499429,0.047531,0.230770,0.009103,0.152842,0.004401,0.003061,0.002780
N20000367,0.176408,0.391274,0.054071,0.203130,0.026363,0.124801,0.005716,0.009702,0.008536
N20000368,0.066414,0.592919,0.042570,0.150673,0.011957,0.119705,0.007690,0.004570,0.003503
N20000369,0.083801,0.494333,0.034619,0.182302,0.010722,0.183056,0.003351,0.004105,0.003711
N20000370,0.689689,0.023140,0.019440,0.015970,0.146512,0.005791,0.003296,0.055998,0.040163
N20000371,0.678162,0.021265,0.020192,0.012560,0.158724,0.004526,0.003849,0.059435,0.041286
N20000372,0.696203,0.023262,0.016995,0.016284,0.147216,0.006404,0.003070,0.051193,0.039372
N20000373,0.731717,0.021101,0.008034,0.011182,0.128461,0.004774,0.001654,0.055684,0.037392
N20000374,0.646475,0.021989,0.034947,0.011739,0.171163,0.004646,0.006661,0.060282,0.042098
N20000375,0.677296,0.033460,0.016435,0.011900,0.147928,0.005756,0.004295,0.063976,0.038954
N20000376,0.678743,0.056393,0.030604,0.020459,0.111530,0.010761,0.006024,0.052122,0.033365
N20000377,0.116334,0.489951,0.104645,0.143520,0.025184,0.080558,0.024330,0.008860,0.006618
N20000378,0.731663,0.017276,0.012532,0.012003,0.130065,0.004454,0.002085,0.051949,0.037973
N20000379,0.614337,0.056714,0.045147,0.021034,0.147594,0.009855,0.010233,0.057805,0.037281
N20000380,0.642836,0.040313,0.024131,0.024300,0.156607,0.009004,0.004410,0.057445,0.040954
N20000381,0.701159,0.060216,0.012486,0.022575,0.105196,0.011771,0.002938,0.050916,0.032744
N20000382,0.615326,0.105611,0.034206,0.026442,0.112347,0.016711,0.010227,0.048455,0.030675
N20000383,0.078317,0.450757,0.049954,0.256297,0.016124,0.133018,0.005550,0.005333,0.004649
N20000384,0.025150,0.440036,0.233049,0.166961,0.009088,0.092096,0.029313,0.002262,0.002046
N20000385,0.026615,0.672256,0.062871,0.125442,0.005094,0.094430,0.009765,0.002015,0.001512
N20000386,0.641166,0.092871,0.023176,0.023153,0.113598,0.015480,0.007253,0.051765,0.031539
N20000387,0.026179,0.601732,0.043935,0.212807,0.004357,0.102280,0.005695,0.001651,0.001364
N20000388,0.021884,0.695510,0.035675,0.142094,0.003497,0.092865,0.005873,0.001489,0.001113
N20000389,0.053454,0.610585,0.042268,0.174660,0.008780,0.096649,0.007422,0.003487,0.002695
N20000390,0.057439,0.640868,0.043330,0.145571,0.009356,0.088849,0.007754,0.003917,0.002916
N20000391,0.056827,0.633395,0.043932,0.150861,0.011188,0.087749,0.008389,0.004449,0.003210
N20000392,0.035304,0.606150,0.044096,0.192069,0.006152,0.105968,0.006010,0.002353,0.001898
N20000393,0.079603,0.524649,0.092616,0.173643,0.014995,0.087300,0.017553,0.005415,0.004226
N20000394,0.026102,0.666841,0.032548,0.152164,0.004349,0.110393,0.004501,0.001732,0.001370
N20000395,0.241005,0.451289,0.070982,0.079855,0.037308,0.071700,0.021048,0.016097,0.010715
N20000396,0.030932,0.631210,0.040093,0.184809,0.005366,0.097430,0.006339,0.002173,0.001647
N20000397,0.014995,0.566490,0.050830,0.229877,0.003592,0.126468,0.005644,0.001113,0.000993
N20000398,0.148684,0.500275,0.086524,0.118911,0.035424,0.066452,0.022610,0.012292,0.008828
N20000399,0.050752,0.619244,0.036800,0.172771,0.007513,0.101765,0.005531,0.003185,0.002438
N20000400,0.224462,0.410894,0.118881,0.081045,0.047859,0.050138,0.035996,0.018400,0.012325
N20000401,0.620324,0.095695,0.030866,0.052111,0.098093,0.031580,0.004130,0.037092,0.030111
N20000402,0.049479,0.594145,0.051487,0.172317,0.009082,0.109119,0.008255,0.003423,0.002692
N20000403,0.238740,0.466185,0.059025,0.086038,0.042589,0.060406,0.017207,0.017953,0.011858
N20000404,0.038788,0.576797,0.050848,0.202026,0.006484,0.113723,0.006858,0.002470,0.002005
N20000405,0.071670,0.491576,0.099675,0.196139,0.014932,0.101754,0.015191,0.004940,0.004123
N20000406,0.014863,0.562969,0.023211,0.252695,0.002571,0.139208,0.002687,0.000981,0.000816
N20000407,0.032550,0.582199,0.044728,0.206118,0.006651,0.117199,0.006307,0.002348,0.001900
N20000408,0.053915,0.517253,0.050040,0.253711,0.015075,0.094586,0.006972,0.004598,0.003850
N20000409,0.020684,0.544496,0.034398,0.257478,0.002985,0.134315,0.003479,0.001160,0.001005
N20000410,0.059512,0.547859,0.057558,0.192784,0.009086,0.118382,0.008403,0.003556,0.002861
N20000411,0.179873,0.408110,0.137404,0.109470,0.049174,0.053495,0.034816,0.016008,0.011651
N20000412,0.051847,0.534198,0.044256,0.202017,0.009377,0.145798,0.006340,0.003398,0.002770
N20000413,0.067695,0.555965,0.074303,0.160929,0.013116,0.107002,0.012337,0.004871,0.003783
N20000414,0.035712,0.478196,0.079730,0.279198,0.008604,0.104217,0.009356,0.002637,0.002348
N20000415,0.040308,0.542871,0.049091,0.226113,0.007536,0.122871,0.006263,0.002687,0.002259
N20000416,0.115851,0.353498,0.143534,0.232164,0.026724,0.097273,0.015492,0.008161,0.007304
N20000417,0.020766,0.555799,0.052197,0.247781,0.004865,0.109207,0.006460,0.001574,0.001350
N20000418,0.192441,0.377248,0.071138,0.144185,0.035595,0.148951,0.007616,0.012232,0.010596
N20000419,0.040123,0.466033,0.060330,0.260358,0.007735,0.154468,0.006044,0.002601,0.002308
N20000420,0.023903,0.476913,0.066702,0.259373,0.005409,0.158289,0.006270,0.001629,0.001512
N20000421,0.581325,0.091897,0.040586,0.057002,0.118212,0.028137,0.005656,0.043597,0.033588
N20000422,0.647919,0.067987,0.034721,0.038922,0.107406,0.026466,0.004167,0.039795,0.032617
N20000423,0.707434,0.019475,0.015303,0.016049,0.141043,0.005560,0.002345,0.052808,0.039983
N20000424,0.662420,0.034470,0.029829,0.024528,0.143718,0.010078,0.004438,0.051089,0.039429
N20000425,0.626112,0.028839,0.025746,0.016503,0.183392,0.006419,0.005652,0.063571,0.043765
N20000426,0.746655,0.016893,0.007553,0.013671,0.121005,0.004986,0.001171,0.050705,0.037361
N20000427,0.620717,0.012443,0.031366,0.010245,0.206344,0.003162,0.005319,0.063158,0.047246
N20000428,0.682420,0.022225,0.020483,0.016915,0.152109,0.005598,0.003322,0.056064,0.040863
N20000429,0.695459,0.021806,0.014649,0.013863,0.147698,0.005524,0.002602,0.057994,0.040405
N20000430,0.037876,0.517313,0.068498,0.173406,0.006058,0.185501,0.007278,0.002168,0.001901
N20000431,0.736836,0.017528,0.010072,0.009343,0.125409,0.003918,0.001787,0.057248,0.037860
N20000432,0.734802,0.014162,0.009621,0.007507,0.130317,0.003118,0.001704,0.059873,0.038897
N20000433,0.446462,0.132769,0.132362,0.053659,0.117535,0.023889,0.029223,0.035936,0.028166
N20000434,0.420700,0.189588,0.102931,0.070841,0.100820,0.030600,0.022142,0.036556,0.025822
N20000435,0.562498,0.040656,0.074997,0.021575,0.180796,0.007965,0.016908,0.054427,0.040177
N20000436,0.412876,0.192680,0.100931,0.081482,0.099897,0.032123,0.022802,0.032346,0.024863
N20000437,0.440577,0.097837,0.123362,0.040217,0.167511,0.018061,0.027933,0.049319,0.035183
N20000438,0.322622,0.244990,0.139178,0.100044,0.079226,0.038573,0.031316,0.024558,0.019492
N20000439,0.703862,0.020743,0.018716,0.011200,0.139781,0.004421,0.003585,0.058483,0.039208
N20000440,0.116089,0.556644,0.057063,0.108920,0.019522,0.118466,0.009745,0.007699,0.005852
N20000441,0.621277,0.072207,0.038634,0.031067,0.131646,0.015489,0.008212,0.046901,0.034569
N20000442,0.650885,0.078592,0.032820,0.034411,0.104327,0.016094,0.005870,0.045085,0.031916
N20000443,0.104152,0.400935,0.212508,0.123027,0.031221,0.073348,0.038225,0.009235,0.007349
N20000444,0.320243,0.354995,0.074858,0.077758,0.058075,0.054484,0.021180,0.022519,0.015889
N20000445,0.469239,0.043444,0.128096,0.019816,0.204207,0.006988,0.032164,0.056053,0.039992
N20000446,0.120035,0.440248,0.102238,0.190902,0.024874,0.091089,0.015416,0.008291,0.006908
N20000447,0.252125,0.258056,0.189724,0.094174,0.080102,0.041322,0.043228,0.023239,0.018030
N20000448,0.692948,0.030666,0.024033,0.019497,0.133830,0.007628,0.004221,0.049914,0.037263
N20000449,0.657591,0.047562,0.031496,0.024389,0.135863,0.009624,0.006271,0.050634,0.036570
N20000450,0.021861,0.502128,0.071326,0.275287,0.005581,0.112064,0.008551,0.001709,0.001493
N20000451,0.069098,0.452745,0.142215,0.170460,0.021684,0.110889,0.021617,0.006212,0.005079
N20000452,0.679684,0.033171,0.032125,0.019398,0.134153,0.007089,0.006117,0.050999,0.037264
N20000453,0.652075,0.045254,0.036251,0.025911,0.138080,0.009700,0.006761,0.049135,0.036833
N20000454,0.687762,0.033664,0.015862,0.019658,0.139924,0.007235,0.003005,0.054463,0.038426
N20000455,0.045896,0.439875,0.179637,0.200192,0.015055,0.085770,0.026051,0.003997,0.003527
N20000456,0.041133,0.435631,0.163377,0.226120,0.012868,0.092192,0.022067,0.003517,0.003094
N20000457,0.036960,0.489073,0.126260,0.186176,0.010006,0.128967,0.017060,0.002958,0.002540
N20000458,0.269019,0.269714,0.115874,0.170835,0.061200,0.062754,0.015281,0.018872,0.016450
N20000459,0.051096,0.453611,0.150488,0.198372,0.013644,0.104299,0.020780,0.004233,0.003479
N20000460,0.046909,0.414926,0.198129,0.183766,0.014607,0.105991,0.028151,0.004054,0.003466
N20000461,0.034291,0.481579,0.142102,0.176446,0.010036,0.131529,0.018618,0.002915,0.002483
N20000462,0.016238,0.468311,0.140526,0.228053,0.005914,0.121422,0.016632,0.001537,0.001368
N20000463,0.018658,0.493403,0.122198,0.204422,0.004354,0.142306,0.012112,0.001336,0.001211
N20000464,0.017099,0.350606,0.323415,0.165374,0.006789,0.095602,0.037991,0.001623,0.001500
N20000465,0.275016,0.287151,0.090910,0.185906,0.053720,0.061660,0.010823,0.019026,0.015788
N20000466,0.033908,0.611780,0.039407,0.165392,0.004726,0.136269,0.004944,0.001980,0.001594
N20000467,0.319147,0.171077,0.184716,0.105527,0.101415,0.041642,0.026277,0.026985,0.023213
N20000468,0.069482,0.556200,0.080310,0.152963,0.014354,0.103242,0.014386,0.005096,0.003968
N20000469,0.020721,0.516685,0.069871,0.258387,0.004772,0.119607,0.007156,0.001457,0.001343
N20000470,0.017387,0.528512,0.067488,0.200647,0.003354,0.174017,0.006481,0.001107,0.001006
N20000471,0.011113,0.498262,0.115833,0.221768,0.003301,0.135204,0.012750,0.000931,0.000839
N20000472,0.032027,0.550692,0.056176,0.183609,0.006961,0.159027,0.007212,0.002339,0.001957
N20000473,0.107080,0.366044,0.163331,0.194833,0.036034,0.092234,0.021917,0.010063,0.008465
N20000474,0.029456,0.523925,0.057881,0.223450,0.005870,0.150224,0.005562,0.001893,0.001739
N20000475,0.014889,0.521082,0.091336,0.219810,0.003893,0.137082,0.009759,0.001110,0.001040
N20000476,0.614025,0.060568,0.053927,0.050355,0.119457,0.016852,0.007654,0.042823,0.034339
N20000477,0.706368,0.016721,0.013907,0.013168,0.149356,0.004687,0.002289,0.052875,0.040630
N20000478,0.579412,0.046444,0.078282,0.040620,0.147222,0.013871,0.011266,0.045491,0.037393
N20000479,0.755558,0.018585,0.015310,0.014690,0.108724,0.005214,0.002164,0.045009,0.034745
N20000480,0.679898,0.014023,0.021888,0.012584,0.165623,0.003962,0.003411,0.055810,0.042801
N20000481,0.709746,0.019854,0.020648,0.016163,0.135258,0.005607,0.003185,0.050566,0.038974
N20000482,0.345235,0.104043,0.236529,0.084115,0.114918,0.025164,0.032237,0.031167,0.026593
N20000483,0.610868,0.013021,0.018675,0.010357,0.222677,0.003484,0.003904,0.068029,0.048985
N20000484,0.635541,0.014153,0.021451,0.010982,0.200646,0.003548,0.004218,0.063316,0.046146
N20000485,0.682013,0.012049,0.008906,0.008775,0.173890,0.003149,0.001716,0.064855,0.044647
N20000486,0.682903,0.013519,0.010420,0.009765,0.173798,0.003709,0.002031,0.060156,0.043698
N20000487,0.676515,0.013295,0.015464,0.011282,0.173849,0.003857,0.002575,0.058814,0.044349
N20000488,0.306588,0.119730,0.230243,0.072037,0.142111,0.029029,0.040539,0.032242,0.027481
N20000489,0.738174,0.016643,0.008985,0.013616,0.126280,0.004696,0.001369,0.052080,0.038157
N20000490,0.734581,0.013038,0.007732,0.007277,0.133472,0.003019,0.001393,0.060225,0.039262
N20000491,0.754845,0.015201,0.009109,0.010158,0.116200,0.003921,0.001467,0.052517,0.036583
N20000492,0.731413,0.012739,0.005568,0.008820,0.137821,0.003319,0.001020,0.059197,0.040103
N20000493,0.561093,0.010315,0.029554,0.007911,0.260694,0.002479,0.006872,0.070352,0.050730
N20000494,0.750213,0.011137,0.003725,0.006586,0.127613,0.002942,0.000693,0.058734,0.038357
N20000495,0.673741,0.014062,0.013893,0.010431,0.176027,0.003777,0.002610,0.061190,0.044269
N20000496,0.631985,0.019557,0.026121,0.012400,0.192092,0.004215,0.005560,0.063279,0.044790
N20000497,0.651524,0.012095,0.014149,0.009804,0.196358,0.003354,0.002678,0.063388,0.046650
N20000498,0.574867,0.073551,0.050737,0.022005,0.155656,0.014621,0.013849,0.057919,0.036795
N20000499,0.738513,0.013055,0.006867,0.009831,0.132559,0.003706,0.001152,0.055084,0.039231
N20000500,0.653153,0.040386,0.036636,0.019953,0.142814,0.009335,0.007577,0.052740,0.037407
N20000501,0.044358,0.271212,0.399277,0.145476,0.021452,0.061505,0.047809,0.004607,0.004305
N20000502,0.085804,0.331085,0.237543,0.207439,0.030806,0.060330,0.032004,0.007980,0.007009
N20000503,0.712626,0.016607,0.010157,0.012189,0.143402,0.004240,0.001761,0.058214,0.040804
N20000504,0.657390,0.080924,0.025921,0.025064,0.108081,0.016941,0.006461,0.047845,0.031372
N20000505,0.713728,0.019974,0.009888,0.010147,0.140863,0.004054,0.002167,0.059852,0.039328
N20000506,0.659389,0.041835,0.022140,0.015320,0.150013,0.007571,0.005832,0.059373,0.038528
N20000507,0.105683,0.401430,0.169172,0.169566,0.031018,0.083725,0.022479,0.009281,0.007646
N20000508,0.705062,0.029082,0.016329,0.013570,0.133117,0.006767,0.003272,0.055441,0.037361
N20000509,0.634509,0.040403,0.036927,0.014523,0.158689,0.007409,0.009096,0.059630,0.038814
N20000510,0.043258,0.407973,0.217885,0.172228,0.015908,0.108053,0.027137,0.003994,0.003565
N20000511,0.726330,0.012317,0.007490,0.008272,0.143072,0.003157,0.001392,0.057824,0.040148
N20000512,0.678611,0.063694,0.015329,0.022972,0.117401,0.012313,0.003671,0.051698,0.034312
N20000513,0.108595,0.280952,0.281892,0.169453,0.040446,0.061000,0.038193,0.010408,0.009060
N20000514,0.046312,0.477731,0.159101,0.188419,0.011789,0.088129,0.021966,0.003497,0.003056
N20000515,0.222875,0.438238,0.071961,0.109300,0.044427,0.067546,0.016224,0.017113,0.012316
N20000516,0.655340,0.015674,0.018520,0.008503,0.185371,0.003146,0.003771,0.065145,0.044529
N20000517,0.021028,0.558555,0.043761,0.213604,0.003565,0.152755,0.004296,0.001303,0.001133
N20000518,0.015594,0.457237,0.155422,0.229058,0.005284,0.118238,0.016527,0.001368,0.001272
N20000519,0.061027,0.596642,0.037051,0.187452,0.009830,0.095208,0.005740,0.003928,0.003123
N20000520,0.017673,0.477074,0.137555,0.218489,0.004867,0.127403,0.014301,0.001371,0.001266
N20000521,0.123621,0.388189,0.135086,0.174416,0.034659,0.108704,0.016855,0.009860,0.008611
N20000522,0.744701,0.015486,0.006283,0.010621,0.125519,0.004232,0.001104,0.053959,0.038095
N20000523,0.036382,0.549372,0.065721,0.211006,0.007321,0.117592,0.008050,0.002437,0.002119
N20000524,0.635504,0.042649,0.038702,0.021042,0.150624,0.007756,0.007510,0.056988,0.039225
N20000525,0.433169,0.207663,0.073176,0.087727,0.090722,0.035959,0.013321,0.033588,0.024675
N20000526,0.087301,0.499463,0.150691,0.121990,0.022197,0.075518,0.030053,0.007174,0.005614
N20000527,0.144052,0.515786,0.088781,0.117297,0.026712,0.070306,0.019082,0.010327,0.007657
N20000528,0.733233,0.018904,0.007207,0.010864,0.127618,0.004631,0.001328,0.057921,0.038294
N20000529,0.055153,0.558554,0.092305,0.156745,0.011759,0.104524,0.013530,0.004121,0.003310
N20000530,0.684058,0.020243,0.017334,0.014230,0.158480,0.005284,0.003089,0.056121,0.041162
N20000531,0.020835,0.480440,0.184121,0.178508,0.007546,0.102465,0.022352,0.001988,0.001744
N20000532,0.702035,0.019327,0.015582,0.009230,0.145700,0.004465,0.003293,0.060786,0.039582
N20000533,0.041568,0.543378,0.116063,0.170933,0.009446,0.095788,0.017262,0.003006,0.002557
N20000534,0.070975,0.582105,0.065359,0.161065,0.013546,0.086828,0.011051,0.005090,0.003980
N20000535,0.700029,0.021982,0.010375,0.013010,0.150695,0.005303,0.002163,0.056295,0.040148
N20000536,0.684478,0.030505,0.016762,0.017066,0.146796,0.007238,0.003471,0.054705,0.038978
N20000537,0.042688,0.519646,0.089597,0.195176,0.010624,0.124282,0.011940,0.003266,0.002781
N20000538,0.686055,0.017035,0.015932,0.011647,0.161134,0.004159,0.002847,0.059070,0.042121
N20000539,0.042075,0.648515,0.033752,0.155809,0.006562,0.103522,0.004915,0.002732,0.002117
N20000540,0.055397,0.648512,0.036536,0.134159,0.007490,0.106299,0.005764,0.003301,0.002544
N20000541,0.742455,0.015010,0.005979,0.009220,0.128437,0.003817,0.001117,0.055913,0.038052
N20000542,0.039372,0.549737,0.036701,0.217540,0.006355,0.141318,0.004652,0.002336,0.001989
N20000543,0.747145,0.017245,0.008900,0.011906,0.119843,0.004433,0.001450,0.052137,0.036942
N20000544,0.020018,0.630455,0.030746,0.179214,0.003692,0.129691,0.003665,0.001375,0.001143
N20000545,0.025285,0.496649,0.082415,0.218965,0.004834,0.160991,0.007858,0.001564,0.001438
N20000546,0.033605,0.608075,0.060926,0.172689,0.006121,0.107116,0.007346,0.002259,0.001863
N20000547,0.031993,0.472612,0.134736,0.175241,0.006802,0.160199,0.014336,0.002173,0.001908
N20000548,0.036865,0.648776,0.033811,0.137893,0.005679,0.128314,0.004603,0.002245,0.001815
N20000549,0.020937,0.479337,0.099784,0.214161,0.004675,0.168509,0.009877,0.001413,0.001308
N20000550,0.023397,0.534831,0.117330,0.195769,0.006158,0.104716,0.014306,0.001863,0.001629
N20000551,0.023023,0.478493,0.091867,0.220049,0.007303,0.165783,0.009719,0.001981,0.001782
N20000552,0.021469,0.467185,0.160864,0.188548,0.005796,0.136998,0.015954,0.001659,0.001527
N20000553,0.021392,0.530700,0.109112,0.165810,0.005177,0.153173,0.011621,0.001593,0.001422
N20000554,0.025374,0.465633,0.147295,0.183058,0.007774,0.152225,0.014575,0.002122,0.001944
N20000555,0.022045,0.525383,0.087595,0.213860,0.005677,0.132377,0.009793,0.001734,0.001536
N20000556,0.034941,0.515268,0.084834,0.207354,0.008687,0.134300,0.009593,0.002672,0.002351
N20000557,0.023000,0.459103,0.142351,0.219296,0.009474,0.127083,0.015373,0.002243,0.002077
N20000558,0.024780,0.490362,0.079287,0.255963,0.006598,0.130720,0.008647,0.001896,0.001748
N20000559,0.017727,0.506293,0.057736,0.244676,0.004425,0.160257,0.006355,0.001330,0.001202
N20000560,0.039357,0.414455,0.190595,0.192238,0.013915,0.119960,0.022658,0.003594,0.003229
N20000561,0.019259,0.438566,0.185407,0.208617,0.006979,0.118002,0.019812,0.001742,0.001617
N20000562,0.027945,0.421595,0.142824,0.228080,0.008048,0.152992,0.014357,0.002124,0.002035
N20000563,0.060470,0.230772,0.410950,0.132140,0.022369,0.088793,0.044330,0.005200,0.004975
N20000564,0.029370,0.435366,0.168475,0.202987,0.007453,0.134286,0.017868,0.002187,0.002008
N20000565,0.069681,0.382800,0.181425,0.203050,0.021945,0.107742,0.022111,0.005956,0.005290
N20000566,0.047384,0.547614,0.068682,0.190118,0.008440,0.124564,0.007557,0.003027,0.002614
N20000567,0.024986,0.500809,0.076855,0.221649,0.005004,0.159873,0.007628,0.001697,0.001499
N20000568,0.029806,0.278474,0.381546,0.152457,0.014000,0.093338,0.044355,0.003140,0.002884
N20000569,0.057577,0.459525,0.113526,0.209911,0.013674,0.126154,0.011736,0.004131,0.003765
N20000570,0.065027,0.450698,0.179560,0.167846,0.017700,0.086471,0.022618,0.005514,0.004565
N20000571,0.060267,0.324534,0.285997,0.166904,0.018380,0.101599,0.032939,0.004900,0.004480
N20000572,0.022881,0.435538,0.157424,0.208251,0.007298,0.148400,0.016420,0.001978,0.001812
N20000573,0.045739,0.333114,0.340622,0.151776,0.016322,0.060825,0.043870,0.004029,0.003704
N20000574,0.045901,0.481165,0.152620,0.188343,0.011918,0.095422,0.017761,0.003680,0.003190
N20000575,0.021319,0.349602,0.354725,0.144045,0.007643,0.082776,0.036253,0.001865,0.001771
N20000576,0.021655,0.410052,0.261596,0.172754,0.008269,0.092616,0.029186,0.002007,0.001864
N20000577,0.047517,0.373417,0.253749,0.169020,0.019268,0.097436,0.030925,0.004493,0.004174
N20000578,0.044390,0.301571,0.371373,0.137311,0.018682,0.073323,0.045031,0.004331,0.003988
N20000579,0.031915,0.418526,0.186286,0.209603,0.010937,0.117360,0.019910,0.002851,0.002613
N20000580,0.039176,0.455344,0.140733,0.203894,0.010537,0.129376,0.015081,0.003074,0.002785
N20000581,0.022995,0.529202,0.071094,0.255916,0.004643,0.105426,0.007863,0.001489,0.001372
N20000582,0.038162,0.358215,0.215185,0.200055,0.014697,0.144083,0.022746,0.003529,0.003328
N20000583,0.039843,0.416237,0.109491,0.230951,0.010993,0.175740,0.010830,0.003054,0.002862
N20000584,0.048525,0.477211,0.145041,0.162703,0.013874,0.128569,0.016677,0.003890,0.003509
N20000585,0.060344,0.442490,0.089782,0.223399,0.017376,0.147592,0.009735,0.004887,0.004397
N20000586,0.018806,0.397469,0.226487,0.206265,0.006141,0.121446,0.020315,0.001571,0.001500
N20000587,0.042547,0.483565,0.128754,0.161675,0.011509,0.152132,0.013518,0.003292,0.003008
N20000588,0.038184,0.422706,0.109998,0.243506,0.010326,0.158463,0.011163,0.002921,0.002733
N20000589,0.040263,0.513024,0.033745,0.201705,0.007405,0.195744,0.003356,0.002466,0.002292
N20000590,0.158064,0.353973,0.123808,0.168851,0.033611,0.128512,0.013151,0.010452,0.009578
N20000591,0.083592,0.417366,0.054168,0.167091,0.012854,0.252006,0.004449,0.004272,0.004200
N20000592,0.224379,0.272014,0.155240,0.155109,0.049793,0.097476,0.017350,0.014937,0.013702
N20000593,0.116928,0.418809,0.044702,0.196165,0.020419,0.184932,0.004583,0.007082,0.006380
N20000594,0.061590,0.380817,0.214657,0.161067,0.017619,0.131671,0.023300,0.004849,0.004430
N20000595,0.137407,0.285165,0.237148,0.167684,0.044461,0.076879,0.028765,0.011992,0.010499
N20000596,0.691336,0.035361,0.035017,0.026613,0.117556,0.009378,0.004522,0.044765,0.035451
N20000597,0.453247,0.098268,0.135559,0.071898,0.129421,0.023380,0.020353,0.036593,0.031281
N20000598,0.447099,0.171818,0.081811,0.089563,0.100191,0.034882,0.012688,0.035043,0.026906
N20000599,0.068668,0.399105,0.180665,0.199343,0.022925,0.094964,0.022676,0.006228,0.005426
N20000600,0.458523,0.096250,0.127813,0.064124,0.138504,0.021791,0.019101,0.040815,0.033079
N20000601,0.265848,0.320784,0.080356,0.158631,0.052387,0.076771,0.011259,0.018859,0.015105
N20000602,0.177629,0.298265,0.147682,0.190881,0.044624,0.100218,0.015739,0.013271,0.011691
N20000603,0.059344,0.485128,0.103643,0.201611,0.013250,0.117252,0.011677,0.004342,0.003753
N20000604,0.033324,0.271766,0.353768,0.214699,0.021873,0.051499,0.045006,0.004180,0.003884
N20000605,0.499821,0.146310,0.049745,0.107037,0.085242,0.048826,0.005999,0.030855,0.026165
N20000606,0.348909,0.216025,0.089857,0.141942,0.077584,0.068853,0.010502,0.025033,0.021295
N20000607,0.192327,0.229388,0.230040,0.137494,0.089787,0.048875,0.032498,0.021424,0.018167
N20000608,0.138384,0.299613,0.181795,0.198444,0.058782,0.070083,0.026675,0.013855,0.012369
N20000609,0.151978,0.264828,0.215359,0.178562,0.065723,0.061345,0.032173,0.016117,0.013915
N20000610,0.077621,0.386873,0.152010,0.236790,0.025920,0.088853,0.018708,0.007044,0.006182
N20000611,0.242689,0.358117,0.062398,0.172361,0.048187,0.076428,0.008832,0.017141,0.013848
N20000612,0.247632,0.346099,0.087238,0.163712,0.044614,0.069280,0.011309,0.016603,0.013513
N20000613,0.103192,0.386823,0.163945,0.194875,0.027034,0.089162,0.019798,0.008088,0.007082
N20000614,0.098936,0.343716,0.181395,0.199678,0.036475,0.100646,0.022090,0.008881,0.008182
N20000615,0.421563,0.228753,0.071982,0.098112,0.074579,0.040441,0.011403,0.030470,0.022697
N20000616,0.281775,0.344935,0.064200,0.141361,0.052958,0.068891,0.009834,0.020343,0.015703
N20000617,0.183037,0.258920,0.217050,0.174532,0.059262,0.052218,0.025717,0.015392,0.013872
N20000618,0.251447,0.310167,0.130052,0.139995,0.052974,0.065535,0.016695,0.018122,0.015013
N20000619,0.486214,0.159678,0.092325,0.074480,0.082650,0.034104,0.013705,0.031954,0.024890
N20000620,0.201759,0.299879,0.192463,0.117459,0.065215,0.057287,0.031131,0.019444,0.015363
N20000621,0.225860,0.175445,0.287274,0.106436,0.087176,0.037598,0.038707,0.022339,0.019164
N20000622,0.375898,0.153112,0.178058,0.084006,0.098966,0.030163,0.024117,0.030638,0.025043
N20000623,0.119537,0.414175,0.110010,0.194487,0.035048,0.091857,0.015384,0.010692,0.008812
N20000624,0.205647,0.230573,0.294339,0.101337,0.052097,0.046098,0.040200,0.016294,0.013416
N20000625,0.373556,0.181290,0.136284,0.067464,0.119569,0.031649,0.027297,0.035558,0.027333
N20000626,0.103921,0.346870,0.207828,0.182713,0.035872,0.079080,0.025719,0.009607,0.008389
N20000627,0.246119,0.251998,0.181628,0.143496,0.063725,0.055700,0.022160,0.018723,0.016450
N20000628,0.066887,0.394528,0.162145,0.224760,0.028815,0.089627,0.019881,0.007087,0.006269
N20000629,0.108656,0.388899,0.086181,0.197191,0.027305,0.167031,0.009699,0.007897,0.007143
N20000630,0.200065,0.347872,0.108655,0.178198,0.045429,0.078286,0.013861,0.015113,0.012520
N20000631,0.192606,0.306282,0.166825,0.170599,0.050512,0.063373,0.022180,0.014788,0.012836
N20000632,0.204138,0.315326,0.172994,0.130452,0.060524,0.057045,0.025481,0.019135,0.014905
N20000633,0.072767,0.445511,0.107776,0.231249,0.022948,0.093838,0.013750,0.006534,0.005627
N20000634,0.075377,0.560879,0.054538,0.176451,0.016104,0.098174,0.007652,0.006147,0.004678
N20000635,0.142460,0.225345,0.283669,0.131675,0.087790,0.050423,0.043983,0.018689,0.015967
N20000636,0.088679,0.405675,0.165720,0.186339,0.026564,0.092580,0.020448,0.007406,0.006589
N20000637,0.094303,0.351184,0.197797,0.196043,0.035984,0.082408,0.025283,0.009008,0.007990
N20000638,0.071869,0.357219,0.219793,0.185593,0.033572,0.088089,0.028930,0.007981,0.006954
N20000639,0.084882,0.458226,0.099683,0.209451,0.020090,0.104435,0.011560,0.006198,0.005475
N20000640,0.164734,0.264063,0.220006,0.156592,0.066088,0.068305,0.029495,0.016460,0.014257
N20000641,0.185027,0.318733,0.158868,0.153081,0.055994,0.073142,0.025224,0.016416,0.013516
N20000642,0.352130,0.104840,0.206918,0.075681,0.136965,0.029105,0.031293,0.033789,0.029279
N20000643,0.093477,0.259652,0.322684,0.159233,0.040603,0.060429,0.045045,0.010114,0.008763
N20000644,0.035801,0.500369,0.030671,0.258103,0.005407,0.163071,0.002789,0.001967,0.001823
N20000645,0.353357,0.168718,0.142403,0.121964,0.097286,0.048505,0.016152,0.027023,0.024591
N20000646,0.462350,0.117218,0.099851,0.062956,0.140330,0.028028,0.014527,0.041395,0.033346
N20000647,0.401117,0.187058,0.077006,0.128423,0.090420,0.054010,0.009548,0.028069,0.024349
N20000648,0.061032,0.422750,0.090672,0.232488,0.018100,0.156405,0.009122,0.004892,0.004539
N20000649,0.163663,0.350851,0.140713,0.158106,0.036146,0.116425,0.013223,0.010913,0.009961
N20000650,0.064500,0.506763,0.026680,0.210108,0.010909,0.170676,0.002865,0.003990,0.003508
N20000651,0.574278,0.109498,0.038744,0.065046,0.102908,0.035261,0.005139,0.038265,0.030861
N20000652,0.225010,0.337848,0.044402,0.213459,0.043910,0.101571,0.005228,0.015438,0.013134
N20000653,0.183903,0.338407,0.083704,0.197244,0.038599,0.126503,0.008514,0.012106,0.011020
N20000654,0.563028,0.075912,0.056330,0.046421,0.145871,0.020416,0.009160,0.046213,0.036648
N20000655,0.034644,0.514212,0.019975,0.165382,0.004609,0.256230,0.001678,0.001665,0.001605
N20000656,0.068739,0.493979,0.022146,0.178279,0.008928,0.219328,0.002087,0.003377,0.003137
N20000657,0.087920,0.389821,0.138750,0.186190,0.025545,0.144145,0.014030,0.007171,0.006429
N20000658,0.118538,0.418685,0.034463,0.221949,0.020165,0.169341,0.003453,0.007003,0.006402
N20000659,0.367682,0.255702,0.066310,0.112330,0.068429,0.074617,0.008976,0.025701,0.020254
N20000660,0.231722,0.381870,0.033176,0.148118,0.032741,0.143882,0.004007,0.013496,0.010989
N20000661,0.318756,0.219786,0.123524,0.117116,0.087440,0.069632,0.016534,0.025411,0.021801
N20000662,0.235545,0.356747,0.057277,0.154140,0.036278,0.127783,0.006279,0.014173,0.011779
N20000663,0.271936,0.348113,0.038671,0.155021,0.028652,0.130282,0.003972,0.012590,0.010763
N20000664,0.018585,0.555217,0.030453,0.199227,0.003017,0.188515,0.002958,0.001070,0.000959
N20000665,0.034043,0.502652,0.033115,0.228846,0.007174,0.186340,0.003378,0.002355,0.002098
N20000666,0.018030,0.525266,0.038090,0.253369,0.003271,0.156043,0.003838,0.001087,0.001007
N20000667,0.035077,0.467975,0.098112,0.223260,0.009365,0.151425,0.009683,0.002651,0.002452
N20000668,0.035358,0.539440,0.041356,0.199456,0.006194,0.169449,0.004631,0.002222,0.001894
N20000669,0.024236,0.509385,0.067197,0.269695,0.006127,0.111652,0.008186,0.001881,0.001640
N20000670,0.023996,0.530844,0.028176,0.198411,0.003492,0.210234,0.002427,0.001250,0.001171
N20000671,0.019543,0.511709,0.067064,0.270114,0.005052,0.115767,0.007884,0.001512,0.001356
N20000672,0.037999,0.548430,0.032417,0.188280,0.007374,0.177746,0.003192,0.002374,0.002188
N20000673,0.016668,0.517552,0.033758,0.269629,0.002837,0.154595,0.003090,0.000966,0.000905
N20000674,0.054775,0.427111,0.115066,0.239764,0.015702,0.126844,0.012500,0.004285,0.003953
N20000675,0.015321,0.553081,0.025637,0.141974,0.001801,0.258771,0.002062,0.000700,0.000654
N20000676,0.022157,0.551015,0.044478,0.179812,0.004749,0.190701,0.004251,0.001471,0.001367
N20000677,0.016854,0.504275,0.061121,0.289583,0.005007,0.113739,0.006719,0.001431,0.001271
N20000678,0.035316,0.580589,0.040656,0.149565,0.006214,0.179513,0.004168,0.002080,0.001901
N20000679,0.021224,0.573773,0.036611,0.177485,0.003880,0.181100,0.003507,0.001244,0.001175
N20000680,0.030059,0.571179,0.031552,0.218895,0.004240,0.137920,0.003173,0.001556,0.001427
N20000681,0.031096,0.469272,0.064264,0.212644,0.006847,0.206149,0.005734,0.002051,0.001944
N20000682,0.044759,0.575525,0.024771,0.210476,0.006287,0.130673,0.002859,0.002524,0.002126
N20000683,0.044915,0.545550,0.035403,0.225150,0.008505,0.130877,0.004024,0.002994,0.002582
N20000684,0.066865,0.555731,0.048775,0.187092,0.013946,0.111876,0.006861,0.004898,0.003955
N20000685,0.055946,0.502004,0.071853,0.177593,0.013181,0.164191,0.007650,0.003970,0.003612
N20000686,0.036394,0.535968,0.035049,0.230080,0.007316,0.146828,0.003664,0.002514,0.002186
N20000687,0.023829,0.555061,0.016358,0.230507,0.003632,0.166350,0.001727,0.001335,0.001203
N20000688,0.078857,0.450785,0.048535,0.236577,0.015865,0.154950,0.004997,0.004863,0.004571
N20000689,0.029532,0.509565,0.020860,0.250749,0.005477,0.178085,0.002103,0.001913,0.001716
N20000690,0.020899,0.517523,0.020526,0.291494,0.003630,0.141538,0.001988,0.001248,0.001155
N20000691,0.019565,0.534375,0.035467,0.206596,0.003824,0.194417,0.003378,0.001234,0.001145
N20000692,0.147131,0.387051,0.073932,0.160661,0.023779,0.184524,0.007252,0.008202,0.007467
N20000693,0.036298,0.516320,0.014357,0.230887,0.005302,0.191594,0.001347,0.002077,0.001819
N20000694,0.062268,0.445454,0.027963,0.155004,0.007684,0.293723,0.002314,0.002867,0.002723
N20000695,0.039570,0.471138,0.027584,0.218063,0.006512,0.230232,0.002438,0.002332,0.002131
N20000696,0.158342,0.415915,0.082678,0.152910,0.035951,0.120763,0.011174,0.012412,0.009855
N20000697,0.045665,0.546242,0.025560,0.219101,0.007906,0.147131,0.002966,0.002938,0.002493
N20000698,0.095066,0.477006,0.031922,0.224437,0.016281,0.140475,0.003567,0.006085,0.005161
N20000699,0.210683,0.358379,0.014747,0.220438,0.027257,0.145955,0.001587,0.011233,0.009720
N20000700,0.037547,0.485064,0.075777,0.221107,0.009161,0.158474,0.007553,0.002802,0.002515
N20000701,0.708397,0.055973,0.008745,0.040292,0.091210,0.020516,0.001195,0.041978,0.031693
N20000702,0.716372,0.040346,0.006574,0.026022,0.111138,0.013786,0.001015,0.049184,0.035564
N20000703,0.037646,0.469028,0.027184,0.214524,0.006825,0.237858,0.002461,0.002329,0.002145
N20000704,0.197814,0.388878,0.054237,0.190794,0.033690,0.104725,0.006582,0.012727,0.010554
N20000705,0.595008,0.111538,0.025284,0.064676,0.093719,0.036981,0.003661,0.039422,0.029711
N20000706,0.775131,0.017224,0.003737,0.012307,0.102651,0.005829,0.000623,0.047973,0.034525
N20000707,0.749973,0.020547,0.007581,0.013986,0.113741,0.006937,0.001165,0.050087,0.035982
N20000708,0.217391,0.359430,0.028525,0.201400,0.031631,0.135649,0.003075,0.012279,0.010621
N20000709,0.699415,0.070129,0.007756,0.048265,0.080811,0.025635,0.001026,0.037668,0.029295
N20000710,0.730619,0.047005,0.009263,0.030924,0.090068,0.016194,0.001303,0.042942,0.031682
N20000711,0.015793,0.539771,0.064064,0.245333,0.003715,0.122270,0.006801,0.001190,0.001063
N20000712,0.646804,0.037968,0.020135,0.022745,0.158690,0.008655,0.003879,0.059784,0.041340
N20000713,0.379949,0.219202,0.085330,0.098668,0.098758,0.043832,0.014036,0.034621,0.025604
N20000714,0.072238,0.579944,0.032550,0.169290,0.016100,0.114077,0.004953,0.006188,0.004660
N20000715,0.697590,0.018865,0.018922,0.012272,0.145363,0.004306,0.003126,0.058840,0.040717
N20000716,0.049362,0.456420,0.175232,0.182007,0.016304,0.085427,0.026661,0.004707,0.003880
N20000717,0.034193,0.580778,0.038134,0.215689,0.006839,0.114980,0.004767,0.002534,0.002085
N20000718,0.019262,0.588326,0.051911,0.223311,0.004558,0.103189,0.006511,0.001617,0.001314
N20000719,0.671316,0.011800,0.014399,0.006202,0.178716,0.002565,0.002772,0.067740,0.044490
N20000720,0.011963,0.602156,0.035245,0.189198,0.001991,0.154661,0.003379,0.000746,0.000663
N20000721,0.090387,0.468146,0.077620,0.200911,0.019445,0.121955,0.008798,0.007029,0.005709
N20000722,0.049836,0.418063,0.211980,0.185140,0.018249,0.073603,0.033854,0.005096,0.004179
N20000723,0.041029,0.552530,0.073976,0.197284,0.009863,0.108938,0.010192,0.003442,0.002747
N20000724,0.675819,0.014040,0.006961,0.008454,0.179882,0.003314,0.001538,0.065438,0.044554
N20000725,0.659274,0.032315,0.024454,0.015482,0.154188,0.006580,0.004401,0.062010,0.041294
N20000726,0.298702,0.208464,0.181168,0.110072,0.085668,0.037463,0.030421,0.026901,0.021141
N20000727,0.033214,0.510920,0.105631,0.233380,0.009794,0.086780,0.014611,0.003130,0.002541
N20000728,0.055095,0.521892,0.085963,0.190142,0.015921,0.110805,0.010918,0.005137,0.004128
N20000729,0.042589,0.596558,0.063161,0.170421,0.008606,0.104329,0.008463,0.003266,0.002607
N20000730,0.059810,0.537926,0.055124,0.202967,0.014343,0.113613,0.007180,0.005041,0.003997
N20000731,0.548773,0.072791,0.045611,0.029795,0.179123,0.014533,0.010195,0.058326,0.040854
N20000732,0.653441,0.028314,0.021302,0.018805,0.164852,0.006825,0.003875,0.060085,0.042500
N20000733,0.607930,0.031157,0.027693,0.018838,0.194222,0.006642,0.005620,0.062904,0.044993
N20000734,0.515729,0.014683,0.032053,0.010139,0.285846,0.003081,0.008243,0.077507,0.052719
N20000735,0.668558,0.013478,0.012690,0.008907,0.179450,0.003333,0.002484,0.066058,0.045043
N20000736,0.058308,0.528071,0.119588,0.164966,0.017135,0.082212,0.019795,0.005604,0.004322
N20000737,0.034994,0.613082,0.053058,0.174427,0.008115,0.103950,0.007025,0.003010,0.002340
N20000738,0.487097,0.015263,0.034595,0.006721,0.307791,0.002508,0.011989,0.082193,0.051843
N20000739,0.043860,0.583959,0.029856,0.221371,0.007615,0.103849,0.003794,0.003222,0.002473
N20000740,0.634413,0.013540,0.013453,0.008694,0.208559,0.003130,0.002873,0.068125,0.047214
N20000741,0.619423,0.012837,0.012692,0.007433,0.217672,0.002598,0.002993,0.075626,0.048727
N20000742,0.051866,0.548902,0.097755,0.176261,0.011520,0.092903,0.013647,0.003899,0.003246
N20000743,0.606204,0.054972,0.035146,0.026161,0.158702,0.010731,0.006236,0.060580,0.041269
N20000744,0.079646,0.594633,0.037094,0.160032,0.013626,0.099394,0.005219,0.005935,0.004421
N20000745,0.588729,0.043099,0.038847,0.015833,0.188821,0.007540,0.010025,0.064798,0.042308
N20000746,0.685766,0.016154,0.009614,0.008511,0.165260,0.003549,0.002141,0.066298,0.042708
N20000747,0.600332,0.018777,0.015498,0.008686,0.225634,0.003645,0.004687,0.075162,0.047580
N20000748,0.698927,0.017046,0.007978,0.008066,0.150960,0.003496,0.001677,0.069874,0.041975
N20000749,0.694586,0.027029,0.013763,0.013171,0.141963,0.005694,0.002690,0.061355,0.039750
N20000750,0.609770,0.015945,0.021980,0.008895,0.215317,0.003146,0.005049,0.072241,0.047658
N20000751,0.711848,0.016919,0.009745,0.009362,0.143160,0.003635,0.001830,0.062909,0.040592
N20000752,0.698226,0.011675,0.006993,0.006374,0.161021,0.002537,0.001361,0.068443,0.043371
N20000753,0.720756,0.009548,0.003379,0.005314,0.147995,0.002239,0.000682,0.068088,0.041999
N20000754,0.595195,0.028581,0.024047,0.009615,0.211540,0.005169,0.007980,0.073315,0.044559
N20000755,0.710862,0.012049,0.006186,0.006919,0.151576,0.002855,0.001119,0.065997,0.042436
N20000756,0.707621,0.023258,0.011139,0.011558,0.138500,0.004883,0.002108,0.061185,0.039748
N20000757,0.600291,0.034082,0.025221,0.014085,0.197814,0.005718,0.006673,0.070906,0.045210
N20000758,0.718787,0.012231,0.005491,0.006618,0.145396,0.002748,0.001048,0.066065,0.041617
N20000759,0.509269,0.065329,0.093196,0.019498,0.179196,0.008859,0.028925,0.057825,0.037903
N20000760,0.689465,0.012870,0.007207,0.007699,0.168455,0.002943,0.001554,0.066417,0.043391
N20000761,0.721681,0.011762,0.004439,0.006115,0.144105,0.002614,0.000952,0.067216,0.041116
N20000762,0.710047,0.014124,0.004736,0.007531,0.151549,0.003405,0.000986,0.065910,0.041711
N20000763,0.523096,0.138879,0.034589,0.069026,0.116977,0.030777,0.005270,0.048122,0.033263
N20000764,0.501826,0.022829,0.051746,0.008276,0.267929,0.003311,0.018219,0.077850,0.048015
N20000765,0.702245,0.015195,0.006929,0.007376,0.153127,0.003240,0.001393,0.067985,0.042509
N20000766,0.662218,0.024018,0.014919,0.009899,0.169660,0.004521,0.003730,0.068439,0.042596
N20000767,0.683515,0.036951,0.012162,0.020145,0.135572,0.008591,0.002033,0.061358,0.039673
N20000768,0.725901,0.014138,0.006531,0.008382,0.136715,0.003271,0.001129,0.063313,0.040621
N20000769,0.655889,0.030584,0.018983,0.012509,0.165780,0.006084,0.004255,0.063959,0.041956
N20000770,0.651196,0.056823,0.021622,0.022559,0.134846,0.010493,0.003874,0.059908,0.038679
N20000771,0.704381,0.023379,0.010126,0.010875,0.142502,0.004914,0.002064,0.061719,0.040041
N20000772,0.582538,0.057968,0.028008,0.018427,0.185415,0.008928,0.009285,0.068057,0.041373
N20000773,0.746021,0.020335,0.007323,0.011258,0.113749,0.004934,0.001165,0.058158,0.037057
N20000774,0.577481,0.018731,0.028783,0.007335,0.231981,0.002969,0.009019,0.076570,0.047131
N20000775,0.632711,0.034281,0.036423,0.015305,0.164130,0.007143,0.006930,0.061671,0.041405
N20000776,0.036433,0.683978,0.029079,0.137598,0.006724,0.096768,0.004280,0.002984,0.002156
N20000777,0.734024,0.014955,0.007822,0.009489,0.132292,0.003589,0.001331,0.057494,0.039005
N20000778,0.628144,0.017854,0.017321,0.007510,0.198929,0.003408,0.004238,0.076367,0.046229
N20000779,0.735526,0.026491,0.007130,0.012163,0.116431,0.005695,0.001417,0.058329,0.036818
N20000780,0.649901,0.016333,0.011750,0.007961,0.187912,0.003079,0.002498,0.074215,0.046352
N20000781,0.714726,0.016303,0.007854,0.009545,0.141963,0.003801,0.001376,0.063511,0.040920
N20000782,0.719805,0.020864,0.012567,0.011797,0.132345,0.004472,0.002160,0.057074,0.038915
N20000783,0.699648,0.021306,0.009585,0.009235,0.147714,0.004240,0.002291,0.065626,0.040354
N20000784,0.695737,0.014429,0.010541,0.007949,0.156076,0.002966,0.002106,0.067765,0.042432
N20000785,0.665494,0.011247,0.016293,0.006903,0.180030,0.002290,0.002910,0.069532,0.045301
N20000786,0.434404,0.051857,0.120570,0.022438,0.224934,0.007402,0.033986,0.062689,0.041719
N20000787,0.619180,0.019834,0.025173,0.014138,0.200515,0.004528,0.005124,0.065597,0.045910
N20000788,0.633127,0.022703,0.028244,0.014842,0.185231,0.005161,0.005385,0.061050,0.044259
N20000789,0.462332,0.029283,0.087631,0.017093,0.264559,0.005521,0.021183,0.065316,0.047082
N20000790,0.066723,0.562126,0.052987,0.182894,0.014202,0.103482,0.007912,0.005477,0.004195
N20000791,0.443580,0.090030,0.093572,0.049968,0.192745,0.016729,0.020765,0.053214,0.039397
N20000792,0.642279,0.023098,0.032850,0.012559,0.173264,0.004566,0.006136,0.062194,0.043055
N20000793,0.613667,0.041722,0.035293,0.025034,0.167825,0.008943,0.006746,0.058873,0.041897
N20000794,0.631180,0.017110,0.023519,0.009751,0.197281,0.003473,0.004926,0.067140,0.045620
N20000795,0.130364,0.430905,0.134083,0.152600,0.038962,0.063311,0.027766,0.012631,0.009379
N20000796,0.463253,0.027935,0.086067,0.020895,0.262689,0.006635,0.019776,0.064637,0.048114
N20000797,0.364091,0.132307,0.153759,0.081722,0.139980,0.029153,0.028558,0.039722,0.030709
N20000798,0.028948,0.600850,0.052233,0.190221,0.005068,0.112426,0.006644,0.001989,0.001621
N20000799,0.440717,0.020980,0.099188,0.016553,0.281736,0.005015,0.022557,0.064280,0.048975
N20000800,0.052415,0.476463,0.129326,0.220639,0.015183,0.079811,0.017441,0.004777,0.003945
N20000801,0.053827,0.491932,0.145444,0.180544,0.017094,0.079357,0.022353,0.005217,0.004231
N20000802,0.511595,0.017083,0.049849,0.012579,0.271170,0.003979,0.011591,0.071367,0.050787
N20000803,0.434204,0.015715,0.069588,0.011202,0.323851,0.003334,0.017894,0.072025,0.052189
N20000804,0.442032,0.093225,0.084201,0.054343,0.193188,0.019328,0.017796,0.055739,0.040148
N20000805,0.054725,0.353448,0.258212,0.188872,0.021308,0.081257,0.031723,0.005604,0.004851
N20000806,0.032042,0.484103,0.082612,0.261712,0.009357,0.115796,0.009155,0.002781,0.002442
N20000807,0.435840,0.022820,0.084049,0.016263,0.297146,0.004795,0.021348,0.067875,0.049864
N20000808,0.463515,0.015639,0.066823,0.010824,0.299613,0.003605,0.017302,0.071133,0.051546
N20000809,0.182758,0.187297,0.299726,0.114708,0.087214,0.039738,0.049196,0.021593,0.017771
N20000810,0.435305,0.028442,0.121978,0.020094,0.251600,0.005930,0.029080,0.062050,0.045521
N20000811,0.027840,0.627709,0.047227,0.168849,0.005118,0.113771,0.005885,0.001988,0.001613
N20000812,0.424091,0.010211,0.067445,0.007480,0.344290,0.002242,0.018739,0.072335,0.053167
N20000813,0.025630,0.615860,0.041940,0.191532,0.005051,0.111316,0.005126,0.001975,0.001570
N20000814,0.585008,0.051020,0.047264,0.028383,0.169134,0.010147,0.009496,0.058423,0.041125
N20000815,0.545384,0.017022,0.042364,0.012463,0.251817,0.004000,0.010064,0.067613,0.049274
N20000816,0.393955,0.045451,0.151255,0.033229,0.237515,0.009813,0.030767,0.055366,0.042649
N20000817,0.313174,0.097825,0.230472,0.052541,0.167183,0.018970,0.046306,0.041615,0.031915
N20000818,0.461320,0.014319,0.073442,0.008752,0.299052,0.002638,0.018656,0.071208,0.050613
N20000819,0.228336,0.133229,0.304160,0.080362,0.118588,0.026439,0.058055,0.028093,0.022737
N20000820,0.026939,0.574577,0.043741,0.219309,0.005510,0.120819,0.005348,0.002083,0.001674
N20000821,0.119874,0.320178,0.269332,0.083950,0.062233,0.044280,0.072380,0.016138,0.011633
N20000822,0.481452,0.021572,0.063002,0.013401,0.279053,0.004523,0.018140,0.069218,0.049640
N20000823,0.117902,0.347183,0.184199,0.179665,0.044877,0.074975,0.028206,0.012830,0.010161
N20000824,0.509926,0.035930,0.071001,0.016850,0.227230,0.006516,0.018290,0.068588,0.045670
N20000825,0.337075,0.105706,0.188278,0.028595,0.184120,0.015300,0.059301,0.048486,0.033140
N20000826,0.142468,0.132697,0.437262,0.080353,0.077436,0.022243,0.075803,0.017346,0.014393
N20000827,0.490526,0.028913,0.092880,0.019489,0.234564,0.005925,0.021337,0.061032,0.045333
N20000828,0.047148,0.486791,0.145186,0.196129,0.014744,0.081036,0.020806,0.004511,0.003650
N20000829,0.049914,0.478392,0.212375,0.123485,0.015394,0.074149,0.037745,0.004826,0.003719
N20000830,0.507677,0.071815,0.075142,0.035266,0.185241,0.013922,0.015518,0.055029,0.040391
N20000831,0.572501,0.016042,0.033365,0.009917,0.238030,0.003305,0.007249,0.070499,0.049092
N20000832,0.316753,0.276146,0.089115,0.114516,0.086377,0.048797,0.015864,0.030296,0.022135
N20000833,0.563200,0.033979,0.041353,0.016877,0.214185,0.006783,0.010962,0.067616,0.045044
N20000834,0.055459,0.534959,0.093395,0.190768,0.012934,0.091495,0.013108,0.004340,0.003542
N20000835,0.034686,0.583921,0.072221,0.174780,0.008750,0.109267,0.010902,0.003090,0.002383
N20000836,0.530552,0.017794,0.050865,0.007591,0.254701,0.002988,0.014052,0.073247,0.048210
N20000837,0.024475,0.589329,0.048677,0.200079,0.005705,0.121619,0.006510,0.001993,0.001612
N20000838,0.536253,0.022966,0.046190,0.011650,0.246942,0.004359,0.013431,0.070537,0.047672
N20000839,0.512911,0.033945,0.091317,0.020744,0.213186,0.007145,0.019205,0.058255,0.043292
N20000840,0.536524,0.011057,0.031613,0.005144,0.276252,0.002104,0.008927,0.077595,0.050784
N20000841,0.486319,0.130821,0.072707,0.060861,0.128896,0.027131,0.013461,0.046688,0.033117
N20000842,0.116400,0.416370,0.176992,0.118194,0.045754,0.061523,0.041290,0.013585,0.009892
N20000843,0.591985,0.046567,0.035973,0.017482,0.182805,0.009638,0.009732,0.064229,0.041590
N20000844,0.032403,0.592145,0.036909,0.201396,0.007448,0.120088,0.004621,0.002818,0.002171
N20000845,0.076364,0.516719,0.090114,0.165685,0.016410,0.109046,0.015459,0.005703,0.004500
N20000846,0.656510,0.016946,0.012871,0.009189,0.184540,0.003444,0.002937,0.068624,0.044940
N20000847,0.057382,0.600045,0.060747,0.161017,0.010942,0.091564,0.010697,0.004347,0.003260
N20000848,0.655764,0.067657,0.012341,0.026891,0.124992,0.013383,0.002612,0.059404,0.036955
N20000849,0.616879,0.029197,0.024441,0.010421,0.195205,0.004990,0.007472,0.067747,0.043648
N20000850,0.071329,0.528928,0.124426,0.141834,0.018685,0.079338,0.024187,0.006453,0.004821
N20000851,0.105364,0.536381,0.038340,0.166427,0.023592,0.108147,0.005867,0.009110,0.006772
N20000852,0.047627,0.616430,0.054616,0.154972,0.008235,0.104197,0.007899,0.003401,0.002622
N20000853,0.108586,0.458560,0.144444,0.142836,0.033790,0.067721,0.024878,0.010937,0.008249
N20000854,0.143174,0.182860,0.329926,0.041225,0.094889,0.018318,0.152436,0.021778,0.015394
N20000855,0.214938,0.093698,0.295561,0.027038,0.162905,0.010970,0.134227,0.035850,0.024814
N20000856,0.016497,0.600208,0.078629,0.201399,0.003955,0.086747,0.010050,0.001395,0.001119
N20000857,0.083608,0.130603,0.438033,0.032723,0.069638,0.012753,0.208194,0.014163,0.010285
N20000858,0.026177,0.533465,0.147177,0.174131,0.008631,0.084510,0.021162,0.002633,0.002114
N20000859,0.034673,0.234134,0.480358,0.093346,0.020909,0.029385,0.098732,0.004656,0.003807
N20000860,0.010763,0.533535,0.128914,0.228019,0.002867,0.079503,0.014791,0.000845,0.000764
N20000861,0.025686,0.448443,0.200787,0.217820,0.009990,0.061180,0.031297,0.002571,0.002226
N20000862,0.036622,0.449358,0.228500,0.163974,0.013922,0.065455,0.035155,0.003844,0.003170
N20000863,0.011575,0.209132,0.560051,0.099338,0.007515,0.027858,0.081660,0.001503,0.001366
N20000864,0.041406,0.367130,0.357963,0.097128,0.019052,0.043296,0.064884,0.005188,0.003952
N20000865,0.037196,0.392416,0.286118,0.159766,0.013318,0.061534,0.043091,0.003522,0.003039
N20000866,0.049527,0.313395,0.380932,0.103264,0.024312,0.043792,0.074083,0.005906,0.004788
N20000867,0.055042,0.312759,0.378024,0.103735,0.028915,0.036402,0.072429,0.007061,0.005634
N20000868,0.046036,0.333199,0.360595,0.111647,0.025527,0.046285,0.065755,0.006090,0.004867
N20000869,0.015931,0.136259,0.654309,0.065142,0.010857,0.018795,0.094727,0.002077,0.001904
N20000870,0.029253,0.674675,0.048260,0.145290,0.006233,0.085014,0.006865,0.002528,0.001882
N20000871,0.027953,0.508836,0.180982,0.164847,0.009667,0.074330,0.028213,0.002856,0.002316
N20000872,0.043696,0.233124,0.470528,0.080112,0.026081,0.031026,0.105158,0.005655,0.004620
N20000873,0.020704,0.673826,0.037035,0.163196,0.003463,0.094574,0.004643,0.001419,0.001140
N20000874,0.044194,0.637738,0.069011,0.148336,0.009497,0.074514,0.010025,0.003840,0.002845
N20000875,0.059160,0.473816,0.199538,0.136649,0.019813,0.062957,0.037289,0.006109,0.004669
N20000876,0.024411,0.166341,0.588485,0.061687,0.018208,0.019660,0.114558,0.003613,0.003038
N20000877,0.033589,0.648048,0.067796,0.145036,0.008028,0.081794,0.010322,0.003085,0.002301
N20000878,0.089628,0.345110,0.296936,0.082276,0.042092,0.039239,0.085561,0.011089,0.008070
N20000879,0.031684,0.319752,0.403103,0.112973,0.013101,0.043822,0.069486,0.003276,0.002803
N20000880,0.043805,0.658392,0.053444,0.134172,0.008186,0.087599,0.008477,0.003387,0.002538
N20000881,0.036206,0.348357,0.347023,0.137751,0.018659,0.045544,0.058230,0.004519,0.003710
N20000882,0.080769,0.113908,0.431672,0.024945,0.071520,0.009496,0.243463,0.014098,0.010130
N20000883,0.030399,0.283175,0.433628,0.112498,0.018155,0.035663,0.079118,0.004007,0.003356
N20000884,0.087715,0.536308,0.096109,0.146740,0.024577,0.076325,0.017232,0.008671,0.006322
N20000885,0.074694,0.435222,0.190313,0.156098,0.029268,0.064209,0.035194,0.008522,0.006480
N20000886,0.653735,0.084647,0.013356,0.034235,0.106062,0.017822,0.002351,0.053453,0.034339
N20000887,0.730747,0.014360,0.003012,0.008142,0.133436,0.003524,0.000581,0.065815,0.040382
N20000888,0.039521,0.181824,0.533995,0.068090,0.027653,0.021258,0.117273,0.005703,0.004683
N20000889,0.012413,0.103556,0.661534,0.055339,0.014994,0.014630,0.133351,0.002192,0.001990
N20000890,0.023410,0.104815,0.655419,0.049800,0.020710,0.015137,0.123823,0.003691,0.003194
N20000891,0.072152,0.468142,0.167181,0.148965,0.029010,0.063068,0.037174,0.008104,0.006205
N20000892,0.026753,0.672951,0.054351,0.136096,0.005406,0.092730,0.007951,0.002123,0.001639
N20000893,0.059015,0.595864,0.079531,0.144109,0.014706,0.082039,0.015333,0.005455,0.003948
N20000894,0.524671,0.163143,0.045307,0.062053,0.095654,0.031053,0.007026,0.041705,0.029389
N20000895,0.052527,0.237948,0.448886,0.077267,0.034728,0.034005,0.101299,0.007439,0.005900
N20000896,0.717079,0.020111,0.007748,0.009898,0.136926,0.004490,0.001388,0.061978,0.040381
N20000897,0.025245,0.083048,0.665004,0.046303,0.024870,0.011455,0.136414,0.004026,0.003634
N20000898,0.060292,0.358650,0.301713,0.125025,0.026353,0.058597,0.057367,0.006627,0.005376
N20000899,0.093393,0.381496,0.251529,0.109250,0.039988,0.044216,0.060585,0.011253,0.008289
N20000900,0.025712,0.629755,0.095120,0.144567,0.006798,0.079678,0.014210,0.002324,0.001835
N20000901,0.224245,0.341584,0.141073,0.070122,0.087267,0.041206,0.049415,0.027048,0.018039
N20000902,0.018853,0.064314,0.715862,0.037751,0.018770,0.009679,0.129031,0.002999,0.002743
N20000903,0.040169,0.652923,0.037651,0.149291,0.007267,0.101862,0.005419,0.003094,0.002323
N20000904,0.562716,0.134184,0.027977,0.055739,0.108635,0.026365,0.005358,0.047160,0.031866
N20000905,0.104677,0.435077,0.190659,0.104429,0.042325,0.051845,0.049898,0.012206,0.008883
N20000906,0.090658,0.484976,0.131235,0.156386,0.026755,0.071218,0.023883,0.008297,0.006591
N20000907,0.071377,0.358247,0.305136,0.097947,0.030560,0.056098,0.066008,0.008277,0.006350
N20000908,0.098754,0.390005,0.248207,0.094035,0.041157,0.046063,0.061489,0.011694,0.008598
N20000909,0.013832,0.114788,0.660556,0.066123,0.013803,0.018308,0.108338,0.002213,0.002039
N20000910,0.069005,0.580997,0.067905,0.152860,0.014979,0.092922,0.011540,0.005520,0.004272
N20000911,0.020591,0.667963,0.041923,0.155055,0.004130,0.102597,0.004822,0.001622,0.001298
N20000912,0.164371,0.361992,0.181752,0.100096,0.062752,0.050558,0.046932,0.018178,0.013370
N20000913,0.117342,0.496455,0.122197,0.110210,0.036371,0.067620,0.029215,0.011988,0.008602
N20000914,0.071510,0.566193,0.134236,0.098767,0.018207,0.071454,0.028402,0.006511,0.004719
N20000915,0.039801,0.316644,0.419933,0.078992,0.018754,0.035127,0.082137,0.004803,0.003808
N20000916,0.104737,0.225958,0.371194,0.074854,0.066591,0.030220,0.100207,0.014868,0.011372
N20000917,0.071636,0.242601,0.417755,0.077290,0.040348,0.027926,0.105514,0.009585,0.007345
N20000918,0.076907,0.563737,0.080828,0.142503,0.020026,0.089628,0.014099,0.007056,0.005217
N20000919,0.050668,0.536812,0.151325,0.144351,0.015321,0.066896,0.025733,0.005042,0.003853
N20000920,0.047883,0.303175,0.405393,0.091684,0.023447,0.049731,0.067971,0.006012,0.004703
N20000921,0.027908,0.640611,0.074702,0.154000,0.006234,0.081186,0.011157,0.002391,0.001812
N20000922,0.047652,0.573969,0.122021,0.128355,0.014623,0.084068,0.020787,0.004881,0.003642
N20000923,0.019009,0.154395,0.614697,0.070000,0.014568,0.022760,0.099464,0.002712,0.002395
N20000924,0.158381,0.379356,0.184929,0.083898,0.063939,0.047394,0.049622,0.019090,0.013391
N20000925,0.089283,0.406869,0.227706,0.113544,0.029231,0.062149,0.056604,0.008134,0.006480
N20000926,0.070962,0.365032,0.280093,0.115954,0.031891,0.061612,0.059578,0.008440,0.006439
N20000927,0.050568,0.608585,0.103241,0.123604,0.012434,0.075171,0.018398,0.004596,0.003403
N20000928,0.100226,0.356130,0.272466,0.103144,0.041032,0.043585,0.064133,0.010825,0.008460
N20000929,0.059021,0.322155,0.343152,0.132478,0.023476,0.043861,0.064912,0.005966,0.004979
N20000930,0.074303,0.289435,0.349908,0.115532,0.041034,0.046413,0.066465,0.009242,0.007668
N20000931,0.065326,0.387947,0.311760,0.087112,0.025421,0.042642,0.067122,0.007163,0.005507
N20000932,0.071764,0.453388,0.240925,0.085634,0.025638,0.051873,0.057403,0.007678,0.005696
N20000933,0.112187,0.283580,0.337645,0.067948,0.048595,0.036172,0.090983,0.013250,0.009640
N20000934,0.193348,0.274565,0.204546,0.089092,0.096446,0.040466,0.057264,0.025787,0.018485
N20000935,0.015192,0.360694,0.315523,0.183471,0.006589,0.080171,0.035349,0.001575,0.001436
N20000936,0.066796,0.556759,0.101433,0.152679,0.017999,0.076024,0.017173,0.006393,0.004745
N20000937,0.055667,0.288920,0.384282,0.107587,0.029424,0.044193,0.077290,0.007018,0.005619
N20000938,0.100384,0.408246,0.215807,0.099349,0.037958,0.062618,0.056753,0.010895,0.007990
N20000939,0.181940,0.235067,0.270507,0.078914,0.090854,0.034566,0.068026,0.022907,0.017220
N20000940,0.095120,0.292009,0.370873,0.063471,0.037543,0.031087,0.092033,0.010156,0.007709
N20000941,0.105683,0.392994,0.212290,0.114763,0.050337,0.051463,0.049260,0.013280,0.009929
N20000942,0.250800,0.243424,0.198576,0.067927,0.099735,0.038595,0.051630,0.028706,0.020607
N20000943,0.091579,0.231993,0.389428,0.057018,0.055234,0.025270,0.127136,0.012868,0.009474
N20000944,0.234448,0.058718,0.259319,0.023256,0.237855,0.007649,0.097103,0.048131,0.033521
N20000945,0.021756,0.280462,0.413391,0.155440,0.012467,0.046553,0.064899,0.002663,0.002369
N20000946,0.023194,0.211391,0.516756,0.108898,0.018979,0.032686,0.081423,0.003566,0.003107
N20000947,0.029436,0.566755,0.050232,0.238695,0.006451,0.098022,0.006343,0.002211,0.001854
N20000948,0.035263,0.514039,0.120591,0.216698,0.009659,0.081116,0.016973,0.003111,0.002549
N20000949,0.023201,0.562160,0.047923,0.235932,0.004929,0.117411,0.005230,0.001744,0.001469
N20000950,0.041671,0.358984,0.288506,0.158614,0.021279,0.073192,0.048377,0.005138,0.004241
N20000951,0.025365,0.438059,0.222345,0.187207,0.010570,0.080159,0.031048,0.002891,0.002356
N20000952,0.006735,0.048803,0.760045,0.034745,0.010019,0.008064,0.129010,0.001318,0.001261
N20000953,0.014134,0.225924,0.498081,0.137995,0.009812,0.045616,0.064743,0.001930,0.001766
N20000954,0.006940,0.136501,0.647125,0.090297,0.005698,0.025002,0.086575,0.000935,0.000927
N20000955,0.009944,0.144022,0.621726,0.092681,0.008542,0.029029,0.091212,0.001462,0.001383
N20000956,0.015211,0.259194,0.446761,0.152003,0.008508,0.056673,0.058209,0.001788,0.001652
N20000957,0.028552,0.521050,0.111733,0.217290,0.007740,0.094607,0.014592,0.002404,0.002034
N20000958,0.017782,0.247439,0.474794,0.130305,0.012492,0.039505,0.073063,0.002446,0.002174
N20000959,0.005089,0.093544,0.718411,0.060485,0.005149,0.015239,0.100494,0.000813,0.000776
N20000960,0.011095,0.152320,0.594487,0.099345,0.011345,0.027432,0.100539,0.001758,0.001678
N20000961,0.010136,0.132510,0.663545,0.072259,0.007774,0.029081,0.082082,0.001308,0.001304
N20000962,0.008356,0.189923,0.573074,0.110942,0.007194,0.031240,0.076903,0.001206,0.001161
N20000963,0.021791,0.164811,0.573451,0.085382,0.018345,0.028107,0.101771,0.003390,0.002952
N20000964,0.014429,0.281962,0.434506,0.143805,0.008898,0.049433,0.063518,0.001815,0.001634
N20000965,0.016488,0.162733,0.563720,0.095906,0.017936,0.030004,0.107834,0.002817,0.002562
N20000966,0.028863,0.139468,0.599390,0.057142,0.024705,0.020451,0.121520,0.004618,0.003844
N20000967,0.035152,0.209804,0.490790,0.084739,0.024644,0.030180,0.115689,0.004862,0.004140
N20000968,0.011559,0.076625,0.721649,0.041193,0.009947,0.010649,0.125144,0.001693,0.001542
N20000969,0.013827,0.094684,0.674258,0.057740,0.016619,0.014046,0.124066,0.002479,0.002281
N20000970,0.018373,0.080640,0.694982,0.039497,0.019850,0.010444,0.130255,0.003148,0.002810
N20000971,0.016617,0.193994,0.527982,0.124551,0.013803,0.036370,0.081946,0.002471,0.002266
N20000972,0.066646,0.079312,0.591093,0.039126,0.058954,0.011490,0.134231,0.010429,0.008718
N20000973,0.008317,0.049177,0.753454,0.025809,0.009847,0.006135,0.144410,0.001497,0.001354
N20000974,0.005693,0.042760,0.776608,0.027026,0.007129,0.006191,0.132618,0.001012,0.000962
N20000975,0.019817,0.078002,0.702904,0.047691,0.018812,0.012135,0.114722,0.003069,0.002848
N20000976,0.085151,0.117877,0.500219,0.061356,0.076693,0.016926,0.116729,0.013668,0.011382
N20000977,0.046632,0.325896,0.319311,0.158032,0.028678,0.056899,0.053090,0.006150,0.005314
N20000978,0.028144,0.111260,0.621204,0.062174,0.030513,0.017022,0.120558,0.004832,0.004293
N20000979,0.018364,0.156777,0.599171,0.090625,0.012309,0.026259,0.092050,0.002279,0.002167
N20000980,0.033932,0.607325,0.072188,0.162780,0.007550,0.102069,0.009188,0.002750,0.002218
N20000981,0.030315,0.279313,0.404575,0.152398,0.017216,0.049270,0.059950,0.003686,0.003277
N20000982,0.008850,0.056203,0.750468,0.039468,0.011051,0.009212,0.121728,0.001536,0.001484
N20000983,0.012448,0.093051,0.688675,0.053861,0.013856,0.013222,0.120734,0.002175,0.001979
N20000984,0.017359,0.060781,0.730886,0.038609,0.017064,0.009509,0.120543,0.002723,0.002526
N20000985,0.025861,0.098396,0.641819,0.055678,0.027667,0.017375,0.124826,0.004422,0.003956
N20000986,0.019975,0.285537,0.409889,0.159589,0.010722,0.063665,0.046253,0.002260,0.002110
N20000987,0.019101,0.432378,0.231458,0.201397,0.007517,0.073496,0.031048,0.001920,0.001685
N20000988,0.017074,0.175121,0.575337,0.091540,0.014290,0.031423,0.090423,0.002507,0.002285
N20000989,0.016402,0.652401,0.041813,0.166445,0.003096,0.113151,0.004504,0.001193,0.000994
N20000990,0.012751,0.425599,0.240529,0.214531,0.004109,0.071708,0.028650,0.001121,0.001001
N20000991,0.011497,0.314405,0.424363,0.126694,0.005967,0.060219,0.054342,0.001322,0.001192
N20000992,0.006222,0.093280,0.720800,0.060376,0.005211,0.017594,0.094787,0.000884,0.000846
N20000993,0.010618,0.129243,0.653552,0.069983,0.009880,0.019605,0.104006,0.001608,0.001506
N20000994,0.009291,0.479423,0.175010,0.225859,0.003191,0.084605,0.020985,0.000865,0.000770
N20000995,0.026173,0.145823,0.584470,0.089466,0.020986,0.024327,0.101488,0.003853,0.003413
N20000996,0.031870,0.609378,0.068098,0.170084,0.007603,0.098730,0.009411,0.002666,0.002162
N20000997,0.026175,0.171510,0.567142,0.094801,0.018985,0.031270,0.083349,0.003532,0.003237
N20000998,0.009577,0.094977,0.691873,0.061557,0.009969,0.015426,0.113556,0.001586,0.001479
N20000999,0.035797,0.609789,0.034826,0.194819,0.008040,0.106678,0.004576,0.003089,0.002386
N20001000,0.032909,0.580584,0.114547,0.157836,0.009528,0.084040,0.014942,0.003109,0.002506
N20001001,0.015961,0.144727,0.620126,0.090229,0.012843,0.028811,0.082985,0.002208,0.002112
N20001002,0.025286,0.447557,0.190301,0.200267,0.009642,0.095673,0.026495,0.002574,0.002206
N20001003,0.028564,0.521975,0.182100,0.150260,0.008488,0.078403,0.025586,0.002473,0.002151
N20001004,0.027067,0.634677,0.053468,0.163953,0.004972,0.106283,0.006092,0.001897,0.001591
N20001005,0.012669,0.106820,0.674457,0.075284,0.012093,0.021017,0.093849,0.001941,0.001869
N20001006,0.017398,0.217253,0.526273,0.112561,0.010884,0.041132,0.070315,0.002186,0.001998
N20001007,0.041891,0.462906,0.190721,0.178208,0.013512,0.078545,0.027086,0.003835,0.003296
N20001008,0.008986,0.185546,0.575844,0.107094,0.006601,0.035293,0.078258,0.001233,0.001145
N20001009,0.041796,0.556187,0.129926,0.157823,0.011421,0.075578,0.020531,0.003740,0.002998
N20001010,0.016403,0.083022,0.687152,0.059673,0.017622,0.012810,0.117990,0.002775,0.002552
N20001011,0.024984,0.515149,0.175170,0.168357,0.006999,0.083571,0.021781,0.002154,0.001836
N20001012,0.050735,0.427108,0.235951,0.155802,0.022738,0.063038,0.033702,0.006011,0.004915
N20001013,0.017446,0.437728,0.257397,0.171199,0.006848,0.072278,0.033784,0.001762,0.001556
N20001014,0.027501,0.503206,0.169510,0.187609,0.008700,0.075898,0.022818,0.002594,0.002165
N20001015,0.027569,0.453178,0.190929,0.199803,0.011502,0.084313,0.027329,0.002863,0.002514
N20001016,0.018902,0.382511,0.328832,0.152171,0.007790,0.065010,0.041072,0.001973,0.001740
N20001017,0.041080,0.404736,0.248812,0.173964,0.018340,0.063323,0.041360,0.004557,0.003828
N20001018,0.024003,0.425090,0.298463,0.131584,0.008387,0.064433,0.043499,0.002531,0.002011
N20001019,0.075608,0.314969,0.315682,0.126051,0.038002,0.046868,0.066283,0.009124,0.007414
N20001020,0.023886,0.318214,0.376336,0.156155,0.011784,0.054258,0.054280,0.002686,0.002400
N20001021,0.160101,0.128609,0.352693,0.050037,0.129128,0.017471,0.115825,0.026471,0.019665
N20001022,0.019575,0.384285,0.299751,0.171117,0.010898,0.064701,0.045176,0.002385,0.002111
N20001023,0.044771,0.276921,0.393852,0.133039,0.025138,0.042927,0.073283,0.005360,0.004710
N20001024,0.156748,0.015530,0.331184,0.007723,0.280853,0.002314,0.134992,0.040753,0.029902
N20001025,0.048193,0.414176,0.192013,0.212406,0.022955,0.063446,0.036207,0.005870,0.004734
N20001026,0.132141,0.282701,0.262786,0.111451,0.070275,0.046531,0.062854,0.017971,0.013290
N20001027,0.169124,0.171136,0.323014,0.077145,0.110758,0.026783,0.078291,0.024862,0.018888
N20001028,0.027495,0.215554,0.523140,0.093981,0.015432,0.035646,0.082515,0.003322,0.002916
N20001029,0.116474,0.158106,0.426018,0.053978,0.075360,0.026890,0.113159,0.017149,0.012866
N20001030,0.149710,0.125307,0.393081,0.078590,0.103385,0.020034,0.090892,0.021608,0.017392
N20001031,0.022999,0.206607,0.546409,0.105819,0.011894,0.037362,0.064103,0.002445,0.002361
N20001032,0.066933,0.096924,0.572657,0.047823,0.050173,0.014711,0.133182,0.009606,0.007991
N20001033,0.012962,0.213182,0.538472,0.107480,0.008937,0.031777,0.083929,0.001704,0.001557
N20001034,0.011516,0.199799,0.563289,0.101356,0.008449,0.032958,0.079585,0.001585,0.001462
N20001035,0.186191,0.029165,0.373841,0.018432,0.212812,0.005238,0.109179,0.036720,0.028421
N20001036,0.040888,0.094129,0.615028,0.055737,0.039465,0.013717,0.128695,0.006557,0.005783
N20001037,0.064007,0.062851,0.586873,0.039183,0.074432,0.010039,0.141562,0.011280,0.009772
N20001038,0.033547,0.325518,0.353315,0.158280,0.016137,0.054391,0.051846,0.003714,0.003252
N20001039,0.022372,0.291035,0.376838,0.182795,0.010638,0.061443,0.050307,0.002380,0.002193
N20001040,0.035738,0.542725,0.076077,0.217155,0.008689,0.104615,0.009567,0.002995,0.002440
N20001041,0.029929,0.611100,0.103471,0.150961,0.007587,0.077963,0.014293,0.002602,0.002093
N20001042,0.132536,0.031848,0.476428,0.023114,0.170010,0.005712,0.112458,0.026088,0.021806
N20001043,0.013646,0.346907,0.362715,0.163426,0.005037,0.059265,0.046631,0.001242,0.001131
N20001044,0.037980,0.569933,0.144180,0.139623,0.010311,0.070371,0.021403,0.003457,0.002742
N20001045,0.037519,0.400711,0.218594,0.192520,0.016556,0.093500,0.032681,0.004338,0.003580
N20001046,0.038694,0.413252,0.226498,0.198891,0.015508,0.064939,0.034852,0.003962,0.003404
N20001047,0.029494,0.341062,0.273667,0.210651,0.012688,0.091863,0.034867,0.002995,0.002714
N20001048,0.016890,0.472320,0.167031,0.232503,0.007444,0.074910,0.025373,0.001923,0.001606
N20001049,0.060905,0.424616,0.175316,0.197490,0.023497,0.077966,0.028327,0.006618,0.005264
N20001050,0.020154,0.229491,0.490446,0.125653,0.012420,0.044276,0.072749,0.002533,0.002278
N20001051,0.018030,0.446171,0.196157,0.228430,0.005741,0.077684,0.024788,0.001592,0.001406
N20001052,0.037749,0.322805,0.337072,0.153894,0.020199,0.063477,0.056394,0.004526,0.003885
N20001053,0.128830,0.297790,0.253430,0.122524,0.069989,0.043685,0.054065,0.016546,0.013140
N20001054,0.017447,0.197331,0.557429,0.088542,0.010638,0.028871,0.095713,0.002111,0.001919
N20001055,0.018935,0.581845,0.112813,0.179202,0.005425,0.084999,0.013646,0.001691,0.001444
N20001056,0.030516,0.434694,0.212655,0.207686,0.009843,0.069009,0.030465,0.002746,0.002388
N20001057,0.288601,0.055139,0.231620,0.031996,0.232939,0.009767,0.066695,0.047287,0.035956
N20001058,0.023088,0.627137,0.081986,0.150374,0.005410,0.098605,0.009918,0.001918,0.001563
N20001059,0.174262,0.157105,0.324143,0.065668,0.118264,0.020662,0.093492,0.026571,0.019833
N20001060,0.042645,0.359705,0.302828,0.159197,0.022108,0.050748,0.053171,0.005237,0.004360
N20001061,0.243670,0.028677,0.253996,0.011017,0.266692,0.003608,0.106836,0.050356,0.035148
N20001062,0.394642,0.029526,0.112233,0.018511,0.294478,0.005274,0.033242,0.064831,0.047263
N20001063,0.166848,0.055285,0.444446,0.029665,0.138122,0.008869,0.109594,0.026134,0.021037
N20001064,0.307479,0.059447,0.204882,0.022306,0.240092,0.007273,0.065145,0.055367,0.038009
N20001065,0.040163,0.570218,0.098974,0.174745,0.009651,0.086432,0.013889,0.003245,0.002683
N20001066,0.142725,0.042320,0.421170,0.018838,0.161969,0.005619,0.158929,0.027337,0.021092
N20001067,0.015044,0.145703,0.621745,0.083126,0.014407,0.027312,0.088005,0.002448,0.002210
N20001068,0.121323,0.044792,0.491456,0.031371,0.142421,0.007772,0.118917,0.022840,0.019109
N20001069,0.305893,0.036887,0.202143,0.022080,0.271784,0.006494,0.063785,0.051635,0.039299
N20001070,0.202625,0.029678,0.353643,0.016647,0.214462,0.004412,0.110301,0.038699,0.029533
N20001071,0.396967,0.048115,0.143241,0.031679,0.240719,0.010739,0.031596,0.054687,0.042258
N20001072,0.232617,0.016479,0.269984,0.010839,0.298156,0.002809,0.080713,0.050369,0.038034
N20001073,0.317389,0.016327,0.210185,0.011917,0.288393,0.003344,0.056788,0.053842,0.041816
N20001074,0.077819,0.125149,0.530333,0.072705,0.052767,0.022739,0.098273,0.011049,0.009166
N20001075,0.353397,0.044299,0.199041,0.029805,0.231964,0.009116,0.043596,0.049326,0.039456
N20001076,0.290936,0.020428,0.256856,0.014452,0.262493,0.003897,0.061292,0.050527,0.039119
N20001077,0.141512,0.085583,0.460903,0.057500,0.105556,0.016709,0.094616,0.020495,0.017125
N20001078,0.139726,0.098681,0.466267,0.066711,0.089891,0.020052,0.083745,0.019023,0.015904
N20001079,0.296930,0.085568,0.207746,0.025262,0.207091,0.011285,0.085089,0.048125,0.032903
N20001080,0.163695,0.215271,0.260003,0.035142,0.094862,0.017305,0.173916,0.024082,0.015724
N20001081,0.349807,0.069676,0.182410,0.024832,0.213004,0.009018,0.060005,0.054452,0.036795
N20001082,0.716608,0.017975,0.009062,0.009285,0.138816,0.003785,0.001798,0.062693,0.039978
N20001083,0.659812,0.010262,0.007583,0.005418,0.195920,0.002129,0.001898,0.071288,0.045690
N20001084,0.164590,0.508641,0.082935,0.098475,0.042626,0.047212,0.029272,0.015811,0.010437
N20001085,0.079146,0.106663,0.415229,0.018234,0.068299,0.008057,0.281211,0.013612,0.009550
N20001086,0.704362,0.031480,0.014042,0.013809,0.128494,0.005976,0.002711,0.060656,0.038469
N20001087,0.130687,0.275702,0.275170,0.044333,0.070323,0.020869,0.152545,0.018122,0.012249
N20001088,0.078410,0.251700,0.360057,0.046197,0.045466,0.019779,0.179574,0.011057,0.007761
N20001089,0.020736,0.614755,0.036600,0.228288,0.003878,0.087698,0.005211,0.001616,0.001218
N20001090,0.183894,0.389781,0.155962,0.067507,0.067485,0.031789,0.068950,0.020671,0.013960
N20001091,0.102859,0.457421,0.155044,0.128863,0.036021,0.064529,0.036225,0.010881,0.008156
N20001092,0.026526,0.615133,0.041968,0.204530,0.005550,0.096457,0.005982,0.002204,0.001651
N20001093,0.023589,0.649666,0.024315,0.195287,0.004578,0.095689,0.003556,0.001904,0.001416
N20001094,0.597646,0.019281,0.024816,0.009473,0.217449,0.003608,0.006249,0.074113,0.047363
N20001095,0.048093,0.586113,0.076504,0.186776,0.013116,0.067837,0.013622,0.004545,0.003394
N20001096,0.059443,0.515958,0.133629,0.168978,0.016092,0.072857,0.023674,0.005257,0.004113
N20001097,0.061182,0.638052,0.055253,0.132575,0.014072,0.078812,0.010701,0.005433,0.003920
N20001098,0.043021,0.513874,0.186751,0.123099,0.014982,0.071949,0.038619,0.004343,0.003363
N20001099,0.197028,0.179327,0.292076,0.053852,0.110167,0.019883,0.100012,0.028070,0.019586
N20001100,0.054917,0.558404,0.156584,0.103226,0.019193,0.058370,0.038993,0.006013,0.004300
N20001101,0.383660,0.278150,0.044948,0.098021,0.078136,0.053721,0.008659,0.032177,0.022527
N20001102,0.179780,0.364094,0.163112,0.093705,0.071750,0.039532,0.052914,0.020536,0.014576
N20001103,0.304806,0.112905,0.156409,0.029654,0.219480,0.011927,0.078070,0.052899,0.033849
N20001104,0.054664,0.594530,0.081100,0.158484,0.012079,0.075868,0.015477,0.004443,0.003355
N20001105,0.343405,0.122079,0.131075,0.049892,0.206190,0.019032,0.040765,0.051846,0.035715
N20001106,0.072303,0.394121,0.288649,0.081278,0.029025,0.046679,0.074132,0.007881,0.005932
N20001107,0.324246,0.056710,0.128118,0.022099,0.302265,0.006935,0.052196,0.064637,0.042793
N20001108,0.109092,0.359064,0.262350,0.063715,0.057639,0.034640,0.087536,0.015345,0.010618
N20001109,0.683554,0.030219,0.014148,0.012694,0.144703,0.006284,0.002943,0.064940,0.040513
N20001110,0.290320,0.082795,0.216444,0.031225,0.215381,0.011788,0.070788,0.047843,0.033415
N20001111,0.058109,0.560703,0.108682,0.159062,0.013496,0.070366,0.021418,0.004569,0.003594
N20001112,0.307648,0.140386,0.144933,0.042133,0.201878,0.015907,0.063641,0.050470,0.033005
N20001113,0.468128,0.056311,0.055778,0.026436,0.252475,0.008963,0.017189,0.068909,0.045811
N20001114,0.474113,0.041995,0.040179,0.015960,0.279798,0.006504,0.014932,0.078037,0.048483
N20001115,0.213893,0.104805,0.272046,0.036461,0.197597,0.014632,0.093012,0.039460,0.028094
N20001116,0.031648,0.625719,0.071875,0.169301,0.007480,0.076767,0.012329,0.002810,0.002071
N20001117,0.044045,0.622667,0.079949,0.148708,0.009261,0.074658,0.014660,0.003459,0.002592
N20001118,0.530045,0.026303,0.037270,0.010925,0.255381,0.005467,0.012767,0.074419,0.047422
N20001119,0.369660,0.052876,0.073957,0.022679,0.327292,0.008934,0.025548,0.071363,0.047691
N20001120,0.449933,0.039573,0.043777,0.019140,0.301160,0.006282,0.014239,0.076052,0.049846
N20001121,0.193803,0.020086,0.341404,0.011478,0.241966,0.003134,0.116879,0.040610,0.030639
N20001122,0.181854,0.071896,0.306828,0.022806,0.198309,0.007257,0.147421,0.037740,0.025889
N20001123,0.189870,0.175071,0.271061,0.058739,0.134835,0.022111,0.096386,0.030572,0.021354
N20001124,0.227638,0.086430,0.250982,0.031405,0.223574,0.011317,0.094167,0.043479,0.031008
N20001125,0.130309,0.122292,0.398216,0.033969,0.101913,0.013542,0.162941,0.021404,0.015413
N20001126,0.144557,0.149728,0.387285,0.045546,0.090307,0.016267,0.130297,0.020744,0.015269
N20001127,0.527837,0.033845,0.034019,0.016264,0.250448,0.006893,0.010373,0.072735,0.047587
N20001128,0.140930,0.379296,0.190215,0.095710,0.059334,0.050229,0.056341,0.016180,0.011765
N20001129,0.106978,0.366588,0.254745,0.097712,0.042215,0.044217,0.066927,0.011866,0.008752
N20001130,0.577861,0.032087,0.016347,0.018074,0.223779,0.006788,0.004288,0.073517,0.047260
N20001131,0.492455,0.055440,0.063878,0.026834,0.222347,0.014158,0.016476,0.065154,0.043258
N20001132,0.265689,0.096887,0.219908,0.033523,0.211114,0.011356,0.083537,0.046057,0.031931
N20001133,0.132998,0.115643,0.401186,0.041679,0.121418,0.014898,0.131337,0.023348,0.017493
N20001134,0.383112,0.063202,0.122085,0.030002,0.248574,0.011838,0.039049,0.060558,0.041580
N20001135,0.221728,0.070773,0.255724,0.023939,0.233694,0.008605,0.108255,0.046045,0.031236
N20001136,0.237054,0.088638,0.220408,0.039314,0.249116,0.012527,0.070071,0.048467,0.034403
N20001137,0.203197,0.052949,0.251492,0.019966,0.271773,0.006389,0.114884,0.046839,0.032509
N20001138,0.272366,0.041289,0.238731,0.014566,0.246882,0.004719,0.095532,0.050808,0.035107
N20001139,0.210434,0.110228,0.264738,0.036803,0.192301,0.013452,0.105885,0.038811,0.027348
N20001140,0.126648,0.088507,0.446741,0.038057,0.115226,0.013400,0.131992,0.022643,0.016786
N20001141,0.374875,0.053880,0.142639,0.019955,0.248270,0.007251,0.053091,0.059627,0.040412
N20001142,0.205672,0.070808,0.274002,0.033663,0.241825,0.009463,0.090118,0.042918,0.031532
N20001143,0.276062,0.115594,0.209641,0.041092,0.193138,0.015181,0.073868,0.044363,0.031060
N20001144,0.203472,0.043219,0.262669,0.016091,0.266903,0.005733,0.125117,0.045082,0.031713
N20001145,0.104942,0.017906,0.461305,0.008657,0.176907,0.002303,0.181922,0.026335,0.019723
N20001146,0.184888,0.042234,0.339311,0.018363,0.221010,0.005526,0.123561,0.037149,0.027957
N20001147,0.133599,0.375277,0.241894,0.071668,0.047468,0.036591,0.068908,0.014316,0.010278
N20001148,0.066420,0.070235,0.570992,0.024860,0.078802,0.010510,0.154365,0.013368,0.010447
N20001149,0.135121,0.102913,0.435404,0.039757,0.106995,0.013992,0.127390,0.021981,0.016447
N20001150,0.227688,0.083064,0.279353,0.029811,0.202338,0.010370,0.095265,0.042301,0.029810
N20001151,0.214209,0.077375,0.287727,0.034859,0.215830,0.011220,0.085731,0.042570,0.030479
N20001152,0.189878,0.059488,0.328655,0.023406,0.197010,0.008377,0.128436,0.037964,0.026785
N20001153,0.188261,0.094540,0.295725,0.047540,0.209477,0.014776,0.080935,0.039987,0.028759
N20001154,0.408860,0.105343,0.123130,0.033453,0.184990,0.013152,0.044685,0.051127,0.035261
N20001155,0.271266,0.044330,0.222301,0.016637,0.259724,0.006200,0.090524,0.052712,0.036306
N20001156,0.138188,0.109921,0.407111,0.047349,0.114356,0.016236,0.126056,0.023321,0.017461
N20001157,0.216889,0.067957,0.278673,0.030646,0.228406,0.009290,0.092297,0.044548,0.031295
N20001158,0.415526,0.051946,0.124477,0.027541,0.236144,0.008507,0.033137,0.060084,0.042640
N20001159,0.188519,0.014954,0.257133,0.005381,0.318476,0.001853,0.130991,0.048858,0.033835
N20001160,0.296546,0.024192,0.153396,0.010652,0.343552,0.003535,0.060239,0.063895,0.043993
N20001161,0.213445,0.034315,0.256016,0.014890,0.285495,0.005105,0.106822,0.049480,0.034432
N20001162,0.146271,0.081892,0.380260,0.026948,0.137696,0.010361,0.170418,0.026834,0.019319
N20001163,0.208013,0.103635,0.328436,0.033201,0.145911,0.012072,0.113100,0.032221,0.023412
N20001164,0.327166,0.036701,0.171050,0.018080,0.281017,0.005710,0.060969,0.058188,0.041118
N20001165,0.370911,0.054335,0.154839,0.027459,0.244691,0.008386,0.042394,0.056186,0.040800
N20001166,0.296860,0.023836,0.181105,0.012596,0.313559,0.003906,0.066187,0.059583,0.042370
N20001167,0.113641,0.023012,0.505969,0.014362,0.151372,0.003683,0.145265,0.023673,0.019023
N20001168,0.156841,0.055337,0.410781,0.022217,0.153086,0.007950,0.142563,0.029647,0.021579
N20001169,0.194201,0.052880,0.364550,0.033096,0.184932,0.009412,0.100585,0.033698,0.026646
N20001170,0.169660,0.041959,0.368490,0.021704,0.207904,0.006904,0.122288,0.034475,0.026615
N20001171,0.111778,0.055893,0.511119,0.031561,0.119266,0.008753,0.124009,0.020853,0.016768
N20001172,0.053053,0.067578,0.625142,0.037232,0.053562,0.012170,0.134683,0.008878,0.007702
N20001173,0.151610,0.053293,0.390448,0.028565,0.189744,0.008966,0.122472,0.030654,0.024247
N20001174,0.140641,0.031805,0.468642,0.019558,0.162839,0.005186,0.122864,0.026775,0.021691
N20001175,0.086126,0.046207,0.522426,0.025847,0.119405,0.006497,0.159701,0.018842,0.014950
N20001176,0.131840,0.035848,0.506499,0.024793,0.142591,0.007095,0.107291,0.024085,0.019958
N20001177,0.143576,0.040517,0.472854,0.026152,0.149490,0.007558,0.114103,0.025042,0.020708
N20001178,0.109933,0.045056,0.511320,0.027463,0.125074,0.007189,0.135996,0.020924,0.017046
N20001179,0.331665,0.047773,0.162140,0.018831,0.270245,0.007189,0.065546,0.057254,0.039357
N20001180,0.310313,0.041294,0.186756,0.025465,0.276159,0.007581,0.054435,0.056321,0.041677
N20001181,0.160421,0.022439,0.368305,0.013973,0.243944,0.003679,0.123724,0.035521,0.027994
N20001182,0.238994,0.047397,0.348846,0.031214,0.177219,0.009165,0.081519,0.036578,0.029067
N20001183,0.213738,0.019372,0.311149,0.012932,0.276035,0.003622,0.083613,0.044350,0.035188
N20001184,0.472826,0.035392,0.078457,0.020850,0.250693,0.007521,0.021483,0.066418,0.046359
N20001185,0.216244,0.032576,0.357123,0.022587,0.219189,0.006118,0.074655,0.039547,0.031960
N20001186,0.315283,0.022516,0.184892,0.014475,0.305097,0.004380,0.052657,0.057494,0.043205
N20001187,0.212934,0.057948,0.360281,0.035018,0.174165,0.010023,0.088151,0.034243,0.027238
N20001188,0.237386,0.033521,0.340511,0.021518,0.210612,0.006154,0.078065,0.040489,0.031745
N20001189,0.297248,0.046975,0.295403,0.033045,0.182385,0.010219,0.060861,0.041209,0.032655
N20001190,0.572042,0.014724,0.026217,0.010788,0.245399,0.003551,0.006262,0.071180,0.049838
N20001191,0.224532,0.015784,0.297880,0.010988,0.287225,0.003375,0.076769,0.046552,0.036896
N20001192,0.613756,0.018556,0.019770,0.013041,0.210354,0.004496,0.004199,0.068202,0.047626
N20001193,0.375469,0.052864,0.208954,0.036110,0.189098,0.010645,0.042908,0.047317,0.036635
N20001194,0.258920,0.201469,0.170026,0.103884,0.131889,0.036590,0.037424,0.034128,0.025670
N20001195,0.406114,0.025639,0.113255,0.018059,0.291034,0.005320,0.027324,0.065203,0.048051
N20001196,0.189354,0.061035,0.389777,0.040631,0.161091,0.011748,0.090415,0.030859,0.025092
N20001197,0.550357,0.013390,0.034627,0.009269,0.258661,0.003192,0.008521,0.071574,0.050410
N20001198,0.265235,0.033343,0.293775,0.025612,0.233693,0.007053,0.061449,0.044009,0.035831
N20001199,0.146308,0.042424,0.456166,0.025552,0.157906,0.007706,0.114176,0.027602,0.022161
N20001200,0.157467,0.071717,0.422562,0.039831,0.133398,0.011608,0.116764,0.026239,0.020414
N20001201,0.104556,0.132159,0.484663,0.075971,0.062518,0.023148,0.091897,0.013748,0.011340
N20001202,0.380933,0.031008,0.138249,0.020249,0.282902,0.006025,0.035090,0.060335,0.045210
N20001203,0.061978,0.490183,0.174610,0.137583,0.019575,0.075218,0.030322,0.005892,0.004639
N20001204,0.520803,0.015039,0.033868,0.010223,0.280958,0.003541,0.008477,0.074843,0.052247
N20001205,0.122604,0.307152,0.255347,0.129891,0.058726,0.045506,0.054314,0.014826,0.011634
N20001206,0.050521,0.473302,0.164182,0.180941,0.020991,0.070563,0.029012,0.005913,0.004576
N20001207,0.028006,0.572481,0.052712,0.206172,0.007189,0.122137,0.006725,0.002579,0.001998
N20001208,0.031273,0.605411,0.022232,0.221888,0.006404,0.105315,0.003014,0.002513,0.001951
N20001209,0.204801,0.133526,0.317906,0.074261,0.133039,0.026745,0.059163,0.027979,0.022579
N20001210,0.041163,0.551338,0.083859,0.203277,0.010719,0.091341,0.012040,0.003437,0.002825
N20001211,0.040925,0.505552,0.147647,0.192220,0.014123,0.068638,0.023351,0.004188,0.003357
N20001212,0.516810,0.010719,0.035252,0.008398,0.289382,0.002597,0.007874,0.075385,0.053583
N20001213,0.056532,0.380082,0.285196,0.152926,0.017090,0.053808,0.045217,0.004990,0.004159
N20001214,0.175883,0.312203,0.179863,0.132234,0.075829,0.053904,0.033087,0.020884,0.016114
N20001215,0.027392,0.447081,0.206335,0.205723,0.011920,0.064780,0.031123,0.003078,0.002568
N20001216,0.129691,0.231659,0.377195,0.073092,0.058988,0.033457,0.068777,0.015090,0.012052
N20001217,0.102662,0.232643,0.372445,0.104411,0.057321,0.038597,0.067911,0.013208,0.010801
N20001218,0.193176,0.078214,0.375665,0.046916,0.147217,0.015639,0.090426,0.029196,0.023551
N20001219,0.114404,0.172371,0.421186,0.084231,0.073582,0.027508,0.077614,0.015954,0.013150
N20001220,0.056415,0.417786,0.205334,0.196312,0.020509,0.060163,0.033065,0.005722,0.004694
N20001221,0.247104,0.087928,0.305320,0.045775,0.161290,0.013539,0.076392,0.035061,0.027591
N20001222,0.039139,0.520749,0.136865,0.181584,0.011822,0.082558,0.020690,0.003645,0.002946
N20001223,0.037038,0.524949,0.129457,0.186357,0.010574,0.086197,0.019449,0.003305,0.002675
N20001224,0.028728,0.524268,0.137505,0.202362,0.007928,0.076193,0.018461,0.002487,0.002069
N20001225,0.029042,0.556294,0.074958,0.218027,0.005925,0.102659,0.009346,0.002001,0.001747
N20001226,0.076579,0.049671,0.581476,0.033041,0.089642,0.008818,0.133235,0.015110,0.012427
N20001227,0.045310,0.496030,0.161813,0.169203,0.014185,0.082290,0.023371,0.004310,0.003489
N20001228,0.027758,0.536043,0.093916,0.214720,0.006824,0.105346,0.011288,0.002241,0.001863
N20001229,0.047452,0.526489,0.085596,0.206056,0.012675,0.102897,0.011478,0.004050,0.003306
N20001230,0.259442,0.048265,0.310885,0.032509,0.196607,0.009679,0.071113,0.039763,0.031736
N20001231,0.188116,0.092261,0.375070,0.059414,0.140181,0.018370,0.075511,0.028084,0.022992
N20001232,0.072269,0.335511,0.261677,0.185215,0.029917,0.063572,0.037490,0.007830,0.006519
N20001233,0.276805,0.104605,0.220820,0.067988,0.191895,0.019318,0.044733,0.041074,0.032762
N20001234,0.053354,0.091326,0.578557,0.048241,0.058961,0.012935,0.139056,0.009516,0.008054
N20001235,0.692834,0.013235,0.007449,0.007749,0.162241,0.003038,0.001525,0.068622,0.043306
N20001236,0.722144,0.010155,0.002426,0.006546,0.147013,0.002789,0.000536,0.066557,0.041834
N20001237,0.710080,0.011361,0.006159,0.008270,0.154562,0.003036,0.001194,0.062871,0.042467
N20001238,0.754265,0.011448,0.003768,0.008264,0.123549,0.003320,0.000670,0.056236,0.038481
N20001239,0.721518,0.010695,0.003232,0.005546,0.144745,0.002562,0.000671,0.069220,0.041811
N20001240,0.647158,0.011411,0.008477,0.006536,0.198394,0.002358,0.001742,0.075942,0.047982
N20001241,0.699632,0.006782,0.003261,0.004222,0.169179,0.001671,0.000708,0.070321,0.044224
N20001242,0.699067,0.014405,0.006897,0.008025,0.156574,0.003325,0.001302,0.067466,0.042938
N20001243,0.751896,0.010543,0.003038,0.006341,0.124853,0.002699,0.000548,0.061364,0.038719
N20001244,0.681875,0.008517,0.006976,0.006320,0.180823,0.002271,0.001387,0.066284,0.045547
N20001245,0.699018,0.012176,0.007311,0.008812,0.161096,0.003331,0.001429,0.063575,0.043252
N20001246,0.691059,0.014692,0.008029,0.010085,0.161751,0.003891,0.001574,0.065270,0.043648
N20001247,0.642276,0.018528,0.013534,0.013435,0.194359,0.004407,0.002746,0.064790,0.045926
N20001248,0.706143,0.009545,0.004066,0.005101,0.157915,0.002173,0.000860,0.071031,0.043165
N20001249,0.086774,0.558195,0.088771,0.148305,0.020277,0.069662,0.015260,0.007232,0.005526
N20001250,0.701246,0.012560,0.003923,0.007454,0.161329,0.003193,0.000873,0.066381,0.043042
N20001251,0.679084,0.012324,0.006130,0.008920,0.175659,0.003244,0.001253,0.068168,0.045218
N20001252,0.741122,0.012033,0.003665,0.007565,0.131935,0.003039,0.000672,0.060560,0.039410
N20001253,0.692496,0.015412,0.006702,0.010334,0.160122,0.004022,0.001364,0.066129,0.043420
N20001254,0.635295,0.039851,0.025557,0.022172,0.161799,0.008237,0.004873,0.060266,0.041950
N20001255,0.736096,0.015751,0.004771,0.007854,0.127312,0.003565,0.000948,0.064610,0.039093
N20001256,0.744740,0.013844,0.003628,0.008550,0.126711,0.003460,0.000665,0.059643,0.038760
N20001257,0.712318,0.008552,0.002606,0.004784,0.154962,0.002032,0.000554,0.071272,0.042918
N20001258,0.671295,0.010030,0.007410,0.007646,0.185140,0.002765,0.001520,0.068010,0.046184
N20001259,0.691898,0.009801,0.005719,0.006117,0.168415,0.002415,0.001194,0.070006,0.044435
N20001260,0.627889,0.016299,0.018685,0.011235,0.202367,0.003970,0.003814,0.068252,0.047488
N20001261,0.731604,0.010609,0.002881,0.005886,0.138773,0.002624,0.000592,0.066373,0.040658
N20001262,0.664739,0.007123,0.004278,0.003909,0.195734,0.001531,0.001076,0.075243,0.046367
N20001263,0.712085,0.012029,0.004356,0.006207,0.149920,0.002561,0.000951,0.069897,0.041996
N20001264,0.547131,0.009038,0.020300,0.006385,0.277290,0.002180,0.005244,0.079202,0.053230
N20001265,0.590147,0.008975,0.014625,0.006548,0.247272,0.002200,0.003307,0.075426,0.051499
N20001266,0.729987,0.012446,0.004128,0.006646,0.137787,0.002899,0.000792,0.064792,0.040522
N20001267,0.674506,0.018082,0.010737,0.013001,0.171171,0.004717,0.001997,0.061895,0.043894
N20001268,0.704747,0.008943,0.004451,0.005221,0.160378,0.002064,0.000870,0.069784,0.043543
N20001269,0.713290,0.016881,0.009274,0.008822,0.141274,0.003767,0.001862,0.064272,0.040559
N20001270,0.696573,0.011114,0.003717,0.005555,0.161655,0.002468,0.000870,0.074401,0.043647
N20001271,0.483563,0.024713,0.074084,0.018194,0.262953,0.005781,0.017245,0.065098,0.048369
N20001272,0.683834,0.006934,0.004783,0.003866,0.179490,0.001521,0.001019,0.073098,0.045455
N20001273,0.677831,0.012263,0.005707,0.008491,0.177848,0.003130,0.001248,0.068231,0.045251
N20001274,0.635484,0.019104,0.009486,0.010248,0.198254,0.003864,0.002186,0.074446,0.046929
N20001275,0.355731,0.049533,0.192437,0.030535,0.226770,0.009402,0.045166,0.051136,0.039289
N20001276,0.715528,0.015210,0.005972,0.008652,0.142970,0.003645,0.001109,0.065634,0.041280
N20001277,0.702337,0.010408,0.003933,0.006076,0.160752,0.002425,0.000840,0.069834,0.043395
N20001278,0.695251,0.015602,0.005522,0.009910,0.159512,0.003907,0.001121,0.065878,0.043299
N20001279,0.673251,0.013175,0.006758,0.008763,0.179615,0.003450,0.001491,0.068168,0.045330
N20001280,0.506789,0.029664,0.048798,0.016196,0.263280,0.005474,0.013812,0.068099,0.047886
N20001281,0.567969,0.018418,0.024549,0.010732,0.247053,0.004032,0.006373,0.071546,0.049328
N20001282,0.694676,0.011154,0.006591,0.008310,0.167574,0.002957,0.001191,0.063405,0.044143
N20001283,0.703591,0.011615,0.009042,0.007039,0.158242,0.002804,0.001610,0.063441,0.042616
N20001284,0.727607,0.012084,0.002886,0.008720,0.141403,0.003484,0.000557,0.062125,0.041134
N20001285,0.571935,0.040944,0.057504,0.023878,0.187238,0.009149,0.011070,0.055999,0.042283
N20001286,0.710167,0.011556,0.009090,0.007351,0.153346,0.002620,0.001645,0.062283,0.041942
N20001287,0.711867,0.013108,0.005187,0.008185,0.148311,0.003169,0.000950,0.066782,0.042442
N20001288,0.735552,0.010421,0.003370,0.006190,0.137494,0.002626,0.000669,0.063561,0.040116
N20001289,0.359210,0.082236,0.178748,0.042850,0.198415,0.016275,0.036764,0.048903,0.036599
N20001290,0.709811,0.011824,0.004933,0.008011,0.155424,0.003239,0.000990,0.063303,0.042466
N20001291,0.727895,0.011629,0.002999,0.006993,0.142084,0.003019,0.000629,0.063831,0.040922
N20001292,0.151251,0.340471,0.183406,0.148858,0.053040,0.066136,0.030088,0.014834,0.011917
N20001293,0.733236,0.011485,0.006286,0.007651,0.136268,0.002888,0.001085,0.060799,0.040303
N20001294,0.057657,0.370051,0.236521,0.195769,0.026814,0.065082,0.035923,0.006605,0.005579
N20001295,0.743425,0.012464,0.003506,0.006934,0.128556,0.003032,0.000685,0.062334,0.039063
N20001296,0.089665,0.220198,0.409835,0.091689,0.055474,0.039679,0.071413,0.012190,0.009856
N20001297,0.682622,0.010066,0.006812,0.005876,0.176660,0.002301,0.001370,0.069335,0.044958
N20001298,0.744067,0.012589,0.002983,0.007069,0.126297,0.002998,0.000567,0.064178,0.039254
N20001299,0.734031,0.008105,0.003364,0.004605,0.139165,0.001895,0.000638,0.067135,0.041062
N20001300,0.728276,0.014900,0.003769,0.007602,0.133860,0.003196,0.000751,0.067405,0.040241
N20001301,0.729152,0.007746,0.002357,0.004097,0.143394,0.001825,0.000484,0.069327,0.041617
N20001302,0.760100,0.009729,0.001828,0.005762,0.119180,0.002508,0.000338,0.062331,0.038224
N20001303,0.684175,0.019634,0.008440,0.009586,0.162543,0.004093,0.001846,0.066673,0.043010
N20001304,0.714371,0.015612,0.004970,0.007579,0.143104,0.003280,0.001027,0.068719,0.041338
N20001305,0.698856,0.008484,0.005535,0.004569,0.162489,0.001793,0.001064,0.072971,0.044238
N20001306,0.655584,0.005773,0.009042,0.003701,0.200094,0.001211,0.001619,0.074632,0.048345
N20001307,0.624888,0.033365,0.017969,0.012000,0.187289,0.005618,0.005840,0.069938,0.043093
N20001308,0.728649,0.013376,0.004368,0.008648,0.138081,0.003485,0.000846,0.062042,0.040504
N20001309,0.708137,0.012755,0.004977,0.008410,0.154233,0.003493,0.000970,0.064265,0.042759
N20001310,0.723671,0.010919,0.003913,0.005723,0.143790,0.002492,0.000816,0.067454,0.041223
N20001311,0.686653,0.016910,0.007045,0.007803,0.162950,0.003765,0.001713,0.070328,0.042833
N20001312,0.662591,0.028847,0.015951,0.013868,0.162813,0.006187,0.003661,0.064475,0.041608
N20001313,0.725504,0.010907,0.003758,0.005922,0.140929,0.002686,0.000706,0.068137,0.041450
N20001314,0.733285,0.013901,0.003758,0.007498,0.131862,0.003316,0.000715,0.065642,0.040022
N20001315,0.660685,0.032026,0.014320,0.014391,0.161545,0.006722,0.003461,0.065575,0.041274
N20001316,0.707126,0.009508,0.003695,0.005085,0.157303,0.002233,0.000751,0.070815,0.043484
N20001317,0.740204,0.010392,0.003824,0.005752,0.131347,0.002387,0.000725,0.065412,0.039958
N20001318,0.736230,0.016486,0.004986,0.011192,0.129092,0.004457,0.000894,0.057658,0.039005
N20001319,0.705779,0.014986,0.004579,0.007915,0.151601,0.003449,0.001045,0.068679,0.041966
N20001320,0.728264,0.009718,0.003405,0.004529,0.139559,0.002057,0.000718,0.070625,0.041126
N20001321,0.673354,0.013589,0.005758,0.007118,0.178317,0.003365,0.001412,0.072481,0.044605
N20001322,0.715389,0.017154,0.005883,0.008537,0.143026,0.004011,0.001320,0.064374,0.040306
N20001323,0.761639,0.011653,0.002595,0.006484,0.116626,0.002911,0.000495,0.060134,0.037464
N20001324,0.705293,0.017320,0.005623,0.007767,0.146479,0.003821,0.001292,0.071010,0.041395
N20001325,0.715958,0.009274,0.003516,0.005258,0.151483,0.002123,0.000742,0.069413,0.042232
N20001326,0.717347,0.008950,0.004017,0.005548,0.151820,0.002175,0.000804,0.066961,0.042378
N20001327,0.682018,0.009564,0.005153,0.006376,0.177736,0.002487,0.001208,0.070234,0.045225
N20001328,0.697738,0.018014,0.007778,0.008456,0.151431,0.003737,0.001664,0.069192,0.041991
N20001329,0.700736,0.011893,0.004241,0.007506,0.159152,0.002945,0.000850,0.068839,0.043839
N20001330,0.635899,0.011949,0.009259,0.007275,0.210326,0.002720,0.002309,0.072588,0.047675
N20001331,0.710700,0.011655,0.004575,0.008370,0.154337,0.003159,0.000905,0.063800,0.042500
N20001332,0.731819,0.013590,0.003907,0.007218,0.133556,0.003183,0.000754,0.065975,0.039997
N20001333,0.632027,0.011167,0.009624,0.006517,0.212652,0.002550,0.002393,0.075017,0.048051
N20001334,0.692820,0.010462,0.004706,0.006891,0.168293,0.002667,0.001010,0.068895,0.044257
N20001335,0.650235,0.014594,0.004671,0.008461,0.195698,0.003485,0.001242,0.074941,0.046673
N20001336,0.710180,0.018091,0.007706,0.010218,0.145087,0.004130,0.001572,0.062420,0.040596
N20001337,0.671127,0.008075,0.005002,0.006033,0.190058,0.002162,0.001013,0.069890,0.046641
N20001338,0.715247,0.025519,0.005673,0.011439,0.129504,0.005172,0.001273,0.066781,0.039391
N20001339,0.703541,0.011232,0.005210,0.007827,0.159259,0.002893,0.000997,0.065744,0.043297
N20001340,0.658680,0.011018,0.008235,0.007403,0.193416,0.002739,0.001715,0.069887,0.046905
N20001341,0.588207,0.010721,0.013307,0.006656,0.247571,0.002587,0.002953,0.076934,0.051064
N20001342,0.698817,0.008697,0.003792,0.005387,0.166494,0.002230,0.000808,0.069504,0.044269
N20001343,0.740608,0.011923,0.003012,0.007479,0.131181,0.003189,0.000608,0.062344,0.039655
N20001344,0.732588,0.009788,0.003213,0.005763,0.138012,0.002639,0.000628,0.066510,0.040858
N20001345,0.718105,0.014561,0.005861,0.009002,0.142195,0.003626,0.001125,0.064179,0.041346
N20001346,0.718231,0.013179,0.004409,0.008208,0.145639,0.003236,0.000875,0.064688,0.041536
N20001347,0.680925,0.014317,0.017883,0.010029,0.163987,0.003199,0.003052,0.063290,0.043317
N20001348,0.719870,0.013027,0.005270,0.006991,0.144332,0.002853,0.001150,0.065613,0.040894
N20001349,0.707570,0.009420,0.003628,0.006178,0.158908,0.002348,0.000758,0.067956,0.043235
N20001350,0.649765,0.007455,0.004284,0.005099,0.207058,0.001922,0.001019,0.075167,0.048230
N20001351,0.741543,0.014504,0.004201,0.008830,0.126928,0.003899,0.000766,0.060373,0.038955
N20001352,0.678635,0.011840,0.006064,0.007170,0.174515,0.002749,0.001276,0.072517,0.045234
N20001353,0.696982,0.007790,0.002967,0.004657,0.168561,0.001868,0.000678,0.072235,0.044263
N20001354,0.696870,0.011027,0.004286,0.006658,0.163336,0.002771,0.000942,0.070305,0.043805
N20001355,0.669715,0.007618,0.003685,0.005121,0.193539,0.001989,0.000874,0.071138,0.046321
N20001356,0.709222,0.008789,0.003859,0.005645,0.158553,0.002173,0.000765,0.067829,0.043167
N20001357,0.697584,0.010451,0.005042,0.006671,0.163356,0.002614,0.001022,0.069361,0.043899
N20001358,0.727050,0.013081,0.004310,0.007821,0.139327,0.003174,0.000821,0.063703,0.040713
N20001359,0.737271,0.011881,0.004108,0.007771,0.133926,0.003025,0.000729,0.061295,0.039995
N20001360,0.721260,0.010522,0.002830,0.006853,0.149200,0.002772,0.000598,0.064364,0.041601
N20001361,0.694607,0.012183,0.006997,0.008315,0.164486,0.003094,0.001448,0.065198,0.043672
N20001362,0.715148,0.010874,0.002704,0.007256,0.152930,0.003048,0.000557,0.064981,0.042502
N20001363,0.725871,0.012580,0.003777,0.007856,0.139779,0.003123,0.000725,0.065289,0.041000
N20001364,0.708442,0.007635,0.004705,0.005333,0.162655,0.002027,0.000925,0.064858,0.043420
N20001365,0.677878,0.012908,0.006944,0.006455,0.175181,0.002618,0.001744,0.072035,0.044239
N20001366,0.695036,0.009441,0.004177,0.006117,0.168517,0.002402,0.000923,0.069235,0.044152
N20001367,0.668616,0.010753,0.005096,0.007405,0.186847,0.002811,0.001073,0.071130,0.046269
N20001368,0.734614,0.014784,0.004446,0.009771,0.132697,0.003768,0.000857,0.059448,0.039615
N20001369,0.027819,0.630121,0.050227,0.177526,0.006165,0.097897,0.006017,0.002383,0.001844
N20001370,0.024867,0.626208,0.020700,0.202391,0.004459,0.115669,0.002412,0.001847,0.001448
N20001371,0.127177,0.411658,0.103974,0.190226,0.038699,0.091600,0.015197,0.011783,0.009686
N20001372,0.019173,0.591615,0.017520,0.270248,0.003743,0.092980,0.002103,0.001452,0.001168
N20001373,0.276878,0.324653,0.055600,0.156798,0.066997,0.068766,0.008331,0.023739,0.018239
N20001374,0.682866,0.011505,0.010081,0.008712,0.174329,0.003133,0.001772,0.062758,0.044845
N20001375,0.023263,0.595146,0.035654,0.193683,0.004496,0.140442,0.004159,0.001746,0.001411
N20001376,0.033975,0.602361,0.071462,0.163561,0.006151,0.110269,0.007842,0.002409,0.001971
N20001377,0.063686,0.541513,0.044457,0.199449,0.014269,0.120908,0.006076,0.005484,0.004157
N20001378,0.041365,0.622269,0.050310,0.161802,0.008816,0.102438,0.006972,0.003406,0.002622
N20001379,0.024446,0.616504,0.032350,0.202801,0.004282,0.112492,0.004042,0.001705,0.001378
N20001380,0.013643,0.537560,0.067686,0.226810,0.003111,0.142317,0.006949,0.001018,0.000906
N20001381,0.018632,0.625312,0.029390,0.208663,0.003770,0.108222,0.003351,0.001488,0.001172
N20001382,0.033374,0.569940,0.039419,0.200474,0.007583,0.139203,0.005044,0.002767,0.002196
N20001383,0.031583,0.642189,0.028715,0.171567,0.006269,0.111433,0.003724,0.002574,0.001945
N20001384,0.037029,0.608618,0.042701,0.175877,0.007249,0.117868,0.005601,0.002843,0.002215
N20001385,0.059155,0.565852,0.059133,0.183622,0.017577,0.094634,0.009581,0.005951,0.004494
N20001386,0.024943,0.496627,0.107770,0.232489,0.006270,0.116244,0.011986,0.001942,0.001728
N20001387,0.033786,0.598196,0.023229,0.220792,0.006721,0.109473,0.002949,0.002757,0.002097
N20001388,0.015314,0.549634,0.027275,0.249434,0.002829,0.150966,0.002655,0.001002,0.000891
N20001389,0.058598,0.610131,0.037891,0.155591,0.011643,0.112285,0.005467,0.004826,0.003569
N20001390,0.017028,0.618635,0.022568,0.213746,0.003247,0.119956,0.002452,0.001321,0.001048
N20001391,0.016408,0.544085,0.032582,0.250142,0.003713,0.147454,0.003266,0.001257,0.001093
N20001392,0.013358,0.534598,0.034328,0.278510,0.002863,0.131019,0.003476,0.000984,0.000863
N20001393,0.020435,0.691031,0.028675,0.143000,0.003667,0.106656,0.003724,0.001614,0.001198
N20001394,0.058896,0.568035,0.051251,0.192386,0.012833,0.100447,0.007874,0.004637,0.003642
N20001395,0.026618,0.593886,0.025132,0.224466,0.005085,0.118056,0.003076,0.002078,0.001602
N20001396,0.034955,0.620915,0.022743,0.173445,0.006105,0.134384,0.002725,0.002702,0.002025
N20001397,0.058950,0.594126,0.068814,0.158229,0.014469,0.085123,0.010880,0.005396,0.004014
N20001398,0.032128,0.620212,0.033850,0.179549,0.006270,0.119002,0.004552,0.002498,0.001939
N20001399,0.028820,0.637627,0.030771,0.172488,0.005497,0.116867,0.003825,0.002337,0.001767
N20001400,0.084071,0.548061,0.077101,0.149348,0.019495,0.097200,0.012311,0.007007,0.005405
N20001401,0.032363,0.561804,0.094469,0.188086,0.007191,0.098839,0.012629,0.002548,0.002073
N20001402,0.038089,0.556867,0.078927,0.194679,0.010448,0.103541,0.011339,0.003354,0.002755
N20001403,0.028894,0.615936,0.032347,0.190297,0.005550,0.119294,0.003768,0.002174,0.001741
N20001404,0.042159,0.567270,0.099334,0.157869,0.011288,0.100782,0.014318,0.003949,0.003031
N20001405,0.020420,0.629932,0.023781,0.193415,0.003900,0.123019,0.002714,0.001573,0.001245
N20001406,0.036552,0.638925,0.022149,0.154089,0.006191,0.134465,0.002768,0.002793,0.002068
N20001407,0.037526,0.595131,0.029502,0.204792,0.007489,0.116052,0.004136,0.003072,0.002299
N20001408,0.014047,0.695450,0.018142,0.144736,0.002044,0.121941,0.001947,0.000952,0.000742
N20001409,0.023479,0.621734,0.029854,0.199672,0.004036,0.114866,0.003386,0.001655,0.001319
N20001410,0.013743,0.611945,0.011933,0.230487,0.002164,0.126677,0.001295,0.000996,0.000759
N20001411,0.017630,0.657009,0.050344,0.158502,0.003312,0.105256,0.005576,0.001309,0.001063
N20001412,0.036511,0.632628,0.032760,0.160829,0.006354,0.121574,0.004491,0.002773,0.002080
N20001413,0.089968,0.514237,0.050743,0.193315,0.018626,0.113569,0.006398,0.007485,0.005658
N20001414,0.665070,0.068290,0.010117,0.032473,0.116713,0.016511,0.001816,0.053314,0.035695
N20001415,0.018296,0.696516,0.018360,0.137700,0.002835,0.121926,0.002016,0.001342,0.001009
N20001416,0.026756,0.617112,0.015014,0.216450,0.004308,0.115310,0.001750,0.001836,0.001464
N20001417,0.023790,0.662395,0.015921,0.171601,0.003904,0.117488,0.001831,0.001739,0.001332
N20001418,0.314359,0.218222,0.138182,0.074231,0.124054,0.031799,0.036020,0.037136,0.025998
N20001419,0.704125,0.008105,0.003144,0.004679,0.161915,0.001920,0.000685,0.071801,0.043626
N20001420,0.691813,0.015178,0.007005,0.006613,0.161638,0.003294,0.001558,0.069832,0.043068
N20001421,0.638776,0.044224,0.014900,0.016698,0.163771,0.008661,0.003616,0.067599,0.041755
N20001422,0.532428,0.056749,0.057402,0.025238,0.196866,0.011070,0.013171,0.063780,0.043296
N20001423,0.702837,0.016973,0.007090,0.007561,0.149116,0.003325,0.001515,0.069622,0.041961
N20001424,0.033215,0.635255,0.020795,0.184494,0.005898,0.113341,0.002608,0.002466,0.001928
N20001425,0.546702,0.042449,0.027670,0.017852,0.233596,0.007620,0.008898,0.069668,0.045546
N20001426,0.718306,0.013163,0.005535,0.006596,0.143148,0.002807,0.001125,0.068113,0.041206
N20001427,0.682126,0.011751,0.004802,0.006086,0.173559,0.002591,0.001125,0.073428,0.044533
N20001428,0.686267,0.022340,0.011015,0.010269,0.154374,0.004571,0.002566,0.067061,0.041537
N20001429,0.725020,0.010282,0.002881,0.004994,0.141599,0.002291,0.000614,0.070954,0.041366
N20001430,0.584764,0.015314,0.022302,0.007824,0.238881,0.002753,0.005930,0.073546,0.048685
N20001431,0.700859,0.010902,0.005300,0.004704,0.158286,0.002249,0.001211,0.073523,0.042964
N20001432,0.756474,0.010149,0.003268,0.005811,0.121254,0.002446,0.000602,0.061819,0.038176
N20001433,0.688906,0.012405,0.008314,0.006431,0.164522,0.002657,0.001577,0.071174,0.044013
N20001434,0.725668,0.014046,0.004821,0.007765,0.138451,0.003178,0.000982,0.064843,0.040247
N20001435,0.690650,0.017418,0.007964,0.006990,0.157498,0.003107,0.001882,0.071925,0.042565
N20001436,0.704619,0.008883,0.005759,0.005802,0.160312,0.002209,0.001014,0.067676,0.043725
N20001437,0.733016,0.017273,0.006390,0.008480,0.126635,0.003876,0.001167,0.064087,0.039076
N20001438,0.629199,0.005272,0.009493,0.002679,0.219912,0.001015,0.002039,0.080932,0.049459
N20001439,0.678126,0.029850,0.007124,0.011984,0.156594,0.006774,0.001917,0.066852,0.040778
N20001440,0.738973,0.009904,0.003701,0.005845,0.134012,0.002374,0.000704,0.064403,0.040084
N20001441,0.665329,0.028630,0.010131,0.011735,0.165887,0.005653,0.002821,0.068040,0.041774
N20001442,0.713267,0.012743,0.003545,0.007485,0.148861,0.003133,0.000720,0.068020,0.042226
N20001443,0.675577,0.027569,0.009901,0.012664,0.156765,0.005466,0.002380,0.068025,0.041654
N20001444,0.712953,0.012290,0.006621,0.006670,0.147317,0.002643,0.001250,0.068373,0.041882
N20001445,0.646996,0.034529,0.014541,0.014093,0.170882,0.007401,0.003781,0.066139,0.041638
N20001446,0.156690,0.322886,0.122251,0.216181,0.053508,0.087818,0.013533,0.014351,0.012783
N20001447,0.415396,0.128663,0.135253,0.078059,0.128306,0.025022,0.020940,0.038060,0.030301
N20001448,0.397133,0.181907,0.098756,0.112275,0.100606,0.037482,0.013772,0.031992,0.026077
N20001449,0.414284,0.151715,0.113832,0.093875,0.114681,0.031642,0.014920,0.036251,0.028801
N20001450,0.428215,0.176605,0.082596,0.111899,0.090834,0.044574,0.009842,0.030031,0.025404
N20001451,0.471088,0.152355,0.068366,0.105497,0.100795,0.030014,0.007882,0.035452,0.028552
N20001452,0.399239,0.161464,0.138391,0.105546,0.090109,0.032577,0.018790,0.029467,0.024418
N20001453,0.568939,0.081836,0.062276,0.059030,0.125334,0.019696,0.008637,0.040456,0.033796
N20001454,0.716704,0.014035,0.012710,0.010103,0.144671,0.003544,0.002039,0.055722,0.040472
N20001455,0.631626,0.013300,0.025372,0.010373,0.199487,0.003305,0.004535,0.065283,0.046719
N20001456,0.680242,0.015319,0.015877,0.011824,0.168030,0.003999,0.002624,0.058929,0.043156
N20001457,0.071215,0.464638,0.025349,0.257420,0.013942,0.155732,0.002589,0.004847,0.004268
N20001458,0.514021,0.114675,0.076867,0.088732,0.098910,0.035428,0.008895,0.033637,0.028835
N20001459,0.213411,0.283417,0.143774,0.179489,0.062671,0.066386,0.017306,0.017983,0.015562
N20001460,0.584674,0.047407,0.065686,0.034266,0.154986,0.012308,0.010216,0.051049,0.039409
N20001461,0.200056,0.335775,0.050507,0.241303,0.038029,0.104138,0.005436,0.013221,0.011535
N20001462,0.680445,0.033244,0.037137,0.028848,0.125581,0.009775,0.004742,0.043805,0.036423
N20001463,0.689829,0.030826,0.040640,0.025961,0.119806,0.008636,0.005330,0.043427,0.035544
N20001464,0.057354,0.464140,0.018651,0.297529,0.009002,0.145205,0.001805,0.003299,0.003014
N20001465,0.649310,0.063361,0.023734,0.052292,0.112091,0.019672,0.003073,0.042286,0.034182
N20001466,0.550274,0.153551,0.015992,0.098940,0.072852,0.051232,0.001996,0.030266,0.024896
N20001467,0.030474,0.512957,0.011127,0.326573,0.004466,0.110148,0.001007,0.001711,0.001537
N20001468,0.758762,0.020140,0.006255,0.015437,0.111041,0.006253,0.000920,0.045859,0.035332
N20001469,0.734478,0.012382,0.008404,0.009641,0.136735,0.003488,0.001356,0.053864,0.039653
N20001470,0.755126,0.013518,0.007020,0.008873,0.121365,0.003506,0.001131,0.052249,0.037212
N20001471,0.768809,0.010969,0.003581,0.007494,0.116066,0.003066,0.000630,0.052816,0.036568
N20001472,0.807057,0.014189,0.007062,0.012001,0.085095,0.004441,0.000884,0.038370,0.030902
N20001473,0.772884,0.018251,0.005404,0.013193,0.101741,0.005389,0.000856,0.047776,0.034506
N20001474,0.712669,0.029502,0.017866,0.016110,0.122878,0.006445,0.003038,0.054395,0.037097
N20001475,0.767069,0.015612,0.006253,0.011223,0.108506,0.004449,0.000978,0.050144,0.035765
N20001476,0.707829,0.011338,0.008310,0.009045,0.158988,0.003093,0.001484,0.057793,0.042119
N20001477,0.693535,0.053583,0.015999,0.041488,0.102603,0.016283,0.002152,0.041364,0.032993
N20001478,0.736229,0.048274,0.012091,0.041326,0.079768,0.015429,0.001432,0.036060,0.029392
N20001479,0.732024,0.018140,0.012421,0.013534,0.128178,0.004881,0.001919,0.050828,0.038075
N20001480,0.682982,0.074194,0.012196,0.056075,0.083340,0.023764,0.001571,0.036558,0.029320
N20001481,0.550312,0.070456,0.083912,0.046121,0.140275,0.015985,0.012922,0.044486,0.035530
N20001482,0.374211,0.199308,0.075662,0.145952,0.088673,0.055831,0.009437,0.027078,0.023848
N20001483,0.377853,0.163899,0.148734,0.113773,0.088187,0.040229,0.016553,0.027082,0.023691
N20001484,0.106374,0.404674,0.082316,0.251855,0.032854,0.094638,0.009541,0.009502,0.008246
N20001485,0.076339,0.371927,0.157691,0.245531,0.024680,0.093744,0.017447,0.006632,0.006009
N20001486,0.313647,0.267336,0.067766,0.161198,0.076705,0.057291,0.009191,0.026202,0.020664
N20001487,0.081291,0.426077,0.082761,0.248507,0.023969,0.114727,0.009482,0.007058,0.006128
N20001488,0.218444,0.288775,0.176854,0.116238,0.080495,0.047948,0.029742,0.023547,0.017957
N20001489,0.122057,0.384767,0.084977,0.262568,0.027523,0.092217,0.009405,0.008766,0.007720
N20001490,0.295384,0.265096,0.105308,0.136185,0.085167,0.049895,0.015403,0.026590,0.020972
N20001491,0.217112,0.252222,0.157724,0.172590,0.079586,0.060426,0.020943,0.021303,0.018095
N20001492,0.251528,0.162092,0.263519,0.112970,0.095596,0.032626,0.036126,0.024574,0.020969
N20001493,0.270828,0.311242,0.083444,0.162696,0.057387,0.066692,0.011390,0.020239,0.016083
N20001494,0.312354,0.210571,0.124778,0.149381,0.088657,0.049794,0.015893,0.026370,0.022200
N20001495,0.243878,0.379139,0.065971,0.143104,0.056376,0.064088,0.009674,0.021901,0.015870
N20001496,0.519701,0.099397,0.104165,0.063971,0.111490,0.019391,0.012587,0.038385,0.030915
N20001497,0.226010,0.278802,0.125557,0.178359,0.069690,0.067149,0.017360,0.020100,0.016973
N20001498,0.392288,0.211474,0.085716,0.128158,0.077004,0.045133,0.009942,0.027704,0.022580
N20001499,0.222367,0.375990,0.051306,0.185050,0.050627,0.074376,0.007055,0.018947,0.014282
N20001500,0.472340,0.133957,0.102634,0.074871,0.108807,0.024585,0.014095,0.039036,0.029674
N20001501,0.256155,0.208068,0.192779,0.141548,0.088862,0.042186,0.025777,0.024231,0.020394
N20001502,0.166332,0.434741,0.041061,0.208549,0.028537,0.095397,0.004951,0.011403,0.009030
N20001503,0.290144,0.262680,0.090206,0.189233,0.056442,0.065694,0.009666,0.019213,0.016723
N20001504,0.373955,0.161882,0.164510,0.094274,0.098264,0.028828,0.021525,0.031511,0.025252
N20001505,0.250459,0.299047,0.069188,0.210141,0.055307,0.074171,0.007770,0.018263,0.015653
N20001506,0.169233,0.317792,0.157568,0.183243,0.056798,0.066319,0.019495,0.016126,0.013426
N20001507,0.490717,0.146113,0.074006,0.082172,0.100619,0.030004,0.009487,0.038058,0.028823
N20001508,0.294311,0.239636,0.099650,0.168847,0.082883,0.056564,0.012798,0.024461,0.020851
N20001509,0.504177,0.151162,0.049040,0.093026,0.097512,0.034699,0.006498,0.035639,0.028247
N20001510,0.401229,0.175644,0.090926,0.116684,0.103152,0.041865,0.011772,0.031999,0.026730
N20001511,0.108560,0.396432,0.047129,0.280877,0.019524,0.130109,0.004615,0.006645,0.006108
N20001512,0.739989,0.022946,0.018111,0.018473,0.110734,0.006358,0.002326,0.045636,0.035426
N20001513,0.467041,0.136593,0.056790,0.102955,0.123373,0.037952,0.007751,0.036321,0.031225
N20001514,0.045279,0.405598,0.203732,0.220390,0.020948,0.066253,0.028342,0.005048,0.004410
N20001515,0.053824,0.434717,0.134428,0.250779,0.019721,0.080193,0.016314,0.005392,0.004632
N20001516,0.048410,0.478076,0.054971,0.277514,0.012320,0.115670,0.005917,0.003763,0.003360
N20001517,0.107925,0.375483,0.118175,0.228058,0.032828,0.106316,0.013649,0.009391,0.008175
N20001518,0.058665,0.350615,0.240041,0.195917,0.032168,0.076775,0.032121,0.007348,0.006350
N20001519,0.057128,0.511870,0.032565,0.266258,0.010735,0.110595,0.003528,0.003976,0.003345
N20001520,0.027767,0.499023,0.045010,0.270856,0.007019,0.141619,0.004613,0.002156,0.001937
N20001521,0.076820,0.417964,0.110458,0.249593,0.024821,0.093754,0.013614,0.006910,0.006066
N20001522,0.031629,0.542694,0.043458,0.235583,0.008905,0.127583,0.005078,0.002717,0.002352
N20001523,0.031655,0.566561,0.016272,0.262471,0.006198,0.110834,0.001817,0.002290,0.001903
N20001524,0.047837,0.390044,0.252139,0.172699,0.019709,0.075939,0.032330,0.005006,0.004297
N20001525,0.042894,0.459545,0.109720,0.228285,0.015638,0.123103,0.013050,0.004112,0.003652
N20001526,0.048531,0.457631,0.057929,0.239571,0.011906,0.171793,0.005702,0.003649,0.003288
N20001527,0.032930,0.481329,0.026625,0.271131,0.005894,0.175644,0.002525,0.002039,0.001883
N20001528,0.043376,0.470417,0.059516,0.233913,0.010869,0.169547,0.006102,0.003277,0.002983
N20001529,0.027785,0.466872,0.063354,0.240722,0.007333,0.183572,0.006274,0.002125,0.001963
N20001530,0.137604,0.353974,0.126725,0.205917,0.030233,0.115553,0.013008,0.008680,0.008305
N20001531,0.564694,0.077721,0.057134,0.047617,0.138408,0.021673,0.008655,0.047690,0.036408
N20001532,0.661437,0.056760,0.025878,0.045831,0.113874,0.017551,0.003406,0.041136,0.034128
N20001533,0.035622,0.475722,0.023153,0.266956,0.006004,0.186610,0.002045,0.001972,0.001917
N20001534,0.297438,0.292498,0.030495,0.200815,0.043834,0.100234,0.003293,0.016714,0.014680
N20001535,0.070497,0.502516,0.031711,0.251802,0.009774,0.123431,0.003009,0.003865,0.003395
N20001536,0.057174,0.526081,0.021397,0.212353,0.007749,0.167313,0.002020,0.003157,0.002756
N20001537,0.121640,0.460996,0.034139,0.215636,0.022167,0.126004,0.004064,0.008444,0.006910
N20001538,0.700819,0.053361,0.011341,0.039886,0.100657,0.016340,0.001620,0.042809,0.033167
N20001539,0.389562,0.215958,0.057162,0.128466,0.080010,0.070988,0.007229,0.027615,0.023010
N20001540,0.682152,0.035050,0.023332,0.017248,0.140125,0.007405,0.004701,0.052092,0.037895
N20001541,0.626356,0.053851,0.051619,0.034802,0.133541,0.012468,0.007936,0.043826,0.035601
N20001542,0.515646,0.139257,0.032703,0.101050,0.095324,0.048928,0.003984,0.034459,0.028650
N20001543,0.613657,0.087991,0.039676,0.053448,0.105458,0.021423,0.005618,0.040753,0.031975
N20001544,0.368077,0.236651,0.034795,0.160098,0.061129,0.093380,0.003789,0.022686,0.019394
N20001545,0.636491,0.038524,0.037356,0.030666,0.150461,0.012852,0.004991,0.048805,0.039855
N20001546,0.730157,0.021860,0.009074,0.017735,0.126880,0.006483,0.001473,0.048659,0.037679
N20001547,0.054050,0.551909,0.089703,0.188546,0.012768,0.083805,0.011316,0.004328,0.003575
N20001548,0.121647,0.265281,0.313949,0.116080,0.053264,0.047474,0.058024,0.013445,0.010837
N20001549,0.051123,0.476925,0.124192,0.210142,0.018056,0.093222,0.017010,0.005091,0.004239
N20001550,0.108382,0.504138,0.085564,0.169107,0.026711,0.076006,0.013203,0.009587,0.007302
N20001551,0.075994,0.440848,0.187735,0.170326,0.020173,0.069369,0.023958,0.006250,0.005347
N20001552,0.076258,0.477392,0.069532,0.241979,0.020522,0.093439,0.009133,0.006386,0.005359
N20001553,0.076073,0.563585,0.068178,0.170432,0.017840,0.082287,0.009721,0.006787,0.005097
N20001554,0.057994,0.583769,0.041714,0.203550,0.012010,0.087364,0.005475,0.004538,0.003587
N20001555,0.091434,0.364478,0.211429,0.174230,0.037351,0.071752,0.031567,0.009683,0.008076
N20001556,0.055725,0.382660,0.234439,0.198580,0.021950,0.062317,0.034310,0.005244,0.004774
N20001557,0.056960,0.482996,0.099843,0.225381,0.013714,0.101744,0.011267,0.004320,0.003775
N20001558,0.050442,0.248058,0.405027,0.151868,0.026302,0.058135,0.049538,0.005510,0.005119
N20001559,0.103747,0.510317,0.058831,0.194534,0.025670,0.081920,0.008761,0.009232,0.006988
N20001560,0.065943,0.342133,0.246074,0.204793,0.026125,0.071123,0.031341,0.006682,0.005786
N20001561,0.062975,0.506839,0.115144,0.195966,0.014970,0.080278,0.014914,0.004861,0.004053
N20001562,0.086201,0.442031,0.166985,0.162624,0.024661,0.078881,0.025034,0.007476,0.006108
N20001563,0.076415,0.536783,0.032952,0.224509,0.013358,0.102540,0.003919,0.005283,0.004243
N20001564,0.065845,0.532975,0.083457,0.200868,0.014525,0.082991,0.010008,0.005166,0.004165
N20001565,0.074591,0.512375,0.102864,0.177778,0.015247,0.094544,0.013029,0.005205,0.004367
N20001566,0.126522,0.449690,0.076691,0.210067,0.029650,0.078975,0.010009,0.010210,0.008187
N20001567,0.115833,0.469323,0.070922,0.192909,0.029100,0.094020,0.010341,0.009811,0.007741
N20001568,0.231375,0.231045,0.240018,0.109368,0.072410,0.041960,0.036545,0.020380,0.016898
N20001569,0.045053,0.345154,0.292187,0.174690,0.016843,0.087603,0.030642,0.004016,0.003813
N20001570,0.171653,0.241023,0.290844,0.098674,0.071056,0.036461,0.057502,0.018220,0.014568
N20001571,0.191454,0.415920,0.081833,0.155941,0.039680,0.076879,0.012452,0.014671,0.011171
N20001572,0.120703,0.445620,0.104720,0.176353,0.034914,0.081060,0.016992,0.010916,0.008723
N20001573,0.243150,0.289805,0.150289,0.148103,0.057608,0.058783,0.018992,0.017990,0.015281
N20001574,0.343793,0.306905,0.062537,0.114816,0.064504,0.052423,0.011315,0.025242,0.018464
N20001575,0.333664,0.260883,0.098688,0.133881,0.065903,0.050222,0.013145,0.024518,0.019096
N20001576,0.185501,0.335905,0.183982,0.117062,0.056206,0.056142,0.034440,0.017506,0.013257
N20001577,0.126456,0.206899,0.335560,0.128297,0.079665,0.044157,0.048581,0.016144,0.014241
N20001578,0.115597,0.400509,0.174411,0.160441,0.032580,0.074580,0.023062,0.010576,0.008244
N20001579,0.315387,0.314054,0.058071,0.145640,0.058824,0.058893,0.008534,0.023160,0.017437
N20001580,0.129618,0.429354,0.080994,0.210045,0.031903,0.089064,0.010217,0.010216,0.008589
N20001581,0.183343,0.358610,0.112343,0.191703,0.044183,0.069040,0.014518,0.014410,0.011852
N20001582,0.078033,0.420904,0.173774,0.180609,0.029591,0.075150,0.027208,0.008119,0.006611
N20001583,0.038113,0.459203,0.112673,0.246523,0.013206,0.112009,0.011583,0.003518,0.003171
N20001584,0.055249,0.412547,0.161719,0.239320,0.019041,0.083036,0.019519,0.005086,0.004482
N20001585,0.065940,0.385990,0.198334,0.214825,0.023450,0.074547,0.025398,0.006131,0.005385
N20001586,0.114661,0.441382,0.107757,0.189629,0.028108,0.087129,0.015034,0.008913,0.007387
N20001587,0.062694,0.389010,0.231493,0.182833,0.022191,0.070017,0.030717,0.005921,0.005124
N20001588,0.094012,0.371998,0.193661,0.193682,0.031056,0.075701,0.024095,0.008488,0.007308
N20001589,0.050847,0.471366,0.106917,0.246642,0.014973,0.088603,0.012518,0.004361,0.003772
N20001590,0.046660,0.383039,0.223505,0.211094,0.022677,0.074170,0.028815,0.005398,0.004643
N20001591,0.062239,0.383884,0.221924,0.190532,0.025221,0.075074,0.029314,0.006322,0.005489
N20001592,0.079711,0.324943,0.261642,0.190561,0.032433,0.060388,0.035801,0.007638,0.006882
N20001593,0.039056,0.423573,0.180380,0.223749,0.016484,0.086513,0.022653,0.004018,0.003575
N20001594,0.055813,0.422437,0.142213,0.234769,0.022802,0.093866,0.017170,0.005874,0.005056
N20001595,0.035274,0.583867,0.029216,0.222434,0.007609,0.113051,0.003433,0.002848,0.002268
N20001596,0.031853,0.356492,0.295444,0.176512,0.017123,0.076717,0.038712,0.003772,0.003376
N20001597,0.024354,0.493764,0.077435,0.256339,0.007037,0.130065,0.007304,0.001913,0.001790
N20001598,0.029579,0.479227,0.079095,0.290350,0.011395,0.096193,0.008702,0.002853,0.002606
N20001599,0.134545,0.282550,0.277389,0.123770,0.057360,0.045658,0.052321,0.014615,0.011792
N20001600,0.032674,0.595401,0.020372,0.239966,0.005979,0.099081,0.002284,0.002361,0.001882
N20001601,0.016895,0.559262,0.036743,0.276301,0.004373,0.099709,0.004120,0.001394,0.001202
N20001602,0.032008,0.324757,0.291360,0.203815,0.018747,0.089713,0.032179,0.003828,0.003594
N20001603,0.153364,0.312494,0.192189,0.187824,0.045889,0.059119,0.025283,0.012683,0.011154
N20001604,0.060677,0.195483,0.474571,0.102823,0.041573,0.032156,0.076921,0.008575,0.007221
N20001605,0.023139,0.552955,0.013058,0.291067,0.003709,0.112161,0.001251,0.001424,0.001234
N20001606,0.018036,0.529526,0.030055,0.303266,0.004553,0.108867,0.003042,0.001399,0.001256
N20001607,0.111676,0.256210,0.307152,0.153380,0.057869,0.042915,0.046082,0.013292,0.011423
N20001608,0.177387,0.311625,0.184245,0.146994,0.068608,0.047367,0.029586,0.019044,0.015145
N20001609,0.058663,0.269818,0.360460,0.160869,0.029570,0.060757,0.047939,0.006178,0.005746
N20001610,0.055846,0.274365,0.376057,0.141700,0.032558,0.048094,0.058292,0.007006,0.006082
N20001611,0.060195,0.322549,0.275661,0.209835,0.024328,0.060299,0.036033,0.005780,0.005321
N20001612,0.173851,0.296507,0.245807,0.114713,0.057682,0.039265,0.041304,0.017361,0.013509
N20001613,0.029973,0.302973,0.332290,0.207830,0.017618,0.058786,0.043479,0.003687,0.003363
N20001614,0.084391,0.415001,0.138241,0.221217,0.031646,0.074511,0.019108,0.008659,0.007225
N20001615,0.104918,0.284292,0.298600,0.147377,0.048192,0.050297,0.045204,0.011300,0.009821
N20001616,0.109526,0.163757,0.425920,0.102963,0.070440,0.029621,0.070746,0.014593,0.012435
N20001617,0.018867,0.457611,0.077535,0.270554,0.005066,0.159978,0.007639,0.001396,0.001354
N20001618,0.037070,0.190442,0.515502,0.114477,0.024019,0.031174,0.078370,0.004694,0.004252
N20001619,0.024284,0.496624,0.047219,0.274771,0.006649,0.141933,0.004883,0.001878,0.001759
N20001620,0.105448,0.205042,0.400277,0.123399,0.051166,0.034588,0.058046,0.011804,0.010230
N20001621,0.111448,0.208571,0.380890,0.094237,0.069836,0.038662,0.068685,0.015303,0.012368
N20001622,0.152911,0.372265,0.133731,0.189873,0.042044,0.067416,0.017681,0.013282,0.010796
N20001623,0.083617,0.246381,0.350347,0.148482,0.048549,0.052875,0.050449,0.010251,0.009049
N20001624,0.068851,0.197074,0.431421,0.143200,0.042194,0.042481,0.058741,0.008420,0.007618
N20001625,0.178425,0.353101,0.111434,0.203446,0.041376,0.073066,0.014551,0.013285,0.011316
N20001626,0.158059,0.337374,0.177223,0.158082,0.053509,0.061271,0.026484,0.015545,0.012454
N20001627,0.039834,0.459684,0.100223,0.254312,0.012187,0.115704,0.011728,0.003279,0.003048
N20001628,0.119801,0.174101,0.402372,0.100628,0.071387,0.035414,0.067854,0.015495,0.012948
N20001629,0.110728,0.286876,0.272611,0.155330,0.055399,0.051330,0.043473,0.013273,0.010980
N20001630,0.168365,0.188566,0.335251,0.100506,0.081611,0.032223,0.057269,0.020158,0.016050
N20001631,0.098406,0.240597,0.362798,0.127002,0.048126,0.048557,0.054065,0.010990,0.009458
N20001632,0.095473,0.164673,0.444486,0.107970,0.063943,0.033234,0.066038,0.012918,0.011266
N20001633,0.172079,0.148335,0.348364,0.081016,0.114523,0.022576,0.069024,0.024636,0.019447
N20001634,0.059553,0.340909,0.259178,0.180213,0.023646,0.097341,0.028292,0.005656,0.005212
N20001635,0.177768,0.206841,0.281183,0.113907,0.091028,0.040428,0.050480,0.020921,0.017444
N20001636,0.028614,0.478570,0.065076,0.246990,0.007932,0.161659,0.006685,0.002363,0.002111
N20001637,0.090001,0.178449,0.453645,0.104291,0.048579,0.040880,0.064257,0.010600,0.009299
N20001638,0.178852,0.199446,0.286781,0.107376,0.097838,0.036668,0.053233,0.021756,0.018050
N20001639,0.026538,0.517923,0.015158,0.256265,0.004436,0.175238,0.001407,0.001580,0.001456
N20001640,0.044540,0.459695,0.069010,0.240693,0.011737,0.161004,0.006797,0.003398,0.003126
N20001641,0.035288,0.441958,0.078255,0.223966,0.008617,0.199681,0.007253,0.002578,0.002403
N20001642,0.025523,0.578101,0.012138,0.253528,0.004948,0.121044,0.001318,0.001868,0.001532
N20001643,0.049001,0.438510,0.076118,0.254781,0.013703,0.153161,0.007271,0.003872,0.003582
N20001644,0.026641,0.513203,0.047085,0.229007,0.005870,0.170191,0.004439,0.001859,0.001705
N20001645,0.039344,0.502065,0.030392,0.224366,0.006399,0.190163,0.002831,0.002317,0.002123
N20001646,0.034435,0.514554,0.026880,0.242028,0.005375,0.170709,0.002322,0.001908,0.001789
N20001647,0.029122,0.503470,0.039527,0.259771,0.006869,0.153058,0.004106,0.002138,0.001939
N20001648,0.033218,0.469507,0.077396,0.259856,0.007054,0.141618,0.007129,0.002158,0.002065
N20001649,0.049734,0.434154,0.122123,0.215382,0.012751,0.148102,0.010708,0.003600,0.003446
N20001650,0.049492,0.491226,0.017371,0.238622,0.008191,0.187693,0.001669,0.003029,0.002707
N20001651,0.274073,0.035335,0.336977,0.021202,0.176084,0.004762,0.086907,0.035800,0.028862
N20001652,0.385199,0.207410,0.061314,0.146630,0.089761,0.049185,0.007988,0.028459,0.024054
N20001653,0.558685,0.039231,0.047013,0.026922,0.205443,0.009652,0.009920,0.058790,0.044344
N20001654,0.623714,0.054553,0.048143,0.029572,0.136249,0.010216,0.007593,0.052325,0.037635
N20001655,0.618645,0.052196,0.037754,0.034389,0.148256,0.013350,0.006379,0.050269,0.038761
N20001656,0.647813,0.033381,0.025154,0.023294,0.162108,0.007899,0.004492,0.054646,0.041214
N20001657,0.549761,0.040268,0.059947,0.028414,0.201319,0.009856,0.010476,0.055763,0.044195
N20001658,0.082231,0.452949,0.053571,0.256538,0.016345,0.122589,0.005763,0.005192,0.004822
N20001659,0.437434,0.086943,0.131189,0.049714,0.169594,0.017472,0.024864,0.046526,0.036264
N20001660,0.625660,0.042797,0.035741,0.028585,0.157473,0.009833,0.005914,0.053647,0.040350
N20001661,0.621873,0.042947,0.035857,0.026072,0.160296,0.008941,0.006412,0.056770,0.040832
N20001662,0.617561,0.049870,0.047429,0.027307,0.147429,0.009839,0.008016,0.053811,0.038739
N20001663,0.652606,0.039301,0.038382,0.026072,0.140094,0.008816,0.005890,0.050710,0.038130
N20001664,0.516229,0.089366,0.073685,0.062129,0.145867,0.020172,0.011268,0.045462,0.035822
N20001665,0.725119,0.030462,0.020899,0.022999,0.111508,0.008533,0.002937,0.043010,0.034532
N20001666,0.106553,0.417135,0.084131,0.246036,0.022595,0.100752,0.009270,0.007065,0.006464
N20001667,0.649207,0.021041,0.045058,0.016581,0.161921,0.005705,0.007190,0.052300,0.040997
N20001668,0.633966,0.041476,0.037136,0.030256,0.153165,0.011175,0.005829,0.047917,0.039080
N20001669,0.034298,0.538203,0.052959,0.228472,0.006777,0.129613,0.005320,0.002300,0.002059
N20001670,0.123719,0.401539,0.084581,0.231125,0.030388,0.101321,0.010568,0.008751,0.008008
N20001671,0.156775,0.444610,0.035006,0.217271,0.022021,0.104007,0.003745,0.009060,0.007506
N20001672,0.019491,0.542856,0.023528,0.262793,0.003714,0.143056,0.002132,0.001272,0.001158
N20001673,0.697051,0.018085,0.020414,0.014829,0.150054,0.005321,0.003194,0.050869,0.040184
N20001674,0.076963,0.419656,0.078748,0.228134,0.016458,0.163797,0.006898,0.004692,0.004654
N20001675,0.774322,0.017450,0.009320,0.014539,0.101105,0.005610,0.001291,0.042657,0.033707
N20001676,0.462908,0.154501,0.082019,0.104572,0.085543,0.045983,0.009119,0.029882,0.025473
N20001677,0.691199,0.021736,0.017546,0.015406,0.148734,0.005341,0.003123,0.056388,0.040526
N20001678,0.714219,0.034105,0.033388,0.029590,0.103538,0.010401,0.004018,0.037971,0.032770
N20001679,0.743322,0.013302,0.011162,0.010608,0.128014,0.003788,0.001661,0.050067,0.038076
N20001680,0.674210,0.019562,0.014201,0.015133,0.168253,0.005248,0.002674,0.057982,0.042736
N20001681,0.756007,0.018302,0.012493,0.015694,0.110804,0.005459,0.001720,0.044462,0.035060
N20001682,0.695142,0.010051,0.012460,0.007421,0.167187,0.002506,0.002064,0.059962,0.043208
N20001683,0.732938,0.024635,0.012973,0.019901,0.117773,0.007643,0.001788,0.046013,0.036336
N20001684,0.683243,0.014478,0.019315,0.011801,0.165147,0.004023,0.003249,0.056006,0.042740
N20001685,0.062466,0.455942,0.083809,0.223708,0.014221,0.143467,0.008245,0.004163,0.003980
N20001686,0.038701,0.406744,0.170146,0.174196,0.014193,0.171814,0.017145,0.003726,0.003335
N20001687,0.060485,0.508625,0.055698,0.192616,0.012443,0.155945,0.006273,0.004266,0.003649
N20001688,0.049265,0.525510,0.032014,0.211586,0.008291,0.164301,0.003362,0.003025,0.002645
N20001689,0.064714,0.410590,0.116486,0.220660,0.017283,0.149410,0.011337,0.004970,0.004550
N20001690,0.058049,0.505137,0.090313,0.174125,0.011540,0.144126,0.009334,0.003951,0.003426
N20001691,0.064143,0.460210,0.095361,0.188446,0.017818,0.153020,0.011000,0.005380,0.004622
N20001692,0.071694,0.418737,0.144063,0.167101,0.019015,0.154443,0.014440,0.005520,0.004987
N20001693,0.046688,0.601670,0.038935,0.170277,0.009363,0.121918,0.004541,0.003714,0.002894
N20001694,0.072561,0.398750,0.202531,0.190147,0.025356,0.071096,0.026454,0.007085,0.006020
N20001695,0.060935,0.524551,0.038818,0.212345,0.011098,0.140343,0.004182,0.004222,0.003506
N20001696,0.035281,0.440472,0.144551,0.214297,0.011806,0.131758,0.015815,0.003149,0.002872
N20001697,0.057965,0.460274,0.085047,0.234986,0.012744,0.132406,0.009020,0.003942,0.003616
N20001698,0.094289,0.430956,0.168998,0.168095,0.023429,0.078955,0.021533,0.007440,0.006305
N20001699,0.042559,0.425959,0.167807,0.187816,0.014919,0.134403,0.018997,0.004024,0.003516
N20001700,0.065656,0.489310,0.143019,0.157673,0.014492,0.104620,0.016055,0.004989,0.004186
N20001701,0.105015,0.527418,0.053064,0.162104,0.020609,0.109645,0.007713,0.008251,0.006182
N20001702,0.094134,0.386368,0.133242,0.213807,0.020797,0.126289,0.012949,0.006507,0.005907
N20001703,0.254658,0.099240,0.402477,0.050916,0.077728,0.016009,0.058980,0.021677,0.018316
N20001704,0.049601,0.503596,0.042938,0.220492,0.009221,0.163686,0.004338,0.003259,0.002869
N20001705,0.032204,0.515747,0.070329,0.212043,0.008000,0.149708,0.007335,0.002433,0.002203
N20001706,0.060363,0.483017,0.075261,0.178641,0.013143,0.173554,0.007803,0.004408,0.003809
N20001707,0.040017,0.552722,0.032808,0.221502,0.007064,0.137666,0.003289,0.002661,0.002271
N20001708,0.042519,0.489626,0.103997,0.213385,0.011093,0.121542,0.011529,0.003314,0.002995
N20001709,0.066992,0.402344,0.145204,0.204086,0.016953,0.138909,0.015904,0.005061,0.004547
N20001710,0.051895,0.388703,0.152178,0.202227,0.014219,0.168562,0.014444,0.004057,0.003715
N20001711,0.068654,0.407447,0.101619,0.210629,0.022702,0.166242,0.010799,0.006342,0.005566
N20001712,0.051229,0.471856,0.031578,0.178233,0.007639,0.251572,0.002590,0.002745,0.002558
N20001713,0.053541,0.488630,0.104067,0.199247,0.012525,0.124136,0.010401,0.003925,0.003528
N20001714,0.066165,0.456492,0.017542,0.171160,0.008943,0.271803,0.001508,0.003294,0.003093
N20001715,0.366267,0.192878,0.100309,0.147079,0.064679,0.077648,0.010265,0.021358,0.019519
N20001716,0.285484,0.235903,0.109128,0.161599,0.057215,0.105060,0.011651,0.017704,0.016255
N20001717,0.047553,0.460775,0.018835,0.115672,0.005559,0.346002,0.001406,0.002163,0.002034
N20001718,0.766175,0.025163,0.013152,0.017470,0.094103,0.007404,0.001768,0.042475,0.032290
N20001719,0.775397,0.017498,0.007581,0.014643,0.101868,0.005621,0.001074,0.042648,0.033670
N20001720,0.082192,0.432148,0.047181,0.185719,0.013233,0.226771,0.004085,0.004427,0.004245
N20001721,0.209567,0.314558,0.109255,0.176130,0.057077,0.088235,0.013162,0.017274,0.014742
N20001722,0.390070,0.237036,0.033031,0.147292,0.049446,0.103515,0.003202,0.019178,0.017229
N20001723,0.133684,0.400504,0.086186,0.198264,0.032172,0.120357,0.009472,0.010467,0.008894
N20001724,0.748838,0.017973,0.007529,0.013300,0.120624,0.005241,0.001258,0.048499,0.036738
N20001725,0.578333,0.070379,0.040746,0.054185,0.144804,0.026098,0.005449,0.043039,0.036966
N20001726,0.163070,0.361730,0.070916,0.192956,0.038604,0.142315,0.007820,0.011922,0.010666
N20001727,0.483854,0.179692,0.030521,0.111127,0.069221,0.072813,0.003252,0.026627,0.022893
N20001728,0.711811,0.018245,0.012381,0.009881,0.145079,0.004965,0.002101,0.055746,0.039792
N20001729,0.695335,0.069487,0.019960,0.035510,0.088724,0.020724,0.003067,0.037826,0.029368
N20001730,0.125125,0.378348,0.031913,0.141518,0.019244,0.288572,0.002656,0.006455,0.006169
N20001731,0.488510,0.157617,0.040288,0.100720,0.088779,0.059174,0.004534,0.033092,0.027286
N20001732,0.701729,0.012085,0.004375,0.007588,0.159441,0.002993,0.000963,0.067767,0.043061
N20001733,0.694262,0.012552,0.005649,0.009230,0.164197,0.003614,0.001151,0.065356,0.043989
N20001734,0.709221,0.011740,0.009724,0.007780,0.153825,0.002816,0.001734,0.061435,0.041727
N20001735,0.639478,0.016481,0.009835,0.010696,0.199982,0.003898,0.002047,0.070794,0.046789
N20001736,0.734759,0.012077,0.003693,0.007287,0.135104,0.003022,0.000730,0.063313,0.040015
N20001737,0.640482,0.006607,0.006211,0.004080,0.218045,0.001553,0.001438,0.073400,0.048184
N20001738,0.660589,0.009693,0.003657,0.005345,0.195295,0.002306,0.001013,0.075686,0.046417
N20001739,0.755909,0.012671,0.003484,0.007850,0.118788,0.003255,0.000628,0.059462,0.037955
N20001740,0.620234,0.011974,0.011526,0.007261,0.220136,0.002768,0.002919,0.074761,0.048420
N20001741,0.680535,0.013513,0.005290,0.006990,0.171047,0.002815,0.001238,0.074169,0.044403
N20001742,0.724313,0.007497,0.003457,0.004704,0.149454,0.001831,0.000676,0.066006,0.042061
N20001743,0.616049,0.036432,0.017357,0.012476,0.190989,0.005826,0.005888,0.071500,0.043483
N20001744,0.717798,0.016107,0.004542,0.008586,0.139881,0.003758,0.000873,0.067577,0.040877
N20001745,0.668074,0.008944,0.004511,0.004272,0.186258,0.001836,0.001189,0.079267,0.045649
N20001746,0.755871,0.015283,0.004976,0.009381,0.114250,0.003752,0.000829,0.058336,0.037321
N20001747,0.722323,0.010001,0.003333,0.005538,0.145160,0.002375,0.000674,0.068824,0.041772
N20001748,0.685302,0.010814,0.005030,0.006435,0.174346,0.002625,0.001175,0.069906,0.044366
N20001749,0.756191,0.010278,0.001782,0.005210,0.119493,0.002483,0.000366,0.065869,0.038329
N20001750,0.684020,0.021481,0.018999,0.011290,0.152488,0.004405,0.003739,0.062607,0.040970
N20001751,0.748215,0.010614,0.002712,0.005983,0.125642,0.002616,0.000523,0.064578,0.039117
N20001752,0.753008,0.009095,0.002105,0.004712,0.122659,0.002107,0.000419,0.067121,0.038773
N20001753,0.736635,0.010867,0.003082,0.006566,0.133691,0.002685,0.000595,0.065569,0.040309
N20001754,0.046806,0.546794,0.021691,0.266026,0.011020,0.097704,0.003000,0.003884,0.003074
N20001755,0.777843,0.011152,0.002313,0.006292,0.103851,0.002780,0.000409,0.059513,0.035847
N20001756,0.596296,0.020300,0.019578,0.009311,0.221853,0.003591,0.005422,0.076159,0.047490
N20001757,0.738584,0.010022,0.004273,0.005677,0.134466,0.002297,0.000798,0.063816,0.040068
N20001758,0.685918,0.007106,0.003643,0.003940,0.177664,0.001593,0.000831,0.074031,0.045274
N20001759,0.754505,0.009144,0.003236,0.005045,0.124620,0.002214,0.000642,0.062147,0.038446
N20001760,0.720504,0.008587,0.002892,0.005159,0.149419,0.002138,0.000584,0.068619,0.042099
N20001761,0.655922,0.009060,0.005693,0.004871,0.198493,0.002010,0.001500,0.075930,0.046521
N20001762,0.740757,0.010079,0.002311,0.005828,0.131781,0.002530,0.000468,0.066247,0.039999
N20001763,0.733505,0.011588,0.002881,0.006668,0.136556,0.002759,0.000573,0.065167,0.040303
N20001764,0.678214,0.012918,0.006545,0.007132,0.174975,0.002877,0.001530,0.071444,0.044365
N20001765,0.747861,0.011366,0.003378,0.006699,0.126745,0.002836,0.000646,0.061577,0.038892
N20001766,0.726359,0.008378,0.002831,0.004549,0.144950,0.001932,0.000586,0.068751,0.041662
N20001767,0.667265,0.046850,0.014346,0.034046,0.131224,0.013426,0.002202,0.052306,0.038335
N20001768,0.721785,0.030687,0.011857,0.021543,0.116479,0.008547,0.001637,0.050820,0.036646
N20001769,0.680468,0.012536,0.006879,0.009012,0.174956,0.003270,0.001407,0.066725,0.044746
N20001770,0.733641,0.009794,0.004376,0.005977,0.140051,0.002388,0.000825,0.062669,0.040281
N20001771,0.540981,0.012905,0.034475,0.009434,0.266498,0.003101,0.008396,0.072728,0.051481
N20001772,0.549085,0.009365,0.018871,0.006652,0.278399,0.002250,0.004578,0.077563,0.053237
N20001773,0.747609,0.011165,0.003326,0.006752,0.126168,0.002835,0.000601,0.062404,0.039140
N20001774,0.710557,0.008728,0.005588,0.005044,0.155610,0.001971,0.001072,0.068601,0.042829
N20001775,0.716938,0.012580,0.004857,0.007364,0.144688,0.003042,0.000933,0.067857,0.041742
N20001776,0.696386,0.008653,0.003112,0.006094,0.172112,0.002405,0.000711,0.066603,0.043925
N20001777,0.663039,0.012714,0.011976,0.009072,0.184070,0.003209,0.002393,0.067635,0.045891
N20001778,0.716437,0.012806,0.004457,0.008564,0.146876,0.003432,0.000873,0.064698,0.041858
N20001779,0.708491,0.009103,0.005291,0.005156,0.159749,0.002127,0.001148,0.066479,0.042454
N20001780,0.738873,0.010858,0.003824,0.007186,0.134766,0.002952,0.000700,0.060725,0.040116
N20001781,0.666733,0.013025,0.012877,0.009117,0.181689,0.003252,0.002666,0.065452,0.045190
N20001782,0.727233,0.009448,0.003777,0.005478,0.142796,0.002204,0.000732,0.066949,0.041384
N20001783,0.690932,0.010081,0.005156,0.006864,0.173228,0.002669,0.001106,0.065729,0.044235
N20001784,0.594234,0.011984,0.009321,0.006913,0.243462,0.002636,0.002569,0.078693,0.050189
N20001785,0.694490,0.009996,0.004810,0.007197,0.168974,0.002828,0.001010,0.066314,0.044381
N20001786,0.739305,0.010543,0.004019,0.005998,0.133971,0.002524,0.000772,0.063039,0.039830
N20001787,0.704233,0.014376,0.005404,0.008488,0.154569,0.003543,0.001074,0.065973,0.042340
N20001788,0.686192,0.010276,0.004862,0.007628,0.174898,0.002828,0.000970,0.067268,0.045079
N20001789,0.548637,0.019995,0.038079,0.009040,0.245549,0.003286,0.011399,0.075959,0.048055
N20001790,0.513663,0.039668,0.057414,0.023693,0.232668,0.008195,0.013941,0.064672,0.046087
N20001791,0.661896,0.013677,0.008091,0.008436,0.185610,0.003258,0.001724,0.071468,0.045840
N20001792,0.649454,0.011804,0.010171,0.008413,0.199506,0.003207,0.002230,0.068189,0.047026
N20001793,0.529600,0.016517,0.027490,0.007262,0.275899,0.002954,0.009141,0.080731,0.050408
N20001794,0.523472,0.026565,0.043727,0.015373,0.254713,0.004671,0.010912,0.071636,0.048931
N20001795,0.636597,0.021260,0.014369,0.013016,0.192663,0.004533,0.003175,0.068610,0.045777
N20001796,0.673592,0.012582,0.008016,0.008058,0.178125,0.002930,0.001722,0.069932,0.045043
N20001797,0.511283,0.021422,0.028495,0.010670,0.284246,0.003821,0.008992,0.079985,0.051086
N20001798,0.614002,0.010735,0.011807,0.005337,0.223442,0.002086,0.003369,0.080481,0.048741
N20001799,0.681866,0.012123,0.007532,0.006714,0.174031,0.002789,0.001777,0.069302,0.043867
N20001800,0.482423,0.013415,0.041853,0.006876,0.306974,0.002355,0.014587,0.080046,0.051471
N20001801,0.479774,0.011837,0.024135,0.005203,0.331141,0.002072,0.010046,0.083749,0.052042
N20001802,0.607400,0.015531,0.013336,0.006189,0.221456,0.002856,0.004214,0.081413,0.047604
N20001803,0.657199,0.022207,0.016238,0.015841,0.175032,0.006119,0.003181,0.060323,0.043861
N20001804,0.634468,0.017713,0.012871,0.011729,0.200316,0.004668,0.002900,0.068325,0.047011
N20001805,0.647314,0.016543,0.011588,0.011309,0.190710,0.004202,0.002522,0.069275,0.046537
N20001806,0.672809,0.012901,0.006660,0.008872,0.179860,0.003530,0.001442,0.068411,0.045514
N20001807,0.633679,0.016998,0.011053,0.011811,0.201960,0.004611,0.002570,0.069880,0.047438
N20001808,0.645039,0.009413,0.018629,0.006560,0.198143,0.002076,0.003248,0.069874,0.047017
N20001809,0.681255,0.009981,0.006185,0.005739,0.178879,0.002202,0.001423,0.069983,0.044353
N20001810,0.682922,0.012190,0.008128,0.009038,0.175745,0.003424,0.001689,0.062530,0.044334
N20001811,0.725523,0.010958,0.005050,0.006532,0.142493,0.002642,0.000900,0.064705,0.041197
N20001812,0.649154,0.016605,0.008455,0.011720,0.193746,0.005159,0.001836,0.066937,0.046389
N20001813,0.729104,0.012736,0.005016,0.007505,0.139386,0.003072,0.000936,0.062014,0.040231
N20001814,0.685922,0.011688,0.007505,0.008598,0.170507,0.003302,0.001557,0.066281,0.044640
N20001815,0.714469,0.010538,0.006821,0.006297,0.151844,0.002449,0.001278,0.064464,0.041840
N20001816,0.734644,0.013344,0.003904,0.009051,0.136177,0.003836,0.000770,0.058615,0.039660
N20001817,0.728080,0.016096,0.006838,0.010132,0.132748,0.003953,0.001156,0.061128,0.039870
N20001818,0.718228,0.010604,0.003556,0.005653,0.149921,0.002332,0.000747,0.067242,0.041715
N20001819,0.720929,0.009262,0.003706,0.005907,0.147490,0.002269,0.000693,0.067493,0.042250
N20001820,0.672560,0.010066,0.008085,0.007561,0.186827,0.002831,0.001593,0.064555,0.045922
N20001821,0.698059,0.008415,0.003180,0.004777,0.164121,0.001958,0.000723,0.074576,0.044193
N20001822,0.731123,0.008834,0.003605,0.005331,0.143030,0.002201,0.000697,0.064192,0.040988
N20001823,0.722285,0.013735,0.003951,0.007621,0.141588,0.003104,0.000740,0.065869,0.041105
N20001824,0.575700,0.010200,0.018059,0.007249,0.255197,0.002651,0.004594,0.074752,0.051598
N20001825,0.737971,0.013954,0.005179,0.007711,0.128852,0.003457,0.000952,0.062874,0.039048
N20001826,0.739034,0.017040,0.005483,0.010090,0.126833,0.004357,0.000969,0.057795,0.038399
N20001827,0.748537,0.013026,0.004185,0.007456,0.124635,0.003090,0.000802,0.060000,0.038269
N20001828,0.698014,0.012262,0.013546,0.007404,0.157165,0.002734,0.002374,0.064336,0.042165
N20001829,0.702621,0.011860,0.004595,0.007376,0.158144,0.002947,0.000979,0.068368,0.043110
N20001830,0.749947,0.007352,0.002213,0.004269,0.131261,0.001858,0.000447,0.063347,0.039306
N20001831,0.744858,0.013180,0.007653,0.008597,0.125357,0.003117,0.001271,0.057586,0.038380
N20001832,0.727246,0.022121,0.006930,0.010909,0.124643,0.004878,0.001199,0.063137,0.038938
N20001833,0.675639,0.016134,0.010074,0.009656,0.169840,0.003856,0.001975,0.068356,0.044471
N20001834,0.611867,0.009520,0.010565,0.006870,0.232639,0.002621,0.002586,0.073494,0.049837
N20001835,0.756739,0.010252,0.003847,0.006118,0.121026,0.002532,0.000668,0.060471,0.038347
N20001836,0.742063,0.009354,0.004541,0.005774,0.132800,0.002315,0.000843,0.062518,0.039792
N20001837,0.716491,0.009280,0.003505,0.005418,0.151793,0.002225,0.000747,0.068321,0.042220
N20001838,0.706063,0.010810,0.005252,0.006000,0.156409,0.002454,0.001120,0.069252,0.042639
N20001839,0.716321,0.011578,0.003702,0.008178,0.150398,0.003298,0.000745,0.063594,0.042186
N20001840,0.628803,0.017435,0.013933,0.012534,0.203388,0.004454,0.002910,0.069159,0.047382
N20001841,0.721008,0.009646,0.002710,0.005073,0.147736,0.002221,0.000604,0.069297,0.041706
N20001842,0.727581,0.006778,0.003181,0.004056,0.145587,0.001630,0.000600,0.068441,0.042144
N20001843,0.727554,0.010783,0.003926,0.006737,0.142418,0.002624,0.000737,0.064024,0.041197
N20001844,0.658988,0.012120,0.008330,0.008623,0.191162,0.003221,0.001800,0.069234,0.046523
N20001845,0.743631,0.012046,0.004043,0.008091,0.128728,0.003161,0.000697,0.060336,0.039268
N20001846,0.701110,0.010452,0.006338,0.007122,0.160698,0.002827,0.001252,0.066495,0.043706
N20001847,0.667554,0.011742,0.011467,0.008058,0.183302,0.002848,0.002177,0.067305,0.045548
N20001848,0.766598,0.012384,0.003584,0.007962,0.113318,0.003400,0.000634,0.055475,0.036645
N20001849,0.726032,0.012368,0.005003,0.009280,0.143662,0.003363,0.000870,0.058354,0.041067
N20001850,0.254778,0.098466,0.294281,0.068680,0.148876,0.022150,0.051147,0.034015,0.027606
N20001851,0.457485,0.081202,0.091303,0.055067,0.187700,0.019603,0.016883,0.051331,0.039424
N20001852,0.186965,0.327432,0.093287,0.209134,0.065942,0.068907,0.014399,0.018621,0.015314
N20001853,0.060186,0.545418,0.033523,0.238344,0.012742,0.097240,0.004045,0.004733,0.003769
N20001854,0.288408,0.143383,0.190525,0.087280,0.157466,0.029312,0.037446,0.036700,0.029479
N20001855,0.255449,0.231673,0.150251,0.124683,0.109664,0.046528,0.029507,0.029353,0.022893
N20001856,0.030402,0.545567,0.025924,0.286455,0.005439,0.099492,0.002890,0.002101,0.001730
N20001857,0.065240,0.538099,0.038331,0.233557,0.016800,0.092101,0.005262,0.006027,0.004584
N20001858,0.559056,0.065319,0.038410,0.041391,0.174211,0.015060,0.007061,0.057797,0.041695
N20001859,0.324441,0.171872,0.163739,0.111476,0.110508,0.037457,0.024527,0.030886,0.025092
N20001860,0.338790,0.101201,0.176192,0.074065,0.178417,0.021653,0.033435,0.042393,0.033854
N20001861,0.501924,0.031005,0.075656,0.017861,0.240014,0.006616,0.014766,0.065041,0.047116
N20001862,0.095485,0.454526,0.031404,0.262654,0.021191,0.117732,0.003975,0.006999,0.006034
N20001863,0.299442,0.221751,0.114537,0.136681,0.109067,0.043051,0.019487,0.031481,0.024503
N20001864,0.132194,0.452766,0.058728,0.214773,0.032497,0.080909,0.008046,0.011298,0.008789
N20001865,0.115795,0.448478,0.047596,0.233416,0.024281,0.109484,0.005881,0.008139,0.006930
N20001866,0.069308,0.542437,0.055272,0.196954,0.019487,0.096448,0.008937,0.006243,0.004914
N20001867,0.333172,0.213476,0.095853,0.132587,0.106240,0.046227,0.015752,0.031578,0.025116
N20001868,0.056547,0.530211,0.050648,0.246938,0.014335,0.085747,0.006661,0.005014,0.003899
N20001869,0.046957,0.529034,0.038493,0.263514,0.011227,0.099338,0.004427,0.003850,0.003162
N20001870,0.512646,0.102141,0.074362,0.047733,0.144917,0.018084,0.014116,0.050597,0.035403
N20001871,0.245650,0.274293,0.119091,0.160629,0.081271,0.058876,0.018777,0.022537,0.018876
N20001872,0.427856,0.099935,0.093958,0.058194,0.189896,0.020370,0.020372,0.050770,0.038648
N20001873,0.121489,0.444454,0.038700,0.241337,0.029606,0.101134,0.005285,0.009938,0.008057
N20001874,0.566507,0.075447,0.053627,0.030515,0.156050,0.014946,0.010477,0.054614,0.037816
N20001875,0.216574,0.337877,0.069229,0.186692,0.068520,0.073537,0.010381,0.020620,0.016571
N20001876,0.043445,0.505393,0.044904,0.286959,0.010316,0.097492,0.005290,0.003326,0.002876
N20001877,0.502371,0.043636,0.052621,0.020601,0.244012,0.007613,0.015008,0.068244,0.045893
N20001878,0.382736,0.199488,0.073110,0.106642,0.115553,0.047404,0.011828,0.035461,0.027778
N20001879,0.102569,0.361415,0.154855,0.225842,0.038877,0.076935,0.020686,0.010066,0.008755
N20001880,0.103983,0.477308,0.047311,0.222830,0.025806,0.100274,0.006411,0.008993,0.007084
N20001881,0.654852,0.012586,0.010922,0.007771,0.195548,0.003028,0.002482,0.066991,0.045820
N20001882,0.516569,0.106153,0.049372,0.057309,0.152024,0.022184,0.009824,0.050231,0.036333
N20001883,0.568148,0.011849,0.016822,0.005838,0.259062,0.002209,0.005105,0.080758,0.050208
N20001884,0.411968,0.050513,0.093794,0.025487,0.273010,0.008113,0.027779,0.064027,0.045308
N20001885,0.480412,0.172066,0.037299,0.098419,0.100583,0.036575,0.005361,0.040183,0.029101
N20001886,0.473897,0.124192,0.068493,0.073501,0.140556,0.027484,0.011227,0.046326,0.034324
N20001887,0.705270,0.012039,0.006900,0.007658,0.156761,0.002846,0.001288,0.064865,0.042373
N20001888,0.354898,0.107883,0.175760,0.065193,0.166951,0.021953,0.031855,0.042436,0.033071
N20001889,0.602405,0.021084,0.022437,0.013828,0.212946,0.005159,0.005218,0.069082,0.047840
N20001890,0.749429,0.011161,0.002700,0.006538,0.125407,0.002835,0.000519,0.062579,0.038830
N20001891,0.541486,0.078994,0.048329,0.049344,0.163988,0.018732,0.008664,0.051472,0.038990
N20001892,0.702388,0.010645,0.007493,0.006824,0.159037,0.002473,0.001309,0.066468,0.043364
N20001893,0.066263,0.459292,0.054357,0.281088,0.016907,0.106497,0.006016,0.005086,0.004494
N20001894,0.090897,0.436832,0.045762,0.270852,0.021643,0.115705,0.005789,0.006642,0.005878
N20001895,0.603065,0.046338,0.030232,0.033723,0.170060,0.012198,0.005256,0.056825,0.042302
N20001896,0.676932,0.016344,0.010648,0.011572,0.169920,0.004273,0.002062,0.064112,0.044137
N20001897,0.082659,0.444288,0.053623,0.240396,0.020702,0.140081,0.006068,0.006547,0.005635
N20001898,0.066384,0.440915,0.058019,0.277565,0.018078,0.122103,0.006928,0.005282,0.004726
N20001899,0.020654,0.504659,0.022276,0.282700,0.004715,0.159905,0.002202,0.001524,0.001365
N20001900,0.581247,0.039058,0.025744,0.027643,0.201743,0.009942,0.005396,0.063491,0.045737
N20001901,0.673274,0.015857,0.008248,0.011215,0.174438,0.004342,0.001669,0.066102,0.044856
N20001902,0.137785,0.375744,0.100715,0.218124,0.048300,0.080281,0.014704,0.013216,0.011130
N20001903,0.390336,0.258984,0.035317,0.142713,0.066599,0.053292,0.004851,0.027277,0.020631
N20001904,0.638726,0.015385,0.015306,0.011263,0.199900,0.003921,0.003033,0.065548,0.046919
N20001905,0.032064,0.527294,0.013573,0.296085,0.004524,0.121831,0.001207,0.001835,0.001587
N20001906,0.666438,0.009394,0.017416,0.005730,0.186065,0.001993,0.003272,0.065039,0.044653
N20001907,0.223210,0.305837,0.095194,0.172391,0.075874,0.072651,0.014661,0.022333,0.017849
N20001908,0.419486,0.168859,0.069245,0.130422,0.098917,0.046512,0.008490,0.031473,0.026596
N20001909,0.688685,0.018020,0.021834,0.011640,0.153097,0.004039,0.003428,0.058110,0.041146
N20001910,0.643720,0.037851,0.030193,0.026853,0.154015,0.009037,0.004650,0.053202,0.040479
N20001911,0.678980,0.023850,0.013136,0.013406,0.161514,0.005430,0.002778,0.059554,0.041351
N20001912,0.672569,0.023846,0.017198,0.014905,0.162179,0.005553,0.003348,0.058596,0.041807
N20001913,0.531308,0.025452,0.061731,0.016220,0.235134,0.005562,0.014308,0.063547,0.046737
N20001914,0.495279,0.102327,0.076857,0.070825,0.140273,0.023397,0.010072,0.045864,0.035105
N20001915,0.405104,0.126448,0.126879,0.089205,0.133096,0.029163,0.019078,0.039780,0.031247
N20001916,0.389954,0.114813,0.141200,0.085488,0.149874,0.025156,0.022286,0.039012,0.032217
N20001917,0.240470,0.162053,0.246156,0.121524,0.107774,0.039108,0.035032,0.025603,0.022280
N20001918,0.395047,0.185328,0.069006,0.133652,0.102504,0.045917,0.009440,0.032519,0.026586
N20001919,0.412849,0.114773,0.138566,0.080267,0.134634,0.028583,0.019490,0.039232,0.031606
N20001920,0.369629,0.127333,0.146591,0.089996,0.142747,0.031415,0.021910,0.038968,0.031409
N20001921,0.490704,0.106977,0.068393,0.071215,0.144862,0.025425,0.010750,0.046209,0.035466
N20001922,0.152701,0.374528,0.057395,0.222178,0.039751,0.123396,0.007093,0.012352,0.010606
N20001923,0.635417,0.046877,0.035121,0.035652,0.141936,0.013811,0.005117,0.047921,0.038149
N20001924,0.735363,0.014661,0.009138,0.009891,0.131535,0.003641,0.001477,0.055241,0.039053
N20001925,0.675814,0.020274,0.013054,0.013231,0.164310,0.005256,0.002620,0.062590,0.042852
N20001926,0.545777,0.028710,0.043081,0.020075,0.232573,0.007026,0.009314,0.065775,0.047668
N20001927,0.596091,0.057524,0.060573,0.047054,0.134379,0.017628,0.007658,0.043010,0.036085
N20001928,0.338633,0.115381,0.173289,0.075419,0.166554,0.022795,0.034097,0.041095,0.032736
N20001929,0.338693,0.227919,0.071551,0.142980,0.085038,0.074470,0.008763,0.027686,0.022900
N20001930,0.054201,0.474299,0.038077,0.302328,0.011502,0.108409,0.003927,0.003893,0.003364
N20001931,0.032835,0.513665,0.034892,0.298724,0.007453,0.104059,0.003739,0.002494,0.002138
N20001932,0.017583,0.497019,0.011486,0.342440,0.003626,0.124331,0.001177,0.001243,0.001095
N20001933,0.023463,0.535008,0.011843,0.309466,0.004297,0.111686,0.001238,0.001634,0.001365
N20001934,0.033990,0.497309,0.027595,0.313975,0.007274,0.112346,0.003012,0.002377,0.002122
N20001935,0.330982,0.259601,0.036804,0.181178,0.063518,0.081412,0.004462,0.023036,0.019007
N20001936,0.435068,0.163212,0.056768,0.113632,0.113617,0.044294,0.007619,0.036249,0.029541
N20001937,0.511579,0.090146,0.052807,0.064164,0.163921,0.024193,0.008229,0.046679,0.038282
N20001938,0.692473,0.039381,0.011359,0.027534,0.126827,0.012581,0.001835,0.050495,0.037515
N20001939,0.038406,0.476205,0.050498,0.295053,0.008790,0.120706,0.004988,0.002836,0.002519
N20001940,0.026670,0.484307,0.032310,0.299131,0.006318,0.144037,0.003472,0.001975,0.001780
N20001941,0.021790,0.472750,0.011828,0.292978,0.003909,0.193062,0.001050,0.001380,0.001252
N20001942,0.655294,0.031240,0.022735,0.024822,0.157351,0.008287,0.003768,0.055010,0.041494
N20001943,0.591102,0.085624,0.052637,0.050722,0.115687,0.018803,0.007408,0.044442,0.033575
N20001944,0.630482,0.064906,0.023100,0.043848,0.130320,0.016930,0.003477,0.049786,0.037151
N20001945,0.135832,0.387690,0.041362,0.219235,0.023142,0.172593,0.004103,0.008653,0.007390
N20001946,0.478852,0.164098,0.038588,0.109121,0.098418,0.041477,0.005450,0.035740,0.028257
N20001947,0.094359,0.420484,0.061144,0.262301,0.021046,0.121909,0.006084,0.006685,0.005988
N20001948,0.055412,0.480593,0.015782,0.270720,0.009795,0.159455,0.001614,0.003535,0.003093
N20001949,0.566511,0.130451,0.016403,0.090634,0.089590,0.039838,0.002160,0.035742,0.028672
N20001950,0.096850,0.440162,0.026090,0.264606,0.017078,0.141005,0.002620,0.006167,0.005422
N20001951,0.346540,0.232611,0.068934,0.163229,0.065773,0.074164,0.007638,0.021824,0.019287
N20001952,0.068946,0.499559,0.012463,0.282408,0.012383,0.114239,0.001397,0.004702,0.003903
N20001953,0.740106,0.017213,0.009367,0.013831,0.124900,0.005003,0.001432,0.050326,0.037823
N20001954,0.545889,0.101658,0.036270,0.076671,0.129905,0.027318,0.005057,0.042642,0.034590
N20001955,0.046220,0.470043,0.020927,0.307588,0.007138,0.141293,0.001877,0.002541,0.002374
N20001956,0.741848,0.023316,0.007216,0.017986,0.119239,0.007382,0.001159,0.045801,0.036053
N20001957,0.305893,0.281123,0.068065,0.177765,0.061727,0.057869,0.007728,0.021930,0.017901
N20001958,0.131351,0.386058,0.094626,0.228838,0.040174,0.085305,0.011791,0.011796,0.010061
N20001959,0.559424,0.117227,0.033788,0.080726,0.099660,0.036904,0.004114,0.037715,0.030444
N20001960,0.670852,0.037532,0.018772,0.028117,0.139526,0.009860,0.002869,0.053192,0.039280
N20001961,0.484128,0.139074,0.054679,0.098478,0.110461,0.039045,0.007110,0.036876,0.030150
N20001962,0.680457,0.027740,0.015597,0.021530,0.147886,0.007553,0.002413,0.055788,0.041035
N20001963,0.647193,0.024342,0.024432,0.017083,0.172303,0.005937,0.004316,0.061070,0.043325
N20001964,0.699365,0.018354,0.011782,0.012840,0.150623,0.004636,0.002096,0.058945,0.041358
N20001965,0.684242,0.024616,0.015658,0.012827,0.155092,0.005662,0.003497,0.058425,0.039981
N20001966,0.724264,0.021282,0.009621,0.015923,0.129536,0.005895,0.001511,0.053258,0.038712
N20001967,0.732885,0.015115,0.006895,0.010838,0.133906,0.004036,0.001187,0.055938,0.039201
N20001968,0.745413,0.025135,0.010528,0.020915,0.109716,0.007467,0.001432,0.044313,0.035082
N20001969,0.675140,0.016073,0.013651,0.008445,0.169742,0.003138,0.002971,0.067587,0.043254
N20001970,0.657519,0.009252,0.009582,0.007455,0.198340,0.002450,0.001846,0.066487,0.047068
N20001971,0.629223,0.066108,0.031579,0.046725,0.123244,0.019862,0.004466,0.043646,0.035147
N20001972,0.730843,0.013560,0.006866,0.008019,0.136805,0.003182,0.001279,0.059867,0.039579
N20001973,0.736057,0.015627,0.010129,0.009177,0.128152,0.003636,0.001659,0.057156,0.038406
N20001974,0.719791,0.017083,0.012208,0.013184,0.137613,0.004631,0.001978,0.054061,0.039450
N20001975,0.731495,0.010589,0.005739,0.006421,0.138717,0.002547,0.001035,0.063073,0.040383
N20001976,0.703364,0.011740,0.010613,0.008066,0.157101,0.002773,0.001849,0.062186,0.042309
N20001977,0.707761,0.018077,0.013936,0.010301,0.141370,0.003977,0.002440,0.061752,0.040386
N20001978,0.734703,0.010489,0.006453,0.006552,0.137014,0.002503,0.001148,0.061121,0.040017
N20001979,0.694191,0.013132,0.012471,0.008837,0.160853,0.003043,0.002160,0.062633,0.042680
N20001980,0.636190,0.017754,0.022962,0.012552,0.190748,0.004058,0.004120,0.065825,0.045791
N20001981,0.779702,0.012363,0.004585,0.010102,0.107668,0.003917,0.000703,0.046076,0.034883
N20001982,0.760173,0.013577,0.003304,0.007412,0.113516,0.003213,0.000598,0.060986,0.037220
N20001983,0.696614,0.009496,0.009509,0.006229,0.166274,0.002181,0.001686,0.064554,0.043457
N20001984,0.712395,0.013703,0.011091,0.008883,0.146997,0.003136,0.001853,0.060828,0.041114
N20001985,0.757550,0.031502,0.004668,0.013691,0.099941,0.007000,0.001007,0.051717,0.032922
N20001986,0.718973,0.013317,0.009002,0.010079,0.145415,0.003633,0.001579,0.057319,0.040682
N20001987,0.686175,0.013766,0.011221,0.010097,0.168035,0.003586,0.002069,0.061550,0.043501
N20001988,0.592170,0.084242,0.025534,0.064118,0.126769,0.024542,0.003778,0.043842,0.035005
N20001989,0.649599,0.065701,0.020496,0.051471,0.113874,0.018411,0.002857,0.043205,0.034386
N20001990,0.581476,0.120533,0.020708,0.078701,0.091080,0.039067,0.002824,0.036593,0.029018
N20001991,0.611460,0.101101,0.020415,0.069966,0.095448,0.030777,0.002725,0.037864,0.030243
N20001992,0.584775,0.073469,0.048784,0.048790,0.135187,0.021022,0.006496,0.045222,0.036255
N20001993,0.724205,0.042902,0.018419,0.031073,0.094957,0.011636,0.002405,0.042135,0.032267
N20001994,0.682148,0.015347,0.008571,0.010363,0.170605,0.003890,0.001717,0.063802,0.043557
N20001995,0.676893,0.023280,0.023900,0.016935,0.152131,0.005665,0.003845,0.056508,0.040842
N20001996,0.705177,0.010984,0.008576,0.008378,0.160051,0.002924,0.001462,0.059820,0.042629
N20001997,0.712751,0.020478,0.010980,0.015274,0.138131,0.005578,0.001842,0.055278,0.039689
N20001998,0.686039,0.021368,0.018220,0.015799,0.153582,0.005536,0.002788,0.055376,0.041291
N20001999,0.768927,0.012261,0.003005,0.008695,0.113057,0.003547,0.000502,0.053471,0.036534
N20002000,0.509006,0.136278,0.052367,0.095346,0.102317,0.032676,0.006778,0.036219,0.029014
N20002001,0.556129,0.068471,0.064066,0.046687,0.150665,0.016905,0.009529,0.049843,0.037705
N20002002,0.588027,0.090245,0.053001,0.062526,0.106750,0.020996,0.006726,0.040140,0.031590
N20002003,0.760147,0.014080,0.010610,0.009171,0.113758,0.003388,0.001583,0.051187,0.036076
N20002004,0.646228,0.051022,0.032329,0.035526,0.132487,0.012927,0.004678,0.047969,0.036833
N20002005,0.699570,0.041740,0.017370,0.035914,0.113138,0.012297,0.002336,0.042904,0.034730
N20002006,0.523535,0.099511,0.071754,0.071827,0.124650,0.027781,0.008936,0.039193,0.032813
N20002007,0.172842,0.380293,0.060223,0.231925,0.034544,0.090860,0.006869,0.012187,0.010257
N20002008,0.140129,0.390994,0.022338,0.283486,0.019817,0.126723,0.002273,0.007504,0.006735
N20002009,0.588157,0.110153,0.023235,0.066446,0.108165,0.025228,0.003585,0.043058,0.031973
N20002010,0.249744,0.355172,0.029134,0.208436,0.041801,0.081906,0.003483,0.016991,0.013334
N20002011,0.455700,0.156242,0.078258,0.097513,0.102223,0.035588,0.010061,0.036120,0.028295
N20002012,0.734264,0.024523,0.011849,0.014770,0.116319,0.005749,0.001786,0.054072,0.036668
N20002013,0.370534,0.243915,0.049866,0.162104,0.064850,0.058942,0.005699,0.024205,0.019884
N20002014,0.719452,0.033350,0.012134,0.021683,0.116367,0.008324,0.001893,0.050718,0.036079
N20002015,0.083756,0.490846,0.011622,0.238481,0.009378,0.157383,0.001099,0.003934,0.003501
N20002016,0.428461,0.180386,0.071912,0.107723,0.102388,0.036516,0.010995,0.034731,0.026888
N20002017,0.224858,0.336220,0.052264,0.216382,0.047565,0.086485,0.006591,0.016000,0.013634
N20002018,0.710902,0.056790,0.012726,0.040860,0.090070,0.015301,0.001719,0.040505,0.031128
N20002019,0.511661,0.188491,0.014235,0.133621,0.047848,0.061418,0.001523,0.022244,0.018958
N20002020,0.309407,0.312720,0.039547,0.169272,0.055566,0.069149,0.005071,0.022215,0.017053
N20002021,0.189246,0.374449,0.060750,0.234101,0.039078,0.069459,0.007548,0.014013,0.011356
N20002022,0.034233,0.479901,0.026918,0.325356,0.005377,0.122061,0.002468,0.001910,0.001776
N20002023,0.718706,0.031958,0.010739,0.025909,0.118716,0.008982,0.001650,0.047238,0.036102
N20002024,0.039796,0.465298,0.016317,0.324581,0.005583,0.142837,0.001515,0.002113,0.001960
N20002025,0.129665,0.435306,0.020850,0.228039,0.022927,0.145799,0.002330,0.008041,0.007044
N20002026,0.783587,0.031085,0.007208,0.025290,0.076686,0.010671,0.000859,0.035601,0.029012
N20002027,0.064936,0.480095,0.021192,0.305623,0.007281,0.112979,0.002035,0.003129,0.002730
N20002028,0.057890,0.519231,0.012763,0.228964,0.005884,0.169256,0.001169,0.002561,0.002282
N20002029,0.129903,0.425174,0.032842,0.259486,0.017832,0.118052,0.004015,0.006771,0.005925
N20002030,0.046475,0.499318,0.034930,0.258881,0.007147,0.144619,0.003743,0.002579,0.002307
N20002031,0.418596,0.227575,0.039524,0.128987,0.067645,0.067174,0.004680,0.024895,0.020924
N20002032,0.077366,0.441967,0.048615,0.278539,0.009428,0.132438,0.004675,0.003638,0.003334
N20002033,0.063001,0.464520,0.054255,0.235971,0.011153,0.158225,0.005784,0.003706,0.003385
N20002034,0.279944,0.321319,0.053926,0.202490,0.038267,0.069083,0.006309,0.015758,0.012904
N20002035,0.270795,0.333350,0.055609,0.194255,0.041860,0.067597,0.007433,0.015894,0.013207
N20002036,0.306514,0.270038,0.079142,0.160542,0.074065,0.053796,0.012017,0.024453,0.019433
N20002037,0.712361,0.043735,0.015504,0.030635,0.105159,0.012700,0.002180,0.044012,0.033714
N20002038,0.800378,0.017167,0.002347,0.012505,0.085124,0.005679,0.000366,0.044716,0.031717
N20002039,0.195806,0.350096,0.046272,0.268871,0.027215,0.087530,0.005137,0.010044,0.009029
N20002040,0.675746,0.058160,0.015822,0.039209,0.114240,0.014689,0.002607,0.045301,0.034226
N20002041,0.351595,0.284817,0.020170,0.185356,0.041791,0.081521,0.002354,0.017549,0.014847
N20002042,0.688249,0.037175,0.025040,0.021398,0.126890,0.008130,0.004008,0.052367,0.036742
N20002043,0.687328,0.059990,0.025858,0.034568,0.099689,0.013983,0.004093,0.042837,0.031655
N20002044,0.653640,0.096267,0.009777,0.075371,0.074972,0.026413,0.001236,0.035104,0.027220
N20002045,0.694141,0.057931,0.020255,0.035065,0.099797,0.012502,0.002963,0.044889,0.032457
N20002046,0.540587,0.096640,0.046968,0.069902,0.135496,0.020925,0.007995,0.046407,0.035080
N20002047,0.598289,0.088629,0.043596,0.066987,0.105107,0.020075,0.006213,0.039816,0.031289
N20002048,0.752994,0.022415,0.007814,0.017320,0.110448,0.006612,0.001181,0.046158,0.035057
N20002049,0.749687,0.029457,0.007268,0.018426,0.102442,0.007369,0.001190,0.049843,0.034318
N20002050,0.581196,0.127454,0.021641,0.086793,0.082608,0.035702,0.002817,0.034536,0.027253
N20002051,0.631720,0.081438,0.024212,0.058991,0.104265,0.022570,0.003444,0.041223,0.032137
N20002052,0.447029,0.187307,0.040437,0.123731,0.091757,0.046280,0.006098,0.031864,0.025497
N20002053,0.719315,0.047551,0.016023,0.035080,0.093563,0.012387,0.002151,0.042077,0.031853
N20002054,0.740236,0.018736,0.011680,0.012049,0.121014,0.004690,0.001886,0.052660,0.037050
N20002055,0.656866,0.075068,0.017013,0.058901,0.097930,0.020593,0.002406,0.039815,0.031409
N20002056,0.686061,0.051769,0.015823,0.040828,0.110687,0.013824,0.002461,0.044496,0.034050
N20002057,0.329245,0.246203,0.085274,0.176722,0.057836,0.055824,0.010460,0.020948,0.017489
N20002058,0.716223,0.034916,0.016260,0.024724,0.114576,0.009687,0.002472,0.045923,0.035218
N20002059,0.725436,0.031896,0.013573,0.020194,0.113393,0.008608,0.002178,0.049106,0.035616
N20002060,0.729236,0.045454,0.015233,0.032209,0.091701,0.012019,0.002144,0.040743,0.031261
N20002061,0.222762,0.292216,0.131220,0.187909,0.049390,0.069153,0.018333,0.015562,0.013455
N20002062,0.569178,0.081249,0.046431,0.055886,0.139012,0.018105,0.008165,0.046129,0.035844
N20002063,0.639293,0.069543,0.028923,0.046506,0.116135,0.017227,0.004398,0.043919,0.034057
N20002064,0.535534,0.125437,0.056443,0.091899,0.089478,0.032886,0.007270,0.033567,0.027486
N20002065,0.091808,0.388880,0.099709,0.292240,0.018034,0.086693,0.011821,0.005657,0.005158
N20002066,0.675467,0.015689,0.015912,0.011870,0.172223,0.003999,0.002750,0.058452,0.043638
N20002067,0.577920,0.096304,0.044756,0.077515,0.104806,0.027105,0.005746,0.035483,0.030366
N20002068,0.347317,0.220876,0.099681,0.144443,0.077465,0.048524,0.014473,0.026184,0.021037
N20002069,0.501928,0.129182,0.067421,0.098183,0.099637,0.031891,0.008903,0.034558,0.028297
N20002070,0.352834,0.180585,0.122576,0.131356,0.100356,0.038185,0.018037,0.031150,0.024920
N20002071,0.360710,0.220817,0.074058,0.181457,0.063563,0.048128,0.009642,0.022581,0.019043
N20002072,0.438763,0.182803,0.051802,0.137164,0.085299,0.044107,0.007386,0.028541,0.024134
N20002073,0.289719,0.285034,0.047343,0.216731,0.059741,0.056607,0.006401,0.021270,0.017153
N20002074,0.742987,0.022904,0.007254,0.017206,0.115068,0.007137,0.001153,0.049833,0.036457
N20002075,0.641121,0.094162,0.020219,0.064892,0.085254,0.024983,0.003053,0.037663,0.028652
N20002076,0.718703,0.041451,0.009586,0.030046,0.107003,0.012296,0.001512,0.045336,0.034068
N20002077,0.715575,0.036430,0.015364,0.019298,0.117567,0.009513,0.003061,0.048516,0.034677
N20002078,0.650793,0.073416,0.023663,0.058883,0.098858,0.020138,0.003251,0.039473,0.031526
N20002079,0.759699,0.023015,0.005842,0.016682,0.105689,0.006767,0.000964,0.046743,0.034598
N20002080,0.548429,0.142297,0.017893,0.109355,0.080524,0.041399,0.002376,0.031888,0.025840
N20002081,0.200780,0.327938,0.103776,0.200602,0.053154,0.070791,0.013328,0.016061,0.013569
N20002082,0.028174,0.484877,0.087471,0.272624,0.006432,0.107676,0.009057,0.001917,0.001771
N20002083,0.065520,0.450379,0.092288,0.255312,0.014301,0.103613,0.010239,0.004388,0.003959
N20002084,0.104394,0.416532,0.128412,0.205495,0.027433,0.085230,0.017479,0.008084,0.006939
N20002085,0.467585,0.167504,0.053200,0.093783,0.105150,0.037215,0.008530,0.038402,0.028630
N20002086,0.654306,0.041357,0.027793,0.018165,0.147963,0.008105,0.005639,0.057907,0.038765
N20002087,0.364358,0.197753,0.100914,0.109251,0.106963,0.044057,0.017594,0.033291,0.025818
N20002088,0.504895,0.116400,0.060025,0.066526,0.137695,0.024828,0.011163,0.044693,0.033775
N20002089,0.594178,0.053610,0.067424,0.028105,0.144625,0.010004,0.011351,0.053262,0.037442
N20002090,0.312846,0.193091,0.163831,0.122098,0.093231,0.039549,0.025531,0.027519,0.022304
N20002091,0.625374,0.035569,0.060431,0.021460,0.150749,0.007652,0.009780,0.050588,0.038397
N20002092,0.473807,0.192612,0.050210,0.082789,0.092207,0.037840,0.009417,0.035445,0.025673
N20002093,0.301324,0.257436,0.124830,0.142447,0.068234,0.046017,0.019102,0.022521,0.018089
N20002094,0.503348,0.062355,0.088419,0.043491,0.184184,0.013114,0.016326,0.049449,0.039314
N20002095,0.671837,0.022110,0.019157,0.011883,0.163521,0.004664,0.003716,0.061239,0.041872
N20002096,0.607553,0.058742,0.050277,0.030270,0.142333,0.011181,0.008392,0.053513,0.037738
N20002097,0.257707,0.259751,0.141098,0.159090,0.070896,0.051498,0.020721,0.021597,0.017642
N20002098,0.528777,0.127672,0.067495,0.050256,0.115032,0.023202,0.014279,0.042865,0.030422
N20002099,0.441401,0.107171,0.120886,0.072344,0.138909,0.025683,0.019569,0.041526,0.032512
N20002100,0.357189,0.199561,0.089975,0.158729,0.085786,0.047935,0.012025,0.026348,0.022453
N20002101,0.535176,0.078123,0.094673,0.038024,0.141145,0.014364,0.017366,0.046822,0.034306
N20002102,0.382789,0.132031,0.135196,0.063161,0.157647,0.023396,0.033192,0.041158,0.031430
N20002103,0.583488,0.103573,0.045906,0.057079,0.108881,0.019496,0.007496,0.042638,0.031443
N20002104,0.464917,0.206040,0.054146,0.094970,0.073848,0.046595,0.008735,0.028468,0.022281
N20002105,0.283178,0.172191,0.219803,0.084980,0.114835,0.026200,0.044676,0.030618,0.023520
N20002106,0.425856,0.219723,0.062888,0.115121,0.073356,0.044181,0.009331,0.027736,0.021808
N20002107,0.434790,0.145909,0.113091,0.057436,0.129959,0.022590,0.024400,0.041701,0.030123
N20002108,0.239211,0.373868,0.049070,0.189111,0.043247,0.069527,0.007603,0.015756,0.012605
N20002109,0.173727,0.306174,0.137990,0.225358,0.037827,0.080864,0.015984,0.011626,0.010451
N20002110,0.166682,0.426995,0.069683,0.190443,0.038533,0.073436,0.011158,0.012857,0.010212
N20002111,0.237996,0.176792,0.241500,0.127680,0.097875,0.033219,0.039735,0.024693,0.020509
N20002112,0.449779,0.104851,0.085152,0.068242,0.168971,0.020320,0.017519,0.048637,0.036530
N20002113,0.296707,0.191156,0.143130,0.140946,0.109829,0.039805,0.024282,0.029946,0.024200
N20002114,0.494870,0.062758,0.075925,0.039291,0.200676,0.013324,0.014739,0.056413,0.042004
N20002115,0.534900,0.035321,0.070500,0.026832,0.210837,0.007663,0.014300,0.056139,0.043509
N20002116,0.538748,0.098364,0.068215,0.055459,0.131855,0.017534,0.011817,0.044430,0.033577
N20002117,0.024926,0.499799,0.044429,0.306581,0.004530,0.112255,0.004563,0.001543,0.001374
N20002118,0.045475,0.427367,0.089343,0.321625,0.010987,0.090127,0.008924,0.003169,0.002982
N20002119,0.037731,0.463875,0.064345,0.312674,0.008896,0.100287,0.007065,0.002708,0.002420
N20002120,0.136563,0.343014,0.133915,0.244568,0.038863,0.065184,0.017503,0.010838,0.009553
N20002121,0.216327,0.333703,0.048908,0.264512,0.036706,0.069655,0.006105,0.012882,0.011203
N20002122,0.169094,0.396030,0.036344,0.263411,0.024004,0.090358,0.003876,0.008925,0.007958
N20002123,0.078937,0.487445,0.022656,0.287363,0.012616,0.099899,0.002503,0.004584,0.003997
N20002124,0.669084,0.033239,0.026460,0.024316,0.145308,0.008177,0.003959,0.050329,0.039128
N20002125,0.428017,0.190356,0.058480,0.127752,0.089758,0.041913,0.009000,0.030092,0.024634
N20002126,0.095584,0.459901,0.065576,0.264233,0.019607,0.074653,0.008533,0.006411,0.005502
N20002127,0.056763,0.488267,0.060176,0.273354,0.012566,0.094528,0.006927,0.003931,0.003488
N20002128,0.730780,0.016448,0.006823,0.010740,0.133935,0.004359,0.001218,0.056527,0.039170
N20002129,0.423387,0.216880,0.033795,0.150329,0.070084,0.052525,0.004623,0.026749,0.021627
N20002130,0.078557,0.430696,0.040398,0.336522,0.016909,0.082307,0.004648,0.005226,0.004738
N20002131,0.713708,0.018078,0.012819,0.010717,0.140157,0.004173,0.002471,0.058457,0.039419
N20002132,0.588350,0.062873,0.050194,0.047539,0.144968,0.014161,0.007784,0.046993,0.037138
N20002133,0.538761,0.064895,0.076498,0.044582,0.162340,0.013282,0.013071,0.048696,0.037875
N20002134,0.624509,0.055332,0.064947,0.038843,0.117627,0.011494,0.008766,0.044387,0.034095
N20002135,0.433224,0.149371,0.087235,0.110722,0.111630,0.031614,0.013204,0.034695,0.028305
N20002136,0.480156,0.163372,0.077902,0.085886,0.089085,0.031277,0.011755,0.034593,0.025974
N20002137,0.700566,0.021294,0.010238,0.013718,0.149781,0.005275,0.001892,0.056738,0.040499
N20002138,0.637961,0.054616,0.043417,0.027786,0.130320,0.010198,0.007574,0.051940,0.036188
N20002139,0.123085,0.380663,0.060048,0.300977,0.027278,0.084228,0.007500,0.008645,0.007575
N20002140,0.015267,0.510111,0.022549,0.360468,0.002911,0.084491,0.002329,0.000997,0.000878
N20002141,0.017463,0.511765,0.035599,0.336208,0.003960,0.088710,0.003916,0.001266,0.001113
N20002142,0.372241,0.246078,0.042397,0.169886,0.055567,0.069515,0.005073,0.021309,0.017934
N20002143,0.012043,0.515919,0.055749,0.310406,0.002756,0.095255,0.006272,0.000841,0.000759
N20002144,0.627089,0.058105,0.034076,0.043839,0.133192,0.016098,0.004792,0.046066,0.036741
N20002145,0.180014,0.302077,0.138938,0.219279,0.041338,0.079198,0.015724,0.012367,0.011065
N20002146,0.602060,0.091220,0.030796,0.067350,0.109406,0.020029,0.004491,0.042425,0.032224
N20002147,0.067574,0.471556,0.020215,0.256295,0.006908,0.169939,0.001868,0.002976,0.002667
N20002148,0.201998,0.319236,0.079432,0.242691,0.042572,0.078882,0.009400,0.013831,0.011958
N20002149,0.513548,0.100268,0.079948,0.052604,0.141207,0.017859,0.014535,0.046002,0.034031
N20002150,0.062224,0.475727,0.049570,0.256883,0.015562,0.125354,0.005624,0.004844,0.004213
N20002151,0.334829,0.247763,0.046879,0.184760,0.062799,0.076365,0.005588,0.022110,0.018907
N20002152,0.476198,0.144596,0.067017,0.105219,0.100757,0.036314,0.008319,0.033525,0.028055
N20002153,0.120400,0.396045,0.046947,0.266502,0.024816,0.125048,0.004842,0.008125,0.007274
N20002154,0.620309,0.071330,0.071590,0.043872,0.100061,0.017783,0.008394,0.036412,0.030250
N20002155,0.532702,0.135983,0.051975,0.098958,0.082252,0.036887,0.005624,0.029747,0.025873
N20002156,0.474107,0.128477,0.068164,0.095411,0.118764,0.035459,0.009160,0.038997,0.031462
N20002157,0.617408,0.049962,0.040705,0.042075,0.145916,0.013806,0.005996,0.046126,0.038006
N20002158,0.285932,0.255223,0.110741,0.160009,0.065722,0.070933,0.012804,0.020725,0.017912
N20002159,0.656076,0.023335,0.035372,0.019658,0.163154,0.006888,0.005214,0.049464,0.040839
N20002160,0.672013,0.040587,0.025418,0.033339,0.129739,0.010928,0.003407,0.047225,0.037343
N20002161,0.463227,0.168510,0.062676,0.109309,0.087058,0.045996,0.008548,0.029543,0.025132
N20002162,0.699171,0.053589,0.015136,0.036331,0.101927,0.015958,0.001995,0.042618,0.033275
N20002163,0.662286,0.052413,0.017484,0.039141,0.127841,0.013996,0.002648,0.047513,0.036679
N20002164,0.399225,0.205193,0.076369,0.119045,0.080561,0.060236,0.009149,0.027305,0.022917
N20002165,0.256250,0.318704,0.064842,0.185851,0.035904,0.107643,0.006117,0.012853,0.011835
N20002166,0.732512,0.045128,0.009847,0.024819,0.098198,0.012581,0.001592,0.043222,0.032100
N20002167,0.717875,0.032286,0.017699,0.015247,0.119539,0.007317,0.003210,0.051302,0.035524
N20002168,0.439478,0.193028,0.043301,0.127077,0.078384,0.063518,0.005366,0.026583,0.023264
N20002169,0.593433,0.096280,0.035769,0.049896,0.117654,0.024179,0.005516,0.044040,0.033233
N20002170,0.657810,0.043439,0.046201,0.026232,0.126048,0.009465,0.006589,0.048141,0.036074
N20002171,0.599722,0.080920,0.046761,0.051788,0.117365,0.020782,0.006478,0.042874,0.033310
N20002172,0.648460,0.084718,0.026501,0.051487,0.092877,0.020390,0.003572,0.041440,0.030556
N20002173,0.689067,0.055590,0.019742,0.043676,0.100023,0.017520,0.002578,0.039544,0.032259
N20002174,0.578316,0.129259,0.021665,0.084553,0.083600,0.038802,0.002870,0.033775,0.027160
N20002175,0.607557,0.074823,0.040515,0.058530,0.118774,0.019428,0.005660,0.041036,0.033677
N20002176,0.606655,0.111442,0.022691,0.074008,0.085638,0.033149,0.002901,0.035245,0.028271
N20002177,0.618744,0.098927,0.035476,0.065301,0.084326,0.030714,0.004273,0.034223,0.028016
N20002178,0.710364,0.048097,0.021159,0.037106,0.095973,0.013071,0.002881,0.039572,0.031778
N20002179,0.723641,0.053584,0.015877,0.038453,0.082169,0.017531,0.001953,0.037169,0.029624
N20002180,0.227843,0.366956,0.036451,0.220520,0.026361,0.098548,0.003677,0.010268,0.009377
N20002181,0.332654,0.234485,0.085895,0.152837,0.084265,0.048919,0.013107,0.026220,0.021618
N20002182,0.605422,0.068961,0.045459,0.048883,0.127825,0.016447,0.006837,0.044965,0.035200
N20002183,0.692265,0.021352,0.018698,0.009974,0.149162,0.004268,0.003690,0.060428,0.040163
N20002184,0.569590,0.081436,0.081390,0.038115,0.123992,0.015021,0.014524,0.043234,0.032699
N20002185,0.686598,0.035749,0.026008,0.022388,0.131320,0.008545,0.004360,0.048499,0.036533
N20002186,0.511331,0.070970,0.115064,0.056547,0.138603,0.016999,0.014954,0.041031,0.034501
N20002187,0.614666,0.018117,0.029066,0.013699,0.204399,0.004514,0.005636,0.063367,0.046536
N20002188,0.706165,0.053806,0.026552,0.026606,0.096341,0.011419,0.004166,0.043620,0.031324
N20002189,0.438335,0.127277,0.097549,0.088866,0.132149,0.028639,0.015970,0.039730,0.031486
N20002190,0.615932,0.017617,0.050576,0.012643,0.189272,0.003800,0.008691,0.057637,0.043833
N20002191,0.665075,0.021524,0.032318,0.012752,0.158528,0.004440,0.005537,0.058701,0.041125
N20002192,0.519425,0.126225,0.066454,0.066029,0.114357,0.026033,0.010505,0.040172,0.030801
N20002193,0.623123,0.044417,0.039821,0.029273,0.156234,0.009927,0.007228,0.050985,0.038992
N20002194,0.670559,0.020249,0.037354,0.014078,0.152975,0.004717,0.005862,0.054108,0.040099
N20002195,0.518273,0.157075,0.055964,0.058261,0.101487,0.028152,0.012023,0.040668,0.028095
N20002196,0.392394,0.150582,0.108412,0.094339,0.132819,0.032252,0.019291,0.039327,0.030584
N20002197,0.145124,0.434639,0.074903,0.192606,0.032354,0.089688,0.010734,0.011111,0.008841
N20002198,0.633236,0.047207,0.046970,0.019360,0.145355,0.009118,0.010522,0.051634,0.036597
N20002199,0.524677,0.131154,0.081622,0.048734,0.105864,0.023378,0.016922,0.039283,0.028367
N20002200,0.037461,0.568940,0.030009,0.239831,0.007347,0.107671,0.003815,0.002729,0.002197
N20002201,0.085363,0.472729,0.034026,0.267050,0.019019,0.105954,0.004588,0.006008,0.005263
N20002202,0.643015,0.027289,0.043374,0.015823,0.161601,0.005518,0.008018,0.055134,0.040227
N20002203,0.743838,0.019989,0.025523,0.014477,0.108394,0.004958,0.003360,0.044940,0.034521
N20002204,0.692708,0.015382,0.015748,0.007993,0.157578,0.003131,0.003056,0.062714,0.041690
N20002205,0.654796,0.023042,0.046358,0.012774,0.155932,0.005241,0.008150,0.054383,0.039324
N20002206,0.082110,0.510865,0.078206,0.188430,0.018826,0.097948,0.012233,0.006364,0.005019
N20002207,0.374037,0.241762,0.060611,0.136464,0.073574,0.055723,0.008735,0.027729,0.021365
N20002208,0.604918,0.083589,0.042153,0.045141,0.121235,0.016734,0.007867,0.045128,0.033235
N20002209,0.117440,0.418826,0.091562,0.225693,0.024809,0.094524,0.011587,0.008450,0.007108
N20002210,0.729402,0.018486,0.012749,0.014377,0.129706,0.005084,0.002002,0.050345,0.037851
N20002211,0.470879,0.120428,0.060923,0.074333,0.153649,0.027151,0.010761,0.046135,0.035740
N20002212,0.666772,0.033561,0.042043,0.016084,0.137675,0.007743,0.007760,0.051755,0.036608
N20002213,0.571877,0.047981,0.068284,0.031989,0.168073,0.011035,0.012135,0.049600,0.039025
N20002214,0.661499,0.018707,0.029201,0.012695,0.170037,0.004554,0.005100,0.056154,0.042053
N20002215,0.696647,0.032360,0.023259,0.022579,0.129088,0.008163,0.003777,0.047410,0.036717
N20002216,0.593378,0.040727,0.050348,0.028511,0.172879,0.009467,0.008418,0.054802,0.041470
N20002217,0.034244,0.501087,0.042231,0.285125,0.008661,0.118686,0.004993,0.002623,0.002349
N20002218,0.526970,0.099995,0.073139,0.060219,0.129842,0.025602,0.011132,0.039994,0.033106
N20002219,0.592641,0.030565,0.041890,0.019879,0.200177,0.006841,0.008995,0.055887,0.043125
N20002220,0.430587,0.095914,0.121783,0.070498,0.159461,0.022091,0.021214,0.043512,0.034940
N20002221,0.646995,0.090864,0.016184,0.067199,0.087519,0.023486,0.002244,0.036368,0.029142
N20002222,0.304981,0.305140,0.035843,0.168511,0.053124,0.091005,0.004654,0.020297,0.016445
N20002223,0.760138,0.017610,0.007242,0.012982,0.111894,0.004969,0.001131,0.048369,0.035664
N20002224,0.772496,0.011877,0.002880,0.008998,0.112460,0.003808,0.000496,0.050754,0.036232
N20002225,0.722243,0.030946,0.014102,0.024007,0.115694,0.008736,0.002122,0.046460,0.035690
N20002226,0.418842,0.195930,0.049326,0.149028,0.075849,0.055474,0.006144,0.026664,0.022743
N20002227,0.194120,0.351654,0.043576,0.231240,0.042159,0.106937,0.005377,0.013232,0.011706
N20002228,0.759414,0.015284,0.006980,0.012535,0.115137,0.004684,0.001070,0.048522,0.036373
N20002229,0.698320,0.017615,0.022075,0.014828,0.148050,0.004782,0.003368,0.050949,0.040014
N20002230,0.495630,0.063765,0.126212,0.049773,0.152018,0.017476,0.017305,0.042096,0.035725
N20002231,0.769868,0.017801,0.006206,0.014394,0.103184,0.005646,0.000898,0.047137,0.034867
N20002232,0.461138,0.168389,0.047529,0.129140,0.085129,0.047275,0.006036,0.030250,0.025115
N20002233,0.579856,0.055425,0.055055,0.039150,0.161320,0.012813,0.008864,0.048727,0.038791
N20002234,0.611911,0.061470,0.055872,0.052827,0.118968,0.016008,0.007276,0.041546,0.034122
N20002235,0.745642,0.026393,0.006721,0.018654,0.108682,0.007901,0.001066,0.049428,0.035513
N20002236,0.609618,0.055838,0.042116,0.034147,0.149467,0.012961,0.007597,0.050336,0.037920
N20002237,0.774470,0.017117,0.005122,0.011428,0.104016,0.005493,0.000823,0.047087,0.034444
N20002238,0.670147,0.020236,0.031139,0.015107,0.157405,0.004938,0.005150,0.054761,0.041117
N20002239,0.701629,0.025332,0.008151,0.018776,0.141741,0.007358,0.001478,0.055429,0.040106
N20002240,0.765200,0.016295,0.004711,0.012028,0.111403,0.005382,0.000738,0.048415,0.035829
N20002241,0.755602,0.024711,0.005297,0.013706,0.106441,0.006975,0.000953,0.051440,0.034875
N20002242,0.575155,0.089379,0.048096,0.070205,0.114057,0.022662,0.006224,0.041165,0.033056
N20002243,0.686485,0.063563,0.009855,0.038171,0.104116,0.020332,0.001431,0.043033,0.033013
N20002244,0.576663,0.126166,0.022683,0.070372,0.095082,0.037126,0.003194,0.039060,0.029653
N20002245,0.333372,0.233459,0.091155,0.151181,0.074367,0.060495,0.011888,0.023758,0.020324
N20002246,0.125898,0.434167,0.040344,0.235190,0.024848,0.119215,0.004454,0.008507,0.007377
N20002247,0.593402,0.109347,0.034614,0.063893,0.098542,0.027420,0.004898,0.037843,0.030041
N20002248,0.757361,0.020402,0.006349,0.014195,0.109682,0.006408,0.000992,0.048871,0.035739
N20002249,0.310472,0.276220,0.063872,0.135672,0.069293,0.095265,0.007503,0.022568,0.019134
N20002250,0.543726,0.127888,0.040173,0.082955,0.093572,0.044007,0.004774,0.034393,0.028511
N20002251,0.745430,0.015906,0.007208,0.012641,0.125108,0.004547,0.001173,0.050422,0.037567
N20002252,0.071940,0.448086,0.188174,0.156991,0.022065,0.072143,0.028627,0.006612,0.005361
N20002253,0.067858,0.470572,0.147710,0.166462,0.021524,0.093454,0.021502,0.005885,0.005034
N20002254,0.047208,0.493719,0.131814,0.185443,0.014017,0.102005,0.018228,0.004082,0.003484
N20002255,0.085912,0.403426,0.211363,0.168309,0.025478,0.058682,0.032868,0.007675,0.006285
N20002256,0.056523,0.383805,0.247138,0.171331,0.021575,0.077751,0.031531,0.005509,0.004838
N20002257,0.129410,0.198038,0.362545,0.112707,0.070064,0.039235,0.058357,0.016146,0.013499
N20002258,0.027114,0.509640,0.075537,0.261726,0.006258,0.107746,0.008308,0.001923,0.001747
N20002259,0.019557,0.426817,0.209232,0.217606,0.007950,0.091097,0.024067,0.001907,0.001768
N20002260,0.035304,0.435085,0.158974,0.225329,0.013983,0.105090,0.019643,0.003454,0.003139
N20002261,0.029121,0.408864,0.178823,0.260494,0.013265,0.081120,0.022478,0.003023,0.002812
N20002262,0.027341,0.325860,0.322110,0.203916,0.013953,0.056879,0.044154,0.003025,0.002763
N20002263,0.040358,0.213488,0.475499,0.115624,0.028184,0.038448,0.077943,0.005609,0.004848
N20002264,0.049418,0.368507,0.209328,0.235195,0.021558,0.081025,0.025244,0.005122,0.004603
N20002265,0.053507,0.434889,0.151114,0.232016,0.019104,0.077731,0.022091,0.005174,0.004374
N20002266,0.023713,0.155493,0.590243,0.100133,0.016640,0.028600,0.079212,0.003080,0.002886
N20002267,0.066184,0.378977,0.216185,0.211878,0.024833,0.059500,0.030300,0.006572,0.005571
N20002268,0.040661,0.422715,0.169192,0.231729,0.013192,0.096852,0.019038,0.003461,0.003160
N20002269,0.031116,0.434423,0.196889,0.215768,0.010481,0.081267,0.024723,0.002824,0.002510
N20002270,0.085170,0.353086,0.219462,0.198634,0.033876,0.058322,0.035081,0.008923,0.007445
N20002271,0.033956,0.157790,0.568763,0.104130,0.021964,0.026703,0.078636,0.004140,0.003918
N20002272,0.039940,0.205937,0.484301,0.110965,0.026956,0.035368,0.086334,0.005502,0.004696
N20002273,0.041253,0.224920,0.457854,0.134661,0.023573,0.041924,0.066296,0.005049,0.004470
N20002274,0.019007,0.196855,0.525575,0.130902,0.015113,0.036216,0.071205,0.002619,0.002509
N20002275,0.034491,0.238777,0.439396,0.146578,0.022306,0.043464,0.066466,0.004510,0.004012
N20002276,0.066534,0.420016,0.129792,0.242098,0.021801,0.092235,0.016199,0.006072,0.005252
N20002277,0.021748,0.371632,0.295685,0.158375,0.009747,0.105520,0.033004,0.002223,0.002066
N20002278,0.024256,0.461096,0.131191,0.250636,0.009820,0.102332,0.016044,0.002425,0.002201
N20002279,0.038235,0.241778,0.428193,0.123468,0.033640,0.045169,0.078306,0.005969,0.005240
N20002280,0.014410,0.204374,0.539950,0.119307,0.010665,0.039948,0.067552,0.001954,0.001838
N20002281,0.016460,0.154776,0.599088,0.090057,0.016678,0.028123,0.089575,0.002731,0.002512
N20002282,0.041270,0.400486,0.221430,0.203352,0.017227,0.077365,0.030847,0.004261,0.003762
N20002283,0.027418,0.138542,0.601452,0.082837,0.027324,0.022284,0.091482,0.004526,0.004137
N20002284,0.019635,0.396032,0.233087,0.208378,0.007395,0.108579,0.023475,0.001738,0.001681
N20002285,0.021396,0.411847,0.208997,0.213516,0.010570,0.104646,0.024578,0.002292,0.002158
N20002286,0.036373,0.383226,0.233557,0.180965,0.015001,0.120239,0.023845,0.003481,0.003313
N20002287,0.267121,0.245075,0.117130,0.145237,0.098006,0.058397,0.019914,0.027182,0.021938
N20002288,0.666646,0.018926,0.010854,0.013390,0.174195,0.004816,0.002174,0.064610,0.044389
N20002289,0.536302,0.119790,0.035531,0.074425,0.118456,0.035008,0.005332,0.042215,0.032941
N20002290,0.568284,0.017695,0.036232,0.013640,0.238244,0.004329,0.007142,0.065430,0.049005
N20002291,0.632479,0.031790,0.040960,0.022498,0.163361,0.007342,0.006707,0.053810,0.041052
N20002292,0.640798,0.013582,0.014055,0.010822,0.200808,0.003509,0.002608,0.066287,0.047532
N20002293,0.416131,0.093746,0.178621,0.067948,0.127668,0.024050,0.025912,0.035630,0.030294
N20002294,0.205996,0.234535,0.206811,0.178846,0.060417,0.060863,0.022169,0.015605,0.014757
N20002295,0.380019,0.071320,0.229061,0.049779,0.149949,0.016318,0.036390,0.036090,0.031075
N20002296,0.175138,0.348623,0.109295,0.193214,0.050619,0.081018,0.014533,0.014955,0.012605
N20002297,0.220674,0.317598,0.101490,0.181531,0.057229,0.075860,0.013528,0.017332,0.014758
N20002298,0.081090,0.350817,0.197595,0.212436,0.025570,0.097436,0.022113,0.006770,0.006173
N20002299,0.118397,0.198235,0.375627,0.135037,0.052844,0.050770,0.046709,0.011622,0.010758
N20002300,0.056169,0.290310,0.354579,0.167979,0.023518,0.050976,0.045972,0.005472,0.005026
N20002301,0.025545,0.498837,0.063358,0.268681,0.005522,0.128106,0.006692,0.001687,0.001573
N20002302,0.038370,0.465540,0.122323,0.218687,0.010420,0.126194,0.012795,0.002951,0.002720
N20002303,0.049566,0.291960,0.383872,0.144713,0.017847,0.055593,0.048161,0.004284,0.004003
N20002304,0.040919,0.390220,0.243234,0.195951,0.018458,0.071909,0.031230,0.004238,0.003843
N20002305,0.254816,0.138584,0.270233,0.089667,0.116370,0.029475,0.046958,0.029918,0.023979
N20002306,0.273074,0.140388,0.231583,0.086738,0.135427,0.027125,0.046079,0.033145,0.026441
N20002307,0.199175,0.197448,0.255435,0.118883,0.095586,0.047510,0.042180,0.024209,0.019574
N20002308,0.355651,0.098760,0.183108,0.062073,0.168709,0.019461,0.036324,0.042479,0.033435
N20002309,0.262045,0.214216,0.168998,0.120738,0.107976,0.043945,0.028911,0.029839,0.023333
N20002310,0.162638,0.174575,0.346833,0.106040,0.083351,0.038987,0.052148,0.019123,0.016305
N20002311,0.028806,0.343211,0.320019,0.161547,0.012801,0.092335,0.035888,0.002740,0.002653
N20002312,0.171958,0.177507,0.349629,0.114709,0.069378,0.034478,0.049794,0.017604,0.014942
N20002313,0.024931,0.491062,0.082165,0.279790,0.006688,0.102952,0.008668,0.001957,0.001787
N20002314,0.029615,0.505341,0.106329,0.240005,0.008171,0.093252,0.012728,0.002425,0.002135
N20002315,0.029130,0.496185,0.130056,0.227995,0.007362,0.089454,0.015591,0.002249,0.001977
N20002316,0.019394,0.540768,0.073739,0.246272,0.005516,0.101965,0.009208,0.001689,0.001450
N20002317,0.040883,0.423935,0.155576,0.245564,0.012662,0.097186,0.017654,0.003436,0.003104
N20002318,0.187485,0.197531,0.282743,0.096981,0.094869,0.041682,0.057591,0.022891,0.018227
N20002319,0.048804,0.433622,0.190366,0.199557,0.016576,0.078352,0.024578,0.004298,0.003847
N20002320,0.028016,0.378222,0.273703,0.184402,0.011825,0.084023,0.034478,0.002787,0.002545
N20002321,0.015606,0.365951,0.325065,0.148769,0.004713,0.106447,0.031022,0.001244,0.001182
N20002322,0.020221,0.491232,0.131740,0.223264,0.006498,0.108121,0.015541,0.001789,0.001594
N20002323,0.023432,0.467873,0.160929,0.209546,0.005903,0.111100,0.017960,0.001685,0.001572
N20002324,0.014492,0.526377,0.070578,0.249781,0.003171,0.126927,0.006806,0.000959,0.000908
N20002325,0.018159,0.492392,0.110666,0.254744,0.004452,0.105236,0.011777,0.001349,0.001225
N20002326,0.054498,0.304258,0.306429,0.193226,0.025912,0.060084,0.044324,0.005999,0.005270
N20002327,0.021081,0.412748,0.200379,0.244666,0.009231,0.083343,0.024355,0.002206,0.001990
N20002328,0.025518,0.510649,0.082239,0.262682,0.007748,0.096590,0.010346,0.002274,0.001953
N20002329,0.032529,0.550440,0.123298,0.178327,0.007290,0.089471,0.014146,0.002408,0.002090
N20002330,0.039762,0.330548,0.311865,0.176117,0.022645,0.060719,0.049199,0.004890,0.004254
N20002331,0.374560,0.218862,0.117884,0.080703,0.094379,0.033627,0.021302,0.033847,0.024835
N20002332,0.025568,0.618270,0.044392,0.196822,0.004887,0.101199,0.005516,0.001826,0.001520
N20002333,0.033312,0.377915,0.239165,0.227853,0.012389,0.073025,0.030426,0.003096,0.002819
N20002334,0.036401,0.626147,0.036039,0.178775,0.006079,0.107573,0.004452,0.002530,0.002004
N20002335,0.127207,0.490047,0.087382,0.154422,0.028852,0.079814,0.013428,0.010656,0.008192
N20002336,0.035718,0.377800,0.265152,0.200305,0.014267,0.066622,0.033542,0.003470,0.003126
N20002337,0.019200,0.420491,0.209190,0.217436,0.008110,0.098289,0.023559,0.001949,0.001777
N20002338,0.041557,0.216472,0.467138,0.117766,0.030061,0.038904,0.076990,0.005934,0.005178
N20002339,0.025729,0.480264,0.143539,0.225468,0.008515,0.094038,0.018066,0.002332,0.002048
N20002340,0.043366,0.550882,0.044523,0.236943,0.008504,0.104577,0.005399,0.003220,0.002586
N20002341,0.050721,0.488244,0.118088,0.201993,0.013324,0.103937,0.016082,0.004108,0.003504
N20002342,0.067289,0.328577,0.309969,0.148740,0.029492,0.050232,0.052309,0.007234,0.006159
N20002343,0.036525,0.412321,0.222877,0.202739,0.012120,0.077163,0.030044,0.003329,0.002882
N20002344,0.057190,0.459337,0.137913,0.213637,0.018507,0.083579,0.020268,0.005156,0.004413
N20002345,0.068656,0.515972,0.074819,0.201894,0.014311,0.105382,0.009764,0.005058,0.004145
N20002346,0.080774,0.418386,0.159236,0.203937,0.024377,0.076714,0.023248,0.007340,0.005989
N20002347,0.058911,0.527554,0.083260,0.200273,0.017162,0.090026,0.012989,0.005486,0.004339
N20002348,0.094929,0.415715,0.159572,0.180247,0.030872,0.078952,0.023378,0.008951,0.007383
N20002349,0.060266,0.343951,0.315680,0.134264,0.022849,0.065440,0.046721,0.005806,0.005023
N20002350,0.082147,0.377409,0.199491,0.183880,0.034119,0.076260,0.030696,0.008749,0.007250
N20002351,0.122088,0.311369,0.273409,0.113384,0.051324,0.046501,0.057645,0.013575,0.010705
N20002352,0.065431,0.424844,0.139100,0.233066,0.022287,0.086612,0.017391,0.006074,0.005194
N20002353,0.110348,0.398453,0.157002,0.185288,0.033784,0.074194,0.022768,0.009910,0.008251
N20002354,0.123616,0.402692,0.149979,0.185126,0.027386,0.075243,0.018886,0.009420,0.007651
N20002355,0.292483,0.220690,0.183921,0.119015,0.074744,0.040957,0.025461,0.023565,0.019164
N20002356,0.307758,0.294249,0.095115,0.121177,0.067310,0.057182,0.015941,0.023058,0.018211
N20002357,0.204110,0.303416,0.180128,0.133532,0.060446,0.056689,0.029104,0.018040,0.014535
N20002358,0.183202,0.300508,0.174690,0.140438,0.074759,0.063021,0.027468,0.019889,0.016025
N20002359,0.264870,0.236586,0.197448,0.099458,0.083155,0.043081,0.031909,0.024254,0.019240
N20002360,0.093618,0.377964,0.201329,0.167400,0.040359,0.068178,0.032276,0.010380,0.008495
N20002361,0.399170,0.194517,0.098863,0.085858,0.105914,0.038284,0.015930,0.034671,0.026793
N20002362,0.132398,0.421543,0.115675,0.190745,0.030748,0.072900,0.017650,0.010069,0.008271
N20002363,0.143675,0.428039,0.101152,0.180428,0.036769,0.072925,0.015476,0.011986,0.009551
N20002364,0.249015,0.252141,0.204331,0.099347,0.079489,0.040433,0.031535,0.024697,0.019013
N20002365,0.112776,0.461958,0.149096,0.138971,0.029404,0.068061,0.022073,0.009874,0.007788
N20002366,0.076396,0.497495,0.103825,0.193087,0.023424,0.075847,0.016986,0.007231,0.005710
N20002367,0.215361,0.318927,0.153238,0.146286,0.055524,0.057092,0.021499,0.017593,0.014479
N20002368,0.064664,0.564429,0.085816,0.170979,0.014837,0.075744,0.014050,0.005333,0.004147
N20002369,0.062139,0.509322,0.096182,0.197646,0.015217,0.097132,0.013318,0.004968,0.004076
N20002370,0.041946,0.608411,0.067827,0.174409,0.008613,0.082864,0.010188,0.003196,0.002546
N20002371,0.046617,0.579109,0.118679,0.139842,0.012009,0.079046,0.017306,0.004142,0.003250
N20002372,0.061965,0.294448,0.346949,0.150040,0.031403,0.053857,0.048103,0.007032,0.006203
N20002373,0.140199,0.424286,0.123783,0.164721,0.038605,0.066652,0.019319,0.012618,0.009818
N20002374,0.059164,0.558369,0.089976,0.175483,0.014483,0.079930,0.013539,0.005084,0.003972
N20002375,0.058369,0.575421,0.081839,0.172691,0.012323,0.079237,0.011966,0.004547,0.003607
N20002376,0.123280,0.428008,0.138159,0.166289,0.031016,0.073847,0.020722,0.010385,0.008295
N20002377,0.506224,0.095353,0.075333,0.050111,0.151983,0.019688,0.014848,0.049799,0.036662
N20002378,0.380008,0.098134,0.158260,0.069741,0.165410,0.022581,0.028489,0.043077,0.034300
N20002379,0.035374,0.575134,0.064913,0.189371,0.007419,0.114513,0.008505,0.002617,0.002155
N20002380,0.036003,0.560188,0.059854,0.223107,0.006947,0.101834,0.007489,0.002472,0.002105
N20002381,0.257432,0.246963,0.168955,0.149878,0.070254,0.043342,0.023551,0.021657,0.017968
N20002382,0.033738,0.550347,0.098672,0.192943,0.008430,0.097402,0.013561,0.002652,0.002254
N20002383,0.235136,0.252718,0.199314,0.090031,0.092572,0.043088,0.041246,0.026193,0.019702
N20002384,0.074608,0.493256,0.109381,0.205533,0.014349,0.080024,0.013683,0.004892,0.004274
N20002385,0.442412,0.040979,0.110574,0.028364,0.239084,0.009087,0.024531,0.060175,0.044793
N20002386,0.030091,0.526028,0.132479,0.181083,0.008020,0.100282,0.017458,0.002442,0.002118
N20002387,0.171571,0.283075,0.237932,0.103714,0.071839,0.048308,0.048858,0.019635,0.015068
N20002388,0.039370,0.552885,0.092659,0.190174,0.010031,0.096427,0.012328,0.003398,0.002729
N20002389,0.334279,0.065882,0.234597,0.043699,0.183866,0.013908,0.048062,0.042264,0.033442
N20002390,0.319447,0.185834,0.127678,0.144125,0.095381,0.057852,0.018000,0.028400,0.023284
N20002391,0.285753,0.256564,0.083195,0.194522,0.067820,0.060031,0.011294,0.022345,0.018475
N20002392,0.322543,0.069261,0.230425,0.055866,0.185623,0.015125,0.044726,0.042408,0.034022
N20002393,0.129110,0.229781,0.309379,0.143571,0.067709,0.044095,0.047110,0.015898,0.013348
N20002394,0.067481,0.473251,0.104617,0.223020,0.018186,0.089184,0.013908,0.005618,0.004736
N20002395,0.448048,0.043719,0.098607,0.032657,0.241976,0.009817,0.020169,0.059499,0.045509
N20002396,0.118044,0.279240,0.278451,0.149032,0.051155,0.059662,0.040884,0.012777,0.010755
N20002397,0.108766,0.183623,0.380320,0.109549,0.080120,0.029155,0.078966,0.016165,0.013336
N20002398,0.209211,0.209245,0.275976,0.115289,0.074796,0.034336,0.043082,0.021061,0.017005
N20002399,0.117672,0.174462,0.383851,0.116993,0.079046,0.033792,0.064061,0.016283,0.013841
N20002400,0.074288,0.305042,0.298696,0.172964,0.031087,0.066564,0.037117,0.007525,0.006717
N20002401,0.056753,0.216383,0.444981,0.123850,0.030670,0.053007,0.061801,0.006637,0.005919
N20002402,0.143381,0.422138,0.103948,0.168532,0.037401,0.087179,0.016212,0.011631,0.009578
N20002403,0.061036,0.171261,0.504515,0.105226,0.037189,0.029910,0.076581,0.007580,0.006702
N20002404,0.046596,0.333906,0.350768,0.111454,0.023070,0.050480,0.073693,0.005514,0.004519
N20002405,0.125600,0.313364,0.236860,0.151961,0.043534,0.071824,0.035349,0.011570,0.009938
N20002406,0.082433,0.138184,0.479663,0.093577,0.068577,0.025869,0.087654,0.013002,0.011041
N20002407,0.029977,0.539795,0.117639,0.198402,0.007361,0.086873,0.015563,0.002389,0.002000
N20002408,0.077887,0.361308,0.185275,0.229714,0.030829,0.074960,0.025593,0.007666,0.006769
N20002409,0.078084,0.456293,0.131132,0.204028,0.021574,0.077860,0.018710,0.006761,0.005558
N20002410,0.043760,0.213860,0.471861,0.120831,0.027199,0.046161,0.065953,0.005434,0.004940
N20002411,0.071026,0.318238,0.320233,0.147852,0.028639,0.050202,0.049986,0.007590,0.006234
N20002412,0.102975,0.268945,0.316977,0.146844,0.043184,0.052004,0.048791,0.011002,0.009278
N20002413,0.042163,0.206304,0.483291,0.115648,0.024803,0.038901,0.078841,0.005424,0.004626
N20002414,0.096954,0.368799,0.227327,0.160733,0.035617,0.055270,0.037363,0.009915,0.008023
N20002415,0.073420,0.443301,0.163131,0.191167,0.023345,0.068645,0.024547,0.006858,0.005586
N20002416,0.032029,0.389451,0.245689,0.206586,0.015017,0.068612,0.035888,0.003611,0.003118
N20002417,0.021723,0.179864,0.537977,0.115725,0.021181,0.034787,0.081950,0.003549,0.003244
N20002418,0.082136,0.346428,0.293266,0.135843,0.028731,0.050679,0.048750,0.007765,0.006402
N20002419,0.071471,0.324926,0.340414,0.113246,0.026380,0.052446,0.058531,0.006886,0.005700
N20002420,0.078107,0.501961,0.090111,0.210889,0.018616,0.075470,0.013370,0.006413,0.005063
N20002421,0.146663,0.324560,0.226972,0.120863,0.060046,0.050008,0.042124,0.016109,0.012655
N20002422,0.081291,0.388567,0.247243,0.135608,0.032452,0.054810,0.043722,0.009255,0.007052
N20002423,0.118115,0.471292,0.094301,0.179205,0.033168,0.068714,0.016073,0.010822,0.008310
N20002424,0.028896,0.070607,0.673368,0.049446,0.032568,0.010875,0.124797,0.004936,0.004507
N20002425,0.032524,0.224485,0.484671,0.119020,0.020792,0.042695,0.067946,0.004127,0.003739
N20002426,0.027166,0.150879,0.573547,0.096439,0.026524,0.025269,0.091638,0.004480,0.004058
N20002427,0.046448,0.284605,0.361262,0.162730,0.028059,0.055879,0.049745,0.005997,0.005275
N20002428,0.048813,0.531083,0.084459,0.196986,0.010845,0.110857,0.010274,0.003595,0.003088
N20002429,0.042491,0.566416,0.118660,0.157799,0.010236,0.079819,0.018149,0.003572,0.002858
N20002430,0.047439,0.160533,0.536718,0.092841,0.033589,0.030046,0.086403,0.006587,0.005844
N20002431,0.043452,0.597011,0.084736,0.153148,0.009647,0.093129,0.012573,0.003535,0.002770
N20002432,0.067620,0.545315,0.095957,0.162224,0.017071,0.085775,0.015487,0.005961,0.004590
N20002433,0.042161,0.303052,0.335892,0.164453,0.024931,0.071411,0.048120,0.005231,0.004750
N20002434,0.037481,0.516099,0.063646,0.233883,0.013384,0.120285,0.008423,0.003652,0.003147
N20002435,0.028039,0.157804,0.584099,0.084326,0.021324,0.033182,0.083726,0.003943,0.003558
N20002436,0.023947,0.292323,0.390427,0.149956,0.014331,0.071284,0.052028,0.003027,0.002678
N20002437,0.036945,0.186573,0.516069,0.101266,0.029514,0.041492,0.077871,0.005414,0.004857
N20002438,0.014569,0.405952,0.280211,0.156516,0.006750,0.100649,0.032388,0.001550,0.001415
N20002439,0.040762,0.376940,0.240664,0.189677,0.015199,0.104042,0.025562,0.003674,0.003480
N20002440,0.019113,0.488950,0.123709,0.203535,0.006639,0.141762,0.013012,0.001703,0.001578
N20002441,0.024506,0.371065,0.247417,0.230053,0.012155,0.078262,0.031343,0.002711,0.002489
N20002442,0.020205,0.288620,0.419024,0.133145,0.012914,0.067432,0.053819,0.002500,0.002339
N20002443,0.015031,0.182117,0.567377,0.102392,0.013090,0.035961,0.079865,0.002109,0.002058
N20002444,0.032381,0.389696,0.230301,0.189584,0.015732,0.107799,0.027789,0.003483,0.003234
N20002445,0.041541,0.354045,0.265445,0.192505,0.021243,0.080478,0.035914,0.004583,0.004246
N20002446,0.017586,0.423970,0.201932,0.205295,0.007124,0.120895,0.019992,0.001632,0.001574
N20002447,0.023774,0.447319,0.157098,0.204578,0.009165,0.136249,0.017451,0.002283,0.002084
N20002448,0.040204,0.433862,0.182668,0.195598,0.013537,0.105838,0.021637,0.003486,0.003170
N20002449,0.017943,0.421448,0.178570,0.212414,0.007902,0.139816,0.018439,0.001767,0.001701
N20002450,0.032858,0.376736,0.242976,0.194384,0.017339,0.096610,0.031811,0.003834,0.003452
N20002451,0.021024,0.501670,0.057481,0.186205,0.004463,0.221427,0.005074,0.001363,0.001293
N20002452,0.043231,0.382329,0.225192,0.173723,0.016282,0.126826,0.024707,0.003989,0.003720
N20002453,0.060908,0.392962,0.183173,0.200150,0.019155,0.114140,0.020054,0.004858,0.004601
N20002454,0.090503,0.442014,0.094333,0.195013,0.020905,0.134752,0.010266,0.006458,0.005757
N20002455,0.123170,0.410423,0.093551,0.204849,0.029673,0.109597,0.011353,0.009353,0.008030
N20002456,0.249266,0.059374,0.345106,0.040756,0.160419,0.010848,0.073189,0.033661,0.027381
N20002457,0.177946,0.095837,0.390091,0.052296,0.127677,0.017270,0.091669,0.026364,0.020850
N20002458,0.188281,0.068549,0.384832,0.050147,0.156735,0.013522,0.083102,0.030238,0.024594
N20002459,0.171536,0.152281,0.375198,0.090127,0.081636,0.030941,0.062345,0.019749,0.016187
N20002460,0.232393,0.148663,0.282218,0.064512,0.123457,0.024706,0.071383,0.029940,0.022728
N20002461,0.156272,0.102302,0.416075,0.053455,0.119738,0.015361,0.093095,0.024315,0.019387
N20002462,0.099887,0.322729,0.280207,0.133976,0.044209,0.049891,0.048784,0.011152,0.009164
N20002463,0.293734,0.085201,0.260322,0.058556,0.167624,0.016689,0.048392,0.038382,0.031099
N20002464,0.104964,0.103644,0.496099,0.060430,0.081646,0.017758,0.106644,0.015755,0.013060
N20002465,0.236373,0.144828,0.287031,0.090968,0.110848,0.029135,0.051358,0.027193,0.022266
N20002466,0.210560,0.170271,0.313489,0.081844,0.092090,0.029100,0.060985,0.023054,0.018607
N20002467,0.165905,0.148875,0.364221,0.100698,0.090889,0.029237,0.062531,0.020464,0.017179
N20002468,0.202452,0.100092,0.318939,0.059607,0.165102,0.018865,0.075368,0.033632,0.025944
N20002469,0.181145,0.078501,0.435572,0.051572,0.114749,0.015618,0.078622,0.024077,0.020145
N20002470,0.154413,0.078080,0.434378,0.048076,0.128836,0.013403,0.097728,0.024896,0.020190
N20002471,0.199171,0.085907,0.371623,0.053929,0.141409,0.017008,0.080042,0.027763,0.023150
N20002472,0.141303,0.173003,0.382625,0.102549,0.066351,0.039970,0.065070,0.015776,0.013352
N20002473,0.259311,0.092798,0.266103,0.057266,0.179595,0.019066,0.057438,0.038235,0.030188
N20002474,0.126076,0.089146,0.470664,0.056757,0.105612,0.016289,0.099122,0.019845,0.016490
N20002475,0.133909,0.087799,0.473395,0.061681,0.103768,0.016848,0.085728,0.019952,0.016922
N20002476,0.237835,0.080758,0.320310,0.050943,0.162183,0.016628,0.070837,0.033374,0.027132
N20002477,0.131625,0.166816,0.372517,0.099626,0.090326,0.031247,0.073341,0.019039,0.015463
N20002478,0.142677,0.039279,0.496385,0.028464,0.135387,0.007271,0.106836,0.023734,0.019967
N20002479,0.353702,0.081424,0.210716,0.049966,0.168496,0.016490,0.044730,0.041737,0.032739
N20002480,0.214330,0.056554,0.396301,0.038271,0.149386,0.011316,0.079618,0.029198,0.025026
N20002481,0.170066,0.273195,0.228141,0.139493,0.067189,0.050401,0.038614,0.018214,0.014688
N20002482,0.212546,0.036822,0.385273,0.021457,0.179727,0.007315,0.095972,0.033826,0.027063
N20002483,0.228563,0.077046,0.344778,0.052447,0.153017,0.016768,0.069300,0.031844,0.026237
N20002484,0.221888,0.142159,0.303024,0.077188,0.117011,0.028285,0.060478,0.027723,0.022242
N20002485,0.336336,0.021312,0.181508,0.016143,0.296399,0.004186,0.045868,0.054821,0.043428
N20002486,0.358911,0.128990,0.161055,0.078878,0.140476,0.037633,0.025901,0.037731,0.030426
N20002487,0.372194,0.047405,0.177675,0.032272,0.228352,0.010736,0.037322,0.053304,0.040739
N20002488,0.300001,0.073300,0.275376,0.053376,0.165861,0.016479,0.047763,0.037051,0.030793
N20002489,0.274361,0.167078,0.191255,0.105815,0.132014,0.040257,0.030892,0.032008,0.026319
N20002490,0.167846,0.214624,0.291430,0.136935,0.066099,0.050196,0.041775,0.016673,0.014422
N20002491,0.177606,0.129914,0.372321,0.079842,0.105951,0.027005,0.066634,0.021945,0.018782
N20002492,0.063183,0.342789,0.293351,0.149767,0.023990,0.074254,0.041160,0.006199,0.005307
N20002493,0.085695,0.463543,0.101197,0.217198,0.024438,0.079404,0.014373,0.007846,0.006305
N20002494,0.296869,0.048078,0.252396,0.027813,0.227901,0.009693,0.057528,0.044131,0.035591
N20002495,0.348881,0.061194,0.189731,0.041353,0.218084,0.013503,0.040469,0.048652,0.038134
N20002496,0.302084,0.149872,0.213657,0.095113,0.114606,0.035917,0.032733,0.030828,0.025190
N20002497,0.439870,0.104809,0.128708,0.063642,0.141320,0.024855,0.021267,0.042426,0.033103
N20002498,0.054256,0.362992,0.233554,0.178320,0.023882,0.107177,0.029088,0.005690,0.005041
N20002499,0.113799,0.188278,0.393326,0.110539,0.059509,0.051134,0.058747,0.013236,0.011433
N20002500,0.014735,0.410961,0.248385,0.177090,0.005559,0.114944,0.025606,0.001420,0.001301
N20002501,0.012494,0.451633,0.179705,0.212734,0.004440,0.116440,0.020293,0.001187,0.001074
N20002502,0.024991,0.412364,0.186407,0.210074,0.007649,0.134329,0.020141,0.002137,0.001908
N20002503,0.020676,0.328578,0.327286,0.197200,0.008949,0.071693,0.041628,0.002073,0.001918
N20002504,0.042660,0.493681,0.083056,0.231549,0.009125,0.124085,0.010195,0.003026,0.002624
N20002505,0.012735,0.299360,0.400040,0.153497,0.006182,0.076897,0.048640,0.001370,0.001279
N20002506,0.028555,0.444242,0.160131,0.227966,0.008139,0.108389,0.018114,0.002355,0.002108
N20002507,0.033061,0.411630,0.182046,0.221260,0.011054,0.115456,0.019864,0.002976,0.002651
N20002508,0.042942,0.245712,0.446026,0.113391,0.021143,0.051691,0.070104,0.004839,0.004152
N20002509,0.018272,0.290442,0.419509,0.140012,0.009173,0.065797,0.052849,0.002064,0.001881
N20002510,0.023088,0.583100,0.076016,0.184931,0.004435,0.116807,0.008632,0.001613,0.001377
N20002511,0.020186,0.553361,0.093513,0.180972,0.003559,0.136043,0.009899,0.001323,0.001143
N20002512,0.034933,0.522628,0.157145,0.150133,0.009147,0.098805,0.021845,0.002926,0.002440
N20002513,0.026876,0.505996,0.141070,0.177979,0.008977,0.115280,0.018917,0.002708,0.002196
N20002514,0.045328,0.543747,0.068410,0.207742,0.009863,0.109662,0.008930,0.003453,0.002865
N20002515,0.021847,0.278091,0.427142,0.144115,0.009973,0.063598,0.050870,0.002257,0.002107
N20002516,0.035205,0.357061,0.286958,0.172677,0.016166,0.086734,0.037880,0.003928,0.003390
N20002517,0.022221,0.596688,0.048081,0.199700,0.004201,0.120414,0.005759,0.001608,0.001327
N20002518,0.018490,0.281887,0.425874,0.141158,0.010671,0.060617,0.056969,0.002292,0.002041
N20002519,0.017862,0.359912,0.283949,0.191004,0.007139,0.106646,0.030148,0.001729,0.001609
N20002520,0.033839,0.348142,0.289575,0.174756,0.015231,0.095151,0.036329,0.003737,0.003240
N20002521,0.025603,0.576004,0.115307,0.155207,0.005742,0.103062,0.015436,0.001986,0.001653
N20002522,0.019723,0.576291,0.070114,0.216560,0.004117,0.102277,0.008220,0.001458,0.001242
N20002523,0.030091,0.600012,0.058897,0.185800,0.006586,0.106533,0.007634,0.002480,0.001968
N20002524,0.035913,0.442243,0.165135,0.208652,0.011166,0.110072,0.020860,0.003181,0.002778
N20002525,0.019237,0.464114,0.206536,0.190344,0.006161,0.084510,0.025772,0.001769,0.001558
N20002526,0.023817,0.320573,0.396415,0.126429,0.012083,0.058675,0.056705,0.002848,0.002455
N20002527,0.028912,0.557078,0.099006,0.197406,0.006738,0.094533,0.012023,0.002360,0.001944
N20002528,0.022240,0.232068,0.505714,0.098172,0.013102,0.043015,0.080510,0.002728,0.002450
N20002529,0.020105,0.608263,0.057177,0.197202,0.003947,0.103408,0.007227,0.001455,0.001216
N20002530,0.021119,0.591851,0.039827,0.209561,0.004049,0.126364,0.004444,0.001513,0.001272
N20002531,0.033871,0.282824,0.389486,0.145100,0.023419,0.059187,0.057316,0.004675,0.004124
N20002532,0.019080,0.313723,0.378225,0.163288,0.008816,0.060605,0.052367,0.002047,0.001850
N20002533,0.030951,0.560762,0.065779,0.205573,0.007181,0.117232,0.007965,0.002510,0.002048
N20002534,0.029460,0.455316,0.187764,0.188992,0.008455,0.103238,0.022139,0.002485,0.002151
N20002535,0.017336,0.458257,0.163715,0.242582,0.007031,0.087361,0.020331,0.001792,0.001594
N20002536,0.015775,0.286050,0.416245,0.154343,0.007061,0.072185,0.045239,0.001593,0.001509
N20002537,0.015495,0.350465,0.292281,0.216683,0.009846,0.076263,0.035107,0.002006,0.001855
N20002538,0.022634,0.366225,0.304686,0.175834,0.009269,0.077694,0.039319,0.002269,0.002069
N20002539,0.010860,0.222342,0.539263,0.109557,0.005534,0.042347,0.067793,0.001185,0.001119
N20002540,0.018674,0.352895,0.317347,0.168620,0.010414,0.090503,0.037348,0.002170,0.002030
N20002541,0.015736,0.254583,0.473174,0.129884,0.009258,0.054280,0.059496,0.001835,0.001754
N20002542,0.014815,0.387295,0.274860,0.200746,0.008354,0.073422,0.037007,0.001845,0.001657
N20002543,0.040422,0.442547,0.132519,0.235938,0.016540,0.108255,0.015963,0.004129,0.003686
N20002544,0.020656,0.555693,0.055250,0.219549,0.004415,0.135515,0.006153,0.001461,0.001307
N20002545,0.014991,0.460751,0.138144,0.239694,0.005578,0.123889,0.014201,0.001427,0.001324
N20002546,0.012138,0.459119,0.177222,0.205278,0.005035,0.119971,0.018865,0.001237,0.001135
N20002547,0.031727,0.385723,0.246678,0.187598,0.012619,0.101893,0.027800,0.003119,0.002843
N20002548,0.092832,0.408883,0.039304,0.190907,0.015927,0.238055,0.003666,0.005417,0.005008
N20002549,0.022724,0.463251,0.030096,0.196176,0.003217,0.279802,0.002468,0.001157,0.001109
N20002550,0.035961,0.490594,0.031059,0.150043,0.004966,0.281414,0.002444,0.001799,0.001719
N20002551,0.025673,0.449009,0.061962,0.175937,0.004609,0.274573,0.005367,0.001464,0.001405
N20002552,0.227948,0.315103,0.072413,0.178441,0.052080,0.114985,0.008118,0.016448,0.014463
N20002553,0.256648,0.329825,0.044274,0.159090,0.051757,0.120030,0.005434,0.017814,0.015128
N20002554,0.036627,0.496676,0.085075,0.209701,0.007241,0.150912,0.009077,0.002514,0.002179
N20002555,0.017448,0.454147,0.096083,0.170177,0.003467,0.248196,0.008233,0.001179,0.001070
N20002556,0.038248,0.531453,0.048827,0.204855,0.007162,0.159156,0.005373,0.002685,0.002240
N20002557,0.015215,0.482906,0.033118,0.242197,0.003176,0.218146,0.003204,0.001070,0.000967
N20002558,0.033178,0.474206,0.126513,0.169326,0.007496,0.171155,0.013471,0.002512,0.002144
N20002559,0.034621,0.494712,0.061514,0.225595,0.007605,0.164401,0.006736,0.002579,0.002236
N20002560,0.288899,0.299156,0.073738,0.157404,0.054212,0.081888,0.008831,0.019649,0.016223
N20002561,0.602581,0.109571,0.028384,0.061652,0.094401,0.032132,0.004320,0.037652,0.029304
N20002562,0.443351,0.155460,0.071687,0.081494,0.120954,0.049949,0.010728,0.036529,0.029848
N20002563,0.027919,0.498895,0.024626,0.162230,0.004286,0.277154,0.001955,0.001500,0.001434
N20002564,0.034526,0.462849,0.031902,0.183495,0.006164,0.274104,0.002898,0.002125,0.001937
N20002565,0.023664,0.374566,0.247627,0.204275,0.011953,0.105909,0.026851,0.002672,0.002483
N20002566,0.022650,0.498929,0.085349,0.235129,0.005165,0.141446,0.008254,0.001599,0.001478
N20002567,0.029696,0.515552,0.062815,0.232119,0.008010,0.140515,0.006671,0.002462,0.002161
N20002568,0.032191,0.507794,0.069774,0.228775,0.008133,0.141045,0.007332,0.002664,0.002292
N20002569,0.017968,0.405110,0.222424,0.195230,0.009550,0.120344,0.025221,0.002204,0.001948
N20002570,0.035732,0.252360,0.405757,0.163290,0.022185,0.065778,0.046165,0.004554,0.004178
N20002571,0.020658,0.452739,0.044637,0.160237,0.003966,0.311636,0.003576,0.001325,0.001225
N20002572,0.025352,0.482437,0.029158,0.199353,0.004922,0.252885,0.002646,0.001715,0.001532
N20002573,0.013247,0.421518,0.211008,0.181770,0.004835,0.146477,0.018762,0.001239,0.001145
N20002574,0.025570,0.458176,0.048157,0.182189,0.005058,0.273725,0.003922,0.001657,0.001547
N20002575,0.044535,0.545876,0.030473,0.204005,0.008803,0.156690,0.003518,0.003394,0.002706
N20002576,0.026736,0.554477,0.026569,0.215985,0.004734,0.165669,0.002526,0.001769,0.001535
N20002577,0.419853,0.211197,0.037559,0.122673,0.073603,0.079811,0.004603,0.027867,0.022834
N20002578,0.020274,0.496041,0.122184,0.198643,0.005908,0.141544,0.012131,0.001725,0.001550
N20002579,0.021882,0.521982,0.063223,0.232731,0.005656,0.144833,0.006390,0.001741,0.001563
N20002580,0.058458,0.445124,0.058845,0.183577,0.012169,0.228957,0.005421,0.003873,0.003576
N20002581,0.104251,0.405846,0.082964,0.208382,0.024731,0.150596,0.008782,0.007613,0.006835
N20002582,0.032357,0.477478,0.090170,0.209689,0.009122,0.167378,0.008822,0.002586,0.002397
N20002583,0.543108,0.106692,0.056586,0.065543,0.112786,0.036800,0.007575,0.039090,0.031819
N20002584,0.090519,0.429918,0.093406,0.182944,0.023822,0.156299,0.009679,0.007112,0.006301
N20002585,0.705308,0.022054,0.015355,0.017435,0.140567,0.007190,0.002374,0.050176,0.039541
N20002586,0.070808,0.460589,0.075292,0.181538,0.016399,0.178466,0.007346,0.005029,0.004532
N20002587,0.411682,0.195469,0.128115,0.069848,0.083752,0.035384,0.022048,0.030543,0.023159
N20002588,0.504664,0.140392,0.070622,0.038877,0.127392,0.022749,0.017758,0.046225,0.031320
N20002589,0.539752,0.087593,0.103595,0.037507,0.122006,0.017672,0.016390,0.043179,0.032306
N20002590,0.410401,0.082552,0.177666,0.058092,0.150460,0.018904,0.029526,0.039710,0.032688
N20002591,0.225494,0.268162,0.144735,0.160609,0.070568,0.075308,0.018874,0.019368,0.016882
N20002592,0.372736,0.198548,0.117285,0.105398,0.092044,0.042873,0.020336,0.027751,0.023030
N20002593,0.412777,0.097404,0.158311,0.054949,0.152831,0.020336,0.028900,0.041836,0.032658
N20002594,0.369133,0.241216,0.111812,0.075916,0.083122,0.045993,0.019224,0.031133,0.022451
N20002595,0.097517,0.333839,0.240226,0.163709,0.035213,0.079620,0.032328,0.009523,0.008025
N20002596,0.357222,0.253750,0.102211,0.087228,0.082531,0.048802,0.018725,0.028269,0.021262
N20002597,0.239353,0.296944,0.120763,0.127417,0.082441,0.069474,0.020814,0.024072,0.018721
N20002598,0.446398,0.062896,0.160039,0.042940,0.165279,0.013380,0.027837,0.045359,0.035872
N20002599,0.086920,0.351583,0.214425,0.184273,0.024876,0.100330,0.024484,0.006901,0.006208
N20002600,0.042313,0.465073,0.080517,0.240064,0.013297,0.142675,0.008993,0.003745,0.003323
N20002601,0.304810,0.312088,0.093146,0.104530,0.067326,0.059934,0.015826,0.024309,0.018031
N20002602,0.405443,0.132345,0.156753,0.060516,0.123864,0.027461,0.028363,0.036788,0.028467
N20002603,0.068177,0.302445,0.299711,0.161581,0.034809,0.081338,0.037187,0.007835,0.006916
N20002604,0.499237,0.108099,0.082907,0.047539,0.143703,0.022649,0.016003,0.045879,0.033984
N20002605,0.306711,0.263189,0.147130,0.083016,0.074671,0.056477,0.026267,0.024190,0.018350
N20002606,0.120918,0.364887,0.186228,0.154643,0.036086,0.089563,0.028209,0.010811,0.008655
N20002607,0.043095,0.447611,0.120620,0.245028,0.016960,0.101013,0.017188,0.004605,0.003881
N20002608,0.226264,0.210405,0.268607,0.092298,0.081029,0.031726,0.048535,0.023344,0.017793
N20002609,0.049986,0.414057,0.149992,0.228856,0.020625,0.107625,0.019100,0.005210,0.004550
N20002610,0.092662,0.400184,0.150454,0.179895,0.024366,0.119744,0.019113,0.007357,0.006225
N20002611,0.187411,0.290385,0.241848,0.072987,0.057909,0.068427,0.050340,0.017831,0.012863
N20002612,0.415347,0.179764,0.096420,0.072451,0.114254,0.039649,0.017043,0.037487,0.027586
N20002613,0.118033,0.443020,0.147009,0.112070,0.035692,0.090739,0.033919,0.011296,0.008222
N20002614,0.222101,0.365347,0.096057,0.137453,0.048534,0.085556,0.014138,0.017533,0.013281
N20002615,0.106788,0.453292,0.175220,0.086839,0.032478,0.079862,0.047573,0.010646,0.007301
N20002616,0.220252,0.362804,0.124893,0.115459,0.051469,0.072043,0.021032,0.018356,0.013693
N20002617,0.103049,0.424273,0.216669,0.057671,0.036476,0.057598,0.085481,0.011389,0.007394
N20002618,0.038818,0.413552,0.140195,0.226618,0.014316,0.143137,0.016175,0.003837,0.003352
N20002619,0.051976,0.605429,0.060284,0.141900,0.009936,0.115760,0.007413,0.004156,0.003145
N20002620,0.106681,0.454532,0.157177,0.100887,0.036463,0.088680,0.036286,0.011290,0.008005
N20002621,0.023037,0.228249,0.457096,0.161632,0.015229,0.055828,0.053113,0.003008,0.002807
N20002622,0.041337,0.628203,0.034434,0.143887,0.006741,0.136075,0.004077,0.002957,0.002289
N20002623,0.026372,0.423941,0.150506,0.234251,0.011119,0.130748,0.017855,0.002739,0.002469
N20002624,0.054518,0.252071,0.385587,0.153866,0.025756,0.065706,0.051441,0.005811,0.005244
N20002625,0.039608,0.612465,0.125182,0.100286,0.010011,0.085411,0.020731,0.003611,0.002695
N20002626,0.024967,0.617983,0.031338,0.167998,0.004394,0.146717,0.003356,0.001786,0.001462
N20002627,0.041923,0.617680,0.063893,0.136994,0.010413,0.114160,0.008226,0.003775,0.002936
N20002628,0.050753,0.479930,0.193731,0.104020,0.014627,0.114148,0.034877,0.004474,0.003438
N20002629,0.041540,0.617942,0.037230,0.158463,0.007293,0.127920,0.004425,0.002851,0.002336
N20002630,0.060585,0.430247,0.159875,0.185902,0.017844,0.116441,0.019853,0.004867,0.004386
N20002631,0.040918,0.583170,0.031185,0.185995,0.006803,0.143441,0.003504,0.002727,0.002258
N20002632,0.030181,0.575077,0.054305,0.189034,0.007349,0.132649,0.006835,0.002492,0.002078
N20002633,0.044449,0.417215,0.207121,0.176446,0.016659,0.104275,0.025701,0.004345,0.003789
N20002634,0.043457,0.418236,0.220875,0.165886,0.019012,0.088421,0.035320,0.004778,0.004014
N20002635,0.033338,0.460485,0.136591,0.190060,0.011052,0.147786,0.014974,0.003030,0.002684
N20002636,0.042463,0.402089,0.244944,0.164670,0.015586,0.093358,0.029293,0.004029,0.003567
N20002637,0.024675,0.454190,0.166172,0.205330,0.009803,0.114653,0.020401,0.002551,0.002227
N20002638,0.053035,0.514281,0.104729,0.167702,0.013818,0.123743,0.014886,0.004254,0.003551
N20002639,0.267186,0.299282,0.051304,0.171871,0.049739,0.123001,0.005611,0.017038,0.014968
N20002640,0.637136,0.018264,0.044489,0.013519,0.177369,0.004397,0.007307,0.054971,0.042549
N20002641,0.645282,0.027673,0.056231,0.023096,0.145166,0.007917,0.008145,0.047772,0.038720
N20002642,0.433744,0.107030,0.133855,0.078278,0.131251,0.030611,0.017054,0.036590,0.031588
N20002643,0.388723,0.217293,0.043017,0.148414,0.068853,0.083488,0.004935,0.024197,0.021080
N20002644,0.023654,0.505905,0.022160,0.245496,0.004525,0.193143,0.002170,0.001531,0.001416
N20002645,0.023238,0.481363,0.044762,0.214541,0.005381,0.223398,0.004100,0.001666,0.001551
N20002646,0.234586,0.281179,0.100480,0.172028,0.052832,0.116369,0.011109,0.016763,0.014655
N20002647,0.030820,0.453853,0.069885,0.254782,0.008760,0.170002,0.007043,0.002527,0.002328
N20002648,0.020399,0.489775,0.069109,0.228891,0.004967,0.177479,0.006517,0.001470,0.001393
N20002649,0.093612,0.420006,0.068449,0.205765,0.020602,0.172669,0.006525,0.006478,0.005894
N20002650,0.050401,0.422729,0.097095,0.243436,0.013366,0.156375,0.009219,0.003794,0.003586
N20002651,0.027226,0.487596,0.057000,0.241254,0.007907,0.168670,0.006038,0.002252,0.002057
N20002652,0.028974,0.523392,0.076506,0.220711,0.009279,0.126943,0.009204,0.002677,0.002314
N20002653,0.026669,0.445067,0.090152,0.240660,0.007452,0.177380,0.008546,0.002113,0.001961
N20002654,0.015576,0.501813,0.057079,0.247623,0.005016,0.164168,0.006026,0.001424,0.001275
N20002655,0.217089,0.270308,0.177933,0.145243,0.063457,0.064599,0.027566,0.018472,0.015332
N20002656,0.025828,0.533147,0.029432,0.232671,0.005607,0.166880,0.002934,0.001860,0.001642
N20002657,0.034376,0.523613,0.022850,0.255966,0.006792,0.149502,0.002381,0.002430,0.002091
N20002658,0.098564,0.363351,0.174017,0.183318,0.026069,0.122595,0.017970,0.007348,0.006768
N20002659,0.028525,0.506178,0.113415,0.204216,0.008187,0.123143,0.011784,0.002425,0.002128
N20002660,0.017256,0.475532,0.079562,0.217034,0.005923,0.193832,0.007778,0.001625,0.001458
N20002661,0.034903,0.500952,0.051591,0.250889,0.007816,0.143660,0.005360,0.002555,0.002272
N20002662,0.030792,0.512733,0.030210,0.206362,0.005958,0.207367,0.002829,0.001930,0.001819
N20002663,0.052328,0.429688,0.130891,0.179523,0.013119,0.175307,0.011952,0.003691,0.003501
N20002664,0.075558,0.429879,0.101374,0.214341,0.020866,0.135185,0.011458,0.005930,0.005410
N20002665,0.030607,0.653694,0.020924,0.149944,0.005311,0.132650,0.002804,0.002315,0.001752
N20002666,0.045195,0.649372,0.047866,0.120453,0.008793,0.114961,0.007182,0.003537,0.002641
N20002667,0.048830,0.547970,0.033316,0.182467,0.007765,0.170286,0.003889,0.002939,0.002537
N20002668,0.038753,0.465261,0.089383,0.232797,0.008865,0.151122,0.008744,0.002582,0.002493
N20002669,0.045173,0.608039,0.083766,0.120632,0.010610,0.114047,0.010957,0.003773,0.003003
N20002670,0.030584,0.535585,0.043377,0.183133,0.006794,0.191855,0.004446,0.002252,0.001973
N20002671,0.039768,0.595807,0.116665,0.121360,0.008769,0.096858,0.014921,0.003282,0.002569
N20002672,0.030018,0.519540,0.083598,0.169120,0.006677,0.178845,0.008209,0.002086,0.001906
N20002673,0.035314,0.628620,0.054226,0.156017,0.007699,0.106206,0.006685,0.002920,0.002312
N20002674,0.056933,0.424492,0.099968,0.232233,0.015669,0.152339,0.009844,0.004423,0.004098
N20002675,0.020797,0.483974,0.062548,0.235579,0.005098,0.183481,0.005545,0.001538,0.001441
N20002676,0.028744,0.458334,0.137514,0.186928,0.008965,0.161674,0.013203,0.002398,0.002240
N20002677,0.021356,0.514109,0.079288,0.175752,0.006149,0.192948,0.007093,0.001706,0.001599
N20002678,0.032704,0.444387,0.148824,0.198614,0.012568,0.141165,0.015701,0.003130,0.002907
N20002679,0.027313,0.501501,0.068200,0.216508,0.009461,0.165363,0.006893,0.002466,0.002295
N20002680,0.031463,0.600940,0.023136,0.201454,0.006096,0.130013,0.002723,0.002282,0.001894
N20002681,0.023309,0.537317,0.070547,0.227278,0.006251,0.124005,0.007720,0.001876,0.001697
N20002682,0.021980,0.568401,0.054397,0.211660,0.005546,0.128764,0.005967,0.001743,0.001543
N20002683,0.021457,0.541029,0.091837,0.199624,0.006407,0.125916,0.010229,0.001841,0.001661
N20002684,0.025419,0.493912,0.062010,0.237584,0.006723,0.164381,0.006235,0.001920,0.001817
N20002685,0.385535,0.190792,0.109739,0.134570,0.071466,0.048567,0.013348,0.024804,0.021177
N20002686,0.625932,0.048247,0.067968,0.033260,0.123821,0.011116,0.008915,0.045409,0.035333
N20002687,0.667886,0.025721,0.024536,0.018863,0.157451,0.006163,0.003991,0.054300,0.041090
N20002688,0.677055,0.025321,0.020402,0.017761,0.153920,0.006472,0.003179,0.054768,0.041122
N20002689,0.160648,0.264751,0.270629,0.124133,0.056208,0.056128,0.038710,0.015915,0.012878
N20002690,0.329854,0.254170,0.078695,0.170208,0.047685,0.079030,0.007811,0.016988,0.015559
N20002691,0.284836,0.222978,0.151294,0.134728,0.086215,0.054295,0.020572,0.024073,0.021009
N20002692,0.080245,0.259906,0.340384,0.162434,0.036839,0.057491,0.046222,0.008736,0.007743
N20002693,0.035745,0.255742,0.414425,0.156729,0.024247,0.046367,0.057667,0.004722,0.004356
N20002694,0.106924,0.396895,0.110388,0.238034,0.021027,0.101706,0.011940,0.006803,0.006283
N20002695,0.049902,0.296022,0.328944,0.186884,0.021754,0.065535,0.041037,0.005227,0.004696
N20002696,0.102560,0.297993,0.261563,0.181045,0.039262,0.067089,0.031700,0.009978,0.008810
N20002697,0.091579,0.284886,0.273861,0.188093,0.040517,0.067849,0.034796,0.009796,0.008623
N20002698,0.302130,0.257957,0.130792,0.112370,0.079738,0.051371,0.019070,0.026081,0.020491
N20002699,0.074626,0.371636,0.194723,0.209858,0.022720,0.091824,0.022704,0.006257,0.005652
N20002700,0.045718,0.336708,0.314168,0.160850,0.014420,0.090684,0.029971,0.003894,0.003588
N20002701,0.228994,0.294812,0.123888,0.143404,0.083823,0.063945,0.017522,0.024237,0.019374
N20002702,0.062633,0.515456,0.078546,0.207781,0.012870,0.104854,0.009372,0.004628,0.003860
N20002703,0.064385,0.443194,0.167960,0.189781,0.016371,0.090690,0.018039,0.005123,0.004458
N20002704,0.064192,0.518383,0.049326,0.225623,0.010975,0.118195,0.005536,0.004224,0.003546
N20002705,0.068948,0.417411,0.158280,0.206664,0.023272,0.092454,0.021167,0.006275,0.005530
N20002706,0.084479,0.427826,0.097538,0.236769,0.020780,0.109694,0.010733,0.006466,0.005714
N20002707,0.074633,0.478538,0.066155,0.233864,0.013203,0.118524,0.006566,0.004385,0.004132
N20002708,0.058662,0.544647,0.063838,0.193406,0.010582,0.114139,0.007336,0.004047,0.003343
N20002709,0.040165,0.584025,0.030454,0.204545,0.008238,0.123170,0.003766,0.003126,0.002511
N20002710,0.061981,0.543844,0.062191,0.203163,0.012626,0.099834,0.007800,0.004737,0.003823
N20002711,0.079726,0.481349,0.108951,0.199150,0.015953,0.092261,0.011927,0.005831,0.004852
N20002712,0.080826,0.490470,0.097231,0.200509,0.017105,0.091209,0.011615,0.006000,0.005035
N20002713,0.053690,0.363490,0.214562,0.232438,0.018329,0.083513,0.024737,0.004844,0.004397
N20002714,0.068415,0.519347,0.092366,0.180562,0.018431,0.097668,0.012140,0.006157,0.004914
N20002715,0.117132,0.381226,0.133660,0.215724,0.029251,0.091079,0.015341,0.008690,0.007896
N20002716,0.074826,0.367097,0.223085,0.196478,0.025302,0.071008,0.029278,0.006893,0.006032
N20002717,0.225489,0.328844,0.128107,0.134484,0.062329,0.065804,0.018596,0.020359,0.015988
N20002718,0.156435,0.354946,0.164210,0.172681,0.037977,0.069555,0.021810,0.012119,0.010267
N20002719,0.090139,0.535408,0.054864,0.175852,0.017313,0.107703,0.006676,0.006701,0.005345
N20002720,0.236746,0.227402,0.219399,0.127442,0.071206,0.050618,0.028504,0.021108,0.017575
N20002721,0.280211,0.311394,0.074831,0.153174,0.060667,0.069950,0.010618,0.021897,0.017258
N20002722,0.059031,0.418994,0.153339,0.222270,0.020886,0.096417,0.018541,0.005630,0.004890
N20002723,0.064435,0.511356,0.134599,0.169513,0.015270,0.076718,0.018722,0.005153,0.004236
N20002724,0.134292,0.322817,0.233112,0.141873,0.045851,0.064611,0.033431,0.013245,0.010767
N20002725,0.047817,0.423705,0.187243,0.196515,0.014237,0.100535,0.022254,0.004125,0.003568
N20002726,0.081201,0.322097,0.223966,0.216959,0.036857,0.074626,0.027597,0.008887,0.007811
N20002727,0.193499,0.336175,0.150127,0.136028,0.057910,0.071003,0.024026,0.017293,0.013939
N20002728,0.059519,0.227080,0.412192,0.156134,0.033872,0.041643,0.055747,0.007361,0.006452
N20002729,0.137269,0.430465,0.097642,0.168757,0.029713,0.105165,0.011225,0.011130,0.008635
N20002730,0.046705,0.415401,0.149988,0.252873,0.012720,0.099192,0.016226,0.003569,0.003326
N20002731,0.055858,0.339527,0.293769,0.175143,0.021149,0.067624,0.036759,0.005372,0.004799
N20002732,0.084332,0.425831,0.121855,0.212321,0.023127,0.104550,0.014917,0.007018,0.006049
N20002733,0.096001,0.280550,0.298047,0.161518,0.041170,0.065825,0.038606,0.009528,0.008756
N20002734,0.060255,0.500684,0.110544,0.190165,0.012092,0.105378,0.013119,0.004218,0.003545
N20002735,0.070872,0.411073,0.192442,0.181842,0.020501,0.087241,0.024772,0.006084,0.005173
N20002736,0.035858,0.422403,0.169658,0.225486,0.011408,0.111480,0.017798,0.003078,0.002831
N20002737,0.101773,0.357037,0.189912,0.180477,0.040572,0.083889,0.027272,0.010210,0.008858
N20002738,0.063131,0.391616,0.209946,0.197069,0.023349,0.075228,0.028113,0.006195,0.005352
N20002739,0.036972,0.443375,0.146424,0.239583,0.014480,0.092867,0.019274,0.003711,0.003314
N20002740,0.039534,0.489852,0.080010,0.255748,0.010331,0.109617,0.008916,0.003185,0.002806
N20002741,0.023537,0.521346,0.069521,0.251295,0.006123,0.117316,0.007290,0.001888,0.001684
N20002742,0.031062,0.487366,0.068671,0.247857,0.008401,0.144666,0.007301,0.002434,0.002243
N20002743,0.017693,0.405210,0.229871,0.226678,0.006723,0.085129,0.025525,0.001617,0.001553
N20002744,0.026608,0.492724,0.077945,0.245111,0.008052,0.136480,0.008771,0.002252,0.002056
N20002745,0.028131,0.469042,0.119302,0.254675,0.009181,0.100971,0.014011,0.002430,0.002258
N20002746,0.016595,0.487108,0.069690,0.257863,0.004513,0.155089,0.006652,0.001276,0.001214
N20002747,0.023996,0.510515,0.041695,0.270337,0.006108,0.139393,0.004415,0.001844,0.001697
N20002748,0.042589,0.380506,0.265744,0.184466,0.014499,0.072640,0.032373,0.003742,0.003442
N20002749,0.023871,0.352476,0.316775,0.174266,0.010714,0.080618,0.036426,0.002534,0.002319
N20002750,0.020683,0.473074,0.106713,0.249625,0.005412,0.130944,0.010526,0.001554,0.001468
N20002751,0.022039,0.366721,0.279433,0.209452,0.010299,0.075510,0.032068,0.002304,0.002173
N20002752,0.021174,0.495680,0.112188,0.224794,0.006142,0.124830,0.011777,0.001797,0.001619
N20002753,0.024148,0.457868,0.147622,0.223649,0.008453,0.117456,0.016513,0.002253,0.002039
N20002754,0.027093,0.242734,0.504536,0.100233,0.012479,0.036840,0.070682,0.002830,0.002574
N20002755,0.016900,0.258662,0.438337,0.169152,0.010598,0.049118,0.053157,0.002113,0.001964
N20002756,0.068050,0.469394,0.154481,0.185447,0.018481,0.072245,0.021238,0.005833,0.004831
N20002757,0.053790,0.353881,0.260846,0.195124,0.024495,0.063816,0.037148,0.005786,0.005113
N20002758,0.021492,0.312591,0.388140,0.158174,0.010123,0.057411,0.047705,0.002254,0.002111
N20002759,0.052643,0.426992,0.204325,0.196491,0.015744,0.066668,0.028420,0.004764,0.003953
N20002760,0.053846,0.286155,0.408089,0.110426,0.022823,0.044027,0.064035,0.005717,0.004881
N20002761,0.025884,0.193990,0.525756,0.108090,0.019226,0.030617,0.089657,0.003589,0.003189
N20002762,0.021855,0.114119,0.647144,0.065674,0.020762,0.016816,0.106887,0.003564,0.003178
N20002763,0.018260,0.454084,0.178148,0.218287,0.008313,0.097663,0.021427,0.002000,0.001817
N20002764,0.017107,0.384657,0.297359,0.191093,0.006819,0.067037,0.032660,0.001710,0.001558
N20002765,0.021495,0.474528,0.156584,0.226695,0.007047,0.092425,0.017569,0.001910,0.001747
N20002766,0.007444,0.332619,0.414649,0.134276,0.004530,0.051128,0.053494,0.000986,0.000874
N20002767,0.025463,0.420295,0.217642,0.207999,0.008115,0.091523,0.024767,0.002192,0.002004
N20002768,0.012975,0.421690,0.215293,0.223176,0.004478,0.097979,0.022170,0.001161,0.001079
N20002769,0.011563,0.335525,0.388285,0.151938,0.005631,0.058755,0.045853,0.001271,0.001178
N20002770,0.021973,0.426840,0.208094,0.204720,0.009159,0.100597,0.024281,0.002287,0.002049
N20002771,0.023049,0.348492,0.334656,0.166627,0.010509,0.068369,0.043578,0.002481,0.002238
N20002772,0.021258,0.619732,0.103012,0.148003,0.004865,0.086290,0.013572,0.001834,0.001433
N20002773,0.018043,0.543402,0.085822,0.236743,0.004752,0.098611,0.009866,0.001463,0.001298
N20002774,0.019653,0.301438,0.414211,0.142048,0.009706,0.056368,0.052375,0.002195,0.002006
N20002775,0.016906,0.431361,0.190799,0.230004,0.006928,0.099788,0.020953,0.001704,0.001557
N20002776,0.018529,0.549312,0.138062,0.182079,0.005234,0.087877,0.015924,0.001595,0.001388
N20002777,0.015466,0.459305,0.170598,0.231465,0.005430,0.095637,0.019327,0.001463,0.001309
N20002778,0.032232,0.464668,0.142010,0.217922,0.009606,0.111629,0.016715,0.002767,0.002451
N20002779,0.038232,0.482128,0.133413,0.213486,0.010653,0.098926,0.017069,0.003291,0.002802
N20002780,0.027986,0.545795,0.132984,0.180928,0.007984,0.082771,0.016878,0.002565,0.002108
N20002781,0.031910,0.619409,0.072687,0.157408,0.007273,0.097003,0.009512,0.002679,0.002118
N20002782,0.026698,0.504540,0.111112,0.229206,0.008328,0.102683,0.012877,0.002430,0.002124
N20002783,0.018378,0.413368,0.225798,0.212300,0.007080,0.095106,0.024577,0.001767,0.001625
N20002784,0.032510,0.465474,0.156953,0.219033,0.011002,0.086741,0.022579,0.003067,0.002642
N20002785,0.022513,0.506953,0.112797,0.215528,0.006789,0.118854,0.012855,0.001979,0.001733
N20002786,0.016908,0.432821,0.215525,0.217114,0.006687,0.083471,0.024195,0.001742,0.001538
N20002787,0.034440,0.443395,0.206455,0.193577,0.011476,0.076560,0.028046,0.003274,0.002776
N20002788,0.021826,0.501555,0.103034,0.232117,0.005028,0.122845,0.010576,0.001578,0.001441
N20002789,0.036522,0.401593,0.208863,0.227680,0.013743,0.077051,0.027850,0.003566,0.003132
N20002790,0.035518,0.367620,0.305524,0.158216,0.017058,0.058466,0.049974,0.004123,0.003500
N20002791,0.028568,0.469441,0.161108,0.220441,0.007732,0.088736,0.019580,0.002346,0.002048
N20002792,0.042770,0.504263,0.110706,0.206313,0.009668,0.107620,0.012655,0.003274,0.002733
N20002793,0.037324,0.513027,0.075110,0.236930,0.008971,0.114226,0.008966,0.002961,0.002485
N20002794,0.049583,0.449066,0.185116,0.190888,0.016010,0.074691,0.026044,0.004688,0.003914
N20002795,0.033612,0.431366,0.230827,0.180729,0.012064,0.076189,0.028916,0.003441,0.002857
N20002796,0.072798,0.465155,0.181034,0.152554,0.019645,0.068548,0.028836,0.006343,0.005087
N20002797,0.051676,0.479353,0.176456,0.168433,0.016045,0.069846,0.029395,0.004850,0.003945
N20002798,0.069469,0.318534,0.348528,0.109105,0.028658,0.042607,0.069464,0.007580,0.006055
N20002799,0.078597,0.411143,0.169349,0.196620,0.023962,0.083859,0.023425,0.007080,0.005965
N20002800,0.036624,0.417951,0.229799,0.186727,0.013556,0.077525,0.030951,0.003732,0.003134
N20002801,0.041578,0.478200,0.109340,0.210818,0.015730,0.121382,0.014976,0.004395,0.003580
N20002802,0.013023,0.508991,0.083576,0.228612,0.003306,0.153101,0.007502,0.000970,0.000919
N20002803,0.027500,0.434359,0.156299,0.252003,0.009279,0.096330,0.019468,0.002512,0.002250
N20002804,0.013327,0.441295,0.161349,0.255017,0.004618,0.104383,0.017663,0.001222,0.001126
N20002805,0.016879,0.493186,0.113688,0.251711,0.004508,0.105528,0.011978,0.001317,0.001205
N20002806,0.022958,0.436184,0.213147,0.203983,0.010350,0.080673,0.027864,0.002585,0.002255
N20002807,0.015569,0.516086,0.052943,0.286229,0.003294,0.118450,0.005378,0.001079,0.000973
N20002808,0.018838,0.485370,0.093912,0.259441,0.005954,0.122727,0.010547,0.001707,0.001504
N20002809,0.018540,0.479920,0.113100,0.243441,0.005737,0.124258,0.012006,0.001554,0.001444
N20002810,0.019689,0.484793,0.134481,0.238925,0.005731,0.097703,0.015583,0.001621,0.001474
N20002811,0.024878,0.600133,0.074142,0.187060,0.004855,0.097340,0.008278,0.001800,0.001513
N20002812,0.019055,0.503872,0.180826,0.170206,0.006320,0.092981,0.023449,0.001749,0.001541
N20002813,0.030326,0.605082,0.090481,0.166549,0.006698,0.084534,0.011900,0.002455,0.001975
N20002814,0.021419,0.470057,0.134030,0.261503,0.006003,0.088351,0.015341,0.001738,0.001560
N20002815,0.026593,0.611000,0.084281,0.172962,0.005666,0.084412,0.011316,0.002076,0.001694
N20002816,0.027106,0.552629,0.132924,0.185205,0.005839,0.075735,0.016872,0.001976,0.001714
N20002817,0.028733,0.562451,0.104615,0.198128,0.007470,0.079675,0.014416,0.002476,0.002036
N20002818,0.038882,0.595991,0.071707,0.184558,0.007902,0.085785,0.009728,0.003054,0.002394
N20002819,0.031679,0.580908,0.067526,0.201686,0.007365,0.097227,0.008849,0.002643,0.002118
N20002820,0.028836,0.524488,0.092343,0.227096,0.008313,0.102442,0.011706,0.002588,0.002189
N20002821,0.029037,0.593888,0.099216,0.170353,0.006838,0.082987,0.013339,0.002390,0.001949
N20002822,0.019179,0.530575,0.149269,0.182294,0.004484,0.092791,0.018766,0.001394,0.001248
N20002823,0.015044,0.323111,0.401576,0.139530,0.008728,0.054768,0.053631,0.001905,0.001706
N20002824,0.050362,0.403891,0.224521,0.180365,0.021811,0.071531,0.037336,0.005505,0.004678
N20002825,0.019377,0.228192,0.495394,0.134183,0.011911,0.045094,0.061215,0.002390,0.002242
N20002826,0.009021,0.184728,0.579036,0.104989,0.007163,0.033210,0.079377,0.001275,0.001201
N20002827,0.010501,0.108666,0.707870,0.055186,0.008358,0.019549,0.086982,0.001490,0.001398
N20002828,0.009537,0.122477,0.695240,0.054106,0.006182,0.015028,0.095102,0.001211,0.001118
N20002829,0.022655,0.505468,0.207092,0.159930,0.006494,0.068347,0.026336,0.002002,0.001676
N20002830,0.028045,0.262689,0.453649,0.126811,0.014332,0.042969,0.065426,0.003226,0.002852
N20002831,0.036465,0.507826,0.156777,0.190354,0.010155,0.069152,0.023388,0.003258,0.002625
N20002832,0.011376,0.157395,0.628545,0.081746,0.008875,0.028886,0.080019,0.001644,0.001515
N20002833,0.031228,0.540593,0.141490,0.179636,0.007538,0.075648,0.019218,0.002558,0.002091
N20002834,0.018308,0.587972,0.094801,0.192100,0.004973,0.086909,0.011942,0.001656,0.001339
N20002835,0.033312,0.367941,0.334672,0.139402,0.012663,0.058363,0.047485,0.003321,0.002841
N20002836,0.030632,0.221929,0.484547,0.117558,0.020524,0.038039,0.078837,0.004249,0.003685
N20002837,0.610927,0.110423,0.025979,0.059372,0.084726,0.041629,0.003046,0.035510,0.028387
N20002838,0.534942,0.133440,0.034995,0.081963,0.095722,0.051188,0.004587,0.034519,0.028644
N20002839,0.663063,0.071676,0.014931,0.047281,0.101384,0.025392,0.001998,0.041619,0.032656
N20002840,0.324441,0.281831,0.023432,0.173035,0.047768,0.112340,0.002667,0.018590,0.015896
N20002841,0.795790,0.015335,0.002996,0.011811,0.090790,0.005238,0.000448,0.044746,0.032847
N20002842,0.789227,0.015267,0.004556,0.011752,0.096328,0.005125,0.000657,0.043853,0.033233
N20002843,0.560697,0.141544,0.017018,0.091791,0.083356,0.040613,0.002223,0.035376,0.027380
N20002844,0.328773,0.293514,0.050090,0.135407,0.049301,0.102736,0.005362,0.018691,0.016126
N20002845,0.714081,0.024041,0.007619,0.017286,0.133514,0.007618,0.001323,0.055056,0.039462
N20002846,0.062931,0.481785,0.011895,0.238506,0.008976,0.188052,0.001162,0.003570,0.003124
N20002847,0.795818,0.013073,0.002964,0.010377,0.093309,0.004312,0.000448,0.046376,0.033324
N20002848,0.711290,0.042640,0.011806,0.032430,0.109140,0.014894,0.001680,0.042032,0.034089
N20002849,0.660945,0.038419,0.023878,0.025997,0.142153,0.010336,0.003717,0.054854,0.039702
N20002850,0.733164,0.030131,0.008594,0.018691,0.113822,0.007814,0.001499,0.050629,0.035657
N20002851,0.672194,0.031521,0.019645,0.024223,0.147233,0.008773,0.003154,0.053151,0.040106
N20002852,0.726581,0.016733,0.008048,0.011478,0.135251,0.004686,0.001524,0.056304,0.039395
N20002853,0.110172,0.422136,0.015378,0.215094,0.014840,0.209862,0.001457,0.005816,0.005245
N20002854,0.756772,0.019425,0.008451,0.012407,0.110088,0.004806,0.001328,0.051224,0.035500
N20002855,0.453629,0.237797,0.015457,0.114915,0.067488,0.055826,0.002349,0.030401,0.022137
N20002856,0.728407,0.025927,0.010829,0.019627,0.119879,0.007733,0.001753,0.049195,0.036650
N20002857,0.220329,0.372689,0.045763,0.196339,0.040781,0.091853,0.005724,0.014382,0.012139
N20002858,0.738267,0.036994,0.014869,0.020069,0.099212,0.009083,0.002324,0.046297,0.032884
N20002859,0.771588,0.014437,0.004153,0.012048,0.110044,0.004762,0.000649,0.046775,0.035544
N20002860,0.716575,0.023121,0.009659,0.016842,0.133044,0.006794,0.001590,0.053204,0.039171
N20002861,0.711164,0.016033,0.017032,0.012540,0.143064,0.004681,0.002546,0.052953,0.039987
N20002862,0.755145,0.016775,0.004171,0.012263,0.118358,0.005294,0.000716,0.050467,0.036811
N20002863,0.745115,0.019042,0.009271,0.015346,0.119444,0.005899,0.001349,0.047691,0.036842
N20002864,0.802394,0.015240,0.004295,0.012557,0.086494,0.005255,0.000602,0.041605,0.031558
N20002865,0.750688,0.022203,0.005875,0.017050,0.111893,0.006935,0.000871,0.048516,0.035969
N20002866,0.732317,0.022418,0.009805,0.019242,0.121299,0.007073,0.001404,0.048988,0.037454
N20002867,0.035909,0.489591,0.022526,0.213278,0.005989,0.226805,0.001967,0.002053,0.001883
N20002868,0.632576,0.065128,0.022854,0.047483,0.126787,0.020156,0.003261,0.045638,0.036116
N20002869,0.773730,0.022768,0.007034,0.015970,0.094735,0.006359,0.001016,0.045406,0.032981
N20002870,0.725059,0.027093,0.011552,0.020467,0.120150,0.007570,0.001740,0.049485,0.036883
N20002871,0.452572,0.176398,0.041847,0.112481,0.095756,0.055761,0.005468,0.032599,0.027118
N20002872,0.096172,0.454334,0.023868,0.238149,0.014634,0.160028,0.002400,0.005587,0.004828
N20002873,0.756129,0.015952,0.005059,0.011842,0.116534,0.004778,0.000873,0.051998,0.036836
N20002874,0.719941,0.020799,0.012587,0.016441,0.131513,0.005970,0.001983,0.052013,0.038753
N20002875,0.743869,0.023944,0.014011,0.015456,0.111572,0.006050,0.002186,0.047861,0.035051
N20002876,0.128540,0.442079,0.045620,0.185256,0.021170,0.159606,0.004204,0.006973,0.006554
N20002877,0.480016,0.156229,0.041212,0.103401,0.102721,0.047784,0.005563,0.034428,0.028645
N20002878,0.761041,0.017514,0.008904,0.011391,0.110190,0.004608,0.001358,0.049444,0.035551
N20002879,0.297035,0.275384,0.078691,0.147828,0.069267,0.081934,0.009568,0.021705,0.018588
N20002880,0.442928,0.186954,0.064624,0.094149,0.093639,0.050009,0.009027,0.032526,0.026143
N20002881,0.174692,0.384841,0.068282,0.201082,0.036455,0.104377,0.007756,0.012078,0.010436
N20002882,0.667906,0.042078,0.024877,0.033647,0.132208,0.012727,0.003511,0.045815,0.037231
N20002883,0.298950,0.260558,0.098859,0.145975,0.075322,0.064400,0.013046,0.023359,0.019532
N20002884,0.416958,0.207496,0.072049,0.117055,0.074118,0.055804,0.008711,0.025678,0.022131
N20002885,0.754317,0.016769,0.005752,0.011828,0.117930,0.004973,0.000976,0.050692,0.036763
N20002886,0.298144,0.303197,0.050591,0.147506,0.052531,0.107834,0.005600,0.018807,0.015789
N20002887,0.693720,0.020662,0.022898,0.017263,0.144941,0.005655,0.003381,0.051530,0.039950
N20002888,0.750126,0.028128,0.023306,0.026504,0.091272,0.008653,0.002641,0.037749,0.031620
N20002889,0.226199,0.360030,0.038664,0.175786,0.040568,0.128020,0.004112,0.014185,0.012437
N20002890,0.782153,0.029239,0.006148,0.021684,0.080602,0.010400,0.000780,0.038818,0.030178
N20002891,0.337790,0.287330,0.049022,0.138762,0.054308,0.090362,0.005899,0.019630,0.016896
N20002892,0.727102,0.039649,0.008813,0.022537,0.107856,0.013067,0.001336,0.045306,0.034335
N20002893,0.651121,0.081372,0.031417,0.055498,0.087593,0.024316,0.003801,0.035601,0.029280
N20002894,0.611746,0.050372,0.035808,0.033599,0.158048,0.014422,0.005814,0.050371,0.039820
N20002895,0.593090,0.096010,0.039604,0.039718,0.122268,0.022711,0.007468,0.045657,0.033476
N20002896,0.338251,0.125587,0.218655,0.065915,0.128734,0.030447,0.031679,0.032987,0.027745
N20002897,0.572854,0.139214,0.023940,0.057107,0.102034,0.029250,0.004717,0.041255,0.029628
N20002898,0.448163,0.154027,0.099884,0.073816,0.107983,0.036318,0.016411,0.035447,0.027952
N20002899,0.384127,0.310681,0.038752,0.102213,0.050962,0.068864,0.005558,0.021898,0.016945
N20002900,0.506017,0.053075,0.068589,0.036998,0.212548,0.013517,0.013653,0.052731,0.042872
N20002901,0.531002,0.149890,0.041053,0.050418,0.117588,0.026306,0.010319,0.043321,0.030104
N20002902,0.398859,0.233983,0.095949,0.081359,0.076025,0.051800,0.013652,0.026931,0.021441
N20002903,0.526907,0.095317,0.057996,0.051800,0.151443,0.024187,0.010089,0.046160,0.036101
N20002904,0.518150,0.210285,0.036655,0.064330,0.068553,0.044449,0.006443,0.029062,0.022072
N20002905,0.372887,0.255917,0.089029,0.097449,0.066335,0.063406,0.012743,0.023081,0.019153
N20002906,0.698856,0.032246,0.016634,0.015674,0.134308,0.007164,0.003078,0.054192,0.037848
N20002907,0.147502,0.534880,0.031278,0.126071,0.016853,0.126371,0.003578,0.007419,0.006047
N20002908,0.476880,0.199998,0.058290,0.082350,0.073639,0.049715,0.007907,0.028264,0.022958
N20002909,0.406666,0.210178,0.093169,0.092487,0.080311,0.052978,0.013176,0.028243,0.022793
N20002910,0.384331,0.131813,0.146903,0.076414,0.136856,0.033947,0.023005,0.036410,0.030322
N20002911,0.564056,0.117225,0.030941,0.066998,0.109337,0.037881,0.004195,0.037922,0.031445
N20002912,0.373896,0.215415,0.090507,0.104972,0.093741,0.057312,0.011863,0.028426,0.023868
N20002913,0.065244,0.528137,0.022834,0.175380,0.009953,0.189401,0.002124,0.003640,0.003287
N20002914,0.204184,0.397545,0.059996,0.135927,0.034502,0.139268,0.006291,0.011746,0.010542
N20002915,0.177543,0.416563,0.046329,0.169602,0.032778,0.131718,0.004858,0.010845,0.009764
N20002916,0.721047,0.032048,0.015255,0.020804,0.118073,0.009497,0.002204,0.045352,0.035720
N20002917,0.536327,0.148829,0.039032,0.083386,0.084966,0.044914,0.004629,0.031331,0.026587
N20002918,0.598950,0.098629,0.026916,0.066038,0.105230,0.029520,0.003609,0.039251,0.031856
N20002919,0.459354,0.192485,0.028264,0.124462,0.079846,0.056067,0.003668,0.031010,0.024842
N20002920,0.192646,0.387985,0.034494,0.208491,0.027708,0.125784,0.003545,0.010137,0.009210
N20002921,0.131823,0.396589,0.081015,0.237231,0.030511,0.096025,0.009256,0.009313,0.008237
N20002922,0.283458,0.300760,0.070455,0.176345,0.056511,0.067335,0.008645,0.020079,0.016413
N20002923,0.360279,0.248654,0.068184,0.130686,0.077735,0.057524,0.009599,0.026215,0.021125
N20002924,0.227981,0.362706,0.063953,0.185623,0.044031,0.078408,0.008696,0.015785,0.012817
N20002925,0.510831,0.205511,0.012290,0.103397,0.057552,0.063062,0.001540,0.025017,0.020800
N20002926,0.091563,0.498720,0.025586,0.201962,0.014299,0.155278,0.002494,0.005393,0.004704
N20002927,0.728271,0.038404,0.011381,0.029946,0.104164,0.012078,0.001561,0.040853,0.033343
N20002928,0.221958,0.337271,0.068258,0.192326,0.044909,0.099992,0.007509,0.014749,0.013029
N20002929,0.773450,0.012437,0.005896,0.010299,0.112789,0.004039,0.000848,0.044872,0.035369
N20002930,0.712298,0.050892,0.014733,0.037748,0.094337,0.016900,0.001823,0.039435,0.031833
N20002931,0.107729,0.456466,0.027244,0.242231,0.020578,0.129201,0.003113,0.007238,0.006201
N20002932,0.091453,0.459818,0.092575,0.196426,0.024432,0.110105,0.011515,0.007386,0.006290
N20002933,0.679611,0.044737,0.017614,0.033522,0.124059,0.012669,0.002515,0.048437,0.036836
N20002934,0.048702,0.535938,0.046642,0.216735,0.009500,0.131305,0.005003,0.003323,0.002852
N20002935,0.025181,0.566929,0.024345,0.243861,0.004277,0.130060,0.002340,0.001624,0.001382
N20002936,0.756010,0.013010,0.004863,0.009889,0.121535,0.003925,0.000803,0.052281,0.037684
N20002937,0.166099,0.401056,0.085138,0.184554,0.039919,0.087386,0.011948,0.013213,0.010686
N20002938,0.033880,0.596637,0.029496,0.226283,0.006156,0.099695,0.003541,0.002392,0.001919
N20002939,0.033584,0.536745,0.045081,0.261871,0.005848,0.108457,0.004585,0.002004,0.001825
N20002940,0.178128,0.511475,0.055809,0.116862,0.032508,0.069450,0.013361,0.013190,0.009217
N20002941,0.428547,0.224411,0.059173,0.108377,0.072035,0.050021,0.009168,0.026794,0.021474
N20002942,0.253391,0.308609,0.057061,0.200943,0.043623,0.101901,0.005799,0.015235,0.013437
N20002943,0.480217,0.159531,0.072512,0.069697,0.106663,0.034447,0.012929,0.036044,0.027959
N20002944,0.066547,0.494430,0.039976,0.231399,0.013402,0.141687,0.004035,0.004543,0.003981
N20002945,0.606907,0.032639,0.053393,0.014788,0.174496,0.005560,0.010312,0.060378,0.041527
N20002946,0.570177,0.138036,0.062470,0.046727,0.084673,0.024353,0.011878,0.035819,0.025867
N20002947,0.307798,0.311997,0.125439,0.079284,0.061193,0.049626,0.026269,0.022087,0.016306
N20002948,0.742028,0.019156,0.010253,0.015299,0.120851,0.005574,0.001530,0.048369,0.036940
N20002949,0.574821,0.115745,0.046805,0.057396,0.102098,0.026600,0.007554,0.039099,0.029881
N20002950,0.458671,0.271868,0.034702,0.061753,0.072136,0.038014,0.010587,0.031437,0.020832
N20002951,0.264501,0.288054,0.089729,0.186766,0.042996,0.091205,0.008384,0.014880,0.013483
N20002952,0.056004,0.522751,0.044807,0.219621,0.009987,0.135856,0.004278,0.003600,0.003097
N20002953,0.525450,0.105498,0.052855,0.062317,0.139478,0.024961,0.008983,0.045318,0.035139
N20002954,0.594517,0.109268,0.035035,0.061432,0.098854,0.026208,0.005430,0.039315,0.029939
N20002955,0.599784,0.047325,0.042487,0.031158,0.167278,0.010521,0.007633,0.053262,0.040551
N20002956,0.724483,0.020332,0.011401,0.011801,0.131835,0.004678,0.002088,0.055216,0.038166
N20002957,0.626693,0.073508,0.056372,0.033186,0.111330,0.014270,0.010471,0.042488,0.031683
N20002958,0.613812,0.093008,0.065171,0.049245,0.086516,0.020051,0.008556,0.035753,0.027886
N20002959,0.635719,0.078344,0.022620,0.049833,0.108942,0.025124,0.002953,0.043091,0.033374
N20002960,0.095006,0.528957,0.054593,0.180998,0.016575,0.105815,0.006520,0.006387,0.005148
N20002961,0.589683,0.069052,0.063747,0.036229,0.135065,0.014397,0.012279,0.044947,0.034601
N20002962,0.565304,0.134359,0.056818,0.053115,0.090069,0.026296,0.009508,0.037129,0.027403
N20002963,0.550455,0.079632,0.078473,0.049309,0.134303,0.017863,0.011949,0.043463,0.034553
N20002964,0.500567,0.174528,0.048420,0.087775,0.086053,0.037492,0.007691,0.032261,0.025213
N20002965,0.565192,0.102690,0.048200,0.056980,0.121047,0.022272,0.008542,0.042468,0.032609
N20002966,0.746986,0.033959,0.009345,0.024944,0.097865,0.010074,0.001274,0.042590,0.032964
N20002967,0.076432,0.465093,0.046717,0.267461,0.015333,0.114206,0.005136,0.005104,0.004517
N20002968,0.050625,0.509312,0.041875,0.237477,0.011682,0.137506,0.004517,0.003759,0.003248
N20002969,0.081213,0.468027,0.081920,0.214049,0.018007,0.116385,0.009616,0.005776,0.005006
N20002970,0.731864,0.019824,0.009861,0.014617,0.128807,0.005313,0.001586,0.050273,0.037855
N20002971,0.514065,0.143437,0.031454,0.095318,0.104228,0.041419,0.004375,0.036166,0.029538
N20002972,0.741113,0.019824,0.008486,0.012171,0.123395,0.005159,0.001519,0.051559,0.036774
N20002973,0.654904,0.065969,0.021586,0.051823,0.108401,0.019552,0.002794,0.041476,0.033496
N20002974,0.526483,0.153700,0.034756,0.116787,0.067401,0.046000,0.003853,0.027719,0.023301
N20002975,0.756319,0.010418,0.008151,0.009386,0.127693,0.003260,0.001213,0.046325,0.037234
N20002976,0.777500,0.012839,0.005555,0.010289,0.107129,0.003882,0.000799,0.046922,0.035084
N20002977,0.734430,0.013272,0.010711,0.012102,0.135611,0.003983,0.001593,0.049422,0.038876
N20002978,0.702623,0.009873,0.011177,0.008171,0.165017,0.002698,0.001804,0.056048,0.042589
N20002979,0.042192,0.526363,0.028341,0.198741,0.006917,0.190489,0.002312,0.002436,0.002209
N20002980,0.743850,0.016890,0.014971,0.014358,0.120291,0.004929,0.002067,0.046013,0.036631
N20002981,0.038988,0.511891,0.027664,0.268831,0.007254,0.137922,0.002879,0.002377,0.002194
N20002982,0.701405,0.032109,0.021566,0.023769,0.124369,0.009217,0.002989,0.047322,0.037255
N20002983,0.663442,0.073035,0.026018,0.047037,0.097548,0.017728,0.003550,0.040354,0.031288
N20002984,0.639859,0.091990,0.026809,0.060462,0.087386,0.024824,0.003314,0.036106,0.029249
N20002985,0.025787,0.521461,0.020027,0.265471,0.004405,0.158257,0.001749,0.001456,0.001387
N20002986,0.528734,0.117106,0.066490,0.086925,0.096477,0.034986,0.007110,0.033464,0.028708
N20002987,0.275897,0.305932,0.036501,0.198000,0.057373,0.084120,0.004735,0.020673,0.016768
N20002988,0.564824,0.118876,0.022941,0.074562,0.106830,0.036860,0.003218,0.040441,0.031449
N20002989,0.691899,0.022358,0.014495,0.017844,0.151565,0.006447,0.002228,0.052126,0.041039
N20002990,0.770891,0.041009,0.004227,0.029918,0.074100,0.012744,0.000600,0.037851,0.028661
N20002991,0.748173,0.017382,0.006427,0.012079,0.121376,0.004883,0.001086,0.051567,0.037028
N20002992,0.484599,0.163766,0.029686,0.122998,0.089466,0.048235,0.003937,0.031152,0.026161
N20002993,0.732415,0.024529,0.011167,0.019643,0.118008,0.007506,0.001600,0.048401,0.036731
N20002994,0.064748,0.530798,0.049214,0.211322,0.010883,0.120551,0.005175,0.003891,0.003415
N20002995,0.712514,0.023512,0.013278,0.014387,0.135760,0.005806,0.002497,0.053968,0.038279
N20002996,0.406680,0.217151,0.031986,0.130906,0.093548,0.058120,0.004673,0.031611,0.025326
N20002997,0.717109,0.020651,0.014492,0.015103,0.132334,0.005648,0.002331,0.053525,0.038808
N20002998,0.747619,0.028615,0.006055,0.021393,0.103253,0.008770,0.000902,0.048501,0.034892
N20002999,0.740965,0.018456,0.005591,0.010224,0.127247,0.004621,0.001186,0.054475,0.037236
N20003000,0.716495,0.009936,0.009333,0.008567,0.153853,0.002919,0.001487,0.055541,0.041869
N20003001,0.753740,0.015383,0.006492,0.007974,0.118373,0.003578,0.001317,0.056508,0.036636
N20003002,0.612280,0.022003,0.024394,0.010029,0.204055,0.004007,0.006781,0.071086,0.045366
N20003003,0.733729,0.026352,0.012965,0.014056,0.119323,0.005924,0.002520,0.049745,0.035386
N20003004,0.160367,0.417322,0.040699,0.229794,0.025618,0.104333,0.004533,0.009231,0.008104
N20003005,0.729581,0.034361,0.013898,0.017628,0.111418,0.007577,0.002619,0.048767,0.034150
N20003006,0.727044,0.043085,0.012163,0.020804,0.104889,0.009909,0.002535,0.046867,0.032704
N20003007,0.638842,0.030612,0.027011,0.021351,0.168444,0.007602,0.004765,0.058687,0.042686
N20003008,0.681298,0.048426,0.032623,0.024210,0.116992,0.009828,0.006087,0.046506,0.034030
N20003009,0.675596,0.040641,0.024270,0.028239,0.130708,0.010233,0.003907,0.049095,0.037312
N20003010,0.746354,0.024995,0.008199,0.012073,0.113273,0.005765,0.001646,0.052689,0.035006
N20003011,0.719370,0.023394,0.008907,0.013547,0.133051,0.005628,0.001730,0.056150,0.038224
N20003012,0.743736,0.015982,0.004877,0.010281,0.128972,0.004363,0.000971,0.053129,0.037689
N20003013,0.728698,0.036929,0.010395,0.021510,0.108213,0.009275,0.001819,0.048865,0.034297
N20003014,0.681831,0.025592,0.027831,0.016710,0.145927,0.005857,0.004984,0.052370,0.038899
N20003015,0.734524,0.011186,0.003480,0.009085,0.139971,0.003419,0.000621,0.057334,0.040379
N20003016,0.732143,0.011587,0.006002,0.009772,0.143039,0.003569,0.001041,0.052821,0.040024
N20003017,0.758912,0.014314,0.004921,0.011110,0.116632,0.004399,0.000818,0.051733,0.037161
N20003018,0.647620,0.079011,0.018324,0.037284,0.114380,0.018605,0.003337,0.047664,0.033774
N20003019,0.476006,0.195142,0.029266,0.119498,0.076286,0.045723,0.004179,0.030040,0.023860
N20003020,0.665789,0.090307,0.020812,0.028439,0.099529,0.016348,0.006032,0.043429,0.029316
N20003021,0.702679,0.054527,0.010002,0.034506,0.103312,0.016163,0.001519,0.044052,0.033241
N20003022,0.672863,0.077946,0.021238,0.031660,0.101073,0.016194,0.004803,0.043588,0.030636
N20003023,0.685889,0.034807,0.014846,0.016653,0.143315,0.007158,0.003419,0.055792,0.038120
N20003024,0.330841,0.206379,0.110659,0.127021,0.104213,0.053368,0.015180,0.028018,0.024320
N20003025,0.627153,0.034544,0.033701,0.020608,0.169381,0.007882,0.006641,0.058405,0.041683
N20003026,0.678353,0.048000,0.024879,0.016563,0.129632,0.008221,0.006203,0.053030,0.035120
N20003027,0.168054,0.512678,0.037225,0.140708,0.022541,0.095968,0.006693,0.008957,0.007176
N20003028,0.661369,0.083843,0.025208,0.027783,0.104224,0.015337,0.005978,0.045679,0.030578
N20003029,0.657104,0.081930,0.028200,0.028126,0.105725,0.013907,0.006847,0.047191,0.030970
N20003030,0.664935,0.052138,0.020708,0.021445,0.134039,0.010229,0.004682,0.055178,0.036646
N20003031,0.572958,0.092826,0.044657,0.044432,0.133586,0.019540,0.008932,0.048306,0.034763
N20003032,0.662300,0.097954,0.022201,0.025836,0.096288,0.016286,0.006785,0.043777,0.028573
N20003033,0.733884,0.044383,0.009079,0.014474,0.103568,0.007862,0.002405,0.052105,0.032241
N20003034,0.526851,0.156275,0.056038,0.054409,0.098773,0.027627,0.013293,0.039434,0.027300
N20003035,0.740106,0.046263,0.007190,0.016533,0.098593,0.009185,0.001841,0.049095,0.031194
N20003036,0.300997,0.306867,0.037852,0.189205,0.051209,0.073856,0.004645,0.019405,0.015964
N20003037,0.587706,0.172076,0.027119,0.032774,0.082297,0.023706,0.009616,0.040373,0.024332
N20003038,0.444809,0.269705,0.052693,0.052798,0.074855,0.033596,0.017109,0.033440,0.020996
N20003039,0.300282,0.372750,0.055217,0.102565,0.056141,0.061705,0.014407,0.021665,0.015267
N20003040,0.174920,0.481217,0.042245,0.158041,0.026154,0.091122,0.007589,0.010624,0.008088
N20003041,0.703025,0.069569,0.010712,0.017186,0.101309,0.010973,0.003331,0.053087,0.030808
N20003042,0.670222,0.063368,0.019719,0.019476,0.124174,0.010743,0.005447,0.052956,0.033896
N20003043,0.283866,0.398736,0.040452,0.129486,0.039493,0.070119,0.007749,0.017482,0.012617
N20003044,0.307498,0.357923,0.049097,0.101185,0.068097,0.060633,0.012879,0.025220,0.017467
N20003045,0.230067,0.464030,0.029642,0.130791,0.035333,0.077950,0.006994,0.014637,0.010556
N20003046,0.318851,0.381366,0.031490,0.116464,0.047456,0.062048,0.007713,0.020289,0.014323
N20003047,0.366141,0.328325,0.044571,0.094282,0.059644,0.053854,0.011049,0.024784,0.017350
N20003048,0.022902,0.605064,0.030122,0.214978,0.004276,0.116191,0.003705,0.001482,0.001280
N20003049,0.161700,0.483753,0.048833,0.158950,0.023007,0.098653,0.008526,0.009298,0.007280
N20003050,0.369974,0.241502,0.061691,0.115730,0.092131,0.055542,0.011421,0.028880,0.023128
N20003051,0.188240,0.508289,0.033008,0.127663,0.023135,0.094994,0.006850,0.010224,0.007597
N20003052,0.032845,0.547875,0.023447,0.260341,0.007087,0.121079,0.002811,0.002460,0.002056
N20003053,0.012561,0.572213,0.019440,0.250095,0.001850,0.140891,0.001641,0.000683,0.000626
N20003054,0.160475,0.448574,0.077963,0.162437,0.028777,0.092433,0.010494,0.010351,0.008496
N20003055,0.085918,0.456828,0.091914,0.217289,0.020631,0.105341,0.010329,0.006223,0.005528
N20003056,0.191676,0.371678,0.083697,0.179670,0.046088,0.090675,0.010401,0.013924,0.012192
N20003057,0.272495,0.314916,0.070292,0.147320,0.044608,0.112650,0.007740,0.016107,0.013871
N20003058,0.611354,0.079910,0.029975,0.037517,0.133430,0.017829,0.006482,0.048632,0.034871
N20003059,0.562563,0.111678,0.043272,0.041696,0.127641,0.022835,0.010062,0.047394,0.032859
N20003060,0.601776,0.081520,0.017933,0.041763,0.143756,0.017247,0.003920,0.054730,0.037355
N20003061,0.675378,0.037206,0.017029,0.020903,0.143519,0.009238,0.003566,0.054523,0.038639
N20003062,0.595270,0.100941,0.030693,0.056226,0.110024,0.030971,0.004493,0.039698,0.031684
N20003063,0.754723,0.015276,0.003730,0.010943,0.119167,0.004456,0.000645,0.053568,0.037492
N20003064,0.693903,0.029349,0.012096,0.019926,0.141093,0.008100,0.002249,0.053889,0.039395
N20003065,0.536527,0.129677,0.023439,0.094644,0.107323,0.035915,0.003561,0.038203,0.030711
N20003066,0.277599,0.287788,0.097979,0.156342,0.066560,0.060270,0.014063,0.021726,0.017671
N20003067,0.673287,0.052576,0.015760,0.032147,0.124546,0.013665,0.002750,0.049190,0.036079
N20003068,0.737802,0.033048,0.010209,0.021181,0.106271,0.008834,0.001585,0.046865,0.034205
N20003069,0.312112,0.303773,0.044983,0.165490,0.053759,0.077305,0.005826,0.020175,0.016577
N20003070,0.249650,0.316395,0.051848,0.197561,0.045910,0.102517,0.006020,0.016277,0.013823
N20003071,0.413424,0.195292,0.046256,0.131900,0.090789,0.060210,0.006140,0.030679,0.025312
N20003072,0.228948,0.411412,0.052292,0.152003,0.040820,0.078693,0.008272,0.015513,0.012047
N20003073,0.662187,0.053056,0.019791,0.034874,0.127901,0.017933,0.002727,0.044981,0.036550
N20003074,0.331315,0.268928,0.051423,0.154873,0.056030,0.094569,0.005866,0.019698,0.017299
N20003075,0.696520,0.070663,0.014104,0.046546,0.082938,0.021423,0.001848,0.036834,0.029122
N20003076,0.679400,0.050603,0.027606,0.031409,0.115179,0.012530,0.004688,0.044709,0.033877
N20003077,0.423373,0.196008,0.051778,0.115302,0.088668,0.061511,0.006929,0.031162,0.025270
N20003078,0.614757,0.052844,0.042830,0.038620,0.143445,0.014203,0.006448,0.048782,0.038071
N20003079,0.601405,0.116799,0.013653,0.078319,0.086572,0.035800,0.001920,0.036773,0.028759
N20003080,0.215811,0.369818,0.022817,0.198628,0.026490,0.144271,0.002211,0.010516,0.009439
N20003081,0.340630,0.301864,0.030262,0.130828,0.052314,0.104161,0.003738,0.019633,0.016571
N20003082,0.641862,0.092908,0.013063,0.046952,0.099864,0.031346,0.002030,0.040822,0.031154
N20003083,0.375836,0.282377,0.019398,0.140297,0.056702,0.080756,0.002841,0.023456,0.018336
N20003084,0.106242,0.446199,0.034202,0.223919,0.019799,0.153456,0.003520,0.006691,0.005972
N20003085,0.374586,0.255306,0.040319,0.138356,0.058778,0.088329,0.004132,0.021458,0.018736
N20003086,0.438974,0.240547,0.021163,0.112938,0.052238,0.091492,0.002470,0.021789,0.018388
N20003087,0.431742,0.217397,0.034271,0.129971,0.073945,0.056774,0.004848,0.028347,0.022706
N20003088,0.370257,0.304166,0.021563,0.144427,0.050043,0.067566,0.003333,0.021885,0.016761
N20003089,0.478241,0.196072,0.031948,0.121296,0.066098,0.053237,0.004040,0.027068,0.022000
N20003090,0.282509,0.388166,0.020919,0.153293,0.033694,0.091564,0.003314,0.014861,0.011681
N20003091,0.358910,0.272959,0.038494,0.151425,0.063620,0.066080,0.005151,0.024081,0.019279
N20003092,0.289713,0.337107,0.022131,0.168076,0.033232,0.121040,0.002375,0.014165,0.012160
N20003093,0.247883,0.345994,0.039757,0.205346,0.031877,0.101397,0.004078,0.012600,0.011069
N20003094,0.034354,0.509038,0.027107,0.300101,0.004719,0.118970,0.002452,0.001656,0.001604
N20003095,0.073500,0.468459,0.032163,0.278824,0.013182,0.121690,0.003492,0.004586,0.004105
N20003096,0.730087,0.025902,0.007516,0.020829,0.121289,0.008014,0.001153,0.048350,0.036860
N20003097,0.044087,0.583434,0.021420,0.222190,0.005990,0.115776,0.002730,0.002372,0.002002
N20003098,0.255377,0.343117,0.108083,0.130427,0.054509,0.056618,0.017900,0.019178,0.014792
N20003099,0.037446,0.528820,0.056524,0.249204,0.006864,0.110577,0.006215,0.002283,0.002068
N20003100,0.314550,0.315380,0.060956,0.115036,0.062268,0.083754,0.008614,0.021845,0.017596
N20003101,0.509284,0.156748,0.016741,0.099470,0.089595,0.065272,0.002232,0.033451,0.027206
N20003102,0.186401,0.361354,0.046223,0.206629,0.037172,0.133329,0.005577,0.012404,0.010911
N20003103,0.533622,0.159782,0.015981,0.085970,0.062458,0.091156,0.001695,0.026842,0.022493
N20003104,0.406623,0.284325,0.031675,0.087645,0.063216,0.073326,0.005683,0.027735,0.019773
N20003105,0.248169,0.326044,0.026687,0.173879,0.035334,0.161818,0.002816,0.013442,0.011812
N20003106,0.685890,0.012616,0.008005,0.008955,0.176298,0.003670,0.001527,0.059595,0.043444
N20003107,0.710708,0.042815,0.010023,0.030482,0.111076,0.013178,0.001513,0.045327,0.034878
N20003108,0.467066,0.163036,0.045194,0.112622,0.097844,0.046030,0.006851,0.034058,0.027300
N20003109,0.537188,0.105894,0.044080,0.049771,0.146237,0.017429,0.008937,0.053576,0.036888
N20003110,0.635005,0.059789,0.018081,0.038957,0.139866,0.015660,0.003425,0.051365,0.037852
N20003111,0.679804,0.021527,0.014093,0.014437,0.159740,0.005381,0.002478,0.060230,0.042309
N20003112,0.631967,0.019822,0.015637,0.011836,0.198008,0.004758,0.003469,0.068285,0.046218
N20003113,0.654766,0.059802,0.022679,0.034271,0.124504,0.013435,0.003852,0.050611,0.036080
N20003114,0.709372,0.021298,0.009240,0.013138,0.140492,0.006328,0.001594,0.058520,0.040018
N20003115,0.713447,0.019922,0.010912,0.013794,0.140561,0.005441,0.001998,0.054520,0.039405
N20003116,0.718205,0.021630,0.007491,0.015552,0.134650,0.005670,0.001311,0.056170,0.039323
N20003117,0.744954,0.022951,0.005797,0.013206,0.113956,0.005498,0.001036,0.056092,0.036510
N20003118,0.743674,0.023612,0.008155,0.011179,0.115194,0.005278,0.001546,0.055387,0.035974
N20003119,0.692511,0.043242,0.011703,0.019440,0.130922,0.009649,0.002553,0.053426,0.036554
N20003120,0.698642,0.019119,0.016696,0.010626,0.147504,0.004047,0.003285,0.059925,0.040155
N20003121,0.741486,0.021017,0.007310,0.016361,0.119553,0.006416,0.001196,0.049637,0.037025
N20003122,0.710938,0.010770,0.004794,0.007183,0.156363,0.002887,0.000967,0.063708,0.042389
N20003123,0.727754,0.017514,0.008396,0.012103,0.134007,0.005047,0.001464,0.054774,0.038942
N20003124,0.764797,0.012744,0.003757,0.008700,0.115666,0.003712,0.000658,0.053271,0.036694
N20003125,0.254754,0.292828,0.019310,0.102149,0.021731,0.288543,0.001768,0.010055,0.008863
N20003126,0.738198,0.016174,0.004923,0.010508,0.130070,0.004696,0.000904,0.055877,0.038649
N20003127,0.743259,0.020943,0.005348,0.014328,0.120144,0.005969,0.000964,0.052032,0.037014
N20003128,0.722848,0.036451,0.007011,0.024668,0.115055,0.010465,0.001254,0.047005,0.035244
N20003129,0.752570,0.013227,0.003950,0.009643,0.122881,0.004008,0.000691,0.054824,0.038206
N20003130,0.725320,0.012743,0.005354,0.009108,0.143799,0.003723,0.001070,0.058201,0.040680
N20003131,0.760170,0.017537,0.003516,0.011685,0.113265,0.006037,0.000619,0.050998,0.036174
N20003132,0.764939,0.017303,0.003271,0.008513,0.108005,0.003979,0.000691,0.057602,0.035696
N20003133,0.768251,0.013755,0.003023,0.009886,0.111082,0.004201,0.000519,0.052821,0.036463
N20003134,0.707606,0.014308,0.007486,0.008999,0.155893,0.003832,0.001570,0.059097,0.041209
N20003135,0.683434,0.011532,0.006718,0.007887,0.176696,0.003080,0.001543,0.064834,0.044276
N20003136,0.732395,0.016622,0.008475,0.010965,0.132194,0.004432,0.001612,0.054553,0.038752
N20003137,0.747261,0.014648,0.004020,0.009889,0.124894,0.004165,0.000748,0.056200,0.038175
N20003138,0.715395,0.013419,0.004463,0.008614,0.149671,0.003700,0.000949,0.062362,0.041427
N20003139,0.739596,0.012812,0.004851,0.008773,0.132305,0.003472,0.000879,0.058008,0.039303
N20003140,0.765814,0.010895,0.002583,0.007753,0.118301,0.003338,0.000482,0.053771,0.037062
N20003141,0.784806,0.015678,0.003795,0.010405,0.097169,0.004630,0.000657,0.049022,0.033838
N20003142,0.740552,0.012865,0.003799,0.008694,0.132215,0.003589,0.000723,0.058207,0.039355
N20003143,0.746498,0.009802,0.002402,0.005893,0.130570,0.002519,0.000493,0.062496,0.039327
N20003144,0.771717,0.016410,0.002976,0.010868,0.105402,0.004952,0.000525,0.051862,0.035287
N20003145,0.764729,0.013210,0.002869,0.007883,0.115879,0.003574,0.000566,0.054928,0.036361
N20003146,0.730511,0.012442,0.003177,0.006729,0.139900,0.003121,0.000697,0.063593,0.039830
N20003147,0.755291,0.020833,0.003034,0.011777,0.112861,0.005664,0.000622,0.054155,0.035764
N20003148,0.772029,0.013772,0.002667,0.009900,0.108287,0.004275,0.000451,0.052704,0.035915
N20003149,0.720300,0.013099,0.004623,0.008628,0.145153,0.003626,0.000959,0.062276,0.041337
N20003150,0.762603,0.015114,0.002808,0.008182,0.111311,0.003790,0.000540,0.059184,0.036468
N20003151,0.793502,0.014161,0.002720,0.010169,0.094518,0.004672,0.000433,0.046533,0.033292
N20003152,0.803423,0.013820,0.001575,0.009092,0.087827,0.004352,0.000282,0.047420,0.032209
N20003153,0.763943,0.014607,0.002411,0.009558,0.112156,0.004461,0.000459,0.055700,0.036706
N20003154,0.413200,0.215886,0.072705,0.113717,0.075729,0.048778,0.010185,0.027601,0.022199
N20003155,0.623719,0.032996,0.027393,0.019917,0.180710,0.007597,0.005872,0.059274,0.042521
N20003156,0.540879,0.017961,0.060602,0.013914,0.241135,0.004379,0.012027,0.061533,0.047568
N20003157,0.686136,0.023048,0.012326,0.012694,0.156014,0.005582,0.002640,0.060584,0.040978
N20003158,0.607722,0.056025,0.040719,0.029223,0.154526,0.011909,0.009190,0.052616,0.038070
N20003159,0.760390,0.026912,0.007508,0.011888,0.103196,0.006607,0.001506,0.048958,0.033033
N20003160,0.677865,0.022295,0.015923,0.013874,0.160881,0.005267,0.003258,0.058919,0.041717
N20003161,0.648864,0.047157,0.029740,0.027888,0.140307,0.010773,0.005478,0.051855,0.037939
N20003162,0.708019,0.022903,0.018889,0.012387,0.134929,0.004993,0.003415,0.056060,0.038405
N20003163,0.542538,0.030293,0.061277,0.022690,0.215504,0.007259,0.012341,0.062264,0.045833
N20003164,0.732615,0.024948,0.012144,0.013910,0.121006,0.005721,0.002267,0.051464,0.035926
N20003165,0.520317,0.010175,0.031564,0.007162,0.292962,0.002454,0.007664,0.074761,0.052940
N20003166,0.760224,0.016813,0.007441,0.009506,0.111008,0.003968,0.001248,0.053946,0.035847
N20003167,0.752562,0.014083,0.008438,0.008457,0.120435,0.003461,0.001479,0.054028,0.037056
N20003168,0.652741,0.036879,0.027665,0.022638,0.151385,0.009049,0.005546,0.054624,0.039473
N20003169,0.653652,0.022370,0.017947,0.015567,0.175075,0.006075,0.003563,0.061897,0.043855
N20003170,0.653336,0.020014,0.025756,0.008694,0.174267,0.003543,0.005915,0.065967,0.042507
N20003171,0.663110,0.033055,0.023262,0.013550,0.154912,0.006404,0.005475,0.060616,0.039615
N20003172,0.653728,0.044783,0.028721,0.017213,0.147226,0.008629,0.007015,0.055498,0.037186
N20003173,0.714417,0.015079,0.006369,0.007733,0.145479,0.003295,0.001345,0.065569,0.040715
N20003174,0.632380,0.031798,0.025534,0.011959,0.178779,0.005830,0.006828,0.065268,0.041624
N20003175,0.670210,0.021444,0.013510,0.011611,0.167786,0.004602,0.002954,0.065272,0.042611
N20003176,0.700446,0.026944,0.013637,0.012665,0.141763,0.005844,0.003194,0.057092,0.038415
N20003177,0.726194,0.030452,0.011391,0.014846,0.117996,0.006766,0.002240,0.054242,0.035873
N20003178,0.610907,0.050104,0.031048,0.017349,0.169473,0.008763,0.008900,0.063659,0.039797
N20003179,0.594753,0.076315,0.038858,0.022849,0.150279,0.014376,0.011169,0.055420,0.035981
N20003180,0.675969,0.030524,0.015651,0.017475,0.152037,0.007538,0.003142,0.057573,0.040091
N20003181,0.668055,0.022430,0.025082,0.011987,0.163270,0.004676,0.005165,0.058435,0.040901
N20003182,0.734449,0.028739,0.012146,0.014399,0.112297,0.006751,0.002145,0.053648,0.035426
N20003183,0.671338,0.010671,0.010012,0.005619,0.183554,0.002245,0.002353,0.069731,0.044478
N20003184,0.706594,0.015211,0.010187,0.009947,0.151796,0.003867,0.001936,0.059458,0.041003
N20003185,0.681122,0.028827,0.016356,0.012671,0.151053,0.005914,0.003747,0.060671,0.039638
N20003186,0.727016,0.020038,0.009384,0.009113,0.130383,0.004294,0.002041,0.059949,0.037782
N20003187,0.682619,0.030545,0.012983,0.012828,0.149949,0.006067,0.003201,0.062416,0.039392
N20003188,0.711863,0.018852,0.009381,0.012096,0.143669,0.004737,0.001872,0.057667,0.039865
N20003189,0.698642,0.025484,0.014319,0.015294,0.141982,0.005947,0.002748,0.056385,0.039198
N20003190,0.592622,0.075878,0.037407,0.022302,0.156879,0.011948,0.013253,0.054020,0.035690
N20003191,0.685705,0.019989,0.012465,0.012844,0.158663,0.005231,0.002622,0.060392,0.042090
N20003192,0.687907,0.013977,0.011345,0.008087,0.169549,0.003189,0.002329,0.061209,0.042408
N20003193,0.661768,0.032218,0.014958,0.016617,0.162402,0.007380,0.003448,0.060173,0.041035
N20003194,0.686358,0.013574,0.008464,0.009749,0.171594,0.003565,0.001743,0.061524,0.043428
N20003195,0.721317,0.022200,0.012518,0.010790,0.131671,0.004651,0.002615,0.056648,0.037590
N20003196,0.671950,0.037575,0.016513,0.018679,0.147743,0.008248,0.004109,0.056474,0.038710
N20003197,0.705596,0.022172,0.012082,0.012924,0.142253,0.005302,0.002433,0.057714,0.039524
N20003198,0.659685,0.023983,0.020765,0.017086,0.167643,0.006214,0.004022,0.058177,0.042425
N20003199,0.687457,0.025901,0.013925,0.012770,0.150193,0.005703,0.002883,0.061011,0.040157
N20003200,0.725038,0.016651,0.007067,0.011958,0.137723,0.004722,0.001341,0.055891,0.039608
N20003201,0.748173,0.013775,0.004719,0.008067,0.125672,0.003535,0.000933,0.057225,0.037900
N20003202,0.739702,0.015346,0.004505,0.010434,0.128775,0.004596,0.000839,0.056897,0.038907
N20003203,0.707427,0.010816,0.007181,0.007687,0.160634,0.002919,0.001380,0.059779,0.042177
N20003204,0.747129,0.016038,0.004526,0.011713,0.122758,0.004752,0.000816,0.054202,0.038067
N20003205,0.737327,0.014516,0.005764,0.010127,0.131352,0.004231,0.001027,0.056519,0.039136
N20003206,0.712627,0.008386,0.003923,0.005109,0.157264,0.002104,0.000776,0.066818,0.042993
N20003207,0.662042,0.024270,0.017139,0.016918,0.169524,0.007252,0.003185,0.057009,0.042661
N20003208,0.281136,0.257565,0.072679,0.138766,0.068794,0.135710,0.007983,0.019350,0.018017
N20003209,0.351949,0.226719,0.087881,0.107918,0.076418,0.093574,0.010174,0.024348,0.021020
N20003210,0.615083,0.074968,0.029328,0.051106,0.122314,0.023871,0.004334,0.044066,0.034929
N20003211,0.672806,0.023238,0.018876,0.018204,0.161145,0.006910,0.003092,0.053917,0.041812
N20003212,0.635702,0.062126,0.020201,0.043305,0.132452,0.018952,0.003191,0.047191,0.036881
N20003213,0.537605,0.151980,0.019851,0.088757,0.077419,0.067293,0.002421,0.029495,0.025179
N20003214,0.599305,0.082288,0.034820,0.048561,0.125821,0.024265,0.005423,0.044573,0.034945
N20003215,0.569654,0.099537,0.040197,0.064302,0.116811,0.028185,0.005940,0.042265,0.033109
N20003216,0.695814,0.045029,0.016742,0.035445,0.111851,0.014900,0.002321,0.043181,0.034718
N20003217,0.714755,0.016710,0.009863,0.011434,0.143955,0.004243,0.001799,0.057020,0.040220
N20003218,0.657564,0.010413,0.014580,0.007969,0.195246,0.002744,0.002628,0.062445,0.046409
N20003219,0.711284,0.033104,0.014216,0.024641,0.120445,0.010911,0.002049,0.046879,0.036470
N20003220,0.751187,0.013155,0.004113,0.008982,0.125849,0.003922,0.000726,0.054180,0.037886
N20003221,0.695661,0.018677,0.012969,0.011951,0.154614,0.004618,0.002448,0.057930,0.041131
N20003222,0.716211,0.026883,0.017554,0.020420,0.123426,0.008785,0.002520,0.047161,0.037040
N20003223,0.665047,0.012213,0.010203,0.008638,0.188338,0.003206,0.001986,0.064549,0.045820
N20003224,0.747583,0.013888,0.005995,0.010168,0.125764,0.003888,0.000991,0.053623,0.038100
N20003225,0.766650,0.018422,0.008106,0.016426,0.105427,0.006003,0.001117,0.043361,0.034489
N20003226,0.714906,0.012773,0.010380,0.009716,0.151453,0.003716,0.001821,0.054346,0.040888
N20003227,0.722677,0.013614,0.007013,0.010530,0.143665,0.004050,0.001246,0.056605,0.040599
N20003228,0.569390,0.011715,0.025489,0.008209,0.256117,0.002947,0.005792,0.069846,0.050494
N20003229,0.660206,0.026179,0.023383,0.019498,0.160922,0.007435,0.003907,0.056260,0.042210
N20003230,0.731974,0.018486,0.011004,0.014168,0.127886,0.005731,0.001729,0.050819,0.038204
N20003231,0.714649,0.015177,0.010503,0.011079,0.145175,0.004226,0.001934,0.056639,0.040619
N20003232,0.714717,0.022853,0.020040,0.020040,0.127910,0.006781,0.002880,0.047193,0.037584
N20003233,0.623658,0.013814,0.012604,0.009366,0.216106,0.003567,0.002836,0.069630,0.048419
N20003234,0.645390,0.013503,0.013512,0.010001,0.201821,0.004013,0.002695,0.062602,0.046464
N20003235,0.702120,0.030511,0.012510,0.021006,0.134207,0.008797,0.002187,0.050637,0.038024
N20003236,0.617307,0.017973,0.027239,0.012217,0.206743,0.004394,0.005546,0.062702,0.045878
N20003237,0.600677,0.027128,0.032186,0.020667,0.199926,0.007430,0.005739,0.060957,0.045291
N20003238,0.635683,0.030495,0.018398,0.017295,0.180046,0.007090,0.004223,0.063414,0.043355
N20003239,0.668789,0.015327,0.012352,0.009249,0.178260,0.003714,0.002701,0.065341,0.044267
N20003240,0.585012,0.017296,0.027697,0.012980,0.230592,0.004218,0.005661,0.067484,0.049059
N20003241,0.655153,0.027566,0.023046,0.015265,0.167673,0.006183,0.004913,0.058876,0.041326
N20003242,0.585980,0.024706,0.041581,0.012474,0.210344,0.004696,0.009463,0.065600,0.045156
N20003243,0.676954,0.020010,0.018197,0.012139,0.165029,0.004659,0.003629,0.057841,0.041541
N20003244,0.737781,0.013405,0.007350,0.008868,0.133044,0.003475,0.001310,0.055930,0.038837
N20003245,0.679677,0.008947,0.012797,0.005559,0.180171,0.001968,0.002716,0.064494,0.043670
N20003246,0.696466,0.025052,0.018687,0.011584,0.141535,0.004978,0.004101,0.058928,0.038669
N20003247,0.624490,0.030096,0.029676,0.017705,0.182403,0.006514,0.006498,0.059947,0.042671
N20003248,0.695903,0.026440,0.017166,0.013324,0.142020,0.005701,0.003499,0.057251,0.038695
N20003249,0.695464,0.034512,0.019315,0.017360,0.130514,0.007031,0.003677,0.054822,0.037305
N20003250,0.548264,0.015463,0.034952,0.010543,0.259234,0.003541,0.008199,0.069785,0.050019
N20003251,0.629187,0.021364,0.026569,0.010674,0.192303,0.004297,0.006505,0.065123,0.043979
N20003252,0.695295,0.015935,0.011819,0.010055,0.157739,0.003902,0.002204,0.060917,0.042134
N20003253,0.558370,0.033763,0.056936,0.018963,0.206482,0.007179,0.012937,0.061381,0.043989
N20003254,0.586188,0.016855,0.026332,0.010373,0.233946,0.003712,0.006679,0.067864,0.048050
N20003255,0.592609,0.054663,0.039421,0.022009,0.171203,0.009406,0.011085,0.059765,0.039840
N20003256,0.478564,0.032921,0.072177,0.017049,0.259357,0.007005,0.018531,0.067301,0.047096
N20003257,0.603202,0.048445,0.032541,0.035742,0.168118,0.013597,0.005427,0.051749,0.041179
N20003258,0.687479,0.015743,0.017341,0.010913,0.161852,0.003892,0.002977,0.057535,0.042268
N20003259,0.440191,0.089629,0.134007,0.055534,0.158738,0.020131,0.021603,0.044792,0.035373
N20003260,0.758522,0.015729,0.005372,0.010623,0.115262,0.004273,0.000922,0.052636,0.036662
N20003261,0.592177,0.116165,0.018682,0.082179,0.084175,0.040019,0.002369,0.035820,0.028414
N20003262,0.555503,0.054088,0.070558,0.038175,0.168734,0.012188,0.011539,0.049705,0.039511
N20003263,0.584707,0.031373,0.068504,0.018185,0.178178,0.005872,0.011456,0.059240,0.042486
N20003264,0.477801,0.047581,0.098803,0.035025,0.213858,0.012034,0.018122,0.054018,0.042759
N20003265,0.632372,0.030470,0.043613,0.020731,0.164604,0.006453,0.006880,0.054019,0.040857
N20003266,0.520468,0.064876,0.091203,0.046713,0.163196,0.014396,0.015175,0.046571,0.037401
N20003267,0.608487,0.029646,0.051170,0.018861,0.178537,0.006257,0.008160,0.056390,0.042491
N20003268,0.300771,0.060010,0.258553,0.045160,0.195984,0.013360,0.052700,0.040165,0.033297
N20003269,0.581792,0.027715,0.079764,0.018072,0.179228,0.005489,0.013508,0.053424,0.041007
N20003270,0.466319,0.070607,0.128948,0.051606,0.163333,0.016235,0.020221,0.046086,0.036644
N20003271,0.422832,0.041059,0.183811,0.023736,0.198022,0.007786,0.035348,0.049418,0.037989
N20003272,0.492539,0.033439,0.106881,0.024301,0.217241,0.006763,0.020689,0.054836,0.043312
N20003273,0.500168,0.080622,0.089790,0.050179,0.159150,0.018599,0.015901,0.048345,0.037246
N20003274,0.398125,0.038759,0.204806,0.030049,0.202059,0.007792,0.034812,0.045610,0.037988
N20003275,0.508378,0.079439,0.097483,0.055574,0.144056,0.022959,0.013383,0.043215,0.035512
N20003276,0.694088,0.025681,0.014258,0.020494,0.142112,0.007027,0.002307,0.053918,0.040116
N20003277,0.388873,0.072437,0.181701,0.049130,0.180379,0.014425,0.031900,0.045252,0.035904
N20003278,0.335104,0.134980,0.227009,0.072815,0.108569,0.026003,0.040131,0.030619,0.024770
N20003279,0.456399,0.053101,0.146630,0.033208,0.184197,0.009963,0.028267,0.049758,0.038477
N20003280,0.744089,0.015123,0.009444,0.012251,0.126306,0.004538,0.001535,0.049212,0.037504
N20003281,0.470592,0.198792,0.037567,0.090350,0.077001,0.070005,0.004511,0.027594,0.023587
N20003282,0.644292,0.088165,0.024629,0.048563,0.094185,0.032349,0.002762,0.034870,0.030185
N20003283,0.670818,0.075841,0.015538,0.051877,0.090841,0.027251,0.001887,0.035771,0.030176
N20003284,0.660093,0.047162,0.049642,0.030505,0.117459,0.011324,0.006627,0.043003,0.034185
N20003285,0.092184,0.473172,0.040625,0.219704,0.018216,0.140370,0.004572,0.005903,0.005253
N20003286,0.029045,0.521349,0.022107,0.256523,0.005262,0.160108,0.002161,0.001803,0.001642
N20003287,0.021430,0.546835,0.017559,0.249762,0.003468,0.156866,0.001759,0.001200,0.001120
N20003288,0.170858,0.432714,0.016154,0.124978,0.019645,0.219054,0.001512,0.007947,0.007138
N20003289,0.490745,0.175210,0.045917,0.081090,0.080632,0.068611,0.005167,0.028099,0.024530
N20003290,0.517788,0.105117,0.085227,0.077526,0.108567,0.031663,0.010953,0.033580,0.029578
N20003291,0.590770,0.106746,0.029395,0.076537,0.091497,0.039180,0.003529,0.033381,0.028966
N20003292,0.104724,0.481680,0.010366,0.099352,0.010200,0.284809,0.000877,0.004093,0.003899
N20003293,0.281526,0.327457,0.017837,0.165846,0.043251,0.131876,0.002054,0.016131,0.014022
N20003294,0.555422,0.132481,0.018967,0.074200,0.102398,0.048861,0.002528,0.035337,0.029806
N20003295,0.597897,0.026518,0.033775,0.017995,0.205256,0.006668,0.006782,0.059662,0.045448
N20003296,0.474340,0.201791,0.030017,0.087289,0.074720,0.076800,0.003383,0.028203,0.023457
N20003297,0.246284,0.383036,0.041554,0.140010,0.040093,0.116921,0.005219,0.014493,0.012389
N20003298,0.032212,0.543743,0.010500,0.199301,0.004687,0.205150,0.000988,0.001805,0.001614
N20003299,0.677237,0.052649,0.019940,0.027054,0.123215,0.011807,0.003471,0.048926,0.035700
N20003300,0.054589,0.529859,0.010616,0.163878,0.007352,0.227271,0.001044,0.002838,0.002552
N20003301,0.124092,0.491275,0.071663,0.145674,0.027699,0.111995,0.010713,0.009403,0.007485
N20003302,0.715496,0.022949,0.021876,0.013376,0.128492,0.005117,0.003590,0.051822,0.037281
N20003303,0.399368,0.211050,0.105696,0.077666,0.091333,0.040071,0.017216,0.033132,0.024467
N20003304,0.478794,0.191846,0.058626,0.090267,0.075146,0.045263,0.007414,0.028946,0.023699
N20003305,0.088529,0.524277,0.032301,0.196220,0.018967,0.123047,0.004506,0.006708,0.005444
N20003306,0.062639,0.529101,0.039133,0.200728,0.013785,0.140986,0.005111,0.004636,0.003883
N20003307,0.058834,0.517678,0.014563,0.227789,0.010287,0.162075,0.001701,0.003834,0.003240
N20003308,0.287296,0.325499,0.049717,0.148961,0.053465,0.092802,0.006644,0.019709,0.015905
N20003309,0.429263,0.200637,0.044487,0.127505,0.077471,0.065646,0.005643,0.026468,0.022881
N20003310,0.451329,0.186758,0.030747,0.117842,0.086542,0.067741,0.003822,0.029685,0.025535
N20003311,0.126165,0.315285,0.242039,0.156580,0.041842,0.067182,0.029889,0.011245,0.009773
N20003312,0.024876,0.429738,0.218204,0.191931,0.009703,0.095441,0.025583,0.002358,0.002165
N20003313,0.393980,0.125493,0.168406,0.098637,0.104733,0.032706,0.020553,0.029201,0.026290
N20003314,0.031083,0.297077,0.407074,0.132368,0.015387,0.064779,0.045831,0.003303,0.003098
N20003315,0.587472,0.032075,0.098430,0.025828,0.150907,0.008610,0.012672,0.046197,0.037809
N20003316,0.025340,0.488103,0.061669,0.267311,0.007041,0.140194,0.006443,0.002018,0.001882
N20003317,0.291283,0.109256,0.296772,0.072116,0.113886,0.026137,0.037699,0.028210,0.024639
N20003318,0.662559,0.032189,0.071542,0.025470,0.116094,0.007919,0.008372,0.041621,0.034233
N20003319,0.586827,0.026208,0.067865,0.020303,0.186808,0.006658,0.011707,0.051447,0.042176
N20003320,0.368162,0.133425,0.161178,0.094903,0.126926,0.028430,0.024171,0.033888,0.028916
N20003321,0.501854,0.074150,0.124540,0.050495,0.138321,0.018830,0.017358,0.040430,0.034022
N20003322,0.320704,0.128717,0.264552,0.096505,0.082967,0.032058,0.031385,0.022226,0.020885
N20003323,0.428286,0.190700,0.079574,0.103633,0.067559,0.078102,0.008231,0.022973,0.020942
N20003324,0.538837,0.052152,0.084901,0.038913,0.171746,0.012713,0.012835,0.048235,0.039668
N20003325,0.616684,0.066991,0.047625,0.047622,0.121459,0.018311,0.006443,0.040822,0.034043
N20003326,0.585740,0.063520,0.058324,0.046509,0.140404,0.017689,0.008098,0.043244,0.036474
N20003327,0.673883,0.062092,0.025350,0.047752,0.098185,0.019801,0.003159,0.038069,0.031709
N20003328,0.525760,0.093743,0.088039,0.064291,0.121927,0.024493,0.011771,0.037828,0.032147
N20003329,0.316067,0.224281,0.105343,0.119393,0.106829,0.057156,0.015639,0.030692,0.024599
N20003330,0.280607,0.266165,0.104527,0.149910,0.072086,0.071872,0.013652,0.022425,0.018755
N20003331,0.427026,0.200799,0.048225,0.109055,0.084925,0.070406,0.006375,0.028931,0.024258
N20003332,0.606654,0.014897,0.027874,0.010682,0.221920,0.003759,0.005413,0.061792,0.047009
N20003333,0.545797,0.120557,0.041904,0.077759,0.103553,0.037656,0.005627,0.036973,0.030175
N20003334,0.613117,0.051883,0.050489,0.037230,0.139702,0.013958,0.007729,0.048409,0.037484
N20003335,0.535684,0.040780,0.117274,0.031081,0.163869,0.008934,0.016720,0.047247,0.038412
N20003336,0.739054,0.015731,0.010787,0.012500,0.128889,0.004716,0.001613,0.048698,0.038011
N20003337,0.391924,0.174084,0.109804,0.118637,0.088226,0.051418,0.013698,0.028138,0.024070
N20003338,0.437827,0.092209,0.140446,0.056741,0.153747,0.018271,0.025703,0.041438,0.033619
N20003339,0.510664,0.070226,0.087189,0.043053,0.170351,0.013516,0.015189,0.051340,0.038472
N20003340,0.296468,0.123962,0.245505,0.075724,0.133292,0.021591,0.042874,0.033587,0.026998
N20003341,0.685648,0.033606,0.020914,0.020178,0.137780,0.007815,0.003826,0.052111,0.038122
N20003342,0.678153,0.012564,0.019387,0.009494,0.172654,0.003106,0.003321,0.058150,0.043171
N20003343,0.629173,0.053052,0.052130,0.037188,0.126762,0.013712,0.007081,0.045111,0.035791
N20003344,0.717455,0.018468,0.015115,0.013317,0.135386,0.004576,0.002534,0.054144,0.039006
N20003345,0.730284,0.012879,0.007119,0.009168,0.140039,0.003484,0.001296,0.055779,0.039951
N20003346,0.713980,0.011906,0.007468,0.007760,0.151197,0.002893,0.001428,0.061699,0.041668
N20003347,0.038780,0.346477,0.254856,0.224552,0.016133,0.085753,0.026251,0.003648,0.003550
N20003348,0.089628,0.107562,0.522453,0.069333,0.077173,0.020367,0.087603,0.013805,0.012076
N20003349,0.114582,0.232752,0.334111,0.134456,0.056300,0.054138,0.049545,0.012924,0.011191
N20003350,0.106184,0.348765,0.191443,0.192558,0.040211,0.074319,0.026782,0.010679,0.009059
N20003351,0.040683,0.236127,0.419184,0.139629,0.036810,0.049600,0.065673,0.006500,0.005795
N20003352,0.170620,0.281885,0.210396,0.148864,0.054494,0.080507,0.025956,0.014427,0.012851
N20003353,0.089866,0.345877,0.224200,0.193717,0.026697,0.080557,0.025467,0.007120,0.006499
N20003354,0.044775,0.337229,0.274868,0.189382,0.021990,0.087991,0.034105,0.005124,0.004537
N20003355,0.051314,0.099968,0.611971,0.067898,0.040407,0.020560,0.094036,0.007260,0.006586
N20003356,0.027714,0.326191,0.341442,0.164686,0.014612,0.077116,0.042121,0.003193,0.002925
N20003357,0.402055,0.098372,0.181719,0.069181,0.131136,0.026179,0.024716,0.036019,0.030622
N20003358,0.036020,0.334602,0.314881,0.171967,0.017149,0.079580,0.038543,0.003722,0.003536
N20003359,0.054224,0.449146,0.091682,0.240366,0.012604,0.135036,0.009571,0.003834,0.003538
N20003360,0.061965,0.254868,0.400872,0.135255,0.029989,0.053431,0.050919,0.006600,0.006102
N20003361,0.091479,0.347054,0.215196,0.163952,0.029792,0.113038,0.024802,0.007660,0.007026
N20003362,0.024366,0.438811,0.198641,0.190599,0.008108,0.116727,0.018631,0.002153,0.001964
N20003363,0.043664,0.393647,0.213412,0.195498,0.017994,0.103886,0.023611,0.004307,0.003982
N20003364,0.392575,0.160806,0.132451,0.082200,0.113013,0.034840,0.021324,0.035248,0.027543
N20003365,0.170917,0.301357,0.155881,0.181331,0.061339,0.078601,0.020963,0.015749,0.013862
N20003366,0.027065,0.546068,0.062142,0.226357,0.006044,0.122117,0.006523,0.001944,0.001740
N20003367,0.143221,0.310089,0.230136,0.136711,0.059466,0.061743,0.030209,0.015539,0.012887
N20003368,0.258577,0.329322,0.090516,0.157648,0.055508,0.060448,0.013042,0.019334,0.015605
N20003369,0.022726,0.627372,0.028429,0.195731,0.003753,0.116238,0.003026,0.001492,0.001233
N20003370,0.026747,0.418227,0.254567,0.163170,0.010657,0.093240,0.028335,0.002661,0.002395
N20003371,0.077337,0.277550,0.323273,0.156641,0.041364,0.061274,0.046168,0.008531,0.007862
N20003372,0.160788,0.336296,0.172683,0.167137,0.053670,0.056018,0.025406,0.015362,0.012640
N20003373,0.185076,0.269888,0.217463,0.145647,0.064096,0.057505,0.029415,0.016383,0.014527
N20003374,0.138081,0.382578,0.151057,0.170265,0.043489,0.066748,0.024193,0.013107,0.010483
N20003375,0.090942,0.230345,0.389166,0.134004,0.041064,0.035698,0.060747,0.009634,0.008400
N20003376,0.157529,0.340363,0.168526,0.166396,0.051946,0.063052,0.024738,0.015117,0.012333
N20003377,0.343248,0.196444,0.122119,0.108702,0.112597,0.040045,0.016528,0.033594,0.026723
N20003378,0.178442,0.376314,0.132540,0.150571,0.041965,0.077087,0.018141,0.013641,0.011298
N20003379,0.382548,0.080731,0.256532,0.041604,0.121947,0.012698,0.039545,0.036057,0.028338
N20003380,0.526090,0.076812,0.097399,0.047692,0.141761,0.015394,0.014407,0.045004,0.035441
N20003381,0.226506,0.287865,0.120178,0.182243,0.066674,0.064730,0.015665,0.019469,0.016671
N20003382,0.211053,0.259741,0.229222,0.106340,0.072931,0.048156,0.035278,0.020601,0.016677
N20003383,0.400338,0.196207,0.087595,0.116121,0.084840,0.051456,0.011518,0.028243,0.023682
N20003384,0.526778,0.049942,0.078019,0.030864,0.193096,0.010473,0.014081,0.054843,0.041902
N20003385,0.310354,0.185830,0.160541,0.097361,0.123777,0.037874,0.027190,0.031129,0.025944
N20003386,0.212552,0.329438,0.099953,0.193453,0.050798,0.069897,0.014347,0.015939,0.013622
N20003387,0.167053,0.290622,0.187537,0.157397,0.064779,0.076679,0.025594,0.016202,0.014137
N20003388,0.562766,0.077602,0.073251,0.043614,0.134030,0.017320,0.011521,0.044904,0.034993
N20003389,0.194911,0.314170,0.146607,0.178170,0.047670,0.072974,0.018930,0.014062,0.012505
N20003390,0.420310,0.039083,0.166955,0.028884,0.219053,0.008851,0.028198,0.048085,0.040581
N20003391,0.474340,0.043167,0.138845,0.033112,0.189262,0.008379,0.023794,0.049397,0.039704
N20003392,0.255023,0.162030,0.248388,0.114803,0.102449,0.036097,0.034780,0.024657,0.021774
N20003393,0.528365,0.033739,0.086640,0.026377,0.210555,0.007395,0.016178,0.048366,0.042386
N20003394,0.608595,0.016708,0.029534,0.014079,0.215160,0.004229,0.005546,0.059529,0.046619
N20003395,0.311361,0.104032,0.280271,0.082530,0.111414,0.024227,0.034747,0.026807,0.024611
N20003396,0.505179,0.058011,0.133900,0.046096,0.146799,0.012548,0.019960,0.042248,0.035259
N20003397,0.382448,0.073328,0.195184,0.055015,0.170209,0.015091,0.033182,0.041358,0.034185
N20003398,0.522050,0.022349,0.104624,0.018247,0.213333,0.005379,0.017699,0.052808,0.043510
N20003399,0.550737,0.022524,0.058412,0.017871,0.226836,0.005160,0.011015,0.060713,0.046732
N20003400,0.596309,0.027607,0.055231,0.021711,0.181550,0.006678,0.009167,0.057999,0.043748
N20003401,0.569081,0.061590,0.066454,0.034132,0.155698,0.013455,0.012120,0.050182,0.037288
N20003402,0.561717,0.033859,0.081107,0.026945,0.180853,0.007822,0.013699,0.052489,0.041509
N20003403,0.551430,0.026371,0.063436,0.013121,0.218201,0.004517,0.012975,0.064298,0.045650
N20003404,0.463772,0.178609,0.069149,0.081919,0.098716,0.032248,0.011513,0.036939,0.027134
N20003405,0.612463,0.021845,0.045647,0.018418,0.186359,0.005261,0.007382,0.058209,0.044416
N20003406,0.605516,0.060633,0.051827,0.025824,0.143030,0.010786,0.009848,0.055222,0.037313
N20003407,0.598098,0.046052,0.048871,0.022223,0.167913,0.008967,0.009846,0.057736,0.040294
N20003408,0.539764,0.063156,0.106289,0.025636,0.147777,0.010041,0.020765,0.050859,0.035712
N20003409,0.602189,0.011143,0.028803,0.008090,0.229648,0.002500,0.005221,0.064221,0.048185
N20003410,0.570388,0.022198,0.071441,0.012533,0.201871,0.004169,0.013060,0.060540,0.043799
N20003411,0.577490,0.029505,0.048805,0.021662,0.203755,0.006901,0.008725,0.058308,0.044849
N20003412,0.628872,0.020193,0.030755,0.015404,0.191646,0.005074,0.005215,0.058289,0.044552
N20003413,0.647189,0.022011,0.041951,0.015384,0.165891,0.004757,0.006638,0.054710,0.041470
N20003414,0.617133,0.027836,0.037566,0.023333,0.183632,0.006831,0.006039,0.054164,0.043467
N20003415,0.617681,0.017235,0.032075,0.011899,0.202624,0.003901,0.005386,0.063037,0.046163
N20003416,0.675810,0.019053,0.022412,0.010189,0.160535,0.003851,0.004348,0.062244,0.041558
N20003417,0.699302,0.024843,0.029069,0.015983,0.132067,0.005715,0.004196,0.050896,0.037930
N20003418,0.681218,0.013129,0.018524,0.010212,0.170572,0.003377,0.003025,0.056894,0.043050
N20003419,0.661259,0.014186,0.034416,0.008839,0.169890,0.002876,0.005472,0.060251,0.042811
N20003420,0.602839,0.030641,0.079044,0.021950,0.157376,0.006748,0.012633,0.049580,0.039189
N20003421,0.649963,0.014606,0.027529,0.012766,0.184407,0.003687,0.004388,0.058095,0.044560
N20003422,0.554129,0.050587,0.102506,0.042446,0.145177,0.012501,0.013570,0.042699,0.036386
N20003423,0.665319,0.025713,0.035269,0.022008,0.153059,0.006692,0.005258,0.047224,0.039458
N20003424,0.490890,0.054281,0.102200,0.038365,0.192824,0.012377,0.017981,0.050598,0.040484
N20003425,0.683030,0.022349,0.041826,0.015890,0.138079,0.004944,0.005945,0.049767,0.038171
N20003426,0.701104,0.015430,0.008871,0.008974,0.157341,0.003583,0.001593,0.061144,0.041959
N20003427,0.603067,0.018926,0.034173,0.011878,0.210940,0.003838,0.006849,0.063908,0.046421
N20003428,0.675442,0.026065,0.040680,0.018870,0.139603,0.006161,0.005917,0.048991,0.038272
N20003429,0.580749,0.061809,0.076053,0.050527,0.129741,0.016072,0.009681,0.040701,0.034666
N20003430,0.665674,0.017245,0.021054,0.011572,0.173985,0.003985,0.003765,0.059178,0.043542
N20003431,0.687195,0.016104,0.012170,0.010157,0.163623,0.003678,0.002319,0.061944,0.042809
N20003432,0.025407,0.443990,0.162269,0.213488,0.013329,0.116341,0.019239,0.003189,0.002748
N20003433,0.016886,0.470403,0.179051,0.182105,0.006877,0.121256,0.020180,0.001689,0.001552
N20003434,0.035625,0.455299,0.115348,0.228407,0.009784,0.138980,0.011173,0.002779,0.002605
N20003435,0.030641,0.467711,0.120553,0.239432,0.009935,0.112382,0.014196,0.002691,0.002459
N20003436,0.042286,0.510304,0.066199,0.217881,0.009077,0.141374,0.007168,0.003038,0.002673
N20003437,0.021936,0.470136,0.130597,0.244708,0.007837,0.105492,0.015419,0.002017,0.001857
N20003438,0.024873,0.528567,0.041189,0.248513,0.005922,0.142771,0.004507,0.001963,0.001696
N20003439,0.024650,0.489147,0.066508,0.262138,0.007183,0.139634,0.006678,0.002152,0.001909
N20003440,0.045936,0.566332,0.095075,0.166008,0.011994,0.094085,0.013236,0.004093,0.003241
N20003441,0.024938,0.578192,0.088002,0.183305,0.005742,0.105932,0.010271,0.001974,0.001645
N20003442,0.025711,0.432035,0.190645,0.203370,0.012970,0.105515,0.024061,0.003010,0.002683
N20003443,0.036850,0.398652,0.291174,0.143183,0.015117,0.065541,0.042311,0.003852,0.003320
N20003444,0.063492,0.540362,0.112288,0.153942,0.017760,0.085106,0.016240,0.006103,0.004706
N20003445,0.046906,0.540344,0.103857,0.177265,0.012636,0.099051,0.012503,0.004047,0.003392
N20003446,0.038778,0.486605,0.153118,0.199182,0.010007,0.087079,0.019455,0.003092,0.002683
N20003447,0.027585,0.392245,0.251386,0.185995,0.011306,0.095398,0.030798,0.002761,0.002526
N20003448,0.017886,0.479465,0.098119,0.273459,0.005579,0.112469,0.010112,0.001498,0.001413
N20003449,0.040208,0.431940,0.213435,0.191517,0.015631,0.070181,0.029570,0.003998,0.003520
N20003450,0.029859,0.549808,0.078345,0.195399,0.007192,0.126739,0.008311,0.002323,0.002024
N20003451,0.026002,0.352110,0.325367,0.159998,0.015482,0.064541,0.050246,0.003334,0.002919
N20003452,0.019196,0.400595,0.239253,0.212907,0.007719,0.091602,0.025143,0.001839,0.001745
N20003453,0.008855,0.202990,0.545567,0.121604,0.009024,0.038526,0.070549,0.001492,0.001394
N20003454,0.014164,0.339473,0.345812,0.176299,0.008775,0.067393,0.044624,0.001797,0.001662
N20003455,0.006739,0.074579,0.741388,0.042477,0.008328,0.012521,0.111610,0.001201,0.001156
N20003456,0.035226,0.422208,0.187568,0.204966,0.015545,0.104736,0.022769,0.003615,0.003367
N20003457,0.022151,0.391044,0.259467,0.192112,0.009031,0.093063,0.029153,0.002002,0.001977
N20003458,0.022598,0.473074,0.092445,0.248513,0.007611,0.142688,0.009137,0.002037,0.001897
N20003459,0.029210,0.442471,0.169920,0.205014,0.012871,0.115424,0.019309,0.002996,0.002787
N20003460,0.014727,0.436308,0.172527,0.245989,0.005826,0.104678,0.017246,0.001373,0.001327
N20003461,0.020024,0.474066,0.099165,0.245244,0.006165,0.142693,0.009456,0.001620,0.001567
N20003462,0.016864,0.426325,0.231459,0.172509,0.006664,0.119465,0.023660,0.001545,0.001509
N20003463,0.018414,0.517708,0.087639,0.211263,0.004679,0.149228,0.008418,0.001362,0.001290
N20003464,0.028922,0.384994,0.261608,0.187276,0.013577,0.085376,0.032303,0.003079,0.002866
N20003465,0.059377,0.529762,0.050528,0.192572,0.011604,0.142913,0.005685,0.004038,0.003521
N20003466,0.017779,0.523073,0.079540,0.224807,0.005414,0.138146,0.008337,0.001512,0.001393
N20003467,0.020010,0.328738,0.362317,0.161826,0.010621,0.066847,0.045356,0.002179,0.002106
N20003468,0.020087,0.328197,0.376232,0.152729,0.008849,0.063965,0.046034,0.002011,0.001897
N20003469,0.023121,0.177151,0.567290,0.091929,0.020989,0.030443,0.082334,0.003457,0.003286
N20003470,0.024477,0.393275,0.233599,0.213314,0.009631,0.095251,0.026044,0.002242,0.002167
N20003471,0.089084,0.416948,0.078218,0.247314,0.017872,0.131721,0.007828,0.005689,0.005327
N20003472,0.041127,0.385041,0.238432,0.195857,0.023819,0.073263,0.032672,0.005167,0.004622
N20003473,0.019114,0.313816,0.384116,0.158477,0.009622,0.067441,0.043436,0.002018,0.001960
N20003474,0.018505,0.234344,0.481121,0.140849,0.011582,0.048554,0.060680,0.002224,0.002140
N20003475,0.019482,0.338769,0.328546,0.172496,0.009707,0.084979,0.041896,0.002139,0.001986
N20003476,0.019728,0.392641,0.246871,0.191846,0.008485,0.110061,0.026511,0.002005,0.001852
N20003477,0.015049,0.353535,0.338386,0.166985,0.007149,0.073611,0.042151,0.001629,0.001506
N20003478,0.013743,0.349440,0.312742,0.181166,0.006953,0.099186,0.033862,0.001490,0.001419
N20003479,0.013977,0.347175,0.351547,0.166205,0.006202,0.072681,0.039390,0.001469,0.001354
N20003480,0.021625,0.431191,0.230037,0.192401,0.008489,0.083097,0.029000,0.002205,0.001955
N20003481,0.015658,0.293491,0.417372,0.156528,0.007491,0.061857,0.044374,0.001659,0.001568
N20003482,0.023587,0.315990,0.381484,0.151645,0.010133,0.065856,0.046719,0.002386,0.002199
N20003483,0.018834,0.345209,0.311901,0.189800,0.009894,0.082429,0.037713,0.002209,0.002009
N20003484,0.016925,0.438114,0.243955,0.172668,0.006797,0.089998,0.028293,0.001707,0.001543
N20003485,0.029664,0.506956,0.236685,0.118517,0.007453,0.067767,0.028363,0.002500,0.002094
N20003486,0.056609,0.495734,0.204144,0.124805,0.014934,0.064628,0.030092,0.005024,0.004029
N20003487,0.020087,0.451796,0.182500,0.216826,0.008324,0.094525,0.021993,0.002096,0.001852
N20003488,0.022979,0.405705,0.248292,0.196328,0.009529,0.082379,0.030289,0.002376,0.002125
N20003489,0.029661,0.382057,0.288309,0.169766,0.012830,0.073094,0.038467,0.003051,0.002766
N20003490,0.025692,0.425331,0.196936,0.212401,0.010418,0.099881,0.024336,0.002671,0.002334
N20003491,0.027692,0.491845,0.128234,0.217294,0.008936,0.105678,0.015524,0.002576,0.002221
N20003492,0.026798,0.408870,0.240717,0.196799,0.009531,0.085584,0.027035,0.002410,0.002254
N20003493,0.061570,0.490474,0.180772,0.148214,0.016267,0.065994,0.027094,0.005288,0.004326
N20003494,0.025419,0.394176,0.223523,0.211261,0.012875,0.098330,0.028818,0.002953,0.002645
N20003495,0.049872,0.487073,0.184746,0.157353,0.015906,0.069369,0.026821,0.004882,0.003979
N20003496,0.025554,0.428130,0.217644,0.201302,0.009938,0.085777,0.026906,0.002489,0.002258
N20003497,0.018253,0.518132,0.114808,0.199257,0.004807,0.131075,0.010941,0.001421,0.001306
N20003498,0.052089,0.460191,0.128091,0.220423,0.017830,0.094239,0.018181,0.004784,0.004171
N20003499,0.095593,0.424623,0.206007,0.132438,0.028675,0.063614,0.032833,0.009064,0.007153
N20003500,0.070335,0.469062,0.129590,0.188863,0.025477,0.084058,0.019515,0.007189,0.005910
N20003501,0.027498,0.452022,0.134514,0.246199,0.012675,0.105261,0.015983,0.003123,0.002726
N20003502,0.029919,0.456120,0.199730,0.189334,0.010038,0.085600,0.024038,0.002769,0.002452
N20003503,0.072963,0.338076,0.331652,0.117095,0.025002,0.056809,0.045577,0.006958,0.005869
N20003504,0.069257,0.448920,0.203014,0.144011,0.021451,0.067956,0.033698,0.006462,0.005229
N20003505,0.032047,0.488731,0.184465,0.166345,0.008489,0.092326,0.022736,0.002600,0.002260
N20003506,0.048525,0.541766,0.080212,0.187241,0.013932,0.109458,0.010563,0.004628,0.003675
N20003507,0.015708,0.344311,0.361452,0.164763,0.005569,0.069179,0.036310,0.001376,0.001332
N20003508,0.012561,0.332393,0.367188,0.152656,0.006727,0.081689,0.043961,0.001468,0.001355
N20003509,0.051513,0.508052,0.190716,0.123123,0.013303,0.076411,0.028968,0.004340,0.003574
N20003510,0.066005,0.572075,0.066542,0.160245,0.018085,0.095222,0.010289,0.006677,0.004860
N20003511,0.026427,0.508155,0.142959,0.185496,0.007716,0.109054,0.015949,0.002250,0.001993
N20003512,0.034840,0.613377,0.061222,0.157632,0.006786,0.114187,0.007199,0.002632,0.002124
N20003513,0.065736,0.435880,0.220154,0.146652,0.020648,0.064071,0.035850,0.006008,0.005000
N20003514,0.025115,0.431022,0.168968,0.247776,0.010115,0.091924,0.020154,0.002607,0.002318
N20003515,0.066556,0.542377,0.084604,0.176457,0.015976,0.090806,0.013169,0.005603,0.004452
N20003516,0.043474,0.500322,0.154726,0.182716,0.012518,0.078035,0.021222,0.003779,0.003210
N20003517,0.034876,0.601234,0.059385,0.162533,0.006824,0.124126,0.006369,0.002532,0.002122
N20003518,0.077039,0.478023,0.144766,0.162053,0.022163,0.081965,0.021357,0.006963,0.005671
N20003519,0.040241,0.490510,0.145429,0.196804,0.012107,0.088558,0.019822,0.003491,0.003039
N20003520,0.054222,0.498688,0.173164,0.152426,0.013817,0.074423,0.024960,0.004571,0.003730
N20003521,0.039390,0.533345,0.149074,0.151331,0.009929,0.092030,0.018774,0.003380,0.002748
N20003522,0.044221,0.506215,0.161363,0.163954,0.012083,0.083715,0.021680,0.003639,0.003130
N20003523,0.020187,0.371732,0.299038,0.167056,0.009318,0.095974,0.032616,0.002108,0.001972
N20003524,0.043294,0.542105,0.131475,0.155407,0.010522,0.092675,0.018044,0.003562,0.002917
N20003525,0.018380,0.435995,0.238715,0.186352,0.007286,0.078755,0.030978,0.001882,0.001657
N20003526,0.039313,0.579321,0.058655,0.190865,0.007912,0.111391,0.007268,0.002876,0.002398
N20003527,0.069760,0.475884,0.163167,0.161289,0.021766,0.071664,0.024236,0.006776,0.005458
N20003528,0.012110,0.338921,0.340990,0.190115,0.007253,0.069460,0.038228,0.001513,0.001411
N20003529,0.073972,0.483487,0.149783,0.162386,0.020493,0.073051,0.025519,0.006144,0.005164
N20003530,0.010921,0.544023,0.176314,0.155126,0.003335,0.089755,0.018692,0.000960,0.000873
N20003531,0.037299,0.635664,0.038454,0.162007,0.005654,0.112231,0.004316,0.002423,0.001952
N20003532,0.037332,0.613596,0.088631,0.147924,0.008296,0.086976,0.011631,0.003150,0.002462
N20003533,0.033387,0.633904,0.065925,0.142215,0.006997,0.104368,0.008363,0.002702,0.002139
N20003534,0.043688,0.587952,0.105371,0.146859,0.009654,0.085601,0.014505,0.003534,0.002836
N20003535,0.021523,0.417634,0.217710,0.208778,0.007593,0.098499,0.024537,0.001928,0.001798
N20003536,0.018692,0.468802,0.162499,0.219915,0.005557,0.104206,0.017410,0.001503,0.001415
N20003537,0.022278,0.145744,0.595259,0.077423,0.022501,0.021110,0.108439,0.003836,0.003409
N20003538,0.016604,0.121432,0.641127,0.067630,0.016229,0.016571,0.115278,0.002687,0.002442
N20003539,0.040732,0.094489,0.641248,0.063106,0.031993,0.017398,0.100305,0.005549,0.005180
N20003540,0.031916,0.161119,0.546232,0.092902,0.036444,0.022587,0.097728,0.005847,0.005225
N20003541,0.012998,0.261236,0.428621,0.172504,0.010853,0.046673,0.063400,0.001930,0.001785
N20003542,0.010913,0.151084,0.618064,0.097052,0.009673,0.024219,0.085801,0.001641,0.001551
N20003543,0.022620,0.368188,0.238408,0.248537,0.012293,0.074020,0.030800,0.002688,0.002448
N20003544,0.023831,0.166435,0.565506,0.106292,0.015905,0.033051,0.083136,0.003023,0.002821
N20003545,0.026953,0.247731,0.461589,0.105611,0.016112,0.040615,0.095070,0.003388,0.002931
N20003546,0.048550,0.404664,0.241186,0.167529,0.020398,0.073214,0.034809,0.005189,0.004459
N20003547,0.020229,0.131712,0.634197,0.065090,0.017196,0.020286,0.105501,0.003020,0.002769
N20003548,0.018712,0.126517,0.628339,0.075425,0.017532,0.018797,0.109018,0.002964,0.002696
N20003549,0.027970,0.085989,0.658523,0.057092,0.033841,0.014431,0.112311,0.005182,0.004661
N20003550,0.025503,0.131448,0.604771,0.080011,0.023856,0.018876,0.107608,0.004242,0.003685
N20003551,0.032336,0.122997,0.601082,0.082293,0.028976,0.020147,0.102891,0.004864,0.004414
N20003552,0.150518,0.321350,0.196197,0.145185,0.069778,0.047920,0.036797,0.018060,0.014194
N20003553,0.036140,0.091482,0.643803,0.062960,0.031999,0.014583,0.108455,0.005590,0.004987
N20003554,0.020975,0.279811,0.424995,0.145423,0.011439,0.058706,0.053940,0.002461,0.002250
N20003555,0.023092,0.084483,0.675330,0.051557,0.023960,0.012123,0.122119,0.003859,0.003476
N20003556,0.032024,0.325561,0.360280,0.148400,0.013982,0.063929,0.049549,0.003310,0.002966
N20003557,0.030853,0.341799,0.340807,0.151644,0.014078,0.065294,0.049419,0.003196,0.002910
N20003558,0.120635,0.177841,0.411765,0.087870,0.070228,0.024268,0.079289,0.015354,0.012751
N20003559,0.062152,0.103107,0.565950,0.056515,0.052310,0.015229,0.127214,0.009445,0.008077
N20003560,0.035381,0.122900,0.598383,0.084831,0.028200,0.019142,0.101407,0.005110,0.004647
N20003561,0.110784,0.131411,0.460623,0.066080,0.076109,0.017588,0.109767,0.015100,0.012538
N20003562,0.015331,0.358282,0.295145,0.184062,0.007654,0.100847,0.035326,0.001754,0.001598
N20003563,0.111054,0.273255,0.300275,0.129307,0.059470,0.045416,0.056129,0.013834,0.011260
N20003564,0.080951,0.123165,0.550843,0.067759,0.045214,0.017968,0.096737,0.009092,0.008271
N20003565,0.019506,0.081419,0.672194,0.051637,0.022779,0.012629,0.133164,0.003541,0.003130
N20003566,0.026251,0.085680,0.641586,0.043945,0.030969,0.012013,0.150538,0.004837,0.004182
N20003567,0.041623,0.194545,0.488723,0.123149,0.026757,0.033126,0.081919,0.005388,0.004771
N20003568,0.022110,0.411962,0.208639,0.211515,0.010022,0.106516,0.024616,0.002440,0.002180
N20003569,0.028242,0.265942,0.413220,0.164516,0.014294,0.057390,0.050418,0.003079,0.002898
N20003570,0.115553,0.422448,0.147819,0.168982,0.038781,0.059542,0.025863,0.011807,0.009204
N20003571,0.052792,0.379357,0.301056,0.130907,0.022604,0.055524,0.046790,0.006110,0.004860
N20003572,0.041615,0.471360,0.128273,0.203334,0.013279,0.119128,0.015883,0.003816,0.003313
N20003573,0.116366,0.387049,0.184615,0.163718,0.038369,0.061088,0.028542,0.011185,0.009068
N20003574,0.094158,0.286370,0.301120,0.170684,0.041391,0.044087,0.043077,0.010343,0.008771
N20003575,0.019526,0.117366,0.630857,0.079900,0.019308,0.017127,0.109774,0.003233,0.002908
N20003576,0.078659,0.436541,0.225404,0.115485,0.022971,0.063231,0.045642,0.006561,0.005506
N20003577,0.125899,0.377135,0.166218,0.166647,0.046829,0.068109,0.026658,0.012134,0.010371
N20003578,0.008188,0.054567,0.737570,0.031610,0.014115,0.008303,0.142102,0.001863,0.001682
N20003579,0.022762,0.202066,0.522071,0.109587,0.016774,0.033964,0.086591,0.003294,0.002892
N20003580,0.045240,0.206893,0.470227,0.132137,0.026881,0.041992,0.066102,0.005473,0.005055
N20003581,0.028767,0.086714,0.642702,0.052275,0.032940,0.013604,0.133174,0.005209,0.004614
N20003582,0.057703,0.285786,0.322566,0.183572,0.034590,0.053523,0.048575,0.007240,0.006446
N20003583,0.052233,0.093800,0.610829,0.063099,0.042122,0.014137,0.109389,0.007647,0.006745
N20003584,0.074420,0.231259,0.370564,0.165107,0.040296,0.047920,0.053922,0.008717,0.007795
N20003585,0.026195,0.320488,0.324032,0.199498,0.014056,0.069197,0.040624,0.003102,0.002808
N20003586,0.098026,0.150073,0.481361,0.085851,0.056842,0.022701,0.082490,0.012162,0.010494
N20003587,0.033053,0.280440,0.387554,0.161800,0.020847,0.045465,0.062738,0.004312,0.003791
N20003588,0.025363,0.293415,0.390431,0.159117,0.016393,0.053413,0.055509,0.003363,0.002996
N20003589,0.046835,0.259824,0.399573,0.156739,0.023962,0.047574,0.055520,0.005222,0.004751
N20003590,0.056013,0.213189,0.473058,0.095666,0.030188,0.031988,0.087568,0.006650,0.005680
N20003591,0.027618,0.331630,0.293528,0.217942,0.016611,0.065375,0.040647,0.003507,0.003142
N20003592,0.050638,0.330826,0.366345,0.121550,0.016968,0.048642,0.056391,0.004659,0.003980
N20003593,0.064229,0.441917,0.198560,0.153428,0.023510,0.074231,0.032062,0.006757,0.005307
N20003594,0.029410,0.383621,0.265890,0.196151,0.013252,0.068801,0.036777,0.003242,0.002855
N20003595,0.032994,0.369323,0.265309,0.199746,0.018605,0.066591,0.039590,0.004202,0.003640
N20003596,0.037977,0.310929,0.392072,0.125344,0.017145,0.046829,0.061916,0.004195,0.003593
N20003597,0.039521,0.333790,0.360371,0.124867,0.018809,0.052196,0.061985,0.004613,0.003847
N20003598,0.039138,0.409240,0.184328,0.228550,0.019620,0.085777,0.024686,0.004631,0.004029
N20003599,0.073984,0.342063,0.308851,0.132941,0.028119,0.048292,0.051924,0.007579,0.006247
N20003600,0.033748,0.398484,0.201335,0.239380,0.016171,0.076724,0.026966,0.003815,0.003377
N20003601,0.057853,0.438142,0.166867,0.192317,0.020313,0.090623,0.023654,0.005482,0.004749
N20003602,0.069694,0.435634,0.142024,0.219363,0.021882,0.080729,0.019052,0.006256,0.005366
N20003603,0.053170,0.485588,0.140797,0.178906,0.016148,0.095641,0.020779,0.004923,0.004049
N20003604,0.020180,0.406289,0.222072,0.233399,0.008497,0.076761,0.028801,0.002121,0.001880
N20003605,0.048849,0.365946,0.299127,0.151484,0.018316,0.066397,0.040903,0.004813,0.004165
N20003606,0.055928,0.429082,0.175080,0.201578,0.022893,0.079378,0.024895,0.006085,0.005081
N20003607,0.040963,0.562980,0.068664,0.203444,0.011847,0.095800,0.009291,0.003872,0.003139
N20003608,0.075143,0.471069,0.136053,0.184173,0.024136,0.075435,0.020763,0.007298,0.005930
N20003609,0.052699,0.567747,0.083856,0.182652,0.012621,0.079805,0.012483,0.004566,0.003572
N20003610,0.076229,0.527874,0.124714,0.131282,0.019937,0.084355,0.023555,0.006837,0.005217
N20003611,0.055377,0.443765,0.169363,0.209370,0.016503,0.073247,0.023496,0.004752,0.004128
N20003612,0.063997,0.307015,0.341705,0.144704,0.028622,0.051198,0.049669,0.007066,0.006024
N20003613,0.033625,0.510216,0.127594,0.194555,0.008862,0.104976,0.015029,0.002752,0.002392
N20003614,0.056461,0.413860,0.212116,0.175365,0.018919,0.085467,0.027876,0.005392,0.004544
N20003615,0.028276,0.387606,0.258028,0.194292,0.013811,0.078069,0.033835,0.003226,0.002856
N20003616,0.037954,0.558397,0.106069,0.181720,0.008711,0.088337,0.013335,0.002975,0.002503
N20003617,0.042857,0.579619,0.113522,0.141094,0.010363,0.090850,0.015037,0.003705,0.002953
N20003618,0.039405,0.531448,0.162150,0.152675,0.011190,0.074369,0.022197,0.003598,0.002967
N20003619,0.053015,0.339514,0.318256,0.146703,0.024583,0.058692,0.048225,0.005901,0.005110
N20003620,0.049881,0.448604,0.177735,0.184005,0.016553,0.089648,0.025026,0.004574,0.003974
N20003621,0.009844,0.121904,0.657988,0.074155,0.009917,0.018615,0.104506,0.001579,0.001492
N20003622,0.008081,0.124598,0.656746,0.078577,0.007549,0.019612,0.102402,0.001254,0.001181
N20003623,0.016520,0.190325,0.554741,0.104459,0.012753,0.028512,0.088221,0.002323,0.002146
N20003624,0.060924,0.172230,0.512530,0.064134,0.040245,0.020788,0.114045,0.008247,0.006856
N20003625,0.013658,0.207583,0.528621,0.123060,0.010747,0.037652,0.074918,0.001947,0.001815
N20003626,0.010937,0.080297,0.707684,0.052181,0.013747,0.012383,0.118890,0.002012,0.001869
N20003627,0.018613,0.218064,0.494530,0.142865,0.013987,0.036312,0.070679,0.002562,0.002388
N20003628,0.042227,0.117459,0.596856,0.066235,0.035494,0.018843,0.110703,0.006511,0.005672
N20003629,0.012112,0.091861,0.688158,0.058276,0.013335,0.012281,0.120004,0.002062,0.001911
N20003630,0.008428,0.062463,0.741675,0.037571,0.010081,0.008529,0.128373,0.001499,0.001381
N20003631,0.048441,0.121805,0.584891,0.060756,0.034585,0.014770,0.122291,0.006694,0.005769
N20003632,0.089859,0.138993,0.503732,0.056446,0.058499,0.019589,0.110822,0.012068,0.009992
N20003633,0.042132,0.474982,0.161676,0.180485,0.012136,0.102926,0.018731,0.003809,0.003123
N20003634,0.015939,0.180651,0.566147,0.120123,0.008800,0.026944,0.077994,0.001726,0.001676
N20003635,0.031596,0.380780,0.278691,0.180100,0.013958,0.068120,0.040208,0.003546,0.003001
N20003636,0.025110,0.062898,0.691393,0.028415,0.025186,0.008109,0.151126,0.004158,0.003604
N20003637,0.023715,0.141284,0.605928,0.081213,0.020253,0.023359,0.097376,0.003625,0.003247
N20003638,0.021188,0.128887,0.640579,0.066486,0.014802,0.020211,0.102498,0.002789,0.002560
N20003639,0.019311,0.104365,0.674091,0.066141,0.016794,0.016909,0.097007,0.002738,0.002644
N20003640,0.181504,0.278607,0.231552,0.103916,0.070693,0.049832,0.050683,0.018520,0.014693
N20003641,0.042093,0.193216,0.520041,0.096562,0.023564,0.030151,0.084993,0.004941,0.004441
N20003642,0.103131,0.274330,0.336298,0.112024,0.041009,0.040780,0.072986,0.010814,0.008629
N20003643,0.023000,0.435391,0.179105,0.232077,0.009064,0.093678,0.023337,0.002288,0.002059
N20003644,0.038523,0.344717,0.297462,0.187490,0.020475,0.057573,0.044846,0.004855,0.004060
N20003645,0.020634,0.226764,0.487748,0.144061,0.012639,0.035839,0.067480,0.002502,0.002334
N20003646,0.014778,0.268353,0.455532,0.140301,0.010624,0.047736,0.058716,0.002079,0.001881
N20003647,0.014816,0.097244,0.694747,0.058246,0.012704,0.014514,0.103521,0.002173,0.002036
N20003648,0.033248,0.315951,0.330521,0.190893,0.018317,0.058560,0.044832,0.004043,0.003636
N20003649,0.050304,0.224334,0.472084,0.109959,0.023295,0.038335,0.071791,0.005170,0.004729
N20003650,0.027067,0.336343,0.339502,0.172602,0.013798,0.057822,0.047139,0.002983,0.002743
N20003651,0.040780,0.450367,0.279422,0.119225,0.011685,0.054380,0.037564,0.003563,0.003015
N20003652,0.026359,0.391378,0.255928,0.203405,0.010051,0.076060,0.031976,0.002544,0.002299
N20003653,0.063116,0.553758,0.111746,0.149980,0.016631,0.077665,0.016914,0.005699,0.004492
N20003654,0.063146,0.432215,0.213748,0.156896,0.021408,0.069019,0.031951,0.006467,0.005150
N20003655,0.021762,0.441470,0.246959,0.159075,0.010608,0.079471,0.035815,0.002630,0.002210
N20003656,0.045690,0.607939,0.063663,0.165892,0.009763,0.091319,0.009140,0.003687,0.002908
N20003657,0.050773,0.514113,0.131952,0.186940,0.014045,0.074465,0.019650,0.004384,0.003678
N20003658,0.016643,0.414665,0.240744,0.208178,0.007941,0.078175,0.030160,0.001840,0.001653
N20003659,0.046991,0.565782,0.080962,0.184229,0.011635,0.091200,0.011971,0.004011,0.003220
N20003660,0.071177,0.522632,0.127180,0.151644,0.020171,0.076092,0.019102,0.006683,0.005318
N20003661,0.065640,0.435910,0.196390,0.161849,0.022159,0.071598,0.035309,0.006059,0.005086
N20003662,0.053570,0.535056,0.069133,0.209353,0.014506,0.100217,0.009441,0.004836,0.003889
N20003663,0.057297,0.445770,0.215871,0.140269,0.018354,0.080797,0.031511,0.005639,0.004491
N20003664,0.029468,0.515214,0.137197,0.191621,0.007836,0.097144,0.016962,0.002451,0.002107
N20003665,0.043967,0.492970,0.165031,0.174245,0.012016,0.082132,0.022511,0.003949,0.003180
N20003666,0.041609,0.513060,0.132977,0.178584,0.010095,0.101939,0.015439,0.003464,0.002832
N20003667,0.033833,0.402999,0.229142,0.204538,0.011811,0.082577,0.029177,0.003122,0.002801
N20003668,0.040826,0.529899,0.136926,0.160550,0.010633,0.096623,0.018091,0.003564,0.002888
N20003669,0.027487,0.292962,0.396125,0.150867,0.015799,0.057033,0.053215,0.003443,0.003070
N20003670,0.036193,0.405846,0.287733,0.142812,0.013741,0.059184,0.047620,0.003740,0.003131
N20003671,0.030584,0.325641,0.384917,0.129529,0.013742,0.056136,0.053126,0.003388,0.002938
N20003672,0.039790,0.370773,0.264224,0.188512,0.017285,0.076055,0.035347,0.004222,0.003793
N20003673,0.019328,0.424084,0.276557,0.153980,0.007367,0.080590,0.034477,0.001903,0.001713
N20003674,0.021299,0.366160,0.316007,0.175622,0.009234,0.068630,0.038806,0.002217,0.002026
N20003675,0.012236,0.328425,0.382918,0.147137,0.006156,0.073270,0.047160,0.001418,0.001280
N20003676,0.022160,0.356553,0.361033,0.140526,0.009046,0.057655,0.048719,0.002279,0.002028
N20003677,0.041244,0.575526,0.067127,0.181513,0.009066,0.110602,0.008940,0.003315,0.002668
N20003678,0.032512,0.279702,0.421860,0.134603,0.017708,0.045171,0.061215,0.003774,0.003455
N20003679,0.038672,0.475783,0.075593,0.271314,0.008293,0.117622,0.007667,0.002640,0.002416
N20003680,0.028605,0.309140,0.370068,0.159812,0.018822,0.049087,0.057184,0.003881,0.003402
N20003681,0.013163,0.257673,0.452844,0.145434,0.009734,0.047062,0.070484,0.001896,0.001709
N20003682,0.032326,0.465585,0.148360,0.230223,0.013222,0.085353,0.018434,0.003515,0.002984
N20003683,0.022059,0.332580,0.343008,0.177207,0.008893,0.070990,0.041207,0.002096,0.001961
N20003684,0.016870,0.265311,0.427571,0.167823,0.011612,0.049344,0.057125,0.002260,0.002084
N20003685,0.022456,0.293402,0.382624,0.177639,0.012769,0.057464,0.048574,0.002598,0.002473
N20003686,0.036394,0.390472,0.213911,0.228295,0.013691,0.085553,0.025098,0.003431,0.003155
N20003687,0.031310,0.379053,0.267300,0.182604,0.013995,0.084589,0.034851,0.003313,0.002985
N20003688,0.015129,0.327696,0.337530,0.200842,0.009658,0.060624,0.044724,0.001995,0.001803
N20003689,0.022549,0.353040,0.332039,0.175795,0.009133,0.059386,0.043715,0.002295,0.002048
N20003690,0.021866,0.413744,0.210827,0.229037,0.008728,0.086482,0.025158,0.002178,0.001980
N20003691,0.024070,0.387567,0.240329,0.214539,0.007252,0.099121,0.023366,0.001924,0.001831
N20003692,0.021846,0.448371,0.171844,0.220370,0.009040,0.102396,0.021803,0.002304,0.002026
N20003693,0.008250,0.176591,0.582828,0.108477,0.008687,0.027836,0.084589,0.001437,0.001306
N20003694,0.039996,0.404040,0.199096,0.224326,0.014689,0.085100,0.025565,0.003789,0.003399
N20003695,0.022199,0.353792,0.293923,0.201709,0.008520,0.082006,0.033779,0.002127,0.001944
N20003696,0.021766,0.311478,0.352806,0.177315,0.011188,0.078591,0.042086,0.002505,0.002266
N20003697,0.016915,0.283076,0.396963,0.173208,0.012634,0.051855,0.060633,0.002497,0.002219
N20003698,0.029045,0.414886,0.218114,0.215021,0.011331,0.079369,0.026685,0.002953,0.002596
N20003699,0.038667,0.443927,0.184553,0.196659,0.012010,0.094472,0.023329,0.003398,0.002984
N20003700,0.024441,0.353472,0.306205,0.191201,0.012581,0.066242,0.040483,0.002830,0.002546
N20003701,0.025728,0.384157,0.224023,0.225900,0.012506,0.094086,0.028063,0.002903,0.002633
N20003702,0.022300,0.383705,0.239300,0.230652,0.009523,0.078492,0.031604,0.002326,0.002097
N20003703,0.041883,0.307303,0.384399,0.133087,0.018814,0.049403,0.056520,0.004609,0.003982
N20003704,0.013547,0.226247,0.497993,0.139691,0.011240,0.039352,0.068063,0.001997,0.001870
N20003705,0.030374,0.389454,0.242776,0.210362,0.013837,0.073810,0.033107,0.003329,0.002950
N20003706,0.024015,0.300824,0.361039,0.180112,0.014794,0.064362,0.049063,0.003016,0.002775
N20003707,0.024349,0.450712,0.200912,0.203768,0.009602,0.080260,0.025629,0.002554,0.002213
N20003708,0.036826,0.319836,0.331181,0.183654,0.016647,0.061008,0.043384,0.003929,0.003535
N20003709,0.038689,0.377059,0.267838,0.182349,0.017038,0.072573,0.036611,0.004187,0.003655
N20003710,0.034091,0.335894,0.329170,0.174642,0.011588,0.069965,0.038910,0.002983,0.002756
N20003711,0.044528,0.526862,0.072283,0.237454,0.011935,0.090219,0.009792,0.003759,0.003169
N20003712,0.033518,0.308929,0.361576,0.164917,0.019155,0.056182,0.047846,0.004158,0.003719
N20003713,0.024457,0.431676,0.248180,0.181442,0.010600,0.065914,0.032609,0.002772,0.002349
N20003714,0.018098,0.400814,0.251814,0.198412,0.008196,0.087315,0.031659,0.001929,0.001763
N20003715,0.024756,0.390739,0.304103,0.156086,0.011403,0.065495,0.042122,0.002849,0.002447
N20003716,0.026359,0.429337,0.232088,0.186405,0.010473,0.076683,0.033567,0.002727,0.002361
N20003717,0.013006,0.230257,0.513874,0.110431,0.008544,0.045267,0.075339,0.001712,0.001571
N20003718,0.026290,0.438087,0.216010,0.200238,0.008434,0.079513,0.027011,0.002325,0.002092
N20003719,0.014698,0.263303,0.448455,0.147651,0.008883,0.050240,0.063254,0.001838,0.001678
N20003720,0.044826,0.593649,0.035259,0.198332,0.007609,0.110235,0.004506,0.003096,0.002489
N20003721,0.041629,0.275215,0.371409,0.163671,0.031276,0.052060,0.053432,0.005881,0.005428
N20003722,0.028212,0.365651,0.296165,0.182465,0.015282,0.066272,0.039417,0.003487,0.003049
N20003723,0.031902,0.562725,0.057069,0.230673,0.006953,0.098847,0.007346,0.002435,0.002050
N20003724,0.016580,0.509364,0.063910,0.290847,0.004198,0.106323,0.006372,0.001249,0.001156
N20003725,0.030353,0.445281,0.198334,0.193460,0.010922,0.090829,0.025485,0.002793,0.002543
N20003726,0.022812,0.415856,0.240947,0.192224,0.008622,0.086421,0.028958,0.002161,0.001999
N20003727,0.030334,0.488683,0.103422,0.241452,0.009491,0.110227,0.011373,0.002620,0.002397
N20003728,0.021843,0.399244,0.237047,0.221507,0.010495,0.074697,0.030547,0.002412,0.002208
N20003729,0.025371,0.396258,0.256251,0.195998,0.010185,0.077636,0.033596,0.002442,0.002264
N20003730,0.018904,0.416701,0.221280,0.220072,0.006527,0.087936,0.025405,0.001627,0.001547
N20003731,0.020829,0.429650,0.181650,0.218959,0.007817,0.117341,0.020021,0.001916,0.001818
N20003732,0.033498,0.507359,0.131984,0.198244,0.010504,0.095386,0.017300,0.003107,0.002618
N20003733,0.021979,0.504681,0.149002,0.179586,0.006479,0.119237,0.015499,0.001869,0.001670
N20003734,0.015911,0.554341,0.087806,0.202546,0.004044,0.123466,0.009485,0.001271,0.001131
N20003735,0.027662,0.583994,0.033395,0.205617,0.005620,0.136059,0.003781,0.002137,0.001735
N20003736,0.017144,0.452267,0.240115,0.150672,0.004844,0.107150,0.025125,0.001407,0.001275
N20003737,0.017901,0.483666,0.153060,0.195618,0.007704,0.119753,0.018623,0.001960,0.001716
N20003738,0.016176,0.456387,0.201014,0.202834,0.004636,0.096176,0.020254,0.001316,0.001206
N20003739,0.015726,0.402126,0.294593,0.163031,0.006484,0.077043,0.037907,0.001632,0.001458
N20003740,0.019250,0.370384,0.297518,0.175041,0.008198,0.094604,0.031342,0.001874,0.001789
N20003741,0.030190,0.484884,0.099368,0.238402,0.008150,0.124160,0.010251,0.002421,0.002174
N20003742,0.020058,0.498964,0.116508,0.244101,0.006491,0.097371,0.013013,0.001863,0.001631
N20003743,0.021542,0.434703,0.165749,0.247172,0.007510,0.101147,0.018508,0.001875,0.001794
N20003744,0.040491,0.307823,0.340238,0.180321,0.018494,0.064602,0.039887,0.004227,0.003917
N20003745,0.023507,0.486942,0.099594,0.243545,0.006436,0.125975,0.010373,0.001911,0.001717
N20003746,0.032396,0.359260,0.274593,0.192078,0.016035,0.086523,0.032222,0.003586,0.003305
N20003747,0.022674,0.380136,0.253086,0.197419,0.009210,0.106843,0.026429,0.002154,0.002049
N20003748,0.011167,0.500273,0.106474,0.233925,0.003924,0.132174,0.010068,0.001036,0.000958
N20003749,0.035658,0.448268,0.191917,0.193290,0.014657,0.084852,0.024444,0.003680,0.003235
N20003750,0.027747,0.551823,0.029097,0.258453,0.004617,0.121944,0.003089,0.001723,0.001508
N20003751,0.023372,0.553334,0.070551,0.224597,0.004831,0.112345,0.007874,0.001652,0.001445
N20003752,0.035212,0.456519,0.108279,0.261279,0.010092,0.112198,0.011049,0.002760,0.002613
N20003753,0.028396,0.518758,0.111962,0.215660,0.008011,0.099422,0.013307,0.002390,0.002095
N20003754,0.025444,0.502458,0.106571,0.244346,0.007071,0.098699,0.011422,0.002124,0.001866
N20003755,0.025487,0.346811,0.329096,0.159317,0.012290,0.081133,0.040579,0.002773,0.002514
N20003756,0.285185,0.152120,0.264549,0.090076,0.093605,0.030144,0.037477,0.025238,0.021607
N20003757,0.029425,0.532904,0.124814,0.185382,0.007897,0.099316,0.015729,0.002436,0.002098
N20003758,0.019996,0.536735,0.142248,0.179713,0.005611,0.096261,0.016243,0.001714,0.001478
N20003759,0.490373,0.119103,0.116170,0.070444,0.100432,0.026885,0.015354,0.033361,0.027879
N20003760,0.363927,0.119927,0.184324,0.095855,0.123636,0.024086,0.025823,0.034016,0.028408
N20003761,0.075169,0.400420,0.173484,0.208999,0.020817,0.088900,0.021103,0.005827,0.005279
N20003762,0.017477,0.632062,0.063719,0.115737,0.003478,0.158638,0.006704,0.001151,0.001035
N20003763,0.323181,0.187838,0.170282,0.111353,0.091698,0.045289,0.021457,0.026201,0.022701
N20003764,0.014284,0.615777,0.008484,0.104827,0.001579,0.253083,0.000708,0.000658,0.000602
N20003765,0.034559,0.620159,0.021868,0.097161,0.003668,0.217624,0.002003,0.001563,0.001394
N20003766,0.026121,0.594280,0.038851,0.145846,0.004150,0.184194,0.003709,0.001489,0.001359
N20003767,0.049667,0.525190,0.074847,0.194804,0.010734,0.129875,0.008410,0.003417,0.003056
N20003768,0.019800,0.608386,0.031250,0.114826,0.002825,0.218271,0.002631,0.001047,0.000965
N20003769,0.161408,0.366522,0.131237,0.175543,0.034255,0.095471,0.014864,0.010937,0.009764
N20003770,0.061368,0.438092,0.151810,0.211997,0.017006,0.090001,0.020323,0.005032,0.004371
N20003771,0.235476,0.131659,0.332585,0.102669,0.085838,0.028930,0.043304,0.020589,0.018950
N20003772,0.133342,0.386076,0.140340,0.178663,0.031138,0.095647,0.016164,0.010006,0.008625
N20003773,0.416104,0.071157,0.192720,0.057017,0.148254,0.016708,0.027255,0.037798,0.032987
N20003774,0.424106,0.100088,0.154788,0.073144,0.133381,0.025247,0.021575,0.036329,0.031342
N20003775,0.597556,0.033983,0.099096,0.026799,0.140982,0.007730,0.013172,0.044183,0.036498
N20003776,0.687132,0.032985,0.025467,0.027559,0.130008,0.008968,0.003540,0.046974,0.037368
N20003777,0.613225,0.017178,0.059809,0.012255,0.183763,0.003738,0.008877,0.057344,0.043812
N20003778,0.562080,0.031339,0.124988,0.026542,0.151285,0.007156,0.016622,0.043210,0.036778
N20003779,0.535453,0.029119,0.111180,0.020315,0.186581,0.005885,0.018288,0.051931,0.041247
N20003780,0.456674,0.103737,0.131615,0.079125,0.121027,0.025327,0.017024,0.034931,0.030540
