code,Sinn Féin,DUP,Alliance,UUP,SDLP,TUV,Green,PBP,Aontú
N20000001,0.042247,0.467991,0.093580,0.213510,0.016800,0.142697,0.013727,0.005660,0.003789
N20000002,0.016268,0.496166,0.097690,0.226352,0.007282,0.138392,0.013942,0.002345,0.001564
N20000003,0.041108,0.510847,0.038031,0.220144,0.015259,0.159766,0.005904,0.005401,0.003541
N20000004,0.252616,0.163000,0.238256,0.085968,0.114470,0.045356,0.041325,0.035511,0.023498
N20000005,0.022338,0.487280,0.074909,0.250669,0.008757,0.140176,0.010894,0.002978,0.001999
N20000006,0.221155,0.268104,0.131755,0.138036,0.089159,0.080510,0.022105,0.029641,0.019534
N20000007,0.662973,0.035189,0.021340,0.023393,0.137793,0.010990,0.003875,0.063793,0.040654
N20000008,0.386703,0.146634,0.119247,0.087630,0.121046,0.044386,0.019934,0.044750,0.029670
N20000009,0.058058,0.462971,0.065057,0.226044,0.022219,0.142772,0.010103,0.007689,0.005086
N20000010,0.022738,0.422579,0.196908,0.202058,0.011625,0.108582,0.029715,0.003468,0.002326
N20000011,0.081940,0.505234,0.047635,0.200261,0.022909,0.118523,0.008194,0.009349,0.005955
N20000012,0.065931,0.440970,0.121144,0.201491,0.023483,0.113907,0.019276,0.008309,0.005489
N20000013,0.133600,0.373988,0.098050,0.199926,0.043154,0.109194,0.015447,0.016042,0.010599
N20000014,0.147516,0.267872,0.254770,0.127144,0.060298,0.066509,0.042873,0.019942,0.013075
N20000015,0.684948,0.024523,0.021425,0.015321,0.137096,0.006511,0.004201,0.065318,0.040658
N20000016,0.302585,0.141711,0.198175,0.074215,0.138890,0.031796,0.042143,0.042826,0.027658
N20000017,0.644181,0.033142,0.031126,0.019719,0.150367,0.008474,0.006374,0.065422,0.041196
N20000018,0.554714,0.031902,0.069739,0.020304,0.189528,0.007960,0.014347,0.068034,0.043472
N20000019,0.236446,0.330993,0.101895,0.123628,0.067769,0.075745,0.019645,0.026936,0.016942
N20000020,0.350036,0.191981,0.121295,0.095276,0.105377,0.047644,0.021684,0.040622,0.026086
N20000021,0.484867,0.052145,0.122807,0.033221,0.170832,0.012978,0.024068,0.060249,0.038832
N20000022,0.683282,0.014589,0.007897,0.009452,0.163575,0.004388,0.001754,0.070801,0.044262
N20000023,0.397079,0.105412,0.148470,0.061034,0.149965,0.025851,0.028389,0.050723,0.033077
N20000024,0.664628,0.036601,0.013934,0.022439,0.141953,0.012022,0.002638,0.064605,0.041180
N20000025,0.240738,0.218878,0.176815,0.122082,0.101100,0.054643,0.031253,0.032959,0.021532
N20000026,0.022359,0.465804,0.118990,0.234875,0.010438,0.124756,0.017332,0.003258,0.002188
N20000027,0.193978,0.147238,0.347645,0.074239,0.092650,0.034536,0.063408,0.027974,0.018332
N20000028,0.471781,0.131102,0.045580,0.079797,0.135584,0.039777,0.008472,0.053443,0.034466
N20000029,0.388084,0.130934,0.126141,0.078091,0.139128,0.032597,0.024327,0.049015,0.031684
N20000030,0.036180,0.386535,0.214016,0.202798,0.020470,0.096379,0.033971,0.005778,0.003872
N20000031,0.015069,0.338263,0.340541,0.161826,0.008585,0.079001,0.052662,0.002423,0.001629
N20000032,0.579088,0.029250,0.056855,0.020039,0.183971,0.007797,0.011925,0.067480,0.043596
N20000033,0.678785,0.021972,0.011466,0.015130,0.153083,0.006740,0.002286,0.067521,0.043017
N20000034,0.607538,0.038241,0.041391,0.025739,0.160510,0.010674,0.008338,0.065670,0.041898
N20000035,0.227496,0.220593,0.216661,0.105420,0.090457,0.047203,0.042564,0.030214,0.019393
N20000036,0.297711,0.212920,0.156186,0.090760,0.107142,0.040488,0.033572,0.037498,0.023725
N20000037,0.261241,0.280560,0.144684,0.104916,0.076200,0.053439,0.030278,0.029954,0.018728
N20000038,0.107440,0.174719,0.432697,0.077537,0.061205,0.034380,0.083919,0.017009,0.011093
N20000039,0.172277,0.183063,0.310708,0.093323,0.099688,0.039005,0.056482,0.027403,0.018050
N20000040,0.377776,0.199179,0.097131,0.076881,0.118000,0.035877,0.023333,0.044375,0.027448
N20000041,0.156407,0.303993,0.187783,0.146856,0.068984,0.064437,0.035204,0.022058,0.014277
N20000042,0.100947,0.255443,0.347777,0.098326,0.053471,0.051163,0.067316,0.015563,0.009995
N20000043,0.152117,0.297805,0.218364,0.123120,0.070316,0.058166,0.044206,0.021868,0.014039
N20000044,0.172499,0.275799,0.192705,0.137113,0.084391,0.057354,0.037814,0.025715,0.016610
N20000045,0.281061,0.102697,0.273442,0.058590,0.142143,0.021918,0.051432,0.041442,0.027274
N20000046,0.079093,0.484040,0.078482,0.198749,0.028464,0.100495,0.013980,0.010168,0.006528
N20000047,0.096088,0.335498,0.226881,0.167492,0.038813,0.075113,0.038778,0.012871,0.008464
N20000048,0.275057,0.189729,0.173373,0.099225,0.123893,0.041647,0.032803,0.039005,0.025266
N20000049,0.309796,0.156812,0.203714,0.078813,0.113177,0.033554,0.039223,0.039607,0.025304
N20000050,0.063402,0.423107,0.183256,0.174429,0.026663,0.081768,0.032840,0.008840,0.005695
N20000051,0.464235,0.081075,0.137056,0.039472,0.143872,0.017059,0.028910,0.054053,0.034268
N20000052,0.112669,0.412947,0.127339,0.178307,0.038000,0.085181,0.022350,0.014153,0.009052
N20000053,0.209404,0.201334,0.277993,0.097173,0.078156,0.038893,0.052918,0.026831,0.017298
N20000054,0.083039,0.447494,0.116343,0.195978,0.030380,0.088119,0.021031,0.010695,0.006922
N20000055,0.083798,0.449061,0.124281,0.186143,0.030777,0.085795,0.022283,0.010873,0.006990
N20000056,0.156690,0.329485,0.199693,0.129023,0.052805,0.063967,0.036750,0.019250,0.012336
N20000057,0.224660,0.197811,0.236856,0.104024,0.096212,0.043710,0.045982,0.030713,0.020032
N20000058,0.092190,0.442511,0.128638,0.173969,0.031458,0.090270,0.022085,0.011457,0.007422
N20000059,0.290309,0.109230,0.281459,0.049173,0.125641,0.019693,0.058825,0.040051,0.025618
N20000060,0.164889,0.293884,0.182870,0.157834,0.063305,0.070147,0.031476,0.021511,0.014085
N20000061,0.087975,0.405635,0.172412,0.165639,0.034545,0.083283,0.031117,0.011782,0.007612
N20000062,0.072012,0.494431,0.091698,0.184690,0.025170,0.100801,0.016117,0.009201,0.005879
N20000063,0.216668,0.218859,0.241781,0.093269,0.089311,0.041659,0.050982,0.028879,0.018591
N20000064,0.131961,0.323898,0.185080,0.164744,0.058828,0.071328,0.033268,0.018711,0.012182
N20000065,0.208868,0.218067,0.221492,0.120491,0.092042,0.051676,0.039209,0.029028,0.019125
N20000066,0.274578,0.124703,0.308051,0.057596,0.095451,0.024948,0.058863,0.034002,0.021808
N20000067,0.246018,0.224530,0.216935,0.103004,0.076898,0.044813,0.039822,0.029294,0.018687
N20000068,0.191818,0.350152,0.089890,0.166933,0.064749,0.081133,0.016092,0.023952,0.015282
N20000069,0.148740,0.309944,0.181736,0.165882,0.055600,0.075885,0.030789,0.018906,0.012518
N20000070,0.116339,0.324274,0.191928,0.184066,0.052007,0.071839,0.032322,0.016407,0.010819
N20000071,0.222337,0.212195,0.215016,0.104822,0.107708,0.041488,0.043214,0.032264,0.020956
N20000072,0.078970,0.224026,0.393225,0.116580,0.047276,0.050077,0.068540,0.012786,0.008521
N20000073,0.068828,0.467947,0.096811,0.207021,0.026168,0.102608,0.015596,0.009084,0.005938
N20000074,0.054439,0.509953,0.066483,0.213677,0.019304,0.113188,0.011459,0.006990,0.004506
N20000075,0.130588,0.344986,0.168735,0.163518,0.055366,0.076133,0.030968,0.018021,0.011684
N20000076,0.209183,0.176470,0.291019,0.084242,0.095558,0.036169,0.058679,0.029525,0.019154
N20000077,0.126446,0.377497,0.135568,0.178238,0.047563,0.083669,0.023826,0.016489,0.010704
N20000078,0.108770,0.430906,0.097902,0.193205,0.039257,0.089566,0.017405,0.013945,0.009044
N20000079,0.034315,0.526837,0.069089,0.225827,0.010996,0.115150,0.010860,0.004196,0.002730
N20000080,0.073856,0.334852,0.250386,0.167040,0.037801,0.073244,0.044231,0.011212,0.007378
N20000081,0.100672,0.426050,0.106045,0.196503,0.036389,0.094560,0.018544,0.012896,0.008339
N20000082,0.040883,0.526681,0.067989,0.213642,0.013408,0.118173,0.010868,0.005079,0.003279
N20000083,0.119960,0.399037,0.105947,0.200739,0.037765,0.095389,0.017479,0.014348,0.009337
N20000084,0.167357,0.323707,0.131190,0.171526,0.067961,0.077603,0.023059,0.022806,0.014792
N20000085,0.064591,0.308070,0.297480,0.167256,0.029689,0.067408,0.050154,0.009226,0.006126
N20000086,0.010468,0.427630,0.208453,0.209124,0.005630,0.105563,0.030387,0.001640,0.001105
N20000087,0.015165,0.401334,0.231128,0.191311,0.007891,0.116825,0.032441,0.002328,0.001575
N20000088,0.013399,0.384008,0.280491,0.171019,0.008327,0.097663,0.041315,0.002262,0.001515
N20000089,0.012839,0.414372,0.237791,0.182031,0.007029,0.108470,0.034067,0.002039,0.001362
N20000090,0.016425,0.381582,0.262761,0.191804,0.008795,0.094480,0.039882,0.002553,0.001718
N20000091,0.015201,0.389697,0.264143,0.177952,0.007688,0.103997,0.037489,0.002286,0.001547
N20000092,0.016783,0.419535,0.211421,0.203118,0.008992,0.103342,0.032422,0.002632,0.001754
N20000093,0.019440,0.530509,0.059468,0.252682,0.007108,0.117404,0.009176,0.002551,0.001663
N20000094,0.004640,0.132627,0.668000,0.061103,0.003079,0.034439,0.094774,0.000794,0.000544
N20000095,0.041994,0.527429,0.074717,0.213542,0.014570,0.106309,0.012616,0.005366,0.003456
N20000096,0.021267,0.488074,0.102861,0.238718,0.007929,0.121390,0.015139,0.002773,0.001849
N20000097,0.013412,0.392501,0.254750,0.195063,0.006383,0.097254,0.037351,0.001965,0.001320
N20000098,0.016106,0.500100,0.110829,0.228328,0.006889,0.117276,0.016690,0.002278,0.001504
N20000099,0.023254,0.452179,0.138216,0.233716,0.009951,0.117485,0.019783,0.003235,0.002182
N20000100,0.014784,0.448465,0.154244,0.232070,0.007254,0.117641,0.021852,0.002204,0.001486
N20000101,0.006946,0.379503,0.297934,0.173705,0.003926,0.093340,0.042777,0.001117,0.000753
N20000102,0.034375,0.382011,0.252939,0.178984,0.016933,0.085817,0.040418,0.005114,0.003409
N20000103,0.038071,0.478159,0.125026,0.212636,0.015262,0.101816,0.020476,0.005155,0.003397
N20000104,0.031952,0.476369,0.165246,0.188973,0.012341,0.091159,0.026887,0.004286,0.002788
N20000105,0.039758,0.450167,0.176191,0.191088,0.015787,0.089966,0.028191,0.005334,0.003519
N20000106,0.016625,0.423542,0.215322,0.205310,0.008769,0.092671,0.033448,0.002592,0.001721
N20000107,0.028618,0.485031,0.142344,0.195557,0.012363,0.105444,0.023914,0.004087,0.002642
N20000108,0.041753,0.490116,0.123268,0.202818,0.015500,0.097302,0.020230,0.005455,0.003558
N20000109,0.011702,0.444114,0.169278,0.226897,0.006005,0.114168,0.024843,0.001791,0.001202
N20000110,0.011740,0.473152,0.124966,0.249370,0.005064,0.114769,0.018183,0.001650,0.001105
N20000111,0.022664,0.473914,0.116132,0.241294,0.010614,0.112190,0.017666,0.003321,0.002206
N20000112,0.023744,0.541489,0.036172,0.257444,0.007058,0.123922,0.005569,0.002782,0.001821
N20000113,0.016808,0.397379,0.260961,0.176189,0.008259,0.097688,0.038521,0.002518,0.001678
N20000114,0.017901,0.420007,0.212939,0.202062,0.009253,0.101461,0.031779,0.002757,0.001840
N20000115,0.018914,0.486076,0.105840,0.234447,0.008811,0.125221,0.016073,0.002777,0.001840
N20000116,0.028067,0.451718,0.158947,0.215352,0.012248,0.101646,0.025478,0.003931,0.002614
N20000117,0.016900,0.477744,0.114499,0.249866,0.008556,0.110976,0.017162,0.002572,0.001724
N20000118,0.012303,0.463915,0.160697,0.227156,0.005901,0.102392,0.024591,0.001828,0.001216
N20000119,0.027399,0.415100,0.210662,0.203582,0.014347,0.088583,0.033315,0.004202,0.002811
N20000120,0.020680,0.469911,0.118421,0.235659,0.010418,0.121501,0.018178,0.003137,0.002096
N20000121,0.026249,0.443713,0.162157,0.204521,0.013252,0.119189,0.024263,0.003996,0.002659
N20000122,0.015233,0.422980,0.201140,0.210421,0.009528,0.105693,0.030683,0.002590,0.001731
N20000123,0.008499,0.466682,0.151933,0.229645,0.004947,0.112831,0.023126,0.001403,0.000934
N20000124,0.016524,0.380883,0.295822,0.162909,0.009608,0.084346,0.045390,0.002712,0.001806
N20000125,0.018964,0.478062,0.106541,0.239799,0.008666,0.127438,0.015949,0.002749,0.001833
N20000126,0.021654,0.170526,0.566502,0.089121,0.015807,0.035128,0.094790,0.003853,0.002620
N20000127,0.017492,0.541387,0.071090,0.224980,0.006708,0.123783,0.010664,0.002352,0.001544
N20000128,0.016561,0.299538,0.396894,0.142032,0.011188,0.064420,0.064501,0.002919,0.001948
N20000129,0.038330,0.528739,0.082306,0.210385,0.013474,0.104933,0.013721,0.004938,0.003174
N20000130,0.015581,0.383790,0.289414,0.171725,0.008213,0.081682,0.045556,0.002431,0.001608
N20000131,0.047426,0.525759,0.048420,0.230177,0.015946,0.114419,0.008085,0.005927,0.003842
N20000132,0.022982,0.056918,0.712601,0.029830,0.023490,0.010737,0.135341,0.004834,0.003266
N20000133,0.012383,0.384546,0.288195,0.172794,0.006825,0.087282,0.044679,0.001978,0.001317
N20000134,0.030846,0.170296,0.546572,0.088612,0.021035,0.037412,0.096267,0.005377,0.003583
N20000135,0.027758,0.391184,0.235897,0.195645,0.014190,0.091536,0.036747,0.004230,0.002814
N20000136,0.021077,0.443725,0.170562,0.221059,0.011710,0.098792,0.027477,0.003366,0.002232
N20000137,0.021534,0.349002,0.314762,0.170360,0.011266,0.079610,0.047960,0.003295,0.002211
N20000138,0.014185,0.511868,0.111461,0.218146,0.005664,0.118996,0.016463,0.001939,0.001279
N20000139,0.019703,0.423513,0.196045,0.218041,0.009883,0.098005,0.029865,0.002963,0.001982
N20000140,0.035616,0.080864,0.649687,0.035523,0.030093,0.014768,0.142186,0.006780,0.004483
N20000141,0.032111,0.232998,0.468953,0.105858,0.020077,0.048319,0.082757,0.005352,0.003576
N20000142,0.017338,0.569004,0.093058,0.189777,0.006172,0.106047,0.014860,0.002278,0.001467
N20000143,0.030161,0.130875,0.598313,0.073294,0.024030,0.026023,0.107918,0.005603,0.003782
N20000144,0.040113,0.447903,0.151387,0.216663,0.017049,0.091717,0.025986,0.005534,0.003648
N20000145,0.018256,0.563849,0.084595,0.204296,0.006815,0.104261,0.013887,0.002462,0.001579
N20000146,0.035739,0.530574,0.113012,0.185409,0.012366,0.096660,0.018755,0.004541,0.002943
N20000147,0.035408,0.549030,0.055917,0.221203,0.012914,0.108146,0.009716,0.004666,0.003000
N20000148,0.032594,0.495277,0.077943,0.240928,0.013978,0.119408,0.012273,0.004576,0.003024
N20000149,0.032891,0.200193,0.501355,0.104548,0.022347,0.039099,0.090064,0.005699,0.003803
N20000150,0.012115,0.565052,0.105801,0.190475,0.004183,0.103808,0.015993,0.001559,0.001013
N20000151,0.039933,0.481319,0.099481,0.232486,0.016665,0.104842,0.016081,0.005551,0.003642
N20000152,0.056552,0.190953,0.471843,0.093648,0.040947,0.037269,0.091845,0.010221,0.006723
N20000153,0.022334,0.540389,0.068053,0.231044,0.007527,0.115475,0.010552,0.002801,0.001825
N20000154,0.027670,0.559785,0.057797,0.217888,0.009729,0.111790,0.009461,0.003572,0.002310
N20000155,0.024935,0.524295,0.122109,0.200713,0.008713,0.094000,0.019991,0.003174,0.002069
N20000156,0.027820,0.414173,0.225468,0.186318,0.012950,0.089950,0.036572,0.004066,0.002685
N20000157,0.050540,0.439801,0.136623,0.215106,0.020559,0.103797,0.022184,0.006857,0.004535
N20000158,0.024049,0.148658,0.584034,0.077446,0.018967,0.028703,0.110691,0.004457,0.002995
N20000159,0.013327,0.606001,0.061508,0.199478,0.004564,0.101984,0.010306,0.001729,0.001103
N20000160,0.047571,0.221951,0.438169,0.118164,0.032492,0.050953,0.076843,0.008313,0.005544
N20000161,0.074254,0.197562,0.459882,0.086881,0.037767,0.041364,0.083966,0.011010,0.007313
N20000162,0.035706,0.214804,0.475373,0.110922,0.024712,0.045457,0.082618,0.006224,0.004184
N20000163,0.056316,0.427171,0.176524,0.179404,0.023997,0.091886,0.031820,0.007797,0.005086
N20000164,0.055476,0.239041,0.404908,0.127411,0.032911,0.052428,0.072789,0.009043,0.005993
N20000165,0.023492,0.421873,0.223479,0.189185,0.011651,0.088620,0.035849,0.003525,0.002326
N20000166,0.035783,0.089916,0.642618,0.047011,0.034287,0.017161,0.121048,0.007268,0.004908
N20000167,0.022149,0.086730,0.683595,0.045289,0.018471,0.017589,0.119127,0.004206,0.002845
N20000168,0.019989,0.510873,0.104069,0.233601,0.008580,0.101079,0.017145,0.002818,0.001846
N20000169,0.364988,0.143756,0.149995,0.075282,0.129761,0.030568,0.029728,0.046485,0.029437
N20000170,0.022196,0.430041,0.248263,0.163589,0.010861,0.076513,0.043007,0.003347,0.002182
N20000171,0.029632,0.429103,0.228849,0.172012,0.013156,0.082771,0.037462,0.004241,0.002773
N20000172,0.172502,0.138150,0.380841,0.064948,0.093818,0.026201,0.079859,0.026459,0.017222
N20000173,0.210531,0.149936,0.295078,0.089747,0.112197,0.034964,0.054230,0.032082,0.021236
N20000174,0.017835,0.572202,0.061608,0.208153,0.005696,0.121545,0.009325,0.002204,0.001432
N20000175,0.092056,0.402215,0.170193,0.162014,0.040380,0.078350,0.033478,0.012956,0.008358
N20000176,0.041353,0.456669,0.164005,0.193731,0.017480,0.089953,0.027303,0.005732,0.003774
N20000177,0.120975,0.091621,0.513555,0.044420,0.073725,0.017647,0.105440,0.019759,0.012858
N20000178,0.391299,0.125197,0.151560,0.066214,0.130882,0.027492,0.029484,0.047364,0.030510
N20000179,0.038186,0.444562,0.187979,0.185175,0.016758,0.086538,0.031878,0.005405,0.003519
N20000180,0.014453,0.586354,0.051277,0.213622,0.005079,0.118097,0.008024,0.001877,0.001216
N20000181,0.019772,0.550683,0.091597,0.212733,0.006990,0.099189,0.014822,0.002556,0.001657
N20000182,0.021752,0.559839,0.079590,0.207136,0.007543,0.106493,0.013045,0.002798,0.001803
N20000183,0.019651,0.552300,0.100644,0.195594,0.007980,0.103201,0.016135,0.002719,0.001777
N20000184,0.026010,0.527966,0.126488,0.193892,0.010451,0.087348,0.021943,0.003586,0.002314
N20000185,0.035303,0.448844,0.191591,0.177754,0.015068,0.090340,0.032977,0.004917,0.003205
N20000186,0.089331,0.348600,0.225931,0.161716,0.039753,0.072139,0.041635,0.012691,0.008205
N20000187,0.017696,0.582901,0.054157,0.219709,0.005347,0.107978,0.008716,0.002127,0.001369
N20000188,0.046591,0.242021,0.415354,0.128630,0.030493,0.049794,0.073885,0.007945,0.005287
N20000189,0.015267,0.584360,0.053064,0.218884,0.005128,0.111553,0.008552,0.001946,0.001247
N20000190,0.020667,0.552766,0.074097,0.214661,0.008069,0.112934,0.012164,0.002819,0.001823
N20000191,0.022399,0.499844,0.138897,0.197764,0.010462,0.102263,0.022916,0.003308,0.002147
N20000192,0.019724,0.479551,0.164227,0.204016,0.007104,0.096317,0.024844,0.002543,0.001673
N20000193,0.019474,0.571038,0.051834,0.226599,0.006660,0.111630,0.008663,0.002504,0.001598
N20000194,0.016668,0.557816,0.120169,0.179984,0.006149,0.095786,0.019774,0.002230,0.001424
N20000195,0.016708,0.578947,0.052226,0.221855,0.005907,0.112180,0.008582,0.002193,0.001401
N20000196,0.013656,0.557618,0.082260,0.216112,0.005067,0.109304,0.012989,0.001817,0.001177
N20000197,0.013843,0.514948,0.146477,0.205951,0.005567,0.086035,0.024030,0.001910,0.001238
N20000198,0.015657,0.487555,0.184020,0.185608,0.007050,0.087237,0.029100,0.002283,0.001490
N20000199,0.016630,0.572025,0.061554,0.219900,0.005719,0.110724,0.009939,0.002135,0.001374
N20000200,0.010976,0.505504,0.156202,0.204513,0.004914,0.090145,0.025113,0.001592,0.001041
N20000201,0.230525,0.312095,0.095783,0.143472,0.083950,0.066354,0.018770,0.030033,0.019019
N20000202,0.015448,0.573308,0.071458,0.223783,0.005874,0.094676,0.012039,0.002080,0.001335
N20000203,0.150118,0.199719,0.337137,0.090757,0.079012,0.036841,0.068818,0.022792,0.014806
N20000204,0.117524,0.246920,0.323177,0.109382,0.060061,0.046557,0.067164,0.017730,0.011485
N20000205,0.072665,0.305828,0.313066,0.141822,0.035929,0.056763,0.055952,0.010886,0.007090
N20000206,0.079045,0.360564,0.215129,0.175914,0.035624,0.077264,0.037862,0.011243,0.007354
N20000207,0.653158,0.025993,0.024908,0.015453,0.157563,0.006559,0.004955,0.068753,0.042660
N20000208,0.605589,0.029624,0.031008,0.016091,0.187255,0.006696,0.006870,0.072309,0.044558
N20000209,0.627855,0.043887,0.029333,0.025931,0.149138,0.011389,0.005999,0.065626,0.040841
N20000210,0.640732,0.036596,0.022812,0.020451,0.155288,0.008883,0.004755,0.068540,0.041943
N20000211,0.066477,0.194276,0.453893,0.101345,0.041960,0.039970,0.083622,0.011098,0.007358
N20000212,0.039354,0.481461,0.138183,0.196032,0.015440,0.096938,0.023807,0.005332,0.003452
N20000213,0.048672,0.433114,0.187238,0.181435,0.018024,0.089968,0.031091,0.006321,0.004138
N20000214,0.020032,0.523670,0.047062,0.258301,0.007048,0.132575,0.007064,0.002560,0.001688
N20000215,0.052700,0.348494,0.259488,0.177230,0.027294,0.076714,0.044679,0.008071,0.005330
N20000216,0.033157,0.490066,0.093116,0.240218,0.014334,0.106096,0.015254,0.004687,0.003072
N20000217,0.063629,0.365691,0.215506,0.183906,0.034351,0.083535,0.036884,0.009905,0.006592
N20000218,0.046414,0.431257,0.164047,0.202468,0.021547,0.095436,0.027633,0.006761,0.004437
N20000219,0.155973,0.105389,0.446082,0.059654,0.086017,0.023309,0.083537,0.024075,0.015964
N20000220,0.054508,0.375848,0.206351,0.203205,0.025883,0.088467,0.032494,0.007946,0.005298
N20000221,0.030948,0.457296,0.162398,0.206663,0.013500,0.095502,0.026412,0.004398,0.002883
N20000222,0.066325,0.411113,0.171799,0.193554,0.025970,0.087296,0.029355,0.008812,0.005777
N20000223,0.082604,0.413638,0.136873,0.208195,0.029283,0.088499,0.023618,0.010464,0.006825
N20000224,0.129776,0.328873,0.168385,0.185688,0.053007,0.076582,0.028426,0.017695,0.011570
N20000225,0.048606,0.472222,0.151844,0.181303,0.020415,0.086661,0.027803,0.006783,0.004362
N20000226,0.085100,0.298541,0.291361,0.150579,0.041663,0.060324,0.051569,0.012584,0.008277
N20000227,0.092309,0.307401,0.251208,0.166817,0.045459,0.067787,0.046287,0.013722,0.009010
N20000228,0.045569,0.465544,0.148674,0.193620,0.019157,0.091796,0.025154,0.006355,0.004131
N20000229,0.037808,0.485463,0.148596,0.192646,0.014876,0.085643,0.026571,0.005113,0.003282
N20000230,0.117992,0.361704,0.169754,0.174721,0.044607,0.075233,0.030660,0.015337,0.009991
N20000231,0.280525,0.133919,0.220005,0.076796,0.145882,0.029234,0.043482,0.042407,0.027750
N20000232,0.084963,0.089895,0.572233,0.047351,0.053315,0.018397,0.110375,0.014171,0.009299
N20000233,0.321402,0.156071,0.163075,0.087330,0.133293,0.035412,0.031051,0.043998,0.028368
N20000234,0.280260,0.111160,0.260398,0.059482,0.142438,0.023732,0.053421,0.041951,0.027157
N20000235,0.291665,0.163205,0.195666,0.089474,0.121977,0.035394,0.037836,0.039179,0.025602
N20000236,0.191173,0.234824,0.237455,0.114414,0.083890,0.048379,0.045987,0.026637,0.017241
N20000237,0.173235,0.300104,0.171194,0.149271,0.073262,0.060740,0.033070,0.023735,0.015390
N20000238,0.417119,0.060922,0.161584,0.036529,0.182522,0.013735,0.032336,0.057879,0.037373
N20000239,0.215825,0.267580,0.150865,0.145354,0.083024,0.063594,0.026710,0.028567,0.018480
N20000240,0.356637,0.132369,0.172253,0.072835,0.128466,0.029515,0.034111,0.044848,0.028965
N20000241,0.094187,0.406323,0.143272,0.183382,0.037681,0.087923,0.026277,0.012743,0.008211
N20000242,0.104277,0.410285,0.131518,0.185711,0.039684,0.081282,0.024870,0.013587,0.008787
N20000243,0.463614,0.049255,0.127349,0.028341,0.191200,0.010963,0.027039,0.062312,0.039928
N20000244,0.494500,0.046998,0.082646,0.028641,0.207316,0.011010,0.017737,0.067971,0.043181
N20000245,0.636654,0.033823,0.029719,0.021600,0.154669,0.008840,0.006021,0.066750,0.041923
N20000246,0.535133,0.038307,0.068034,0.023022,0.199545,0.009114,0.015129,0.068234,0.043484
N20000247,0.478787,0.050492,0.112243,0.028359,0.191075,0.011203,0.023500,0.063804,0.040537
N20000248,0.084461,0.359383,0.213552,0.173046,0.034360,0.079448,0.036814,0.011475,0.007460
N20000249,0.578018,0.048939,0.056818,0.031908,0.156503,0.012532,0.010883,0.063864,0.040534
N20000250,0.570224,0.034511,0.046015,0.021969,0.193661,0.008590,0.009770,0.070668,0.044591
N20000251,0.605264,0.040230,0.031130,0.024853,0.170249,0.010592,0.006341,0.068401,0.042940
N20000252,0.591585,0.040615,0.042076,0.026254,0.170925,0.010480,0.008568,0.066967,0.042530
N20000253,0.469070,0.054926,0.098160,0.034818,0.202018,0.013302,0.020704,0.065331,0.041671
N20000254,0.454951,0.031114,0.118364,0.020240,0.230588,0.007542,0.025613,0.067884,0.043702
N20000255,0.537648,0.024929,0.053553,0.014912,0.229198,0.006350,0.011948,0.074446,0.047016
N20000256,0.557554,0.031375,0.049852,0.019607,0.206043,0.007771,0.010804,0.071554,0.045440
N20000257,0.107237,0.294624,0.235122,0.156337,0.066973,0.067647,0.042535,0.017708,0.011818
N20000258,0.041859,0.288885,0.356996,0.146451,0.024277,0.073554,0.056748,0.006712,0.004518
N20000259,0.040937,0.411418,0.189012,0.204097,0.019809,0.093638,0.030999,0.006072,0.004017
N20000260,0.035606,0.288991,0.368055,0.149097,0.022673,0.062780,0.062751,0.006019,0.004028
N20000261,0.036521,0.410817,0.183889,0.204518,0.020817,0.104599,0.029031,0.005882,0.003925
N20000262,0.018971,0.291983,0.401619,0.141142,0.010837,0.069555,0.060808,0.003047,0.002038
N20000263,0.046157,0.318342,0.310845,0.156938,0.026475,0.075641,0.053282,0.007391,0.004929
N20000264,0.089668,0.220534,0.395927,0.101481,0.046307,0.049570,0.074211,0.013438,0.008863
N20000265,0.114189,0.179775,0.404116,0.092475,0.066176,0.040032,0.072818,0.018346,0.012074
N20000266,0.038668,0.354095,0.273002,0.172878,0.020723,0.086313,0.044334,0.005998,0.003988
N20000267,0.315015,0.092235,0.250268,0.054112,0.144753,0.021523,0.048074,0.044859,0.029162
N20000268,0.113974,0.257707,0.286437,0.143760,0.058454,0.060631,0.050590,0.017091,0.011357
N20000269,0.052540,0.395830,0.194060,0.194335,0.028569,0.089022,0.031956,0.008253,0.005437
N20000270,0.487485,0.095265,0.076386,0.052837,0.153840,0.023437,0.015383,0.058496,0.036871
N20000271,0.294033,0.077101,0.268574,0.042094,0.167671,0.017716,0.055841,0.046706,0.030264
N20000272,0.382416,0.082479,0.153133,0.044296,0.190670,0.018268,0.034809,0.057465,0.036465
N20000273,0.532173,0.053684,0.061646,0.031888,0.185189,0.012708,0.013249,0.067255,0.042209
N20000274,0.034067,0.411053,0.179390,0.206533,0.018012,0.114454,0.027726,0.005246,0.003519
N20000275,0.294202,0.092799,0.262933,0.051584,0.149052,0.020110,0.057041,0.043958,0.028321
N20000276,0.458213,0.091520,0.100065,0.050003,0.162094,0.022091,0.020951,0.058251,0.036811
N20000277,0.591764,0.026630,0.035133,0.016987,0.197166,0.006748,0.007514,0.072364,0.045693
N20000278,0.043522,0.420436,0.163779,0.206849,0.020266,0.108637,0.025950,0.006361,0.004200
N20000279,0.176717,0.287056,0.204631,0.105063,0.087629,0.052648,0.043126,0.026288,0.016841
N20000280,0.046894,0.421068,0.160153,0.200936,0.023728,0.109159,0.026235,0.007122,0.004706
N20000281,0.132585,0.350712,0.140338,0.187573,0.047967,0.088613,0.024159,0.016998,0.011055
N20000282,0.452210,0.112932,0.068644,0.067429,0.163124,0.028771,0.013668,0.056525,0.036698
N20000283,0.502337,0.061377,0.076075,0.035804,0.186726,0.014307,0.016465,0.065673,0.041236
N20000284,0.567055,0.038549,0.033036,0.022807,0.203579,0.009434,0.007747,0.072520,0.045273
N20000285,0.188641,0.331029,0.088520,0.179118,0.061597,0.098610,0.014628,0.022865,0.014990
N20000286,0.589455,0.030513,0.027016,0.018830,0.200617,0.007692,0.005986,0.073817,0.046074
N20000287,0.617462,0.032308,0.018719,0.020015,0.181594,0.008540,0.004050,0.072441,0.044869
N20000288,0.484194,0.129227,0.046934,0.073320,0.136183,0.031399,0.009291,0.054856,0.034595
N20000289,0.571338,0.048426,0.052444,0.028096,0.169928,0.011406,0.010719,0.066022,0.041622
N20000290,0.573834,0.043592,0.046851,0.024648,0.179746,0.010643,0.009614,0.068205,0.042868
N20000291,0.575716,0.044253,0.022206,0.028318,0.197491,0.011222,0.004662,0.070981,0.045150
N20000292,0.631405,0.025739,0.016058,0.015830,0.182854,0.006677,0.003655,0.072614,0.045168
N20000293,0.341176,0.097096,0.218895,0.061071,0.141463,0.023341,0.040979,0.045936,0.030043
N20000294,0.637705,0.023825,0.015995,0.014706,0.180478,0.006087,0.003619,0.072612,0.044973
N20000295,0.441357,0.157675,0.042255,0.096107,0.130831,0.039618,0.008276,0.051338,0.032543
N20000296,0.362050,0.219902,0.051293,0.133181,0.097956,0.060709,0.008918,0.040197,0.025794
N20000297,0.647899,0.055885,0.020011,0.028869,0.128314,0.014886,0.004103,0.062039,0.037994
N20000298,0.671758,0.019337,0.010262,0.012553,0.163736,0.005439,0.002134,0.070669,0.044112
N20000299,0.633325,0.062010,0.012872,0.040605,0.131173,0.018451,0.002420,0.060551,0.038592
N20000300,0.653570,0.036486,0.015996,0.023525,0.148653,0.010256,0.003130,0.066628,0.041754
N20000301,0.605396,0.048722,0.026936,0.030085,0.161274,0.014197,0.005354,0.066150,0.041887
N20000302,0.475544,0.157876,0.028235,0.098076,0.110687,0.044511,0.005094,0.048846,0.031131
N20000303,0.659649,0.026781,0.022576,0.015838,0.153552,0.006796,0.004698,0.068053,0.042057
N20000304,0.445995,0.146985,0.064012,0.075748,0.134970,0.033992,0.013007,0.052413,0.032878
N20000305,0.093429,0.442325,0.044146,0.231557,0.030096,0.132808,0.007014,0.011258,0.007365
N20000306,0.361668,0.180439,0.071079,0.108554,0.138498,0.047511,0.013657,0.047920,0.030674
N20000307,0.266211,0.245069,0.103563,0.144546,0.101176,0.062184,0.019636,0.035071,0.022544
N20000308,0.324661,0.277183,0.083254,0.097526,0.083714,0.059781,0.017498,0.034825,0.021558
N20000309,0.596719,0.057689,0.033563,0.028755,0.156904,0.013511,0.007417,0.065251,0.040192
N20000310,0.406112,0.196055,0.047422,0.118179,0.097205,0.057207,0.008110,0.042529,0.027182
N20000311,0.441330,0.073564,0.111483,0.042898,0.189956,0.018473,0.022443,0.060761,0.039092
N20000312,0.580023,0.041627,0.040646,0.023756,0.182677,0.010188,0.009145,0.068752,0.043186
N20000313,0.505166,0.118166,0.064322,0.044609,0.137372,0.024326,0.015545,0.056403,0.034092
N20000314,0.176548,0.361073,0.105517,0.169798,0.055597,0.077276,0.020237,0.020622,0.013332
N20000315,0.235613,0.178008,0.249352,0.072859,0.116201,0.032625,0.058499,0.034832,0.022011
N20000316,0.595842,0.061064,0.043213,0.028151,0.146302,0.013102,0.009471,0.064128,0.038728
N20000317,0.639387,0.043635,0.027694,0.022936,0.145345,0.010514,0.006087,0.064542,0.039859
N20000318,0.663363,0.039892,0.015072,0.020875,0.141753,0.009856,0.003301,0.065709,0.040179
N20000319,0.503128,0.131625,0.053499,0.052569,0.130271,0.028477,0.012086,0.054965,0.033381
N20000320,0.110028,0.436947,0.132607,0.151401,0.036409,0.083993,0.026653,0.013509,0.008453
N20000321,0.672666,0.021106,0.014610,0.011696,0.158410,0.005307,0.003237,0.070146,0.042822
N20000322,0.685018,0.025814,0.013062,0.013849,0.144216,0.006296,0.002938,0.067733,0.041074
N20000323,0.578505,0.062255,0.041475,0.026205,0.162729,0.013729,0.009979,0.065315,0.039807
N20000324,0.284628,0.307240,0.081438,0.113321,0.081698,0.061374,0.017883,0.032379,0.020039
N20000325,0.235028,0.296606,0.109063,0.137300,0.081004,0.071457,0.021351,0.029521,0.018671
N20000326,0.045498,0.568326,0.026692,0.222336,0.013380,0.110209,0.004918,0.005293,0.003348
N20000327,0.689578,0.027027,0.010907,0.015257,0.139403,0.006889,0.002253,0.067699,0.040988
N20000328,0.404441,0.176005,0.077867,0.078033,0.128504,0.040260,0.016748,0.047950,0.030193
N20000329,0.674110,0.029873,0.013150,0.017138,0.146288,0.008010,0.002865,0.067138,0.041427
N20000330,0.630335,0.050399,0.028958,0.029235,0.139319,0.012993,0.005907,0.063412,0.039442
N20000331,0.571443,0.037010,0.048160,0.023224,0.186769,0.009985,0.009916,0.069572,0.043920
N20000332,0.466559,0.121181,0.059925,0.070848,0.147771,0.030472,0.011715,0.055920,0.035609
N20000333,0.271608,0.312247,0.052855,0.158246,0.071717,0.074948,0.009743,0.029752,0.018884
N20000334,0.307401,0.175832,0.154888,0.097081,0.125000,0.042666,0.028973,0.041412,0.026746
N20000335,0.612824,0.043811,0.019710,0.026218,0.168824,0.011303,0.004330,0.069877,0.043103
N20000336,0.507670,0.100519,0.044727,0.061293,0.152385,0.027470,0.008936,0.059364,0.037636
N20000337,0.500168,0.085098,0.055994,0.051595,0.172524,0.021530,0.011653,0.061897,0.039541
N20000338,0.093494,0.439955,0.027015,0.230894,0.027249,0.159620,0.003942,0.010756,0.007077
N20000339,0.467255,0.144791,0.052584,0.080562,0.122842,0.037966,0.010204,0.051429,0.032367
N20000340,0.120610,0.429128,0.012426,0.247092,0.024882,0.144639,0.001907,0.011712,0.007604
N20000341,0.501974,0.109771,0.048273,0.067569,0.139108,0.031546,0.009147,0.056672,0.035941
N20000342,0.658990,0.028043,0.012871,0.016535,0.159673,0.008194,0.002593,0.069859,0.043243
N20000343,0.377645,0.224210,0.035743,0.134334,0.084226,0.075347,0.005886,0.038068,0.024541
N20000344,0.466609,0.166982,0.027134,0.101824,0.100035,0.057811,0.004476,0.045601,0.029528
N20000345,0.626809,0.075555,0.017074,0.046187,0.111810,0.027041,0.002916,0.056776,0.035831
N20000346,0.476529,0.152221,0.040696,0.089608,0.106330,0.048644,0.007007,0.048231,0.030735
N20000347,0.670016,0.046340,0.008592,0.028672,0.127419,0.014953,0.001672,0.063145,0.039191
N20000348,0.660369,0.031183,0.014421,0.017317,0.154752,0.008325,0.003176,0.068410,0.042049
N20000349,0.657981,0.038787,0.015324,0.020918,0.146251,0.009603,0.003334,0.066935,0.040866
N20000350,0.677628,0.024235,0.012191,0.014222,0.151739,0.006213,0.002635,0.068834,0.042303
N20000351,0.641295,0.054622,0.019104,0.026286,0.138069,0.012656,0.004276,0.064743,0.038948
N20000352,0.651255,0.042425,0.024901,0.022057,0.139777,0.010021,0.005280,0.064653,0.039630
N20000353,0.682629,0.048399,0.010106,0.029642,0.114197,0.015285,0.001868,0.060399,0.037474
N20000354,0.636635,0.051302,0.021924,0.033511,0.135177,0.016173,0.004063,0.061790,0.039424
N20000355,0.673046,0.013374,0.012771,0.009106,0.169276,0.003905,0.002704,0.071050,0.044770
N20000356,0.387240,0.223218,0.027607,0.124531,0.101164,0.062128,0.004878,0.042203,0.027029
N20000357,0.015561,0.578089,0.006594,0.231021,0.003465,0.161722,0.000940,0.001577,0.001030
N20000358,0.129904,0.433717,0.028432,0.219068,0.033353,0.127705,0.004499,0.014184,0.009137
N20000359,0.015800,0.580128,0.024906,0.207186,0.005243,0.159813,0.003677,0.001961,0.001286
N20000360,0.259512,0.301462,0.059177,0.166313,0.069732,0.087137,0.009639,0.028484,0.018542
N20000361,0.489028,0.111475,0.061565,0.061627,0.142745,0.030296,0.011588,0.055876,0.035800
N20000362,0.053542,0.528146,0.020012,0.214046,0.012565,0.159561,0.002971,0.005544,0.003613
N20000363,0.052870,0.499491,0.037698,0.243119,0.015082,0.136015,0.005765,0.006021,0.003940
N20000364,0.120962,0.419230,0.051840,0.222002,0.040445,0.112444,0.008359,0.014975,0.009744
N20000365,0.040592,0.514720,0.031858,0.251648,0.011660,0.136855,0.004953,0.004668,0.003046
N20000366,0.044939,0.498174,0.039686,0.242238,0.013480,0.146965,0.005803,0.005260,0.003456
N20000367,0.160058,0.387516,0.056979,0.199583,0.041929,0.116193,0.009017,0.017396,0.011329
N20000368,0.073740,0.532183,0.048764,0.181086,0.023224,0.117150,0.009433,0.008846,0.005573
N20000369,0.082668,0.475617,0.037162,0.206328,0.021005,0.156969,0.005559,0.008889,0.005803
N20000370,0.627769,0.035698,0.027613,0.021746,0.161760,0.009111,0.005665,0.068207,0.042430
N20000371,0.633281,0.027502,0.031482,0.015731,0.166664,0.006483,0.006765,0.069223,0.042870
N20000372,0.650635,0.024518,0.024148,0.015475,0.162290,0.006728,0.005120,0.068028,0.043058
N20000373,0.675921,0.027852,0.012618,0.015124,0.149258,0.006775,0.002829,0.068082,0.041541
N20000374,0.602066,0.031822,0.045051,0.017103,0.175208,0.007369,0.009712,0.068875,0.042796
N20000375,0.619210,0.048163,0.029164,0.020999,0.157579,0.009832,0.007166,0.067503,0.040384
N20000376,0.580834,0.078954,0.056983,0.034761,0.125502,0.017129,0.012233,0.058385,0.035219
N20000377,0.111985,0.443058,0.115313,0.159759,0.037764,0.084688,0.025072,0.013745,0.008617
N20000378,0.677661,0.021820,0.018352,0.013748,0.149391,0.005786,0.003770,0.067408,0.042065
N20000379,0.538801,0.078483,0.067186,0.034318,0.151393,0.016005,0.015339,0.061267,0.037208
N20000380,0.593420,0.049624,0.030303,0.028371,0.169603,0.011977,0.006372,0.067982,0.042348
N20000381,0.625029,0.069902,0.020520,0.031223,0.133186,0.015407,0.004785,0.062393,0.037556
N20000382,0.552680,0.099791,0.046919,0.035236,0.139832,0.019069,0.011996,0.059050,0.035427
N20000383,0.069772,0.467014,0.042148,0.246830,0.022500,0.131044,0.006711,0.008460,0.005522
N20000384,0.028461,0.409374,0.241353,0.167695,0.014587,0.092030,0.039360,0.004288,0.002850
N20000385,0.021844,0.595797,0.074102,0.175248,0.007215,0.108020,0.013311,0.002738,0.001724
N20000386,0.554892,0.109793,0.037485,0.038815,0.134279,0.021493,0.009794,0.058623,0.034827
N20000387,0.020686,0.577274,0.038714,0.231005,0.006320,0.115478,0.006494,0.002451,0.001578
N20000388,0.019501,0.623737,0.039899,0.189878,0.005939,0.109886,0.007346,0.002346,0.001470
N20000389,0.054384,0.556462,0.044794,0.201267,0.016153,0.108000,0.008598,0.006339,0.004003
N20000390,0.055000,0.567295,0.049024,0.188821,0.015474,0.104669,0.009480,0.006297,0.003942
N20000391,0.046463,0.579187,0.044866,0.192275,0.014950,0.104068,0.008912,0.005719,0.003560
N20000392,0.034419,0.564433,0.042727,0.216737,0.010702,0.116915,0.007301,0.004124,0.002641
N20000393,0.078286,0.480219,0.101790,0.185770,0.024212,0.094476,0.020227,0.009200,0.005819
N20000394,0.025193,0.600793,0.035759,0.198099,0.007592,0.121543,0.006120,0.002999,0.001904
N20000395,0.237745,0.368907,0.094087,0.103830,0.062673,0.068424,0.022945,0.025798,0.015592
N20000396,0.026236,0.587078,0.040690,0.213737,0.008097,0.111632,0.007383,0.003156,0.001990
N20000397,0.015864,0.553088,0.048116,0.235520,0.006416,0.129987,0.007418,0.002166,0.001425
N20000398,0.153087,0.428918,0.094614,0.143671,0.051880,0.075440,0.021894,0.018809,0.011688
N20000399,0.047596,0.563671,0.039104,0.207097,0.012628,0.114300,0.007001,0.005278,0.003325
N20000400,0.212788,0.332924,0.153754,0.100524,0.066709,0.054787,0.037884,0.025245,0.015385
N20000401,0.553552,0.095964,0.039410,0.052388,0.129547,0.029366,0.007162,0.056527,0.036085
N20000402,0.047715,0.549984,0.050528,0.202077,0.015109,0.115864,0.009311,0.005756,0.003655
N20000403,0.235694,0.387353,0.070917,0.113576,0.066452,0.065925,0.017323,0.026631,0.016128
N20000404,0.037369,0.545368,0.051985,0.218078,0.011328,0.119806,0.008828,0.004417,0.002821
N20000405,0.074574,0.454268,0.115536,0.193786,0.025060,0.100904,0.020873,0.009117,0.005883
N20000406,0.013343,0.563653,0.022776,0.251398,0.004327,0.138227,0.003559,0.001653,0.001065
N20000407,0.029699,0.559256,0.041038,0.223029,0.010262,0.123452,0.007102,0.003758,0.002404
N20000408,0.056887,0.498047,0.044089,0.247330,0.021955,0.111548,0.007648,0.007581,0.004916
N20000409,0.018140,0.548376,0.031563,0.252906,0.005149,0.135744,0.004702,0.002071,0.001349
N20000410,0.055501,0.522117,0.059436,0.207906,0.015706,0.118586,0.010475,0.006269,0.004002
N20000411,0.191642,0.346072,0.137657,0.121080,0.072337,0.059443,0.031583,0.024726,0.015461
N20000412,0.044153,0.531835,0.040142,0.217846,0.014162,0.136068,0.007028,0.005345,0.003421
N20000413,0.060964,0.515723,0.079073,0.187814,0.019789,0.109697,0.014787,0.007438,0.004717
N20000414,0.035592,0.489670,0.075279,0.252963,0.013460,0.113206,0.012119,0.004648,0.003064
N20000415,0.034853,0.534780,0.044127,0.234663,0.011201,0.126032,0.007378,0.004232,0.002735
N20000416,0.107968,0.371276,0.133927,0.207409,0.037452,0.098597,0.021111,0.013417,0.008843
N20000417,0.020253,0.543847,0.049218,0.245856,0.007705,0.120679,0.008002,0.002688,0.001752
N20000418,0.170517,0.366939,0.079381,0.163701,0.050854,0.123252,0.012546,0.019876,0.012933
N20000419,0.032586,0.496432,0.054935,0.248059,0.011029,0.142014,0.008213,0.004067,0.002665
N20000420,0.023515,0.495950,0.061195,0.249521,0.008775,0.147151,0.008790,0.003070,0.002033
N20000421,0.493672,0.117013,0.054696,0.067350,0.133431,0.033682,0.010085,0.055174,0.034897
N20000422,0.580664,0.069670,0.043096,0.039327,0.138184,0.023235,0.007483,0.059971,0.038369
N20000423,0.654486,0.026203,0.022494,0.018017,0.156167,0.007377,0.004448,0.067957,0.042851
N20000424,0.605002,0.041300,0.038510,0.025986,0.161537,0.011694,0.007416,0.066434,0.042121
N20000425,0.582339,0.041614,0.037449,0.022998,0.183732,0.009847,0.008527,0.070094,0.043401
N20000426,0.687135,0.022863,0.011361,0.015534,0.144751,0.006540,0.002265,0.067482,0.042070
N20000427,0.601487,0.015976,0.039281,0.010808,0.200241,0.004164,0.008099,0.073427,0.046516
N20000428,0.626489,0.033331,0.032433,0.021522,0.161015,0.008600,0.006533,0.067700,0.042376
N20000429,0.641278,0.031990,0.024922,0.018977,0.158612,0.008242,0.005190,0.068454,0.042334
N20000430,0.029899,0.521269,0.067324,0.200031,0.009653,0.155497,0.010334,0.003627,0.002366
N20000431,0.678564,0.026985,0.019055,0.014925,0.141908,0.006565,0.003993,0.067068,0.040938
N20000432,0.682661,0.022627,0.016770,0.012499,0.146325,0.005458,0.003529,0.068484,0.041645
N20000433,0.434472,0.104379,0.130089,0.046725,0.147776,0.021963,0.028943,0.052289,0.033364
N20000434,0.360110,0.194728,0.117159,0.083937,0.111270,0.038366,0.025430,0.042538,0.026461
N20000435,0.527182,0.041922,0.087994,0.021874,0.185304,0.009240,0.019992,0.065321,0.041170
N20000436,0.398054,0.160652,0.107392,0.073294,0.127564,0.032462,0.024008,0.046897,0.029677
N20000437,0.413089,0.102548,0.128275,0.046063,0.169262,0.021395,0.028588,0.055776,0.035005
N20000438,0.337550,0.185278,0.146997,0.082007,0.113443,0.036086,0.032445,0.040412,0.025783
N20000439,0.639877,0.034211,0.034334,0.018780,0.149894,0.008038,0.007400,0.066619,0.040846
N20000440,0.128825,0.473999,0.066795,0.145553,0.038038,0.109779,0.012711,0.014910,0.009390
N20000441,0.562695,0.073787,0.049752,0.035259,0.150941,0.017280,0.011085,0.060977,0.038223
N20000442,0.571408,0.088368,0.047151,0.043027,0.127067,0.020236,0.009709,0.057450,0.035585
N20000443,0.105004,0.354528,0.223498,0.132197,0.044242,0.073320,0.043562,0.014427,0.009223
N20000444,0.321722,0.273652,0.093198,0.087396,0.092058,0.051021,0.022637,0.036102,0.022214
N20000445,0.434556,0.057009,0.156376,0.027507,0.180573,0.011194,0.037271,0.058595,0.036918
N20000446,0.123735,0.408912,0.104967,0.185813,0.039853,0.093308,0.019071,0.014797,0.009543
N20000447,0.254535,0.223118,0.187831,0.092521,0.102256,0.043170,0.041501,0.033627,0.021441
N20000448,0.627084,0.041229,0.032406,0.024230,0.151807,0.010541,0.006717,0.065144,0.040840
N20000449,0.603057,0.049279,0.043074,0.025934,0.153858,0.011248,0.009363,0.064182,0.040003
N20000450,0.022932,0.518027,0.060671,0.253829,0.009463,0.120142,0.009719,0.003152,0.002066
N20000451,0.063437,0.448508,0.129664,0.183421,0.028189,0.108708,0.023265,0.009001,0.005807
N20000452,0.612616,0.042110,0.045774,0.023686,0.151458,0.009901,0.009797,0.064393,0.040264
N20000453,0.600490,0.046090,0.046349,0.025670,0.156134,0.010907,0.009815,0.064175,0.040370
N20000454,0.630966,0.043971,0.024423,0.024935,0.152969,0.010426,0.005256,0.066067,0.040987
N20000455,0.049001,0.417296,0.184404,0.192126,0.021896,0.091310,0.032512,0.006904,0.004549
N20000456,0.050230,0.437631,0.143423,0.210598,0.022956,0.098924,0.024370,0.007155,0.004713
N20000457,0.037802,0.475195,0.126441,0.194974,0.016000,0.119607,0.021337,0.005230,0.003413
N20000458,0.280280,0.247017,0.109476,0.139431,0.089233,0.060774,0.019166,0.033027,0.021598
N20000459,0.043117,0.459900,0.139525,0.200555,0.017358,0.105993,0.023942,0.005835,0.003774
N20000460,0.046095,0.420696,0.185247,0.182299,0.021182,0.101608,0.031944,0.006610,0.004319
N20000461,0.035108,0.460735,0.153250,0.183800,0.015846,0.117661,0.025261,0.005050,0.003289
N20000462,0.013888,0.494428,0.113380,0.226571,0.007223,0.122995,0.017953,0.002142,0.001419
N20000463,0.015526,0.504966,0.107888,0.214069,0.006248,0.131977,0.015826,0.002104,0.001394
N20000464,0.017175,0.376862,0.280324,0.170843,0.009581,0.096580,0.044108,0.002711,0.001816
N20000465,0.235740,0.300534,0.093826,0.174668,0.064439,0.071976,0.015696,0.026193,0.016928
N20000466,0.030185,0.573212,0.040597,0.202113,0.008325,0.133325,0.006646,0.003417,0.002180
N20000467,0.318748,0.164777,0.164623,0.091500,0.121472,0.041311,0.029973,0.040872,0.026725
N20000468,0.062666,0.513836,0.084559,0.181865,0.021149,0.106876,0.016383,0.007742,0.004923
N20000469,0.021575,0.514704,0.065025,0.249438,0.008135,0.126681,0.009738,0.002827,0.001876
N20000470,0.017372,0.523611,0.069186,0.217224,0.006188,0.152792,0.009933,0.002227,0.001467
N20000471,0.010664,0.508197,0.106343,0.221661,0.005125,0.129234,0.016137,0.001587,0.001052
N20000472,0.031896,0.536012,0.054684,0.206696,0.012048,0.142720,0.008995,0.004222,0.002727
N20000473,0.101696,0.367685,0.159508,0.183983,0.044161,0.092099,0.027174,0.014366,0.009328
N20000474,0.029605,0.514147,0.054749,0.233733,0.010087,0.143532,0.008011,0.003696,0.002441
N20000475,0.017205,0.507378,0.092799,0.224982,0.007353,0.132238,0.014047,0.002398,0.001599
N20000476,0.541689,0.072583,0.068856,0.048258,0.140412,0.019724,0.012838,0.058337,0.037302
N20000477,0.662972,0.018593,0.017865,0.012478,0.165488,0.005180,0.003651,0.069671,0.044102
N20000478,0.520831,0.052797,0.099907,0.035784,0.158220,0.014766,0.018766,0.060102,0.038826
N20000479,0.688267,0.023547,0.022531,0.015843,0.134388,0.006586,0.004293,0.064108,0.040434
N20000480,0.636559,0.019952,0.030513,0.014127,0.172803,0.005529,0.006079,0.070025,0.044412
N20000481,0.652176,0.024164,0.028868,0.016457,0.155598,0.006783,0.005668,0.067567,0.042719
N20000482,0.315375,0.115861,0.236449,0.074750,0.118960,0.029148,0.042403,0.040509,0.026545
N20000483,0.597648,0.018830,0.028548,0.012553,0.208307,0.005018,0.006462,0.075363,0.047270
N20000484,0.609055,0.021742,0.032285,0.014263,0.191955,0.005593,0.007117,0.072448,0.045542
N20000485,0.650678,0.018840,0.014797,0.012131,0.176958,0.004985,0.003251,0.073152,0.045207
N20000486,0.652401,0.015883,0.014418,0.010193,0.181060,0.004338,0.003176,0.072944,0.045586
N20000487,0.644211,0.016132,0.021164,0.011268,0.180296,0.004569,0.004357,0.072323,0.045680
N20000488,0.295130,0.112409,0.245055,0.062589,0.138115,0.028473,0.048983,0.041812,0.027434
N20000489,0.678999,0.024505,0.014718,0.016713,0.145874,0.006837,0.002907,0.067408,0.042039
N20000490,0.686364,0.021092,0.013928,0.011983,0.147585,0.005233,0.002959,0.068921,0.041935
N20000491,0.692347,0.023621,0.017287,0.014728,0.135620,0.006286,0.003480,0.065978,0.040653
N20000492,0.681219,0.021354,0.009466,0.013379,0.153824,0.005643,0.002034,0.070119,0.042962
N20000493,0.565434,0.015832,0.043070,0.010274,0.227682,0.003953,0.010186,0.075816,0.047753
N20000494,0.703657,0.017986,0.007080,0.010567,0.143599,0.004799,0.001535,0.068934,0.041842
N20000495,0.639988,0.018329,0.018846,0.011833,0.183311,0.004932,0.004063,0.073063,0.045636
N20000496,0.599745,0.025946,0.036893,0.015153,0.191124,0.006092,0.008334,0.071874,0.044840
N20000497,0.631836,0.014694,0.018912,0.010003,0.195003,0.004039,0.004120,0.074514,0.046879
N20000498,0.508090,0.088951,0.070470,0.033960,0.163403,0.018840,0.017254,0.061699,0.037332
N20000499,0.687763,0.019127,0.011357,0.012669,0.149749,0.005363,0.002349,0.068908,0.042715
N20000500,0.578239,0.056612,0.053490,0.028721,0.154888,0.013528,0.011836,0.063351,0.039336
N20000501,0.050098,0.245455,0.415549,0.121597,0.028640,0.058315,0.067091,0.007928,0.005327
N20000502,0.088102,0.328741,0.232381,0.179398,0.039666,0.071078,0.039930,0.012478,0.008227
N20000503,0.658951,0.026484,0.016727,0.016999,0.157798,0.006928,0.003488,0.069573,0.043053
N20000504,0.576696,0.088308,0.040610,0.035059,0.134538,0.019696,0.009610,0.059493,0.035989
N20000505,0.662366,0.028985,0.017183,0.015441,0.154685,0.006638,0.003941,0.068806,0.041956
N20000506,0.603905,0.050382,0.032374,0.022207,0.164312,0.010620,0.007945,0.067368,0.040887
N20000507,0.088212,0.401219,0.157053,0.180611,0.034613,0.091959,0.026885,0.011805,0.007643
N20000508,0.640502,0.039446,0.026416,0.019768,0.151259,0.009543,0.005807,0.066537,0.040723
N20000509,0.568478,0.055820,0.061664,0.024263,0.159944,0.011743,0.014673,0.064282,0.039134
N20000510,0.050216,0.407874,0.191804,0.177211,0.025451,0.103591,0.031315,0.007546,0.004992
N20000511,0.680942,0.018825,0.012717,0.011689,0.155511,0.004948,0.002752,0.069631,0.042986
N20000512,0.612184,0.069362,0.022981,0.030634,0.142321,0.015292,0.005394,0.063288,0.038544
N20000513,0.101914,0.284448,0.275039,0.153957,0.046050,0.067024,0.047558,0.014477,0.009533
N20000514,0.052271,0.424798,0.186179,0.182086,0.020225,0.091088,0.032001,0.006861,0.004491
N20000515,0.206537,0.385118,0.081570,0.134402,0.061829,0.073651,0.017839,0.024072,0.014982
N20000516,0.632525,0.018813,0.023049,0.010358,0.187458,0.004296,0.005137,0.073105,0.045259
N20000517,0.019644,0.548564,0.040085,0.231125,0.006133,0.144669,0.005871,0.002368,0.001541
N20000518,0.019405,0.464065,0.142388,0.220090,0.009788,0.118086,0.021276,0.002940,0.001962
N20000519,0.068196,0.534917,0.039762,0.210182,0.019220,0.107776,0.007233,0.007772,0.004943
N20000520,0.019040,0.471996,0.139750,0.213811,0.008287,0.121954,0.020696,0.002683,0.001783
N20000521,0.121346,0.369871,0.135292,0.176013,0.046336,0.102243,0.022600,0.015899,0.010400
N20000522,0.691136,0.020817,0.010206,0.013154,0.146254,0.005717,0.002146,0.068340,0.042230
N20000523,0.037725,0.524283,0.064085,0.221594,0.012884,0.121263,0.010411,0.004695,0.003060
N20000524,0.573433,0.057862,0.053232,0.029792,0.157835,0.012416,0.011418,0.064239,0.039774
N20000525,0.385861,0.203742,0.078608,0.094990,0.107883,0.042610,0.015985,0.043240,0.027080
N20000526,0.095517,0.415400,0.179056,0.139665,0.036060,0.077787,0.036218,0.012393,0.007904
N20000527,0.154475,0.426467,0.103723,0.140605,0.046916,0.076484,0.021962,0.018057,0.011311
N20000528,0.673271,0.031423,0.013572,0.017933,0.144089,0.007983,0.002897,0.067622,0.041210
N20000529,0.055890,0.502688,0.103969,0.181249,0.019505,0.106795,0.018284,0.007086,0.004534
N20000530,0.639866,0.024371,0.026577,0.015203,0.168777,0.006428,0.005562,0.069647,0.043569
N20000531,0.020120,0.474580,0.163656,0.192950,0.010265,0.107176,0.026154,0.003073,0.002026
N20000532,0.637435,0.036105,0.029898,0.018438,0.154065,0.008686,0.006734,0.067513,0.041125
N20000533,0.047688,0.482407,0.134570,0.183965,0.017451,0.100057,0.023798,0.006100,0.003964
N20000534,0.070803,0.519754,0.071300,0.189123,0.022421,0.099111,0.013522,0.008539,0.005427
N20000535,0.657959,0.023699,0.013926,0.013609,0.167680,0.005980,0.003145,0.070326,0.043676
N20000536,0.630347,0.038158,0.022996,0.021017,0.162920,0.009442,0.005141,0.067843,0.042136
N20000537,0.049218,0.494619,0.088149,0.203346,0.019366,0.119689,0.014802,0.006549,0.004261
N20000538,0.643662,0.023226,0.024741,0.014376,0.168796,0.005928,0.005205,0.070296,0.043769
N20000539,0.037487,0.587202,0.035215,0.199922,0.010533,0.116391,0.006235,0.004296,0.002718
N20000540,0.059190,0.564801,0.048682,0.178848,0.015478,0.113436,0.008914,0.006538,0.004113
N20000541,0.689536,0.023178,0.010924,0.013791,0.144640,0.006063,0.002365,0.067874,0.041631
N20000542,0.041591,0.534317,0.034528,0.227365,0.012570,0.135901,0.005703,0.004877,0.003148
N20000543,0.686547,0.025418,0.015782,0.016038,0.139058,0.006745,0.003205,0.066221,0.040985
N20000544,0.018151,0.585329,0.032249,0.215971,0.005889,0.133549,0.005162,0.002252,0.001449
N20000545,0.026038,0.505130,0.076538,0.223598,0.009059,0.143153,0.011067,0.003259,0.002156
N20000546,0.031600,0.556322,0.065204,0.202985,0.010180,0.116779,0.010570,0.003872,0.002487
N20000547,0.028877,0.478927,0.129627,0.190515,0.010859,0.135407,0.019548,0.003772,0.002468
N20000548,0.039407,0.579374,0.040564,0.186009,0.011269,0.129041,0.006923,0.004527,0.002885
N20000549,0.021317,0.493807,0.092663,0.219896,0.008245,0.145862,0.013522,0.002820,0.001870
N20000550,0.020871,0.509634,0.114187,0.211066,0.008425,0.112650,0.018459,0.002844,0.001864
N20000551,0.025379,0.491602,0.080684,0.224511,0.012071,0.147427,0.012092,0.003754,0.002481
N20000552,0.020006,0.462601,0.160040,0.196350,0.008644,0.124308,0.023373,0.002809,0.001869
N20000553,0.020495,0.509109,0.111353,0.192604,0.008337,0.136627,0.016814,0.002810,0.001849
N20000554,0.024700,0.470366,0.132753,0.200405,0.011278,0.135088,0.019476,0.003564,0.002371
N20000555,0.022001,0.512176,0.087665,0.221867,0.009000,0.128791,0.013481,0.003026,0.001993
N20000556,0.033690,0.506410,0.078239,0.218871,0.013145,0.129919,0.012264,0.004504,0.002957
N20000557,0.030873,0.463105,0.123639,0.215071,0.017248,0.123188,0.018706,0.004898,0.003272
N20000558,0.025881,0.497137,0.071744,0.247336,0.010402,0.130646,0.011040,0.003492,0.002322
N20000559,0.017064,0.518711,0.054242,0.244323,0.006813,0.146715,0.008293,0.002310,0.001527
N20000560,0.041459,0.405968,0.197743,0.186628,0.019832,0.106906,0.031324,0.006103,0.004037
N20000561,0.022766,0.439460,0.176048,0.203399,0.011729,0.114362,0.026447,0.003470,0.002319
N20000562,0.032694,0.442739,0.128321,0.220048,0.014542,0.135097,0.018869,0.004600,0.003089
N20000563,0.061489,0.215451,0.434928,0.110309,0.029825,0.066442,0.066628,0.008915,0.006013
N20000564,0.029141,0.432078,0.178949,0.196532,0.011973,0.117858,0.026856,0.003971,0.002643
N20000565,0.074532,0.382873,0.176460,0.186733,0.033255,0.100047,0.028632,0.010518,0.006950
N20000566,0.043617,0.517888,0.070467,0.211281,0.013341,0.123900,0.010971,0.005171,0.003365
N20000567,0.021640,0.512979,0.072329,0.227835,0.007669,0.142376,0.010584,0.002768,0.001820
N20000568,0.028108,0.291051,0.376225,0.140489,0.016718,0.080861,0.058904,0.004575,0.003069
N20000569,0.059768,0.448288,0.106666,0.212753,0.021925,0.121583,0.016222,0.007702,0.005094
N20000570,0.056940,0.415947,0.197244,0.173107,0.022258,0.089433,0.032493,0.007631,0.004947
N20000571,0.056404,0.324518,0.289055,0.157759,0.023998,0.089647,0.045749,0.007724,0.005146
N20000572,0.023604,0.455365,0.145550,0.207212,0.011554,0.129146,0.021690,0.003526,0.002352
N20000573,0.051215,0.303103,0.347470,0.139614,0.024118,0.064329,0.057920,0.007332,0.004899
N20000574,0.045075,0.454032,0.152848,0.196016,0.017297,0.100539,0.024321,0.005960,0.003911
N20000575,0.020439,0.330734,0.357425,0.143560,0.010084,0.079659,0.053031,0.003030,0.002038
N20000576,0.023908,0.377947,0.280510,0.165727,0.012397,0.090422,0.042998,0.003650,0.002441
N20000577,0.055863,0.351240,0.258003,0.160902,0.028845,0.089375,0.041739,0.008403,0.005631
N20000578,0.047843,0.297216,0.351275,0.136157,0.025531,0.072811,0.056930,0.007330,0.004907
N20000579,0.032328,0.428177,0.172618,0.205957,0.014985,0.111940,0.026196,0.004681,0.003118
N20000580,0.037472,0.449102,0.138740,0.208150,0.015253,0.121555,0.021224,0.005116,0.003387
N20000581,0.024992,0.518961,0.070308,0.244853,0.008721,0.116030,0.010930,0.003128,0.002076
N20000582,0.041823,0.366066,0.226738,0.184368,0.021429,0.115098,0.033876,0.006341,0.004260
N20000583,0.040659,0.442646,0.105277,0.225834,0.016704,0.144142,0.015512,0.005531,0.003697
N20000584,0.052383,0.444519,0.149558,0.179261,0.021929,0.116777,0.023635,0.007183,0.004756
N20000585,0.059433,0.451534,0.085381,0.222672,0.023576,0.130916,0.013258,0.007968,0.005262
N20000586,0.017233,0.411412,0.214749,0.201299,0.007808,0.113434,0.029936,0.002469,0.001658
N20000587,0.046351,0.449655,0.144386,0.179905,0.019009,0.128364,0.021813,0.006324,0.004194
N20000588,0.036863,0.443350,0.111394,0.232478,0.014552,0.136517,0.016634,0.004923,0.003290
N20000589,0.052304,0.498288,0.035462,0.220844,0.016812,0.160553,0.005250,0.006307,0.004181
N20000590,0.176591,0.320640,0.130087,0.158382,0.057870,0.100940,0.020127,0.021272,0.014090
N20000591,0.105702,0.415990,0.059318,0.188422,0.030314,0.172208,0.008177,0.011898,0.007970
N20000592,0.214626,0.257001,0.170305,0.139302,0.068719,0.080392,0.027404,0.025412,0.016839
N20000593,0.112640,0.423534,0.047784,0.209234,0.031779,0.146625,0.007334,0.012709,0.008362
N20000594,0.065122,0.355073,0.236400,0.159435,0.027161,0.105598,0.036360,0.008938,0.005914
N20000595,0.123356,0.295898,0.229695,0.156584,0.051361,0.077277,0.037927,0.016835,0.011066
N20000596,0.623448,0.042355,0.046857,0.027601,0.138473,0.011475,0.008467,0.061887,0.039437
N20000597,0.421201,0.092029,0.153181,0.057069,0.140880,0.023096,0.028915,0.050571,0.033059
N20000598,0.385844,0.185503,0.091234,0.096964,0.109538,0.042478,0.017378,0.043436,0.027625
N20000599,0.063873,0.400027,0.173754,0.193789,0.027896,0.097123,0.028661,0.008974,0.005902
N20000600,0.430821,0.095803,0.129869,0.056198,0.151512,0.023227,0.024314,0.053618,0.034638
N20000601,0.231480,0.320965,0.082537,0.161065,0.065998,0.080100,0.014697,0.026312,0.016848
N20000602,0.163531,0.322187,0.127666,0.179875,0.057390,0.095443,0.020041,0.020444,0.013424
N20000603,0.054540,0.466848,0.106937,0.208868,0.018853,0.115761,0.016845,0.006861,0.004487
N20000604,0.042217,0.294231,0.328960,0.175927,0.028605,0.063983,0.053899,0.007278,0.004900
N20000605,0.449636,0.153123,0.055930,0.096302,0.111193,0.046426,0.009579,0.047250,0.030562
N20000606,0.312795,0.227643,0.088388,0.133539,0.095023,0.067665,0.014746,0.036489,0.023713
N20000607,0.203828,0.242596,0.181491,0.131273,0.102077,0.056032,0.032681,0.030173,0.019848
N20000608,0.158502,0.289522,0.170579,0.166932,0.074763,0.071120,0.030797,0.022708,0.015076
N20000609,0.155028,0.255660,0.226644,0.148120,0.073719,0.062271,0.041114,0.022585,0.014860
N20000610,0.076990,0.396201,0.141596,0.215555,0.032769,0.095814,0.023366,0.010678,0.007030
N20000611,0.216551,0.351306,0.062275,0.174022,0.062009,0.082282,0.011218,0.024555,0.015782
N20000612,0.219639,0.332583,0.092011,0.165530,0.058419,0.076400,0.015861,0.024077,0.015482
N20000613,0.092267,0.378571,0.168687,0.187284,0.034089,0.091648,0.027718,0.011916,0.007822
N20000614,0.108914,0.337468,0.175990,0.182036,0.048103,0.093216,0.029011,0.015155,0.010106
N20000615,0.361924,0.224486,0.087174,0.107342,0.090974,0.048141,0.016574,0.038893,0.024492
N20000616,0.246667,0.332343,0.066686,0.153316,0.067886,0.075457,0.012377,0.027689,0.017579
N20000617,0.189242,0.257351,0.196853,0.148859,0.074682,0.059073,0.032847,0.024690,0.016403
N20000618,0.227183,0.290184,0.139628,0.140243,0.067483,0.068103,0.023981,0.026225,0.016970
N20000619,0.420831,0.154138,0.115530,0.076184,0.103604,0.036144,0.021481,0.044084,0.028003
N20000620,0.175477,0.287793,0.201420,0.126196,0.070138,0.062264,0.037918,0.023616,0.015177
N20000621,0.206555,0.172199,0.296528,0.095047,0.089662,0.040519,0.052039,0.028636,0.018817
N20000622,0.350314,0.149804,0.172488,0.080414,0.113407,0.034010,0.030923,0.041640,0.027001
N20000623,0.107360,0.407556,0.110342,0.194197,0.041880,0.095565,0.019404,0.014388,0.009309
N20000624,0.165936,0.215465,0.323969,0.100433,0.056121,0.047804,0.056823,0.020288,0.013161
N20000625,0.367999,0.145536,0.142266,0.062825,0.142407,0.030278,0.029953,0.048094,0.030642
N20000626,0.108596,0.334765,0.200471,0.170045,0.047195,0.080625,0.033148,0.015171,0.009985
N20000627,0.245899,0.234458,0.172345,0.126402,0.084921,0.056860,0.028963,0.030267,0.019885
N20000628,0.076899,0.393318,0.147343,0.205478,0.039264,0.094101,0.024174,0.011687,0.007736
N20000629,0.110792,0.401380,0.075572,0.198723,0.041820,0.135830,0.011992,0.014396,0.009495
N20000630,0.174332,0.339841,0.121922,0.173497,0.054179,0.081437,0.020800,0.020623,0.013369
N20000631,0.183159,0.293462,0.170549,0.156383,0.061990,0.068042,0.029571,0.022243,0.014600
N20000632,0.171695,0.300612,0.193097,0.136384,0.063132,0.063617,0.034963,0.022243,0.014257
N20000633,0.080441,0.428093,0.107261,0.215096,0.033557,0.099345,0.017859,0.011090,0.007259
N20000634,0.060948,0.525276,0.054565,0.208620,0.019158,0.109797,0.009487,0.007430,0.004720
N20000635,0.161273,0.221206,0.257609,0.117833,0.098234,0.052222,0.047624,0.026520,0.017480
N20000636,0.089733,0.379759,0.173191,0.180384,0.036247,0.092167,0.028472,0.012076,0.007972
N20000637,0.091555,0.351220,0.194200,0.181749,0.041788,0.085024,0.032832,0.013008,0.008624
N20000638,0.072715,0.369478,0.192350,0.183437,0.039127,0.091431,0.032657,0.011324,0.007481
N20000639,0.081141,0.441196,0.096700,0.211615,0.028093,0.108820,0.015638,0.010140,0.006656
N20000640,0.149398,0.273712,0.217407,0.148463,0.067485,0.070536,0.037899,0.021164,0.013936
N20000641,0.168784,0.306995,0.169148,0.147460,0.066321,0.072880,0.031453,0.022441,0.014518
N20000642,0.339924,0.108132,0.200423,0.065974,0.142883,0.029092,0.037748,0.045699,0.030124
N20000643,0.088745,0.249580,0.338744,0.136730,0.044529,0.060463,0.058988,0.013392,0.008829
N20000644,0.037984,0.501384,0.032622,0.256433,0.010162,0.149786,0.004668,0.004191,0.002770
N20000645,0.384970,0.147153,0.105647,0.091150,0.134144,0.041082,0.017464,0.047135,0.031253
N20000646,0.439082,0.116169,0.092052,0.062502,0.153619,0.029554,0.017119,0.054681,0.035224
N20000647,0.374767,0.186369,0.078406,0.112972,0.110712,0.052684,0.013530,0.042712,0.027849
N20000648,0.066454,0.432711,0.088329,0.223922,0.026859,0.133643,0.013152,0.008971,0.005960
N20000649,0.158081,0.330404,0.148123,0.159863,0.050145,0.100215,0.022008,0.018778,0.012384
N20000650,0.066244,0.492453,0.027864,0.229055,0.018628,0.148964,0.004323,0.007546,0.004923
N20000651,0.507264,0.117111,0.050687,0.067137,0.125630,0.034981,0.009085,0.053748,0.034356
N20000652,0.201730,0.347994,0.045938,0.202711,0.056341,0.100015,0.007628,0.022843,0.014801
N20000653,0.184783,0.331858,0.090322,0.182751,0.055725,0.105113,0.013896,0.021429,0.014123
N20000654,0.506923,0.084469,0.074484,0.049037,0.151716,0.022783,0.014723,0.058462,0.037406
N20000655,0.040999,0.511258,0.024550,0.209376,0.010531,0.192550,0.003389,0.004416,0.002932
N20000656,0.080073,0.478518,0.027588,0.207058,0.019895,0.168731,0.004040,0.008507,0.005591
N20000657,0.079598,0.399543,0.136930,0.192277,0.031156,0.122296,0.020573,0.010623,0.007002
N20000658,0.118166,0.420227,0.038083,0.223449,0.031943,0.140646,0.005807,0.013070,0.008609
N20000659,0.312368,0.260711,0.076206,0.123903,0.085048,0.071355,0.013472,0.034776,0.022161
N20000660,0.193097,0.389158,0.035204,0.175001,0.046102,0.122402,0.005872,0.020228,0.012937
N20000661,0.306270,0.200909,0.135127,0.104675,0.108330,0.057746,0.023773,0.038202,0.024967
N20000662,0.193998,0.365391,0.063094,0.172326,0.048799,0.112100,0.010100,0.020796,0.013396
N20000663,0.238069,0.347625,0.044117,0.170399,0.045726,0.110847,0.006896,0.022078,0.014243
N20000664,0.017697,0.551123,0.028771,0.223905,0.005561,0.165230,0.004193,0.002127,0.001393
N20000665,0.033915,0.511371,0.031736,0.238546,0.011976,0.160503,0.004755,0.004346,0.002851
N20000666,0.019735,0.530837,0.037052,0.250441,0.006484,0.145969,0.005481,0.002410,0.001593
N20000667,0.038046,0.467867,0.093240,0.222655,0.015877,0.139843,0.013762,0.005231,0.003480
N20000668,0.030969,0.538911,0.037281,0.221397,0.009680,0.149847,0.005801,0.003711,0.002402
N20000669,0.023549,0.522255,0.056115,0.254134,0.009387,0.120237,0.009069,0.003174,0.002080
N20000670,0.024777,0.528762,0.027963,0.224694,0.007229,0.177940,0.003888,0.002857,0.001890
N20000671,0.020824,0.515582,0.063354,0.254520,0.008328,0.122711,0.010011,0.002814,0.001857
N20000672,0.050143,0.514440,0.029351,0.214933,0.017153,0.159240,0.004369,0.006249,0.004123
N20000673,0.017524,0.528566,0.032487,0.261131,0.005442,0.146769,0.004617,0.002083,0.001381
N20000674,0.061956,0.436573,0.096793,0.226866,0.025780,0.122979,0.015010,0.008435,0.005607
N20000675,0.016394,0.547995,0.029312,0.192106,0.004462,0.202772,0.003919,0.001832,0.001208
N20000676,0.028100,0.531659,0.042106,0.211297,0.010653,0.163942,0.006110,0.003686,0.002447
N20000677,0.015994,0.528077,0.048276,0.265850,0.007075,0.123504,0.007442,0.002278,0.001504
N20000678,0.046271,0.529015,0.045159,0.189942,0.015251,0.158184,0.006824,0.005636,0.003719
N20000679,0.026369,0.539068,0.039341,0.210911,0.009018,0.164102,0.005736,0.003277,0.002178
N20000680,0.031410,0.540173,0.030413,0.236584,0.008598,0.142459,0.004574,0.003491,0.002298
N20000681,0.031256,0.487729,0.058295,0.228065,0.011398,0.168327,0.008238,0.004014,0.002678
N20000682,0.043434,0.542668,0.023630,0.232750,0.011173,0.134799,0.003775,0.004725,0.003046
N20000683,0.050597,0.516700,0.035502,0.234746,0.015795,0.131035,0.005625,0.006056,0.003943
N20000684,0.064849,0.515770,0.049617,0.209297,0.021015,0.117810,0.008668,0.007901,0.005071
N20000685,0.067520,0.470914,0.069769,0.198017,0.025656,0.142704,0.010718,0.008854,0.005849
N20000686,0.034186,0.527811,0.032234,0.240768,0.011268,0.141837,0.004906,0.004229,0.002761
N20000687,0.027430,0.540296,0.016486,0.245874,0.007721,0.154533,0.002509,0.003114,0.002038
N20000688,0.096506,0.437124,0.045759,0.227180,0.030657,0.136746,0.007022,0.011424,0.007584
N20000689,0.028231,0.517944,0.019163,0.257800,0.008834,0.159507,0.002867,0.003414,0.002240
N20000690,0.022692,0.525130,0.017667,0.277304,0.006883,0.143286,0.002604,0.002669,0.001764
N20000691,0.019498,0.534517,0.031911,0.230610,0.006727,0.168042,0.004618,0.002454,0.001624
N20000692,0.142364,0.384621,0.077150,0.175697,0.040807,0.141010,0.011637,0.016108,0.010605
N20000693,0.034133,0.522138,0.012923,0.247486,0.009137,0.165988,0.001881,0.003828,0.002487
N20000694,0.067884,0.466704,0.030731,0.195730,0.017511,0.205025,0.004251,0.007318,0.004847
N20000695,0.035382,0.500677,0.025646,0.238785,0.010348,0.178709,0.003625,0.004116,0.002712
N20000696,0.128937,0.411749,0.087268,0.175770,0.042645,0.112414,0.015073,0.015950,0.010196
N20000697,0.043881,0.529537,0.024124,0.236522,0.012840,0.140824,0.003864,0.005101,0.003306
N20000698,0.087459,0.469154,0.034135,0.231351,0.023967,0.132280,0.005431,0.009846,0.006376
N20000699,0.192953,0.373420,0.015053,0.216614,0.042049,0.125693,0.002405,0.019312,0.012500
N20000700,0.034121,0.490627,0.070207,0.230579,0.012703,0.143993,0.010369,0.004459,0.002943
N20000701,0.622885,0.074026,0.012124,0.047205,0.121259,0.023699,0.002242,0.059408,0.037152
N20000702,0.646400,0.052673,0.010135,0.031985,0.136405,0.016156,0.001985,0.064335,0.039926
N20000703,0.036312,0.494378,0.029320,0.236543,0.011090,0.181020,0.004171,0.004316,0.002851
N20000704,0.169899,0.388923,0.056145,0.196019,0.044876,0.104108,0.009368,0.018632,0.012029
N20000705,0.508602,0.133471,0.035678,0.074496,0.116445,0.039474,0.006648,0.052316,0.032869
N20000706,0.709534,0.022280,0.005739,0.014398,0.132948,0.006880,0.001182,0.066172,0.040865
N20000707,0.679836,0.031346,0.013072,0.019471,0.137667,0.009514,0.002584,0.065731,0.040778
N20000708,0.192025,0.371221,0.029016,0.204243,0.045483,0.120507,0.004627,0.019932,0.012946
N20000709,0.620678,0.082901,0.010448,0.052086,0.112700,0.026666,0.001901,0.056865,0.035755
N20000710,0.643908,0.063122,0.013877,0.038351,0.120951,0.019405,0.002595,0.060285,0.037505
N20000711,0.015086,0.536076,0.062185,0.243142,0.005877,0.124870,0.009391,0.002032,0.001340
N20000712,0.586141,0.055367,0.029993,0.031179,0.167946,0.013329,0.006451,0.067742,0.041852
N20000713,0.306688,0.245422,0.097042,0.117885,0.098699,0.054474,0.018835,0.037354,0.023602
N20000714,0.056021,0.551496,0.028947,0.208595,0.018789,0.119328,0.005241,0.007088,0.004495
N20000715,0.638434,0.031786,0.031834,0.019166,0.154877,0.007795,0.006461,0.067746,0.041901
N20000716,0.045568,0.440770,0.176071,0.184113,0.020992,0.090115,0.031481,0.006599,0.004291
N20000717,0.030610,0.552985,0.039725,0.233320,0.010010,0.120577,0.006531,0.003789,0.002454
N20000718,0.016727,0.558382,0.059974,0.232124,0.006359,0.112997,0.009720,0.002258,0.001459
N20000719,0.642055,0.020105,0.024200,0.010956,0.176072,0.004748,0.005290,0.072224,0.044350
N20000720,0.009838,0.579038,0.036295,0.220352,0.003210,0.143998,0.005243,0.001224,0.000803
N20000721,0.067945,0.476359,0.073003,0.214892,0.022825,0.119270,0.011615,0.008574,0.005518
N20000722,0.042494,0.411056,0.212863,0.182142,0.020423,0.081831,0.038794,0.006299,0.004098
N20000723,0.036539,0.530575,0.072513,0.213569,0.013749,0.112706,0.012370,0.004857,0.003121
N20000724,0.649408,0.016554,0.009069,0.009574,0.188256,0.004111,0.002114,0.074832,0.046082
N20000725,0.597372,0.047780,0.042587,0.024542,0.159794,0.010883,0.008887,0.067001,0.041154
N20000726,0.248723,0.225021,0.185997,0.113970,0.090907,0.046773,0.036278,0.031883,0.020448
N20000727,0.029164,0.495557,0.114787,0.224016,0.012404,0.097721,0.019548,0.004129,0.002674
N20000728,0.045330,0.512440,0.074384,0.211823,0.018567,0.114755,0.012337,0.006300,0.004064
N20000729,0.040593,0.539503,0.076904,0.198496,0.013658,0.109484,0.012955,0.005120,0.003288
N20000730,0.043773,0.532927,0.046930,0.224537,0.015641,0.118945,0.007912,0.005687,0.003649
N20000731,0.490432,0.091667,0.060340,0.041660,0.179063,0.020052,0.013727,0.063536,0.039522
N20000732,0.591349,0.046323,0.034929,0.027538,0.170182,0.011487,0.007360,0.068320,0.042511
N20000733,0.577479,0.039288,0.032991,0.022389,0.195227,0.009162,0.007284,0.071418,0.044763
N20000734,0.524496,0.023073,0.050049,0.013810,0.245890,0.005249,0.012186,0.077220,0.048028
N20000735,0.634675,0.022635,0.020937,0.013787,0.179728,0.005770,0.004605,0.072876,0.044989
N20000736,0.052187,0.493249,0.120480,0.185855,0.021653,0.092398,0.022299,0.007245,0.004635
N20000737,0.027297,0.570151,0.054988,0.208645,0.009903,0.113843,0.009250,0.003616,0.002308
N20000738,0.508536,0.025651,0.048913,0.012011,0.260884,0.004968,0.013613,0.077801,0.047623
N20000739,0.031084,0.563135,0.028571,0.240939,0.009022,0.116487,0.004748,0.003678,0.002336
N20000740,0.617626,0.020591,0.019813,0.012262,0.198934,0.005032,0.004538,0.074747,0.046458
N20000741,0.608245,0.020760,0.019775,0.011622,0.206563,0.004678,0.004710,0.076735,0.046911
N20000742,0.051700,0.490543,0.117153,0.192329,0.017931,0.099398,0.020211,0.006515,0.004220
N20000743,0.546086,0.071914,0.049399,0.036414,0.164750,0.015924,0.010177,0.065069,0.040266
N20000744,0.058397,0.551785,0.041189,0.203015,0.016450,0.110817,0.007245,0.006811,0.004292
N20000745,0.543018,0.057373,0.057871,0.025012,0.182521,0.011708,0.014016,0.067284,0.041197
N20000746,0.644641,0.028001,0.018068,0.015122,0.168651,0.006624,0.004186,0.071305,0.043402
N20000747,0.581355,0.032969,0.024701,0.016212,0.210102,0.007114,0.006502,0.075274,0.045771
N20000748,0.647799,0.036000,0.018407,0.018574,0.154947,0.008208,0.004144,0.070042,0.041880
N20000749,0.635514,0.041222,0.022385,0.021311,0.155528,0.009556,0.004864,0.068145,0.041476
N20000750,0.588939,0.025429,0.031393,0.013781,0.206373,0.005610,0.007325,0.075035,0.046115
N20000751,0.658991,0.030034,0.019240,0.016773,0.152707,0.007093,0.004135,0.069052,0.041976
N20000752,0.664674,0.020259,0.013127,0.011303,0.166381,0.004820,0.002892,0.072551,0.043993
N20000753,0.687398,0.017457,0.006414,0.009946,0.157309,0.004351,0.001442,0.072260,0.043423
N20000754,0.551196,0.056228,0.043115,0.023328,0.191273,0.011451,0.011764,0.069645,0.042001
N20000755,0.673977,0.018830,0.009618,0.010801,0.163569,0.004717,0.002050,0.072437,0.043999
N20000756,0.651954,0.035387,0.020069,0.018746,0.151471,0.008266,0.004321,0.068245,0.041542
N20000757,0.570913,0.041908,0.034751,0.019456,0.198761,0.008441,0.008536,0.072870,0.044365
N20000758,0.677860,0.021216,0.010591,0.011864,0.156457,0.005169,0.002311,0.071396,0.043136
N20000759,0.481955,0.060699,0.107218,0.023098,0.186737,0.010633,0.027817,0.063092,0.038752
N20000760,0.655415,0.021937,0.012970,0.012689,0.171833,0.005350,0.002972,0.072561,0.044274
N20000761,0.680911,0.023281,0.009648,0.012792,0.152272,0.005622,0.002208,0.070800,0.042465
N20000762,0.671699,0.022736,0.009330,0.012512,0.160860,0.005705,0.002112,0.071697,0.043350
N20000763,0.425807,0.180846,0.052343,0.093887,0.115438,0.042952,0.009902,0.048648,0.030176
N20000764,0.494644,0.040963,0.076091,0.017428,0.227205,0.007418,0.021163,0.071517,0.043571
N20000765,0.662275,0.025113,0.012839,0.013265,0.162374,0.005928,0.002851,0.071928,0.043428
N20000766,0.618425,0.036601,0.026487,0.017294,0.173216,0.007889,0.006388,0.070872,0.042828
N20000767,0.608029,0.064942,0.021204,0.035782,0.144822,0.015938,0.004284,0.065271,0.039727
N20000768,0.679024,0.023768,0.012665,0.013918,0.149771,0.005905,0.002635,0.069901,0.042412
N20000769,0.614299,0.035303,0.028299,0.016577,0.176990,0.007877,0.006488,0.070804,0.043364
N20000770,0.570433,0.082651,0.035295,0.038720,0.145780,0.017950,0.007304,0.063329,0.038537
N20000771,0.654005,0.031765,0.016401,0.016217,0.158376,0.007400,0.003645,0.069788,0.042403
N20000772,0.524731,0.088516,0.039233,0.035340,0.179075,0.016645,0.010564,0.066181,0.039716
N20000773,0.669555,0.041497,0.016190,0.023386,0.130750,0.010532,0.003234,0.065387,0.039467
N20000774,0.559736,0.034264,0.050184,0.015588,0.203904,0.006623,0.013343,0.072414,0.043945
N20000775,0.577242,0.048033,0.052700,0.023585,0.168095,0.010999,0.011224,0.066878,0.041244
N20000776,0.028894,0.609049,0.035092,0.193966,0.008742,0.112332,0.006180,0.003532,0.002213
N20000777,0.682776,0.023702,0.015284,0.014349,0.145165,0.006017,0.003169,0.067846,0.041693
N20000778,0.591456,0.039921,0.035179,0.019163,0.182179,0.008618,0.008429,0.071808,0.043248
N20000779,0.665633,0.042862,0.013696,0.021838,0.136778,0.010111,0.002996,0.066205,0.039881
N20000780,0.631375,0.022985,0.018340,0.012072,0.186030,0.005049,0.004139,0.074678,0.045332
N20000781,0.664179,0.029351,0.016021,0.016974,0.151330,0.007281,0.003348,0.069377,0.042140
N20000782,0.666214,0.027363,0.019137,0.015491,0.151046,0.006524,0.003956,0.068262,0.042007
N20000783,0.643015,0.039058,0.018929,0.019041,0.156134,0.008695,0.004499,0.069139,0.041491
N20000784,0.649819,0.027792,0.022229,0.015452,0.160117,0.006400,0.004875,0.070635,0.042680
N20000785,0.635981,0.021569,0.028457,0.012684,0.174191,0.004951,0.006014,0.072002,0.044151
N20000786,0.402365,0.064957,0.163489,0.029683,0.191529,0.011697,0.040474,0.059161,0.036646
N20000787,0.579228,0.036044,0.040867,0.022166,0.188984,0.008664,0.009053,0.070873,0.044121
N20000788,0.600000,0.028600,0.039307,0.017185,0.184548,0.006975,0.008457,0.070604,0.044325
N20000789,0.469199,0.036137,0.099508,0.019775,0.231082,0.007759,0.023355,0.069366,0.043818
N20000790,0.056447,0.526499,0.059047,0.208389,0.018524,0.109051,0.010502,0.007052,0.004487
N20000791,0.413731,0.101296,0.109107,0.053258,0.181770,0.021378,0.024446,0.058113,0.036901
N20000792,0.600574,0.030961,0.043953,0.016804,0.178214,0.006947,0.009335,0.069850,0.043363
N20000793,0.551084,0.060495,0.052188,0.033985,0.170211,0.014063,0.011105,0.065791,0.041078
N20000794,0.604362,0.024686,0.036017,0.013753,0.190298,0.005604,0.008081,0.072388,0.044810
N20000795,0.120316,0.406093,0.135889,0.161333,0.048875,0.072520,0.028305,0.016334,0.010336
N20000796,0.453220,0.039586,0.114553,0.024790,0.221783,0.009666,0.026321,0.067248,0.042834
N20000797,0.312834,0.150201,0.180961,0.083875,0.129706,0.034952,0.037074,0.042920,0.027477
N20000798,0.021152,0.571991,0.050857,0.218672,0.006641,0.118056,0.008401,0.002572,0.001658
N20000799,0.452580,0.024734,0.121327,0.016129,0.237790,0.006150,0.027846,0.069120,0.044324
N20000800,0.050643,0.462868,0.126540,0.214342,0.021017,0.091486,0.021530,0.007011,0.004563
N20000801,0.052039,0.462793,0.146542,0.189275,0.023111,0.087507,0.026496,0.007416,0.004823
N20000802,0.507330,0.030079,0.071575,0.018774,0.229580,0.007278,0.016757,0.072831,0.045795
N20000803,0.468054,0.021922,0.082521,0.013420,0.267003,0.005033,0.020184,0.074534,0.047329
N20000804,0.385526,0.129210,0.105892,0.070477,0.167499,0.029022,0.023207,0.054690,0.034475
N20000805,0.048180,0.370064,0.239728,0.181576,0.024044,0.085197,0.039154,0.007261,0.004797
N20000806,0.030419,0.504707,0.065559,0.249482,0.013145,0.119333,0.010238,0.004287,0.002830
N20000807,0.451895,0.029734,0.104042,0.018123,0.248602,0.006796,0.025010,0.070767,0.045032
N20000808,0.483977,0.021877,0.085671,0.013445,0.248848,0.005297,0.021055,0.073322,0.046508
N20000809,0.161295,0.197627,0.308036,0.107383,0.082045,0.044779,0.058478,0.024414,0.015942
N20000810,0.402465,0.045986,0.174182,0.027545,0.200278,0.010366,0.040546,0.060331,0.038299
N20000811,0.022553,0.582312,0.048734,0.207164,0.007246,0.119455,0.007959,0.002786,0.001791
N20000812,0.470988,0.011775,0.082717,0.007423,0.279058,0.002785,0.020938,0.075907,0.048409
N20000813,0.019168,0.575636,0.045637,0.223270,0.006124,0.118891,0.007373,0.002376,0.001525
N20000814,0.520536,0.070328,0.070203,0.037991,0.167196,0.015699,0.015138,0.063399,0.039509
N20000815,0.535039,0.026167,0.060961,0.016367,0.221769,0.006399,0.014395,0.072891,0.046011
N20000816,0.383317,0.054427,0.178620,0.033312,0.202418,0.012643,0.038471,0.058920,0.037873
N20000817,0.274505,0.118837,0.255830,0.061709,0.140466,0.025692,0.054431,0.041722,0.026808
N20000818,0.485545,0.019365,0.085268,0.010894,0.253772,0.004098,0.020761,0.073709,0.046589
N20000819,0.217773,0.135680,0.307169,0.071828,0.119776,0.029193,0.062435,0.034027,0.022119
N20000820,0.020977,0.561588,0.042706,0.233068,0.007205,0.123161,0.006881,0.002687,0.001729
N20000821,0.104695,0.292840,0.297319,0.100280,0.058302,0.050329,0.069146,0.016603,0.010485
N20000822,0.487021,0.027136,0.085044,0.015564,0.239592,0.006203,0.021729,0.072192,0.045519
N20000823,0.083976,0.368078,0.192038,0.180154,0.038410,0.082067,0.035098,0.012275,0.007905
N20000824,0.464703,0.058276,0.109633,0.028511,0.195413,0.012098,0.026353,0.064877,0.040137
N20000825,0.321067,0.099730,0.217337,0.035973,0.171251,0.018015,0.055934,0.049726,0.030967
N20000826,0.131621,0.143860,0.430524,0.076495,0.071686,0.028499,0.083819,0.020232,0.013264
N20000827,0.461800,0.045440,0.120648,0.026857,0.201844,0.010239,0.027893,0.064360,0.040919
N20000828,0.043464,0.463864,0.148508,0.198365,0.018829,0.091004,0.025818,0.006165,0.003984
N20000829,0.044929,0.417382,0.245573,0.139736,0.019658,0.075858,0.046429,0.006369,0.004065
N20000830,0.472439,0.077275,0.093039,0.038976,0.180247,0.016911,0.020318,0.061742,0.039053
N20000831,0.563577,0.023252,0.044616,0.013325,0.218454,0.005280,0.010184,0.074674,0.046638
N20000832,0.270894,0.277415,0.099554,0.125904,0.093479,0.057073,0.019793,0.034298,0.021591
N20000833,0.514814,0.058155,0.063297,0.028874,0.196579,0.012592,0.015517,0.068167,0.042004
N20000834,0.055261,0.492395,0.101932,0.202210,0.019402,0.099681,0.017622,0.006985,0.004512
N20000835,0.026564,0.549699,0.080017,0.201523,0.010229,0.111929,0.014152,0.003595,0.002292
N20000836,0.534730,0.023796,0.059672,0.011136,0.230895,0.004723,0.015048,0.074125,0.045874
N20000837,0.018604,0.570027,0.045616,0.223350,0.006922,0.123748,0.007678,0.002467,0.001589
N20000838,0.518967,0.034977,0.067178,0.017793,0.220099,0.007446,0.017183,0.071803,0.044552
N20000839,0.480778,0.044706,0.115198,0.024976,0.193919,0.010151,0.025550,0.064043,0.040679
N20000840,0.553818,0.015919,0.036228,0.007841,0.246954,0.003392,0.009307,0.078230,0.048312
N20000841,0.408262,0.157318,0.089060,0.075921,0.133973,0.035125,0.018243,0.050546,0.031551
N20000842,0.102494,0.387680,0.186369,0.139237,0.048961,0.069861,0.040609,0.015199,0.009590
N20000843,0.526731,0.072572,0.055331,0.031431,0.178417,0.015866,0.013649,0.065843,0.040160
N20000844,0.023338,0.574176,0.032268,0.227866,0.008341,0.123689,0.005288,0.003073,0.001960
N20000845,0.068020,0.487834,0.098273,0.185046,0.022956,0.105480,0.018649,0.008387,0.005355
N20000846,0.625650,0.025646,0.020228,0.013961,0.185542,0.005822,0.004715,0.073472,0.044964
N20000847,0.055570,0.541909,0.069596,0.190538,0.017717,0.100355,0.013282,0.006765,0.004268
N20000848,0.562297,0.105972,0.021008,0.049475,0.135365,0.023614,0.004664,0.060931,0.036673
N20000849,0.578713,0.041332,0.036074,0.017845,0.193359,0.008347,0.009496,0.071319,0.043515
N20000850,0.065783,0.479553,0.134401,0.167195,0.025202,0.086834,0.026796,0.008716,0.005519
N20000851,0.084502,0.509255,0.041694,0.201175,0.026980,0.111822,0.007572,0.010413,0.006586
N20000852,0.042524,0.555544,0.065833,0.193164,0.012627,0.110570,0.011511,0.005031,0.003197
N20000853,0.104585,0.419770,0.143230,0.161660,0.042476,0.077615,0.027270,0.014288,0.009106
N20000854,0.183098,0.124414,0.354076,0.039049,0.125428,0.018039,0.104604,0.031500,0.019792
N20000855,0.218147,0.093995,0.332137,0.034081,0.146581,0.014884,0.099491,0.037296,0.023389
N20000856,0.013827,0.556399,0.086697,0.218197,0.005251,0.102418,0.014148,0.001863,0.001199
N20000857,0.106669,0.091540,0.494921,0.030043,0.084695,0.012995,0.146964,0.019680,0.012493
N20000858,0.021276,0.503603,0.149312,0.190712,0.009913,0.094256,0.025740,0.003151,0.002037
N20000859,0.033968,0.199062,0.515916,0.081587,0.022821,0.032464,0.104476,0.005866,0.003839
N20000860,0.011154,0.500994,0.147628,0.216841,0.004788,0.093148,0.022849,0.001563,0.001035
N20000861,0.027351,0.440668,0.196622,0.201473,0.014351,0.077192,0.035382,0.004195,0.002765
N20000862,0.033441,0.409252,0.247928,0.166076,0.016383,0.074421,0.044219,0.005014,0.003267
N20000863,0.012234,0.169330,0.598301,0.076269,0.008973,0.029196,0.102006,0.002208,0.001484
N20000864,0.031746,0.338284,0.365304,0.115043,0.017495,0.053478,0.070323,0.005073,0.003254
N20000865,0.040239,0.349126,0.312852,0.147822,0.019300,0.065784,0.055143,0.005871,0.003864
N20000866,0.057159,0.274398,0.390695,0.103627,0.033491,0.047886,0.077537,0.009216,0.005991
N20000867,0.065499,0.275294,0.377490,0.105550,0.039506,0.044197,0.074720,0.010757,0.006986
N20000868,0.053026,0.301089,0.361441,0.113769,0.033925,0.052259,0.069607,0.009028,0.005855
N20000869,0.023025,0.118263,0.648315,0.053304,0.017325,0.020828,0.111996,0.004150,0.002795
N20000870,0.020815,0.606687,0.052581,0.195827,0.007100,0.103468,0.009129,0.002690,0.001703
N20000871,0.025360,0.464945,0.194829,0.177393,0.012110,0.084246,0.034878,0.003787,0.002453
N20000872,0.047336,0.186754,0.510844,0.072069,0.030660,0.031948,0.107238,0.007962,0.005189
N20000873,0.016773,0.604885,0.042558,0.208935,0.004994,0.111577,0.006994,0.002001,0.001283
N20000874,0.033782,0.571633,0.074144,0.193971,0.011224,0.095230,0.013015,0.004287,0.002714
N20000875,0.053282,0.415209,0.229942,0.149254,0.023953,0.070864,0.044925,0.007674,0.004898
N20000876,0.026227,0.132811,0.617597,0.053151,0.019877,0.021393,0.120968,0.004810,0.003166
N20000877,0.026256,0.582364,0.073545,0.190788,0.009630,0.098564,0.013139,0.003495,0.002219
N20000878,0.090393,0.293563,0.326469,0.093151,0.050605,0.045048,0.077465,0.014304,0.009001
N20000879,0.031822,0.241920,0.475430,0.094930,0.017055,0.042184,0.088523,0.004910,0.003226
N20000880,0.032936,0.590528,0.058925,0.186384,0.010238,0.103630,0.010807,0.004015,0.002536
N20000881,0.035561,0.308556,0.373699,0.129827,0.020762,0.052974,0.069043,0.005795,0.003783
N20000882,0.124489,0.085103,0.463236,0.026091,0.103345,0.011081,0.148698,0.023221,0.014738
N20000883,0.031606,0.223787,0.490179,0.094086,0.020376,0.037700,0.093369,0.005369,0.003527
N20000884,0.085807,0.487656,0.094112,0.173898,0.033993,0.087232,0.018204,0.011720,0.007379
N20000885,0.064958,0.412189,0.195720,0.167049,0.030917,0.075145,0.038223,0.009641,0.006158
N20000886,0.540442,0.129194,0.024345,0.061366,0.119160,0.029989,0.004975,0.056377,0.034153
N20000887,0.682906,0.026737,0.006539,0.015305,0.147532,0.006823,0.001431,0.070522,0.042205
N20000888,0.043427,0.143297,0.569381,0.058104,0.030899,0.023019,0.119169,0.007674,0.005029
N20000889,0.014392,0.080922,0.695578,0.037767,0.014923,0.014108,0.137242,0.003026,0.002042
N20000890,0.026833,0.086428,0.670880,0.039260,0.022264,0.015554,0.130280,0.005107,0.003394
N20000891,0.069759,0.427333,0.177500,0.162130,0.034373,0.074084,0.037706,0.010443,0.006670
N20000892,0.021756,0.598617,0.063046,0.187137,0.007300,0.106573,0.011057,0.002758,0.001757
N20000893,0.051011,0.535331,0.092493,0.179100,0.018962,0.093721,0.018370,0.006767,0.004245
N20000894,0.422856,0.189295,0.065080,0.085802,0.107463,0.041592,0.012436,0.046560,0.028915
N20000895,0.050167,0.189053,0.502119,0.071511,0.033184,0.033414,0.106396,0.008590,0.005566
N20000896,0.665309,0.029549,0.013604,0.015755,0.153381,0.007185,0.002869,0.069833,0.042514
N20000897,0.035004,0.067371,0.673733,0.033506,0.030712,0.011964,0.136445,0.006729,0.004536
N20000898,0.061240,0.304026,0.343295,0.117930,0.033058,0.057670,0.067124,0.009503,0.006154
N20000899,0.087867,0.324326,0.290223,0.115893,0.044650,0.051659,0.063517,0.013388,0.008478
N20000900,0.021502,0.561051,0.107057,0.183154,0.008623,0.094838,0.018911,0.002961,0.001903
N20000901,0.205992,0.312716,0.151540,0.094890,0.096444,0.049734,0.040192,0.030012,0.018479
N20000902,0.024353,0.054099,0.717572,0.027756,0.021417,0.010144,0.136769,0.004710,0.003180
N20000903,0.030096,0.591818,0.041559,0.200620,0.008877,0.113905,0.007257,0.003596,0.002272
N20000904,0.461457,0.171199,0.039263,0.079873,0.119460,0.037779,0.008231,0.051268,0.031471
N20000905,0.104133,0.372146,0.215127,0.122012,0.051878,0.059910,0.049266,0.015654,0.009874
N20000906,0.090762,0.445930,0.127389,0.171795,0.037129,0.081866,0.024813,0.012370,0.007946
N20000907,0.065203,0.306058,0.344720,0.105510,0.034482,0.056078,0.071370,0.010112,0.006466
N20000908,0.100545,0.325101,0.277391,0.107411,0.050760,0.052252,0.061716,0.015196,0.009628
N20000909,0.017794,0.103634,0.664821,0.051528,0.016300,0.019592,0.120401,0.003536,0.002392
N20000910,0.071134,0.511399,0.081864,0.182572,0.023812,0.099364,0.015347,0.008864,0.005643
N20000911,0.016268,0.601182,0.046336,0.204234,0.005394,0.115897,0.007290,0.002069,0.001329
N20000912,0.154564,0.315622,0.206735,0.113490,0.070182,0.055957,0.047408,0.022081,0.013962
N20000913,0.115644,0.422652,0.145810,0.135930,0.047976,0.073922,0.032055,0.016001,0.010010
N20000914,0.057416,0.496983,0.156704,0.140014,0.021904,0.081926,0.032626,0.007634,0.004792
N20000915,0.043294,0.250286,0.457686,0.082552,0.025398,0.038615,0.090608,0.007016,0.004546
N20000916,0.110234,0.197405,0.391248,0.075079,0.071289,0.033463,0.090814,0.018550,0.011919
N20000917,0.078061,0.200974,0.445825,0.074336,0.048525,0.031462,0.099594,0.012918,0.008305
N20000918,0.064736,0.517440,0.085537,0.178807,0.023788,0.099531,0.016293,0.008509,0.005358
N20000919,0.046989,0.465848,0.179893,0.164731,0.019721,0.078382,0.033652,0.006577,0.004205
N20000920,0.043861,0.284484,0.403360,0.103043,0.025340,0.053387,0.074805,0.007124,0.004596
N20000921,0.022540,0.574683,0.085509,0.191675,0.008120,0.097542,0.015082,0.002965,0.001884
N20000922,0.040994,0.510149,0.138720,0.164571,0.017413,0.092764,0.025875,0.005823,0.003691
N20000923,0.023274,0.139504,0.614299,0.061741,0.017867,0.025256,0.110968,0.004253,0.002839
N20000924,0.157037,0.329534,0.195598,0.105441,0.074799,0.054636,0.045371,0.023118,0.014467
N20000925,0.105183,0.332167,0.256648,0.116134,0.047805,0.060629,0.057226,0.014741,0.009466
N20000926,0.068996,0.317992,0.314312,0.117950,0.037631,0.060799,0.064534,0.010861,0.006925
N20000927,0.047164,0.525690,0.124553,0.162802,0.017610,0.088144,0.023805,0.006271,0.003961
N20000928,0.111745,0.298017,0.286987,0.107785,0.056010,0.049239,0.063042,0.016544,0.010630
N20000929,0.060419,0.274870,0.379529,0.117881,0.029597,0.048398,0.074675,0.008853,0.005778
N20000930,0.092767,0.265475,0.331568,0.112784,0.056103,0.050729,0.065646,0.015056,0.009872
N20000931,0.063422,0.306323,0.361628,0.098241,0.031304,0.047969,0.075602,0.009452,0.006058
N20000932,0.068368,0.355363,0.302175,0.103689,0.032300,0.056041,0.065690,0.010028,0.006345
N20000933,0.107556,0.241952,0.366137,0.078093,0.055359,0.039652,0.084778,0.016219,0.010255
N20000934,0.169789,0.263184,0.229197,0.101408,0.091000,0.047616,0.054555,0.026532,0.016720
N20000935,0.015924,0.361815,0.311392,0.168731,0.009157,0.081179,0.047515,0.002571,0.001718
N20000936,0.055537,0.504653,0.113760,0.182416,0.020876,0.089310,0.021365,0.007395,0.004687
N20000937,0.054330,0.252079,0.415072,0.101887,0.032252,0.046281,0.083505,0.008850,0.005745
N20000938,0.091151,0.375825,0.226400,0.121230,0.044384,0.067247,0.051821,0.013456,0.008486
N20000939,0.178469,0.213768,0.280616,0.084796,0.094477,0.039246,0.063889,0.027314,0.017424
N20000940,0.099094,0.235082,0.396646,0.073246,0.047823,0.035639,0.088955,0.014364,0.009150
N20000941,0.103024,0.365236,0.208930,0.133342,0.055317,0.062387,0.045446,0.016088,0.010229
N20000942,0.211571,0.234369,0.227562,0.084900,0.095335,0.044092,0.053224,0.030033,0.018914
N20000943,0.088776,0.191761,0.437600,0.062666,0.055704,0.028836,0.110577,0.014724,0.009356
N20000944,0.248800,0.063352,0.298585,0.027373,0.193075,0.010776,0.082533,0.046253,0.029253
N20000945,0.024515,0.249673,0.451025,0.122859,0.015951,0.048832,0.080198,0.004168,0.002778
N20000946,0.029533,0.208850,0.502081,0.097231,0.024422,0.038643,0.089804,0.005664,0.003772
N20000947,0.032788,0.538949,0.049480,0.240559,0.011443,0.111806,0.008107,0.004168,0.002700
N20000948,0.036082,0.478640,0.137408,0.210163,0.014370,0.091765,0.023503,0.004892,0.003176
N20000949,0.021233,0.544352,0.048218,0.243725,0.007166,0.123508,0.007377,0.002680,0.001741
N20000950,0.040900,0.338647,0.309583,0.146367,0.024913,0.071382,0.056921,0.006832,0.004456
N20000951,0.019005,0.433186,0.221097,0.187168,0.009983,0.087248,0.037377,0.002990,0.001946
N20000952,0.011152,0.047516,0.751307,0.026220,0.013403,0.009218,0.136941,0.002515,0.001728
N20000953,0.015177,0.234466,0.483047,0.122008,0.011026,0.050840,0.078847,0.002742,0.001846
N20000954,0.008033,0.119197,0.666002,0.064101,0.006596,0.024697,0.108828,0.001508,0.001037
N20000955,0.012001,0.141570,0.620036,0.075310,0.010142,0.030444,0.106620,0.002306,0.001570
N20000956,0.016782,0.260748,0.444388,0.131180,0.011118,0.058463,0.072493,0.002887,0.001941
N20000957,0.029464,0.485503,0.132486,0.211869,0.011786,0.100457,0.021815,0.004009,0.002610
N20000958,0.019102,0.242370,0.474207,0.114953,0.014057,0.045757,0.083792,0.003455,0.002307
N20000959,0.005842,0.088679,0.715374,0.046613,0.005461,0.017101,0.118942,0.001181,0.000806
N20000960,0.016598,0.131817,0.619832,0.070598,0.015734,0.026846,0.112952,0.003339,0.002283
N20000961,0.013078,0.114440,0.668315,0.057323,0.010013,0.026260,0.106574,0.002368,0.001627
N20000962,0.011376,0.160842,0.602693,0.081185,0.009708,0.031476,0.099030,0.002192,0.001497
N20000963,0.024816,0.157584,0.574704,0.075917,0.019837,0.031255,0.108093,0.004681,0.003112
N20000964,0.014938,0.274056,0.438490,0.128222,0.010233,0.054637,0.075068,0.002611,0.001745
N20000965,0.019035,0.136786,0.605567,0.069264,0.018030,0.027913,0.116939,0.003860,0.002606
N20000966,0.029299,0.116163,0.627674,0.048364,0.023700,0.020664,0.124960,0.005534,0.003643
N20000967,0.046822,0.176287,0.512325,0.075205,0.033401,0.031723,0.110627,0.008195,0.005414
N20000968,0.012426,0.066096,0.728582,0.031614,0.010183,0.011620,0.135591,0.002322,0.001567
N20000969,0.021212,0.089396,0.669622,0.046153,0.021732,0.016476,0.127963,0.004436,0.003011
N20000970,0.024359,0.065846,0.701213,0.030427,0.022715,0.011177,0.136137,0.004857,0.003269
N20000971,0.019534,0.195876,0.524032,0.104982,0.015674,0.040813,0.092933,0.003676,0.002481
N20000972,0.067885,0.073942,0.606931,0.034615,0.051073,0.013270,0.132162,0.012123,0.007998
N20000973,0.010752,0.035716,0.767713,0.016948,0.010984,0.005995,0.148120,0.002252,0.001520
N20000974,0.007193,0.037237,0.776485,0.019569,0.007485,0.006744,0.142744,0.001509,0.001034
N20000975,0.027855,0.070016,0.692531,0.036685,0.023977,0.013289,0.126702,0.005330,0.003614
N20000976,0.098937,0.113028,0.498132,0.054931,0.075424,0.020333,0.109668,0.017794,0.011753
N20000977,0.062373,0.303418,0.313084,0.142680,0.041272,0.061328,0.058064,0.010696,0.007084
N20000978,0.036143,0.098908,0.627417,0.049227,0.033256,0.018597,0.124462,0.007173,0.004816
N20000979,0.022110,0.119135,0.638978,0.061152,0.015493,0.023940,0.112747,0.003840,0.002605
N20000980,0.027781,0.553895,0.079747,0.199327,0.009732,0.110476,0.013147,0.003584,0.002311
N20000981,0.032794,0.276475,0.398182,0.136816,0.020594,0.056189,0.069832,0.005471,0.003648
N20000982,0.013265,0.051530,0.744134,0.028576,0.013786,0.010029,0.134005,0.002771,0.001904
N20000983,0.017818,0.076877,0.698572,0.038809,0.017525,0.013854,0.130385,0.003676,0.002483
N20000984,0.023527,0.058404,0.715765,0.031078,0.020470,0.011103,0.132076,0.004514,0.003063
N20000985,0.028458,0.077051,0.672705,0.039423,0.025174,0.015677,0.132202,0.005566,0.003743
N20000986,0.020380,0.299422,0.385097,0.148945,0.012511,0.068227,0.059793,0.003359,0.002266
N20000987,0.020317,0.413297,0.245612,0.183421,0.010937,0.080382,0.040756,0.003179,0.002099
N20000988,0.022008,0.158812,0.582431,0.075875,0.018178,0.032206,0.103497,0.004181,0.002812
N20000989,0.014085,0.592363,0.048052,0.208836,0.004636,0.121797,0.007305,0.001775,0.001150
N20000990,0.012239,0.416841,0.252322,0.190145,0.005965,0.079751,0.039712,0.001819,0.001206
N20000991,0.011839,0.262329,0.474650,0.109182,0.007605,0.055039,0.075986,0.002024,0.001348
N20000992,0.006871,0.082270,0.726400,0.042394,0.005950,0.016732,0.117138,0.001334,0.000910
N20000993,0.014809,0.119993,0.650550,0.057800,0.013320,0.022183,0.116465,0.002906,0.001974
N20000994,0.009700,0.460939,0.195935,0.204457,0.004989,0.090886,0.030611,0.001494,0.000989
N20000995,0.027592,0.133755,0.601006,0.069140,0.021421,0.025863,0.112734,0.005086,0.003402
N20000996,0.031375,0.546492,0.080707,0.201785,0.011463,0.107629,0.013779,0.004113,0.002658
N20000997,0.032425,0.157571,0.566111,0.079036,0.023557,0.032890,0.098751,0.005775,0.003884
N20000998,0.013168,0.076588,0.711524,0.039795,0.013089,0.014571,0.126668,0.002738,0.001859
N20000999,0.026748,0.575116,0.032939,0.227381,0.009118,0.117535,0.005529,0.003439,0.002196
N20001000,0.031792,0.519534,0.124974,0.186777,0.013284,0.095494,0.020792,0.004466,0.002888
N20001001,0.019950,0.144064,0.605309,0.076655,0.015508,0.031421,0.100945,0.003658,0.002492
N20001002,0.024421,0.425225,0.209998,0.191795,0.012114,0.095023,0.035304,0.003695,0.002425
N20001003,0.031324,0.434912,0.231003,0.160551,0.013453,0.081984,0.039524,0.004373,0.002877
N20001004,0.026282,0.569278,0.062447,0.203165,0.008323,0.115407,0.009801,0.003212,0.002086
N20001005,0.015725,0.102827,0.668902,0.058379,0.013528,0.022245,0.113287,0.003031,0.002075
N20001006,0.020423,0.207995,0.523708,0.097869,0.014286,0.042947,0.086770,0.003590,0.002412
N20001007,0.044518,0.415506,0.213921,0.175421,0.019946,0.083425,0.036746,0.006350,0.004168
N20001008,0.010745,0.175772,0.582459,0.086753,0.008593,0.036302,0.095983,0.002025,0.001368
N20001009,0.040324,0.490795,0.150874,0.178755,0.016047,0.086911,0.027291,0.005474,0.003530
N20001010,0.018638,0.067304,0.708863,0.037803,0.017301,0.012736,0.131088,0.003737,0.002531
N20001011,0.024880,0.465363,0.194583,0.177780,0.010768,0.089357,0.031453,0.003514,0.002302
N20001012,0.060349,0.388731,0.230971,0.160597,0.032074,0.071650,0.040085,0.009400,0.006144
N20001013,0.017752,0.405868,0.269521,0.169206,0.009528,0.079165,0.044342,0.002777,0.001841
N20001014,0.028427,0.466020,0.179168,0.190827,0.012736,0.086032,0.030046,0.004081,0.002663
N20001015,0.028104,0.425262,0.210165,0.190415,0.014670,0.087961,0.036250,0.004317,0.002856
N20001016,0.018497,0.340737,0.358173,0.143590,0.009887,0.066766,0.057547,0.002889,0.001915
N20001017,0.043232,0.355824,0.290587,0.154885,0.023681,0.067118,0.053410,0.006811,0.004453
N20001018,0.018469,0.389158,0.312610,0.142300,0.009066,0.069972,0.053808,0.002803,0.001815
N20001019,0.075200,0.283357,0.336608,0.120903,0.042370,0.052121,0.069797,0.011897,0.007748
N20001020,0.024352,0.299068,0.389517,0.139795,0.014294,0.059189,0.067211,0.003946,0.002629
N20001021,0.170110,0.125665,0.363469,0.051440,0.125156,0.021302,0.092954,0.030435,0.019468
N20001022,0.021389,0.350895,0.325228,0.156634,0.013552,0.069248,0.057038,0.003612,0.002402
N20001023,0.058847,0.224740,0.432412,0.103772,0.037648,0.042138,0.084134,0.009796,0.006511
N20001024,0.195135,0.019889,0.383367,0.009543,0.209063,0.003595,0.110990,0.041624,0.026794
N20001025,0.043688,0.418793,0.187466,0.199652,0.024424,0.077722,0.036709,0.006998,0.004547
N20001026,0.105862,0.304133,0.260834,0.125882,0.060798,0.056780,0.057700,0.017103,0.010907
N20001027,0.162074,0.174827,0.331883,0.079545,0.100011,0.032910,0.074671,0.026859,0.017220
N20001028,0.025550,0.188383,0.546655,0.081560,0.016508,0.036037,0.098115,0.004320,0.002873
N20001029,0.110180,0.162821,0.429824,0.062313,0.073738,0.030900,0.099006,0.019045,0.012173
N20001030,0.144632,0.127998,0.410339,0.069163,0.092431,0.024726,0.090702,0.024225,0.015784
N20001031,0.031726,0.199088,0.520768,0.096408,0.019280,0.041477,0.082628,0.005136,0.003490
N20001032,0.072354,0.091554,0.577025,0.041874,0.053144,0.016517,0.126337,0.012776,0.008419
N20001033,0.014785,0.179130,0.573242,0.083454,0.010947,0.032843,0.101143,0.002665,0.001791
N20001034,0.013368,0.178614,0.577393,0.084244,0.010271,0.034655,0.097331,0.002463,0.001662
N20001035,0.190481,0.034961,0.429609,0.019483,0.152814,0.007210,0.106800,0.035568,0.023074
N20001036,0.051847,0.078790,0.625414,0.040705,0.043590,0.014459,0.128834,0.009801,0.006560
N20001037,0.069242,0.052144,0.619635,0.028013,0.060796,0.010098,0.137906,0.013300,0.008867
N20001038,0.034673,0.301902,0.370547,0.140391,0.019509,0.059199,0.064668,0.005484,0.003628
N20001039,0.025803,0.286332,0.390543,0.147363,0.015622,0.062528,0.064760,0.004216,0.002833
N20001040,0.032804,0.519100,0.082151,0.223218,0.012085,0.110139,0.013399,0.004313,0.002791
N20001041,0.027423,0.533858,0.124032,0.184207,0.010528,0.092714,0.021163,0.003693,0.002381
N20001042,0.152771,0.032318,0.495129,0.019417,0.132595,0.006773,0.112265,0.029302,0.019431
N20001043,0.012472,0.332848,0.373712,0.146388,0.006556,0.063928,0.060930,0.001899,0.001268
N20001044,0.033839,0.490316,0.173106,0.168158,0.013367,0.083116,0.030528,0.004606,0.002965
N20001045,0.035853,0.402445,0.221146,0.181128,0.020445,0.090833,0.038519,0.005826,0.003807
N20001046,0.043397,0.385549,0.242984,0.178540,0.022084,0.073217,0.043375,0.006547,0.004308
N20001047,0.027950,0.376055,0.248386,0.191828,0.015581,0.092225,0.040636,0.004398,0.002941
N20001048,0.015487,0.475690,0.162890,0.215310,0.009024,0.088876,0.028504,0.002551,0.001668
N20001049,0.049771,0.427577,0.176136,0.191634,0.024472,0.085743,0.032328,0.007496,0.004843
N20001050,0.021775,0.223056,0.494075,0.107233,0.015377,0.046267,0.085787,0.003852,0.002577
N20001051,0.017218,0.434999,0.215114,0.200542,0.008238,0.084664,0.035014,0.002534,0.001676
N20001052,0.038429,0.278022,0.391305,0.127516,0.023508,0.058802,0.071873,0.006354,0.004191
N20001053,0.123939,0.285880,0.255226,0.126260,0.069314,0.052876,0.054323,0.019522,0.012659
N20001054,0.021478,0.153321,0.598334,0.066825,0.015224,0.027592,0.110955,0.003753,0.002518
N20001055,0.016946,0.521189,0.130548,0.201253,0.007047,0.098163,0.020928,0.002372,0.001554
N20001056,0.029461,0.413540,0.227156,0.191071,0.013323,0.079145,0.039326,0.004206,0.002772
N20001057,0.285263,0.063960,0.273668,0.034282,0.183016,0.013055,0.068259,0.047750,0.030746
N20001058,0.019738,0.564354,0.090771,0.190412,0.007434,0.108372,0.014562,0.002646,0.001712
N20001059,0.184674,0.146047,0.330588,0.064367,0.118153,0.025188,0.080016,0.031103,0.019865
N20001060,0.051462,0.311634,0.335445,0.137088,0.031403,0.055572,0.063296,0.008517,0.005583
N20001061,0.290478,0.031932,0.260805,0.013609,0.232964,0.005310,0.076768,0.053998,0.034135
N20001062,0.408941,0.032604,0.142276,0.018301,0.245646,0.006773,0.036168,0.066833,0.042458
N20001063,0.167116,0.054806,0.469456,0.027773,0.114948,0.010622,0.107879,0.028667,0.018734
N20001064,0.342874,0.057892,0.194107,0.024614,0.225065,0.009617,0.050294,0.058673,0.036863
N20001065,0.042082,0.507520,0.115310,0.193766,0.015751,0.096576,0.019867,0.005537,0.003589
N20001066,0.186343,0.039081,0.415646,0.017790,0.161058,0.006736,0.114852,0.035494,0.023001
N20001067,0.020443,0.165060,0.575235,0.081112,0.018993,0.034010,0.098220,0.004139,0.002788
N20001068,0.144302,0.038940,0.501396,0.022776,0.125005,0.007964,0.113545,0.027707,0.018365
N20001069,0.312426,0.045821,0.246783,0.024830,0.209199,0.009276,0.064723,0.052857,0.034085
N20001070,0.233562,0.029496,0.366760,0.015374,0.184436,0.005495,0.093979,0.043060,0.027837
N20001071,0.386543,0.058744,0.170131,0.033976,0.202365,0.013705,0.038203,0.058583,0.037750
N20001072,0.284647,0.020007,0.276124,0.011448,0.243363,0.004028,0.070314,0.054710,0.035359
N20001073,0.333747,0.020030,0.255281,0.012284,0.219109,0.004490,0.062950,0.055880,0.036228
N20001074,0.069644,0.130689,0.534457,0.067434,0.045670,0.026805,0.105600,0.011889,0.007812
N20001075,0.370266,0.042740,0.202800,0.025186,0.208773,0.009724,0.045150,0.057811,0.037549
N20001076,0.321182,0.024512,0.263243,0.014639,0.219092,0.005275,0.061087,0.055198,0.035772
N20001077,0.129965,0.086356,0.492120,0.048888,0.084255,0.018589,0.103737,0.021756,0.014334
N20001078,0.137472,0.099382,0.470173,0.056268,0.084893,0.021934,0.092263,0.022702,0.014913
N20001079,0.304332,0.081505,0.230363,0.030113,0.191277,0.013746,0.066583,0.050524,0.031557
N20001080,0.207156,0.146750,0.298697,0.038562,0.131130,0.018452,0.104119,0.034140,0.020994
N20001081,0.333341,0.073938,0.224101,0.030803,0.181517,0.012685,0.058916,0.052206,0.032493
N20001082,0.663349,0.030879,0.017941,0.016779,0.149597,0.007249,0.003946,0.068666,0.041596
N20001083,0.646935,0.016567,0.013905,0.009049,0.186417,0.003818,0.003425,0.074478,0.045404
N20001084,0.188847,0.403415,0.096729,0.119414,0.069982,0.056868,0.025398,0.024400,0.014948
N20001085,0.143873,0.067585,0.441418,0.018008,0.123487,0.008227,0.153276,0.027084,0.017043
N20001086,0.632641,0.050730,0.026102,0.025140,0.142826,0.011176,0.005609,0.065904,0.039873
N20001087,0.171298,0.186911,0.317736,0.048981,0.105502,0.023013,0.101294,0.027940,0.017324
N20001088,0.098875,0.187078,0.419854,0.052257,0.064123,0.023545,0.127369,0.016534,0.010367
N20001089,0.015121,0.587816,0.037283,0.240074,0.004875,0.105323,0.006421,0.001891,0.001197
N20001090,0.239835,0.257108,0.178409,0.071440,0.112382,0.033600,0.051793,0.034260,0.021173
N20001091,0.113242,0.405787,0.151494,0.144463,0.053137,0.071947,0.032945,0.016494,0.010491
N20001092,0.017552,0.587864,0.039859,0.228390,0.005913,0.109861,0.006907,0.002237,0.001417
N20001093,0.016886,0.606309,0.023355,0.228600,0.005381,0.111944,0.004093,0.002104,0.001327
N20001094,0.569686,0.035631,0.044972,0.018255,0.196519,0.007615,0.010915,0.072235,0.044172
N20001095,0.039530,0.547417,0.075471,0.209632,0.015381,0.089300,0.014534,0.005349,0.003387
N20001096,0.054853,0.471763,0.144813,0.182969,0.021280,0.084592,0.027763,0.007293,0.004673
N20001097,0.057046,0.563540,0.060341,0.179651,0.019664,0.095857,0.012032,0.007302,0.004568
N20001098,0.043292,0.459961,0.197099,0.147719,0.021233,0.079897,0.040219,0.006460,0.004120
N20001099,0.200459,0.155593,0.313294,0.056351,0.116323,0.023813,0.081882,0.032147,0.020139
N20001100,0.053946,0.486243,0.173078,0.137751,0.025833,0.071727,0.038403,0.008005,0.005015
N20001101,0.314169,0.292463,0.047508,0.124199,0.089592,0.063325,0.009817,0.036354,0.022571
N20001102,0.181305,0.315959,0.173593,0.107114,0.086601,0.048167,0.044435,0.026334,0.016492
N20001103,0.318156,0.107209,0.172379,0.035979,0.209113,0.015672,0.053974,0.054238,0.033280
N20001104,0.055907,0.520140,0.102414,0.181702,0.019578,0.088420,0.020222,0.007119,0.004498
N20001105,0.324769,0.133533,0.152540,0.057440,0.183683,0.024719,0.038982,0.051959,0.032376
N20001106,0.079191,0.320647,0.320473,0.095490,0.041247,0.051006,0.072304,0.012020,0.007622
N20001107,0.354307,0.060733,0.143777,0.025274,0.260662,0.009791,0.041636,0.064025,0.039795
N20001108,0.116712,0.308434,0.273701,0.084901,0.071445,0.043336,0.069920,0.019440,0.012112
N20001109,0.615700,0.050800,0.026794,0.024221,0.155961,0.011529,0.005934,0.068005,0.041056
N20001110,0.290037,0.085731,0.247757,0.035648,0.182754,0.015072,0.064501,0.048188,0.030312
N20001111,0.065257,0.483226,0.133498,0.173316,0.023434,0.080891,0.026848,0.008249,0.005280
N20001112,0.311422,0.135628,0.156775,0.048577,0.196089,0.020696,0.046296,0.052303,0.032213
N20001113,0.447428,0.075879,0.076216,0.035574,0.221828,0.014354,0.019773,0.067343,0.041604
N20001114,0.468441,0.064108,0.057127,0.027319,0.239319,0.011850,0.016173,0.071900,0.043764
N20001115,0.219447,0.117203,0.288781,0.045888,0.166572,0.020140,0.076642,0.039983,0.025344
N20001116,0.024705,0.571374,0.078999,0.200661,0.009010,0.095102,0.014832,0.003262,0.002054
N20001117,0.038565,0.563514,0.083085,0.185262,0.013138,0.092356,0.016199,0.004834,0.003048
N20001118,0.511798,0.043855,0.052953,0.019555,0.230114,0.009426,0.014538,0.073087,0.044675
N20001119,0.391047,0.067086,0.094478,0.029721,0.267645,0.012869,0.025652,0.068739,0.042764
N20001120,0.458739,0.057906,0.056397,0.027614,0.255299,0.010887,0.015148,0.072930,0.045080
N20001121,0.213508,0.024414,0.392830,0.012882,0.179420,0.004633,0.105626,0.040511,0.026174
N20001122,0.211178,0.070853,0.330357,0.025975,0.183705,0.010147,0.101066,0.040970,0.025749
N20001123,0.180082,0.189623,0.282222,0.071439,0.120174,0.030668,0.075383,0.030988,0.019421
N20001124,0.249767,0.087250,0.266143,0.035011,0.197895,0.014584,0.073441,0.046467,0.029442
N20001125,0.147404,0.107584,0.421058,0.037132,0.108979,0.016308,0.118527,0.026326,0.016681
N20001126,0.160878,0.115109,0.412192,0.042175,0.102290,0.017636,0.106011,0.026716,0.016992
N20001127,0.508530,0.050157,0.047193,0.023939,0.229396,0.010732,0.012317,0.072901,0.044837
N20001128,0.164101,0.319071,0.187463,0.105949,0.084008,0.053808,0.045481,0.024624,0.015495
N20001129,0.111014,0.310197,0.278105,0.105151,0.055083,0.049754,0.063808,0.016471,0.010416
N20001130,0.544612,0.054073,0.024052,0.028099,0.212717,0.011939,0.005939,0.073655,0.044913
N20001131,0.443679,0.084758,0.080989,0.039072,0.207355,0.019808,0.019406,0.064914,0.040018
N20001132,0.276747,0.100901,0.233897,0.039511,0.189767,0.015886,0.065215,0.047941,0.030136
N20001133,0.142308,0.105413,0.427384,0.041493,0.113045,0.017394,0.109574,0.026448,0.016941
N20001134,0.368018,0.081825,0.143949,0.037862,0.216928,0.016566,0.037459,0.059943,0.037451
N20001135,0.230759,0.084035,0.296120,0.032553,0.186138,0.013467,0.086047,0.043588,0.027294
N20001136,0.262181,0.099615,0.222094,0.043836,0.215820,0.017284,0.057273,0.050121,0.031775
N20001137,0.237487,0.064179,0.278049,0.026085,0.221915,0.010194,0.084237,0.047712,0.030143
N20001138,0.301320,0.047539,0.250575,0.019290,0.215410,0.007499,0.071964,0.053019,0.033384
N20001139,0.225069,0.104805,0.292141,0.040209,0.171311,0.016863,0.082655,0.041051,0.025895
N20001140,0.119127,0.089734,0.488806,0.038478,0.092898,0.016119,0.118569,0.022122,0.014148
N20001141,0.353850,0.075190,0.188150,0.031917,0.195272,0.013032,0.052838,0.055238,0.034513
N20001142,0.241841,0.073190,0.275688,0.033333,0.213834,0.012379,0.072033,0.047352,0.030351
N20001143,0.271181,0.118163,0.234302,0.047166,0.172262,0.019912,0.062901,0.045531,0.028583
N20001144,0.240990,0.051227,0.289249,0.020712,0.222290,0.008527,0.089002,0.047728,0.030276
N20001145,0.134237,0.019837,0.500548,0.009409,0.143730,0.003350,0.141675,0.028670,0.018544
N20001146,0.194317,0.048467,0.395170,0.021805,0.162616,0.008240,0.109086,0.036651,0.023648
N20001147,0.152106,0.280924,0.274200,0.082324,0.069401,0.040398,0.065449,0.021624,0.013574
N20001148,0.088775,0.063960,0.564465,0.025619,0.083835,0.011591,0.132114,0.017964,0.011677
N20001149,0.140575,0.100464,0.449363,0.041208,0.101094,0.017205,0.109245,0.024907,0.015939
N20001150,0.240553,0.080781,0.305370,0.032778,0.175987,0.013285,0.080649,0.043236,0.027362
N20001151,0.230227,0.088582,0.294129,0.039250,0.187150,0.015641,0.073283,0.043891,0.027846
N20001152,0.194195,0.069444,0.373833,0.028936,0.157398,0.011988,0.104382,0.036631,0.023195
N20001153,0.189978,0.122062,0.309695,0.056948,0.163517,0.022360,0.074012,0.037546,0.023880
N20001154,0.394895,0.105231,0.134273,0.041415,0.179280,0.017641,0.037076,0.055499,0.034690
N20001155,0.271994,0.063578,0.270155,0.026521,0.199028,0.011044,0.078087,0.048860,0.030733
N20001156,0.149966,0.105263,0.419384,0.045890,0.111766,0.018876,0.104370,0.027126,0.017359
N20001157,0.214865,0.079006,0.330209,0.034933,0.174753,0.013440,0.085958,0.040945,0.025891
N20001158,0.392569,0.067033,0.159911,0.034419,0.197751,0.013174,0.038764,0.059113,0.037266
N20001159,0.244890,0.023319,0.290737,0.009483,0.250602,0.003760,0.094165,0.050787,0.032258
N20001160,0.334123,0.038338,0.187044,0.017488,0.261453,0.006854,0.054271,0.061572,0.038856
N20001161,0.230394,0.051931,0.313078,0.023072,0.206461,0.009272,0.091364,0.045573,0.028854
N20001162,0.163751,0.072544,0.422215,0.028135,0.127644,0.011976,0.124692,0.029995,0.019048
N20001163,0.219886,0.086239,0.351806,0.033017,0.142085,0.013734,0.093055,0.036819,0.023359
N20001164,0.330625,0.055196,0.208104,0.026673,0.219687,0.010303,0.057377,0.056398,0.035638
N20001165,0.390227,0.058583,0.147619,0.028922,0.225703,0.011070,0.036329,0.062149,0.039396
N20001166,0.313063,0.034342,0.240199,0.017470,0.229443,0.006648,0.067151,0.056085,0.035600
N20001167,0.141650,0.023881,0.513400,0.013118,0.130995,0.004636,0.125801,0.028075,0.018443
N20001168,0.147913,0.062342,0.467995,0.026608,0.115404,0.011055,0.123745,0.027449,0.017489
N20001169,0.199124,0.049458,0.410160,0.027346,0.146347,0.010194,0.098795,0.035488,0.023087
N20001170,0.195885,0.044528,0.393220,0.022279,0.169723,0.008690,0.103479,0.037711,0.024484
N20001171,0.140254,0.053684,0.494667,0.027677,0.117634,0.010243,0.111656,0.026694,0.017491
N20001172,0.062416,0.055448,0.636319,0.028475,0.052161,0.011559,0.133942,0.011810,0.007868
N20001173,0.185563,0.051154,0.397722,0.025934,0.167930,0.010129,0.101226,0.036503,0.023838
N20001174,0.170986,0.030779,0.467062,0.016880,0.144261,0.006092,0.110301,0.032370,0.021268
N20001175,0.112668,0.042131,0.532579,0.021442,0.113594,0.007587,0.131041,0.023554,0.015403
N20001176,0.157216,0.033587,0.499253,0.019687,0.126984,0.007362,0.107298,0.029287,0.019325
N20001177,0.167258,0.037354,0.476758,0.021061,0.130987,0.007950,0.108063,0.030497,0.020072
N20001178,0.131523,0.042172,0.518317,0.022758,0.113448,0.008163,0.121644,0.025318,0.016657
N20001179,0.328477,0.062532,0.211824,0.026802,0.208887,0.011315,0.061383,0.054591,0.034188
N20001180,0.340770,0.045206,0.196186,0.025257,0.235798,0.009552,0.049220,0.059796,0.038215
N20001181,0.205002,0.026022,0.382103,0.014210,0.198066,0.005072,0.101441,0.041167,0.026919
N20001182,0.249439,0.050243,0.355536,0.029079,0.156146,0.011000,0.080407,0.041314,0.026836
N20001183,0.282695,0.018260,0.280188,0.010617,0.246469,0.003888,0.068007,0.054321,0.035554
N20001184,0.446455,0.054445,0.109189,0.029574,0.213947,0.012238,0.026989,0.065918,0.041244
N20001185,0.290790,0.034302,0.275877,0.020490,0.223326,0.007437,0.060111,0.052931,0.034735
N20001186,0.347443,0.026684,0.208488,0.015066,0.244765,0.005733,0.052263,0.060586,0.038971
N20001187,0.218025,0.054924,0.388707,0.030115,0.146040,0.011246,0.089472,0.037228,0.024243
N20001188,0.256698,0.037158,0.345395,0.020875,0.180375,0.007795,0.077616,0.044934,0.029153
N20001189,0.276978,0.047776,0.340252,0.028827,0.151175,0.011174,0.072717,0.043167,0.027935
N20001190,0.559504,0.027921,0.042965,0.017598,0.214563,0.006917,0.010293,0.073998,0.046241
N20001191,0.281819,0.016124,0.285678,0.009582,0.245080,0.003683,0.068187,0.054312,0.035535
N20001192,0.588079,0.029688,0.030593,0.018363,0.199481,0.007420,0.006932,0.073621,0.045821
N20001193,0.348509,0.062875,0.237489,0.037402,0.165046,0.014149,0.051398,0.050608,0.032524
N20001194,0.243833,0.209128,0.173654,0.104882,0.126070,0.043532,0.037632,0.037390,0.023879
N20001195,0.420625,0.034936,0.133739,0.020996,0.240352,0.007867,0.031526,0.067151,0.042810
N20001196,0.199275,0.054686,0.414755,0.031777,0.137806,0.011959,0.092390,0.034667,0.022685
N20001197,0.548886,0.020550,0.051762,0.012612,0.226574,0.005075,0.012448,0.075100,0.046994
N20001198,0.309148,0.036358,0.267469,0.023120,0.209517,0.008458,0.058295,0.052930,0.034706
N20001199,0.169107,0.040363,0.463977,0.022138,0.136808,0.008442,0.106718,0.031692,0.020756
N20001200,0.154612,0.083918,0.442352,0.043686,0.107784,0.016460,0.106647,0.027040,0.017501
N20001201,0.096476,0.124243,0.504567,0.063303,0.059153,0.024835,0.101182,0.015851,0.010391
N20001202,0.398516,0.038877,0.154932,0.022419,0.234709,0.008470,0.037058,0.064032,0.040986
N20001203,0.054110,0.456242,0.174176,0.162342,0.023324,0.084257,0.033088,0.007598,0.004864
N20001204,0.532999,0.021370,0.046488,0.012964,0.244249,0.005240,0.011243,0.077193,0.048255
N20001205,0.118990,0.290141,0.261076,0.128174,0.063069,0.053426,0.054964,0.018344,0.011816
N20001206,0.045854,0.429682,0.198226,0.176628,0.023204,0.077500,0.037353,0.007036,0.004518
N20001207,0.019637,0.561593,0.046757,0.228120,0.007543,0.124297,0.007662,0.002678,0.001714
N20001208,0.024908,0.575606,0.020795,0.243937,0.007896,0.118283,0.003537,0.003076,0.001961
N20001209,0.202207,0.137386,0.322282,0.070793,0.118691,0.030016,0.065091,0.032460,0.021074
N20001210,0.039641,0.514589,0.093008,0.211456,0.015283,0.101065,0.016250,0.005292,0.003416
N20001211,0.036189,0.477977,0.147113,0.201372,0.016359,0.085699,0.026651,0.005250,0.003390
N20001212,0.534854,0.016116,0.044666,0.010466,0.251739,0.004018,0.010339,0.078478,0.049325
N20001213,0.053281,0.344215,0.304888,0.145688,0.022651,0.061284,0.055872,0.007341,0.004780
N20001214,0.152344,0.319060,0.174512,0.145384,0.072278,0.064650,0.034874,0.022476,0.014422
N20001215,0.028854,0.436672,0.201356,0.195391,0.015974,0.078548,0.035605,0.004598,0.003003
N20001216,0.127891,0.205935,0.375426,0.080358,0.065783,0.037829,0.074843,0.019389,0.012546
N20001217,0.106593,0.217652,0.369233,0.100374,0.062211,0.043133,0.072356,0.017221,0.011228
N20001218,0.184099,0.072586,0.423245,0.039731,0.117619,0.016007,0.095961,0.030727,0.020026
N20001219,0.127038,0.177837,0.382131,0.085816,0.080930,0.034472,0.076457,0.021332,0.013986
N20001220,0.053967,0.406883,0.202690,0.187011,0.025311,0.073639,0.037520,0.007866,0.005114
N20001221,0.274361,0.087976,0.273599,0.044125,0.166322,0.016704,0.063718,0.044406,0.028789
N20001222,0.036076,0.484620,0.144206,0.193049,0.015289,0.092902,0.025546,0.005051,0.003261
N20001223,0.031275,0.501708,0.127392,0.199900,0.012984,0.097066,0.022552,0.004331,0.002793
N20001224,0.028605,0.483481,0.153135,0.202134,0.011641,0.088931,0.025606,0.003919,0.002547
N20001225,0.033351,0.508200,0.097682,0.218702,0.011208,0.108137,0.015887,0.004131,0.002701
N20001226,0.093247,0.056687,0.568565,0.032118,0.083295,0.011649,0.123793,0.018463,0.012182
N20001227,0.038814,0.461744,0.170041,0.183933,0.016354,0.090625,0.029572,0.005412,0.003505
N20001228,0.023096,0.524012,0.093807,0.219785,0.008845,0.110359,0.015011,0.003084,0.002000
N20001229,0.040700,0.514366,0.078648,0.218631,0.015517,0.109917,0.013343,0.005393,0.003485
N20001230,0.269798,0.044882,0.330660,0.026220,0.170432,0.009967,0.074198,0.044739,0.029104
N20001231,0.190470,0.094773,0.385066,0.052916,0.122571,0.020691,0.080631,0.031960,0.020922
N20001232,0.065661,0.352805,0.236454,0.179900,0.032205,0.075301,0.041457,0.009810,0.006409
N20001233,0.313367,0.097751,0.190757,0.055371,0.195719,0.020731,0.040530,0.051991,0.033785
N20001234,0.066226,0.082657,0.585619,0.039821,0.060283,0.014738,0.128966,0.013038,0.008651
N20001235,0.652158,0.027106,0.015541,0.015569,0.164426,0.006605,0.003476,0.071704,0.043414
N20001236,0.682106,0.019651,0.004950,0.011958,0.158667,0.005314,0.001159,0.072564,0.043631
N20001237,0.666614,0.020421,0.010310,0.013096,0.165524,0.005458,0.002269,0.072105,0.044203
N20001238,0.699391,0.018257,0.005996,0.011815,0.146066,0.005158,0.001274,0.069492,0.042551
N20001239,0.685771,0.019087,0.006801,0.010508,0.155818,0.004803,0.001538,0.072413,0.043260
N20001240,0.632448,0.017995,0.012627,0.010170,0.195978,0.004153,0.002830,0.077005,0.046794
N20001241,0.678862,0.013012,0.006141,0.007808,0.170429,0.003319,0.001434,0.074159,0.044836
N20001242,0.655839,0.028764,0.013960,0.016237,0.160727,0.007070,0.003029,0.071193,0.043181
N20001243,0.704300,0.020036,0.006386,0.011905,0.140126,0.005263,0.001366,0.069033,0.041583
N20001244,0.656972,0.013278,0.010117,0.008635,0.184105,0.003551,0.002262,0.074855,0.046226
N20001245,0.660415,0.019457,0.013106,0.012533,0.169200,0.005295,0.002878,0.072543,0.044573
N20001246,0.643215,0.028004,0.014421,0.017343,0.169896,0.007397,0.003179,0.072302,0.044245
N20001247,0.617360,0.024992,0.020026,0.015822,0.191763,0.006259,0.004467,0.073475,0.045836
N20001248,0.677873,0.018768,0.008001,0.010488,0.161899,0.004593,0.001830,0.072853,0.043695
N20001249,0.076948,0.504974,0.088866,0.181972,0.026592,0.087653,0.017097,0.009725,0.006173
N20001250,0.665366,0.020975,0.007308,0.012174,0.169415,0.005424,0.001715,0.073189,0.044435
N20001251,0.645463,0.022920,0.011310,0.014563,0.177944,0.006028,0.002547,0.073971,0.045254
N20001252,0.695796,0.019107,0.006738,0.011519,0.148053,0.004981,0.001451,0.069916,0.042439
N20001253,0.648605,0.027080,0.012587,0.016624,0.168522,0.007113,0.002805,0.072502,0.044161
N20001254,0.580150,0.055192,0.034297,0.030271,0.170308,0.012666,0.007341,0.067723,0.042052
N20001255,0.678082,0.031521,0.010649,0.016812,0.142735,0.007650,0.002347,0.069026,0.041177
N20001256,0.695130,0.021938,0.006859,0.013102,0.144558,0.005691,0.001474,0.069263,0.041985
N20001257,0.684772,0.016705,0.005231,0.009525,0.161154,0.004182,0.001203,0.073397,0.043831
N20001258,0.645321,0.017907,0.012779,0.011795,0.183826,0.004861,0.002893,0.074641,0.045977
N20001259,0.661193,0.018822,0.010820,0.011216,0.172074,0.004785,0.002458,0.073882,0.044750
N20001260,0.604761,0.022076,0.025734,0.013620,0.200785,0.005576,0.005736,0.075088,0.046624
N20001261,0.690916,0.020592,0.006438,0.011702,0.149990,0.005274,0.001453,0.071077,0.042558
N20001262,0.659844,0.013534,0.008739,0.007597,0.183863,0.003182,0.002174,0.075468,0.045599
N20001263,0.676477,0.022843,0.010245,0.012468,0.155812,0.005371,0.002363,0.071608,0.042813
N20001264,0.561084,0.016354,0.030434,0.010139,0.241813,0.004048,0.007526,0.079431,0.049171
N20001265,0.595544,0.013851,0.020319,0.008816,0.225590,0.003499,0.004775,0.078749,0.048857
N20001266,0.689449,0.020020,0.007737,0.011202,0.151265,0.004998,0.001689,0.070942,0.042698
N20001267,0.639945,0.023907,0.015317,0.015196,0.178427,0.006325,0.003295,0.072511,0.045077
N20001268,0.679218,0.016035,0.008261,0.009369,0.164158,0.003968,0.001832,0.073038,0.044121
N20001269,0.654559,0.033150,0.018683,0.017913,0.152510,0.007938,0.004122,0.069274,0.041851
N20001270,0.665268,0.024622,0.008351,0.013170,0.163868,0.005879,0.001988,0.073284,0.043571
N20001271,0.472325,0.032262,0.111697,0.020198,0.218550,0.007864,0.025908,0.067987,0.043209
N20001272,0.669658,0.012262,0.008011,0.006969,0.177817,0.002939,0.001850,0.075101,0.045394
N20001273,0.648602,0.018823,0.009476,0.011699,0.183412,0.004883,0.002189,0.075043,0.045873
N20001274,0.612520,0.031566,0.015957,0.017077,0.191757,0.007134,0.003739,0.074814,0.045435
N20001275,0.366533,0.046448,0.203698,0.026057,0.205973,0.010116,0.046305,0.057791,0.037079
N20001276,0.663819,0.031112,0.011320,0.017665,0.153286,0.007783,0.002432,0.070201,0.042382
N20001277,0.670110,0.020472,0.007349,0.011812,0.166151,0.005057,0.001692,0.073251,0.044105
N20001278,0.656027,0.023163,0.008508,0.013800,0.172433,0.005946,0.001902,0.073469,0.044752
N20001279,0.642662,0.021075,0.010779,0.012852,0.184108,0.005525,0.002504,0.074761,0.045733
N20001280,0.501739,0.043392,0.066238,0.023039,0.224709,0.009152,0.016914,0.070530,0.044288
N20001281,0.560038,0.028913,0.035499,0.016069,0.222154,0.006733,0.008758,0.075087,0.046748
N20001282,0.663556,0.014940,0.008988,0.009714,0.177399,0.003996,0.001923,0.073813,0.045671
N20001283,0.667286,0.017759,0.014282,0.010430,0.166690,0.004495,0.003026,0.071874,0.044158
N20001284,0.685168,0.019324,0.005485,0.012491,0.155843,0.005416,0.001210,0.071521,0.043542
N20001285,0.539677,0.050422,0.060602,0.028231,0.186915,0.012109,0.012957,0.066706,0.042381
N20001286,0.672388,0.017387,0.014231,0.010488,0.163197,0.004270,0.003033,0.071216,0.043789
N20001287,0.667089,0.025168,0.009098,0.014946,0.159926,0.006340,0.001949,0.071956,0.043528
N20001288,0.691739,0.020345,0.007005,0.011909,0.149357,0.005261,0.001563,0.070392,0.042429
N20001289,0.340836,0.098985,0.188800,0.050201,0.174563,0.021436,0.040645,0.051601,0.032933
N20001290,0.668043,0.020580,0.008474,0.012767,0.166025,0.005563,0.001899,0.072384,0.044265
N20001291,0.685046,0.019428,0.005369,0.011435,0.157073,0.005120,0.001226,0.071884,0.043418
N20001292,0.140787,0.336177,0.172758,0.152382,0.060685,0.072340,0.032621,0.019626,0.012624
N20001293,0.685142,0.020034,0.011744,0.012423,0.150374,0.005219,0.002449,0.069930,0.042684
N20001294,0.059281,0.353434,0.247877,0.174928,0.031843,0.072789,0.044487,0.009283,0.006079
N20001295,0.691878,0.024590,0.007445,0.013948,0.143313,0.006244,0.001644,0.069288,0.041650
N20001296,0.095859,0.214382,0.391386,0.092185,0.061179,0.043178,0.075125,0.016194,0.010511
N20001297,0.658464,0.017144,0.011657,0.009892,0.176875,0.004193,0.002615,0.074016,0.045144
N20001298,0.695563,0.023493,0.006755,0.013432,0.141943,0.005923,0.001467,0.069741,0.041683
N20001299,0.698688,0.015613,0.006621,0.009031,0.150436,0.003901,0.001450,0.071442,0.042818
N20001300,0.680496,0.028994,0.008490,0.015739,0.145858,0.006864,0.001884,0.069982,0.041693
N20001301,0.698495,0.014609,0.004529,0.008183,0.153816,0.003664,0.001030,0.072459,0.043216
N20001302,0.714704,0.018379,0.004077,0.010913,0.135874,0.004863,0.000884,0.069045,0.041262
N20001303,0.643504,0.028194,0.012872,0.014661,0.174166,0.006515,0.002955,0.072868,0.044264
N20001304,0.669332,0.029735,0.010306,0.015706,0.152690,0.006936,0.002319,0.070714,0.042261
N20001305,0.673991,0.015595,0.010063,0.008711,0.167332,0.003670,0.002206,0.074019,0.044413
N20001306,0.651797,0.008578,0.011796,0.005208,0.194111,0.002018,0.002526,0.076859,0.047106
N20001307,0.587600,0.043945,0.026910,0.018864,0.191194,0.008732,0.007241,0.072076,0.043437
N20001308,0.678470,0.023431,0.008223,0.014209,0.153919,0.006178,0.001804,0.070788,0.042978
N20001309,0.666672,0.020212,0.008068,0.012391,0.167760,0.005485,0.001776,0.073047,0.044590
N20001310,0.684414,0.020358,0.008136,0.011187,0.154573,0.004982,0.001844,0.071602,0.042904
N20001311,0.643377,0.030693,0.012199,0.015345,0.171749,0.007205,0.002929,0.072840,0.043663
N20001312,0.604996,0.047295,0.027039,0.023758,0.168683,0.010835,0.006278,0.069074,0.042043
N20001313,0.683947,0.021416,0.008028,0.011997,0.152801,0.005459,0.001740,0.071704,0.042909
N20001314,0.682321,0.027387,0.007921,0.015219,0.146514,0.006851,0.001723,0.070133,0.041932
N20001315,0.603825,0.049032,0.023388,0.023517,0.171670,0.010996,0.005541,0.069846,0.042187
N20001316,0.677524,0.015335,0.006223,0.008503,0.168212,0.003809,0.001399,0.074343,0.044652
N20001317,0.695867,0.020189,0.008256,0.011487,0.145098,0.004993,0.001798,0.070264,0.042047
N20001318,0.681192,0.024423,0.007983,0.015115,0.150726,0.006584,0.001692,0.069674,0.042611
N20001319,0.661634,0.027787,0.009181,0.015044,0.162096,0.006738,0.002152,0.072148,0.043219
N20001320,0.690283,0.021535,0.008065,0.011298,0.148425,0.005074,0.001839,0.071252,0.042230
N20001321,0.640354,0.026118,0.010845,0.013895,0.180544,0.006478,0.002626,0.074382,0.044759
N20001322,0.665288,0.028661,0.010893,0.015040,0.157448,0.006989,0.002531,0.070618,0.042534
N20001323,0.710381,0.020143,0.005208,0.011548,0.136541,0.005240,0.001137,0.068659,0.041141
N20001324,0.654262,0.035484,0.012500,0.017700,0.155807,0.008343,0.002926,0.070920,0.042057
N20001325,0.683251,0.019456,0.007890,0.011134,0.156589,0.004758,0.001808,0.071971,0.043143
N20001326,0.684244,0.016039,0.007794,0.009615,0.160220,0.004083,0.001743,0.072463,0.043798
N20001327,0.650752,0.020082,0.009522,0.012261,0.179700,0.005225,0.002280,0.074784,0.045393
N20001328,0.650411,0.032981,0.016003,0.016945,0.158988,0.007602,0.003622,0.070956,0.042493
N20001329,0.666681,0.019288,0.007345,0.011552,0.169739,0.004936,0.001640,0.074021,0.044798
N20001330,0.619350,0.019436,0.014565,0.011161,0.203669,0.004666,0.003561,0.076669,0.046922
N20001331,0.667319,0.021551,0.007966,0.013670,0.165345,0.005778,0.001772,0.072397,0.044202
N20001332,0.684836,0.026127,0.008922,0.014421,0.145651,0.006460,0.001950,0.069865,0.041768
N20001333,0.617190,0.022592,0.018404,0.012852,0.197136,0.005440,0.004501,0.075725,0.046161
N20001334,0.658789,0.020971,0.008830,0.012755,0.172593,0.005415,0.002032,0.073829,0.044785
N20001335,0.625915,0.027266,0.008563,0.015289,0.192197,0.006683,0.002155,0.076075,0.045858
N20001336,0.658893,0.029589,0.014299,0.016483,0.157837,0.007155,0.003191,0.069973,0.042580
N20001337,0.653156,0.013647,0.008193,0.008855,0.188095,0.003639,0.001850,0.075972,0.046594
N20001338,0.648344,0.048517,0.013013,0.024427,0.143147,0.011060,0.002998,0.068098,0.040396
N20001339,0.666257,0.019788,0.008850,0.012400,0.168144,0.005167,0.001939,0.072947,0.044509
N20001340,0.639310,0.016201,0.012336,0.009962,0.192683,0.004150,0.002800,0.075891,0.046666
N20001341,0.588800,0.019373,0.021265,0.011223,0.223134,0.004783,0.004948,0.078235,0.048239
N20001342,0.671466,0.014442,0.006199,0.008600,0.174106,0.003760,0.001429,0.074741,0.045256
N20001343,0.688476,0.022766,0.005817,0.013621,0.148923,0.006075,0.001304,0.070532,0.042487
N20001344,0.688385,0.020763,0.007051,0.012078,0.150713,0.005529,0.001560,0.071214,0.042708
N20001345,0.669669,0.024097,0.010528,0.014251,0.158152,0.006180,0.002287,0.071500,0.043336
N20001346,0.675189,0.023065,0.008714,0.013775,0.156855,0.005895,0.001932,0.071351,0.043224
N20001347,0.633956,0.025645,0.031756,0.016003,0.166403,0.006214,0.006548,0.070128,0.043348
N20001348,0.673691,0.025672,0.010351,0.014189,0.154470,0.006131,0.002392,0.070600,0.042504
N20001349,0.673741,0.018121,0.006916,0.011037,0.166282,0.004639,0.001577,0.073326,0.044362
N20001350,0.643607,0.014550,0.008046,0.009065,0.194971,0.003775,0.001953,0.077084,0.046948
N20001351,0.682395,0.028866,0.008611,0.017056,0.143177,0.007730,0.001840,0.068737,0.041587
N20001352,0.647623,0.024297,0.011529,0.014135,0.175084,0.005939,0.002623,0.074043,0.044727
N20001353,0.674806,0.014889,0.006044,0.008721,0.170920,0.003736,0.001431,0.074656,0.044799
N20001354,0.660140,0.023063,0.008172,0.013413,0.169449,0.005876,0.001897,0.073641,0.044349
N20001355,0.657840,0.014361,0.006885,0.008914,0.185114,0.003764,0.001674,0.075405,0.046043
N20001356,0.678632,0.016852,0.007584,0.010230,0.163693,0.004308,0.001695,0.072869,0.044136
N20001357,0.662355,0.020870,0.009333,0.012493,0.169481,0.005327,0.002091,0.073566,0.044484
N20001358,0.681438,0.023717,0.008145,0.013934,0.151809,0.006031,0.001777,0.070489,0.042661
N20001359,0.691880,0.020555,0.008017,0.012705,0.147506,0.005405,0.001701,0.069805,0.042427
N20001360,0.683811,0.018722,0.005495,0.011449,0.158852,0.004962,0.001264,0.071870,0.043575
N20001361,0.655420,0.020631,0.011179,0.012750,0.173948,0.005340,0.002527,0.073307,0.044899
N20001362,0.680801,0.016999,0.004713,0.010573,0.163891,0.004674,0.001072,0.072936,0.044340
N20001363,0.677684,0.026082,0.007712,0.015570,0.151346,0.006679,0.001688,0.070672,0.042567
N20001364,0.676459,0.013061,0.007159,0.008257,0.171277,0.003487,0.001596,0.073625,0.045078
N20001365,0.644848,0.025679,0.012692,0.013472,0.176462,0.005793,0.003108,0.073648,0.044299
N20001366,0.663992,0.019090,0.008049,0.011553,0.171877,0.004925,0.001879,0.073882,0.044752
N20001367,0.644780,0.020784,0.009575,0.012906,0.183447,0.005442,0.002191,0.075100,0.045775
N20001368,0.680536,0.024709,0.007686,0.015094,0.151288,0.006439,0.001684,0.069914,0.042651
N20001369,0.021361,0.582897,0.046656,0.216513,0.007416,0.113105,0.007502,0.002776,0.001774
N20001370,0.018326,0.587444,0.018958,0.235732,0.005511,0.127377,0.003014,0.002220,0.001417
N20001371,0.118733,0.392613,0.113853,0.187788,0.047735,0.092110,0.020534,0.016152,0.010483
N20001372,0.016307,0.570470,0.015917,0.271433,0.005080,0.114951,0.002564,0.001996,0.001282
N20001373,0.222888,0.342805,0.056357,0.171190,0.071643,0.079990,0.010457,0.027304,0.017367
N20001374,0.652461,0.014502,0.013004,0.009511,0.183529,0.003941,0.002738,0.074117,0.046197
N20001375,0.018232,0.574451,0.033070,0.223271,0.006159,0.135777,0.005221,0.002323,0.001496
N20001376,0.023790,0.560244,0.071005,0.204506,0.007248,0.117490,0.011009,0.002860,0.001849
N20001377,0.043026,0.534417,0.044070,0.224482,0.014534,0.122941,0.007535,0.005501,0.003496
N20001378,0.031229,0.573381,0.051487,0.204041,0.010505,0.114002,0.008844,0.003979,0.002532
N20001379,0.022230,0.575130,0.035523,0.228569,0.006785,0.121573,0.005790,0.002679,0.001719
N20001380,0.011363,0.538226,0.067200,0.232783,0.004404,0.133525,0.009957,0.001532,0.001010
N20001381,0.012499,0.590703,0.027346,0.237560,0.004071,0.120941,0.004292,0.001578,0.001010
N20001382,0.021710,0.565850,0.031401,0.228201,0.007856,0.135082,0.005206,0.002857,0.001837
N20001383,0.022578,0.594593,0.028411,0.216288,0.007131,0.121674,0.004737,0.002809,0.001779
N20001384,0.027725,0.573132,0.041227,0.212785,0.009031,0.123524,0.006916,0.003453,0.002207
N20001385,0.045824,0.539990,0.054286,0.213961,0.018335,0.107198,0.010053,0.006329,0.004025
N20001386,0.022924,0.501920,0.098079,0.229936,0.009248,0.117529,0.015182,0.003119,0.002061
N20001387,0.023649,0.574298,0.020795,0.244051,0.007424,0.121552,0.003438,0.002930,0.001862
N20001388,0.012957,0.554913,0.022657,0.254188,0.004300,0.145001,0.003307,0.001617,0.001061
N20001389,0.043863,0.570248,0.035161,0.201851,0.013950,0.119877,0.006176,0.005438,0.003436
N20001390,0.011054,0.592852,0.019745,0.239989,0.003606,0.127420,0.003035,0.001401,0.000899
N20001391,0.012736,0.552262,0.026145,0.255368,0.004681,0.142151,0.003872,0.001683,0.001103
N20001392,0.011171,0.549002,0.030600,0.265631,0.004095,0.132530,0.004533,0.001472,0.000966
N20001393,0.014376,0.627283,0.029889,0.196647,0.004603,0.119297,0.004948,0.001814,0.001144
N20001394,0.049857,0.537731,0.046484,0.218839,0.016455,0.112107,0.008436,0.006154,0.003938
N20001395,0.016604,0.579354,0.020862,0.245179,0.005262,0.125963,0.003398,0.002062,0.001314
N20001396,0.021567,0.587322,0.021701,0.219739,0.006303,0.135631,0.003493,0.002600,0.001643
N20001397,0.048189,0.548363,0.065567,0.196912,0.017533,0.101055,0.012015,0.006346,0.004020
N20001398,0.023166,0.583291,0.032505,0.217932,0.007520,0.125338,0.005500,0.002898,0.001849
N20001399,0.019109,0.595895,0.031017,0.215501,0.006083,0.123421,0.005055,0.002397,0.001523
N20001400,0.086253,0.487454,0.084854,0.177009,0.030444,0.100297,0.015665,0.011002,0.007023
N20001401,0.027503,0.523877,0.103601,0.205857,0.009888,0.106014,0.017385,0.003570,0.002304
N20001402,0.035966,0.525060,0.081482,0.210767,0.014805,0.109532,0.014177,0.004985,0.003227
N20001403,0.022240,0.577535,0.030863,0.226963,0.006857,0.126194,0.004913,0.002698,0.001736
N20001404,0.031072,0.539044,0.093889,0.192716,0.012326,0.107589,0.016367,0.004269,0.002728
N20001405,0.015144,0.589643,0.022671,0.230755,0.004757,0.130400,0.003548,0.001879,0.001203
N20001406,0.022941,0.598797,0.020581,0.207629,0.006661,0.135522,0.003383,0.002751,0.001735
N20001407,0.024335,0.577909,0.026386,0.231831,0.007895,0.122104,0.004554,0.003051,0.001934
N20001408,0.008832,0.631657,0.018980,0.203321,0.002460,0.130146,0.002900,0.001043,0.000663
N20001409,0.015980,0.588471,0.025035,0.232519,0.004777,0.126141,0.003936,0.001914,0.001228
N20001410,0.007450,0.595270,0.009444,0.251367,0.002133,0.131427,0.001450,0.000892,0.000566
N20001411,0.013395,0.596537,0.053187,0.204364,0.004433,0.117069,0.008226,0.001695,0.001093
N20001412,0.026227,0.591069,0.034283,0.204634,0.008116,0.124567,0.005842,0.003224,0.002039
N20001413,0.061764,0.512536,0.047618,0.218865,0.020075,0.118484,0.007961,0.007768,0.004928
N20001414,0.585230,0.091954,0.016624,0.047569,0.133305,0.023190,0.003446,0.061264,0.037418
N20001415,0.010346,0.635151,0.017267,0.199870,0.002946,0.129721,0.002674,0.001241,0.000785
N20001416,0.021384,0.578641,0.014609,0.245887,0.005860,0.127246,0.002331,0.002465,0.001576
N20001417,0.016355,0.608265,0.015446,0.220934,0.004651,0.128720,0.002449,0.001946,0.001233
N20001418,0.276823,0.230767,0.139606,0.092980,0.121299,0.042209,0.032814,0.039113,0.024390
N20001419,0.680533,0.016426,0.007097,0.009530,0.163266,0.004103,0.001649,0.073393,0.044002
N20001420,0.654345,0.024078,0.011267,0.011898,0.172552,0.005654,0.002622,0.073385,0.044200
N20001421,0.564687,0.081331,0.026916,0.036752,0.160482,0.017787,0.006387,0.065877,0.039781
N20001422,0.472521,0.085261,0.078113,0.040402,0.184241,0.018360,0.017902,0.063711,0.039490
N20001423,0.660424,0.028750,0.012903,0.014465,0.159669,0.006441,0.002931,0.071580,0.042836
N20001424,0.025703,0.587749,0.020590,0.225194,0.007666,0.124618,0.003398,0.003104,0.001977
N20001425,0.533250,0.049023,0.033042,0.022173,0.225128,0.009946,0.008846,0.073599,0.044993
N20001426,0.671385,0.027702,0.013035,0.014847,0.151139,0.006502,0.002910,0.070355,0.042125
N20001427,0.656120,0.022308,0.009390,0.012037,0.173987,0.005287,0.002242,0.074165,0.044463
N20001428,0.627975,0.042164,0.021363,0.021087,0.161397,0.009499,0.005016,0.069570,0.041928
N20001429,0.689166,0.020724,0.006476,0.011027,0.151570,0.004997,0.001484,0.071941,0.042614
N20001430,0.581925,0.021328,0.030504,0.011073,0.220175,0.004461,0.007656,0.075992,0.046885
N20001431,0.666233,0.023704,0.012268,0.011759,0.161941,0.005413,0.002892,0.072597,0.043192
N20001432,0.705952,0.021256,0.007472,0.012318,0.136502,0.005400,0.001609,0.068467,0.041025
N20001433,0.656124,0.022368,0.016161,0.012149,0.167608,0.005267,0.003494,0.072882,0.043948
N20001434,0.676680,0.027790,0.010377,0.015625,0.148850,0.006753,0.002326,0.069692,0.041906
N20001435,0.656409,0.025032,0.012865,0.011855,0.168882,0.005300,0.003048,0.073046,0.043562
N20001436,0.673354,0.016455,0.010193,0.010074,0.166122,0.004227,0.002159,0.072972,0.044444
N20001437,0.671026,0.035264,0.015330,0.018737,0.139470,0.008525,0.003250,0.067796,0.040602
N20001438,0.637845,0.008898,0.013499,0.004798,0.204238,0.001974,0.003125,0.078268,0.047354
N20001439,0.623755,0.047062,0.012263,0.021619,0.168178,0.011034,0.003054,0.070753,0.042282
N20001440,0.695244,0.019787,0.007603,0.011602,0.146659,0.005001,0.001664,0.070224,0.042215
N20001441,0.611769,0.048602,0.017061,0.022511,0.172223,0.010593,0.004313,0.070568,0.042361
N20001442,0.673779,0.023271,0.007121,0.013480,0.159102,0.005920,0.001597,0.072277,0.043451
N20001443,0.619849,0.046537,0.018607,0.023009,0.165067,0.010271,0.004411,0.070169,0.042080
N20001444,0.669636,0.026069,0.014377,0.014538,0.153149,0.006166,0.003117,0.070554,0.042395
N20001445,0.593235,0.053962,0.024523,0.024803,0.173854,0.012237,0.006001,0.069433,0.041952
N20001446,0.167722,0.322681,0.111001,0.189140,0.068152,0.085952,0.017796,0.022592,0.014964
N20001447,0.381273,0.142563,0.125177,0.079175,0.137324,0.031539,0.023953,0.048060,0.030936
N20001448,0.359306,0.191899,0.095976,0.109076,0.112249,0.044494,0.017456,0.042246,0.027298
N20001449,0.368241,0.170935,0.110863,0.098297,0.119005,0.040223,0.019589,0.044347,0.028499
N20001450,0.396825,0.176449,0.078531,0.103000,0.112343,0.046203,0.013360,0.044455,0.028834
N20001451,0.456593,0.144482,0.056015,0.089456,0.126387,0.034044,0.009387,0.050924,0.032713
N20001452,0.356962,0.160954,0.151379,0.093576,0.105808,0.037007,0.027034,0.040852,0.026428
N20001453,0.539001,0.075875,0.061154,0.047743,0.148623,0.019388,0.011316,0.058793,0.038108
N20001454,0.672469,0.018374,0.019392,0.011878,0.156917,0.004842,0.003910,0.069044,0.043172
N20001455,0.603097,0.021165,0.036528,0.013832,0.193493,0.005404,0.007673,0.073096,0.045712
N20001456,0.641152,0.022330,0.023875,0.014692,0.172195,0.005909,0.004878,0.070646,0.044324
N20001457,0.065636,0.477733,0.022989,0.255795,0.019524,0.142064,0.003512,0.007706,0.005040
N20001458,0.472590,0.115366,0.082208,0.074311,0.124344,0.033373,0.013840,0.050879,0.033089
N20001459,0.206997,0.285730,0.132814,0.162190,0.075731,0.070636,0.022179,0.026406,0.017317
N20001460,0.532064,0.057495,0.077324,0.035852,0.164485,0.015019,0.015023,0.062772,0.039965
N20001461,0.167890,0.367972,0.047472,0.226824,0.045559,0.105944,0.007586,0.018596,0.012157
N20001462,0.623134,0.036692,0.047212,0.025814,0.144975,0.010540,0.008523,0.062663,0.040447
N20001463,0.622905,0.033913,0.055280,0.023182,0.142733,0.009444,0.010019,0.062456,0.040067
N20001464,0.055170,0.479822,0.016927,0.280181,0.014155,0.141304,0.002531,0.005976,0.003934
N20001465,0.585248,0.075262,0.027900,0.051348,0.135209,0.022202,0.005039,0.059652,0.038141
N20001466,0.497746,0.156613,0.018226,0.095521,0.101321,0.048949,0.003196,0.047859,0.030571
N20001467,0.030147,0.514176,0.007531,0.303972,0.007407,0.130365,0.001095,0.003206,0.002101
N20001468,0.703138,0.021811,0.008538,0.014753,0.136732,0.006536,0.001668,0.065536,0.041289
N20001469,0.688045,0.015231,0.011634,0.010281,0.155217,0.004280,0.002370,0.069491,0.043451
N20001470,0.702453,0.018592,0.010675,0.011570,0.140960,0.004981,0.002174,0.067011,0.041584
N20001471,0.716885,0.016027,0.006227,0.010238,0.136357,0.004484,0.001321,0.067182,0.041279
N20001472,0.741034,0.013874,0.008380,0.009860,0.119449,0.004207,0.001530,0.062222,0.039445
N20001473,0.705930,0.024156,0.009090,0.015698,0.130439,0.006961,0.001820,0.065426,0.040480
N20001474,0.641324,0.042615,0.033330,0.023740,0.138225,0.010255,0.006807,0.064210,0.039494
N20001475,0.706740,0.020664,0.010530,0.013508,0.133505,0.005866,0.002105,0.066174,0.040909
N20001476,0.672235,0.014960,0.013245,0.010140,0.166988,0.004094,0.002820,0.071063,0.044455
N20001477,0.625317,0.061909,0.021558,0.041356,0.129012,0.018271,0.003979,0.060298,0.038301
N20001478,0.663258,0.054912,0.016239,0.039154,0.111968,0.016972,0.002844,0.057868,0.036785
N20001479,0.676638,0.023036,0.017237,0.015110,0.148721,0.006298,0.003422,0.067285,0.042252
N20001480,0.611084,0.084177,0.015402,0.055664,0.113601,0.025586,0.002776,0.056117,0.035594
N20001481,0.490843,0.080262,0.105423,0.047947,0.143998,0.019688,0.020301,0.055734,0.035804
N20001482,0.372019,0.187990,0.073204,0.118313,0.112934,0.051861,0.012668,0.042866,0.028145
N20001483,0.360369,0.156942,0.146793,0.096407,0.106819,0.040809,0.023982,0.040999,0.026881
N20001484,0.111614,0.408025,0.069849,0.229934,0.043526,0.101085,0.011346,0.014862,0.009760
N20001485,0.071171,0.394249,0.142865,0.224497,0.028917,0.099744,0.022565,0.009612,0.006380
N20001486,0.257708,0.299622,0.062010,0.169698,0.078656,0.071293,0.011033,0.030469,0.019512
N20001487,0.081441,0.431214,0.077064,0.234188,0.031497,0.114302,0.012338,0.010843,0.007115
N20001488,0.184764,0.281559,0.196691,0.126682,0.074743,0.056623,0.037810,0.025101,0.016026
N20001489,0.112184,0.398918,0.080748,0.236544,0.035195,0.101455,0.012862,0.013340,0.008753
N20001490,0.274505,0.269205,0.090918,0.138580,0.095026,0.058957,0.016745,0.034155,0.021908
N20001491,0.201192,0.261560,0.161453,0.154176,0.083051,0.064990,0.028238,0.027409,0.017931
N20001492,0.245643,0.174532,0.236824,0.103900,0.102225,0.039711,0.042369,0.033076,0.021720
N20001493,0.198420,0.351136,0.077701,0.183550,0.056023,0.082480,0.013832,0.022479,0.014379
N20001494,0.285977,0.225433,0.117269,0.136259,0.099497,0.056390,0.020303,0.035666,0.023207
N20001495,0.176923,0.401055,0.061953,0.178576,0.053310,0.082412,0.011290,0.021172,0.013309
N20001496,0.469362,0.110506,0.102771,0.066319,0.124264,0.025632,0.017763,0.050723,0.032661
N20001497,0.203286,0.294439,0.120226,0.168864,0.075144,0.073374,0.021442,0.026160,0.017065
N20001498,0.337859,0.227527,0.086018,0.131197,0.088003,0.054838,0.014420,0.036574,0.023564
N20001499,0.171160,0.397801,0.046513,0.201705,0.051416,0.089922,0.008238,0.020352,0.012893
N20001500,0.399019,0.147071,0.131250,0.080418,0.112504,0.032157,0.023621,0.045228,0.028732
N20001501,0.239053,0.217197,0.187182,0.127813,0.093848,0.049837,0.032913,0.031551,0.020606
N20001502,0.133894,0.436313,0.040117,0.219739,0.034174,0.105183,0.006666,0.014594,0.009320
N20001503,0.258036,0.276375,0.090632,0.171997,0.069310,0.072375,0.014544,0.028256,0.018475
N20001504,0.327496,0.183240,0.154590,0.101956,0.102468,0.039522,0.027263,0.038566,0.024900
N20001505,0.239889,0.303898,0.063457,0.185201,0.072032,0.079042,0.010340,0.027947,0.018196
N20001506,0.150541,0.329729,0.149039,0.177897,0.058823,0.075899,0.025047,0.019990,0.013033
N20001507,0.388194,0.186748,0.093784,0.103549,0.099176,0.043407,0.016490,0.042016,0.026635
N20001508,0.274740,0.251263,0.092633,0.152187,0.094173,0.062812,0.016133,0.033912,0.022146
N20001509,0.433837,0.171796,0.057672,0.100627,0.107623,0.043016,0.010328,0.045820,0.029281
N20001510,0.386923,0.169803,0.084936,0.100583,0.124061,0.042757,0.014878,0.046136,0.029923
N20001511,0.101589,0.419499,0.044923,0.255918,0.027851,0.124671,0.006788,0.011297,0.007464
N20001512,0.673647,0.029207,0.025586,0.019906,0.134732,0.008145,0.004661,0.063763,0.040352
N20001513,0.464825,0.122402,0.052858,0.078297,0.147855,0.033699,0.009578,0.054751,0.035733
N20001514,0.055300,0.396545,0.190287,0.201384,0.029607,0.079925,0.032687,0.008590,0.005676
N20001515,0.053235,0.438141,0.124528,0.232824,0.023650,0.094818,0.020201,0.007606,0.004997
N20001516,0.051952,0.481767,0.048873,0.259270,0.018627,0.120957,0.007536,0.006640,0.004378
N20001517,0.092292,0.399170,0.110753,0.218130,0.035500,0.106188,0.017740,0.012211,0.008016
N20001518,0.067208,0.362021,0.208986,0.184778,0.040170,0.083100,0.035334,0.011086,0.007319
N20001519,0.052331,0.503795,0.029875,0.263253,0.014809,0.121390,0.004643,0.006008,0.003897
N20001520,0.026176,0.512594,0.039873,0.263168,0.009574,0.136988,0.005981,0.003402,0.002244
N20001521,0.081757,0.414441,0.109401,0.224993,0.033583,0.099370,0.017953,0.011156,0.007345
N20001522,0.036773,0.521542,0.042211,0.241856,0.014582,0.128074,0.006686,0.005004,0.003272
N20001523,0.029792,0.545141,0.013044,0.268954,0.008845,0.126365,0.002053,0.003528,0.002278
N20001524,0.043525,0.385605,0.241947,0.173979,0.021441,0.082721,0.039998,0.006507,0.004275
N20001525,0.042282,0.460974,0.106680,0.224675,0.019486,0.118632,0.017056,0.006155,0.004060
N20001526,0.047149,0.476867,0.054948,0.238741,0.017215,0.146817,0.008136,0.006099,0.004027
N20001527,0.032291,0.500687,0.026927,0.265933,0.009527,0.154470,0.003917,0.003760,0.002489
N20001528,0.048818,0.477626,0.054996,0.236118,0.018188,0.145432,0.008259,0.006354,0.004210
N20001529,0.026849,0.489407,0.061656,0.242338,0.010449,0.154350,0.008988,0.003582,0.002381
N20001530,0.158481,0.325247,0.136580,0.178257,0.050867,0.098405,0.021008,0.018681,0.012474
N20001531,0.497886,0.096703,0.069888,0.055501,0.146625,0.026003,0.013338,0.057520,0.036537
N20001532,0.607226,0.060014,0.030286,0.040695,0.138605,0.017739,0.005510,0.060798,0.039127
N20001533,0.038677,0.490668,0.020002,0.266015,0.010908,0.163648,0.002836,0.004344,0.002903
N20001534,0.296898,0.283247,0.033977,0.173878,0.068695,0.087752,0.005468,0.030330,0.019756
N20001535,0.060845,0.495617,0.027982,0.256917,0.014261,0.129831,0.004151,0.006289,0.004109
N20001536,0.050551,0.515120,0.021008,0.237465,0.012250,0.151659,0.003083,0.005369,0.003495
N20001537,0.098866,0.462948,0.032398,0.229975,0.027267,0.124776,0.005332,0.011221,0.007217
N20001538,0.634161,0.061256,0.014507,0.040260,0.129223,0.018051,0.002745,0.061214,0.038583
N20001539,0.357604,0.215253,0.061363,0.121152,0.102515,0.064385,0.010598,0.040812,0.026319
N20001540,0.637463,0.032664,0.025936,0.017053,0.163417,0.007686,0.005726,0.067773,0.042282
N20001541,0.575622,0.052776,0.064647,0.031616,0.149523,0.013233,0.012591,0.060891,0.039102
N20001542,0.464335,0.152451,0.034874,0.096542,0.117057,0.047268,0.006036,0.049515,0.031923
N20001543,0.539157,0.101050,0.051065,0.058666,0.124800,0.025859,0.009482,0.054965,0.034956
N20001544,0.342605,0.243886,0.035598,0.146301,0.086028,0.079543,0.005752,0.036596,0.023692
N20001545,0.594467,0.042269,0.038286,0.028174,0.167935,0.012771,0.007041,0.066338,0.042720
N20001546,0.680765,0.021290,0.013000,0.014632,0.150910,0.006185,0.002627,0.067781,0.042809
N20001547,0.047971,0.509396,0.090404,0.211468,0.016308,0.099508,0.015039,0.006006,0.003899
N20001548,0.119547,0.249523,0.316595,0.111274,0.060455,0.050886,0.062176,0.017950,0.011594
N20001549,0.053083,0.457134,0.123893,0.208892,0.023692,0.099705,0.021053,0.007600,0.004949
N20001550,0.086834,0.479533,0.081654,0.198642,0.028618,0.092217,0.014903,0.010742,0.006856
N20001551,0.079516,0.387955,0.204016,0.170574,0.029620,0.077279,0.033955,0.010325,0.006761
N20001552,0.069397,0.474594,0.061881,0.237005,0.025409,0.106356,0.010536,0.008982,0.005840
N20001553,0.057039,0.525162,0.068633,0.206480,0.018814,0.100108,0.012018,0.007188,0.004558
N20001554,0.050406,0.540710,0.041541,0.228334,0.015720,0.106191,0.007046,0.006130,0.003923
N20001555,0.093141,0.359260,0.195004,0.171874,0.044385,0.078853,0.034944,0.013643,0.008896
N20001556,0.077959,0.346961,0.233230,0.172694,0.038290,0.070823,0.041089,0.011376,0.007578
N20001557,0.056680,0.462990,0.103319,0.220964,0.020081,0.107695,0.016349,0.007200,0.004721
N20001558,0.062400,0.238676,0.396777,0.127799,0.035952,0.057511,0.064351,0.009896,0.006640
N20001559,0.082627,0.491726,0.054541,0.217750,0.027098,0.099666,0.009817,0.010257,0.006519
N20001560,0.063281,0.350397,0.237377,0.184690,0.030344,0.079131,0.039315,0.009331,0.006134
N20001561,0.061435,0.464206,0.123290,0.203401,0.020814,0.093580,0.020724,0.007614,0.004936
N20001562,0.091285,0.403289,0.167362,0.168246,0.035979,0.083916,0.029879,0.012188,0.007855
N20001563,0.066296,0.513183,0.029495,0.239783,0.018113,0.115998,0.004817,0.007506,0.004809
N20001564,0.055510,0.501484,0.081245,0.218978,0.017632,0.100819,0.013222,0.006760,0.004350
N20001565,0.067662,0.475552,0.104844,0.197748,0.020859,0.102706,0.017481,0.007980,0.005169
N20001566,0.110269,0.439013,0.069880,0.217434,0.034651,0.095053,0.011922,0.013251,0.008527
N20001567,0.098784,0.458044,0.067775,0.207126,0.033555,0.102317,0.012099,0.012382,0.007918
N20001568,0.226585,0.207622,0.241331,0.100890,0.086224,0.044476,0.044681,0.029220,0.018971
N20001569,0.053467,0.327706,0.290257,0.162033,0.025584,0.083937,0.044019,0.007777,0.005218
N20001570,0.181138,0.205615,0.296587,0.091355,0.083344,0.039109,0.060718,0.025593,0.016541
N20001571,0.166037,0.392075,0.091740,0.169875,0.048367,0.083824,0.016785,0.019168,0.012128
N20001572,0.116811,0.414785,0.107177,0.183900,0.044048,0.088094,0.020017,0.015320,0.009847
N20001573,0.243997,0.262881,0.146794,0.133634,0.078957,0.060609,0.025009,0.029163,0.018956
N20001574,0.299569,0.294830,0.069184,0.129844,0.078456,0.061219,0.013922,0.032603,0.020373
N20001575,0.266211,0.284072,0.101682,0.147273,0.071237,0.063551,0.017907,0.029365,0.018701
N20001576,0.178092,0.290610,0.207286,0.118260,0.068563,0.057616,0.041275,0.023445,0.014854
N20001577,0.168404,0.205899,0.268210,0.113383,0.102931,0.047440,0.048194,0.027347,0.018192
N20001578,0.088887,0.396145,0.176323,0.173450,0.032460,0.083776,0.030003,0.011561,0.007396
N20001579,0.257796,0.322050,0.064879,0.159138,0.066960,0.071230,0.011915,0.028237,0.017795
N20001580,0.129851,0.408507,0.079410,0.203872,0.043578,0.094942,0.013440,0.016001,0.010400
N20001581,0.153521,0.367878,0.105785,0.192967,0.048699,0.082697,0.018192,0.018377,0.011885
N20001582,0.080907,0.401967,0.165634,0.180640,0.037666,0.083591,0.030165,0.011801,0.007629
N20001583,0.042267,0.458183,0.108106,0.232356,0.018966,0.113839,0.016199,0.006069,0.004015
N20001584,0.056174,0.407555,0.165630,0.214186,0.024554,0.092024,0.026751,0.007917,0.005210
N20001585,0.065428,0.389170,0.185421,0.199037,0.029342,0.085199,0.031021,0.009272,0.006110
N20001586,0.112183,0.419293,0.104126,0.192263,0.038047,0.093044,0.018277,0.013832,0.008936
N20001587,0.067433,0.364861,0.232987,0.172106,0.030347,0.077051,0.039332,0.009587,0.006296
N20001588,0.088401,0.365954,0.191927,0.183801,0.035930,0.082412,0.031838,0.011922,0.007815
N20001589,0.051106,0.463381,0.102691,0.233190,0.020085,0.101836,0.016377,0.006852,0.004484
N20001590,0.049005,0.384517,0.213681,0.194005,0.026930,0.083559,0.035433,0.007764,0.005105
N20001591,0.070190,0.372866,0.208424,0.180237,0.034190,0.081782,0.035121,0.010371,0.006819
N20001592,0.093101,0.314479,0.248993,0.165667,0.044652,0.067829,0.042922,0.013438,0.008918
N20001593,0.045664,0.408773,0.185805,0.202671,0.023431,0.091851,0.030239,0.006963,0.004602
N20001594,0.054758,0.438460,0.120169,0.224535,0.026566,0.102477,0.019517,0.008160,0.005358
N20001595,0.029709,0.554986,0.026737,0.244872,0.009399,0.124026,0.004265,0.003658,0.002347
N20001596,0.035947,0.346127,0.293918,0.164878,0.021900,0.078790,0.048505,0.005967,0.003968
N20001597,0.029365,0.496612,0.067372,0.248770,0.011818,0.129781,0.009687,0.003963,0.002633
N20001598,0.039471,0.481189,0.061407,0.267778,0.018324,0.112775,0.009550,0.005705,0.003800
N20001599,0.143329,0.272589,0.251830,0.124743,0.068990,0.053727,0.050452,0.020854,0.013488
N20001600,0.024835,0.565542,0.015283,0.260073,0.006947,0.120209,0.002409,0.002867,0.001835
N20001601,0.016245,0.546292,0.033242,0.271111,0.005989,0.118423,0.005169,0.002133,0.001397
N20001602,0.049923,0.343687,0.247238,0.183290,0.033630,0.090052,0.037750,0.008611,0.005819
N20001603,0.168015,0.297216,0.176921,0.161518,0.064390,0.065398,0.030491,0.021739,0.014313
N20001604,0.069510,0.207957,0.433706,0.101889,0.046495,0.040714,0.079900,0.011952,0.007877
N20001605,0.019438,0.543786,0.009502,0.287218,0.005060,0.130057,0.001401,0.002143,0.001395
N20001606,0.017544,0.533497,0.025480,0.284250,0.006384,0.125265,0.003799,0.002279,0.001502
N20001607,0.136287,0.239202,0.284888,0.128894,0.074979,0.048943,0.051532,0.021242,0.014033
N20001608,0.181107,0.297732,0.166741,0.144937,0.078387,0.058074,0.031513,0.025203,0.016306
N20001609,0.066412,0.266521,0.349419,0.142181,0.036126,0.062894,0.059469,0.010159,0.006820
N20001610,0.065202,0.257690,0.372782,0.125702,0.040718,0.052948,0.066896,0.010873,0.007190
N20001611,0.071417,0.312285,0.274776,0.175264,0.034379,0.068472,0.046085,0.010383,0.006938
N20001612,0.176143,0.268609,0.235697,0.116630,0.071135,0.047912,0.045001,0.023658,0.015215
N20001613,0.032556,0.305152,0.338496,0.171786,0.020408,0.066639,0.055840,0.005463,0.003660
N20001614,0.087580,0.402929,0.135601,0.205693,0.038726,0.085508,0.023446,0.012413,0.008103
N20001615,0.124062,0.258208,0.287963,0.129055,0.063471,0.054100,0.052308,0.018574,0.012259
N20001616,0.111813,0.172991,0.408835,0.094879,0.067459,0.036173,0.077696,0.018154,0.012000
N20001617,0.021677,0.472752,0.086461,0.251462,0.008661,0.141567,0.012562,0.002901,0.001957
N20001618,0.043510,0.194639,0.491665,0.102807,0.028331,0.038799,0.088046,0.007305,0.004898
N20001619,0.029187,0.501328,0.047036,0.261581,0.011250,0.136165,0.007023,0.003859,0.002570
N20001620,0.115098,0.195818,0.386569,0.105377,0.059505,0.040027,0.068846,0.017312,0.011448
N20001621,0.112171,0.192372,0.390866,0.087303,0.070368,0.039976,0.075909,0.018816,0.012218
N20001622,0.134324,0.373994,0.124848,0.190715,0.046426,0.080535,0.021490,0.016794,0.010873
N20001623,0.098608,0.232105,0.345380,0.124190,0.058900,0.053231,0.060932,0.016024,0.010630
N20001624,0.070916,0.214289,0.407917,0.125206,0.042857,0.049278,0.070314,0.011521,0.007702
N20001625,0.173335,0.340490,0.112731,0.185874,0.054611,0.079550,0.019429,0.020575,0.013404
N20001626,0.143955,0.326078,0.181178,0.156417,0.058207,0.069282,0.032799,0.019505,0.012579
N20001627,0.049659,0.449391,0.103646,0.233906,0.020770,0.114884,0.016434,0.006782,0.004530
N20001628,0.103373,0.157636,0.447811,0.082991,0.059932,0.035266,0.085444,0.016650,0.010897
N20001629,0.101702,0.309481,0.244213,0.155467,0.054125,0.063763,0.045284,0.015700,0.010266
N20001630,0.146471,0.201853,0.335004,0.099594,0.075444,0.040158,0.064891,0.022214,0.014371
N20001631,0.098789,0.226332,0.367308,0.113193,0.052703,0.050601,0.065891,0.015197,0.009985
N20001632,0.103989,0.166327,0.427217,0.092858,0.066697,0.037038,0.076757,0.017500,0.011618
N20001633,0.160141,0.148609,0.370528,0.072796,0.100178,0.027394,0.076548,0.026575,0.017232
N20001634,0.066215,0.343316,0.240231,0.171677,0.032702,0.092408,0.037121,0.009786,0.006544
N20001635,0.174025,0.199650,0.288256,0.102611,0.091303,0.043425,0.057046,0.026410,0.017274
N20001636,0.028072,0.493636,0.062451,0.244716,0.011293,0.144219,0.009249,0.003831,0.002533
N20001637,0.084828,0.189416,0.433769,0.101300,0.046816,0.045357,0.076477,0.013255,0.008783
N20001638,0.189320,0.187179,0.279868,0.095225,0.104085,0.039657,0.056190,0.029317,0.019159
N20001639,0.026242,0.523897,0.012915,0.264117,0.007458,0.158520,0.001869,0.002999,0.001983
N20001640,0.041526,0.479774,0.056649,0.244006,0.015548,0.145095,0.008409,0.005401,0.003591
N20001641,0.034606,0.471079,0.070402,0.233730,0.012863,0.159749,0.010077,0.004493,0.003001
N20001642,0.022124,0.556329,0.009119,0.265874,0.006678,0.134095,0.001416,0.002656,0.001711
N20001643,0.059856,0.453884,0.062133,0.239916,0.024411,0.137225,0.009055,0.008116,0.005406
N20001644,0.027329,0.514209,0.044704,0.240500,0.009507,0.151564,0.006448,0.003453,0.002288
N20001645,0.037495,0.505863,0.031392,0.242664,0.010471,0.160521,0.004535,0.004252,0.002807
N20001646,0.034434,0.515493,0.021562,0.253613,0.009491,0.155974,0.003035,0.003846,0.002552
N20001647,0.030716,0.507395,0.037576,0.256970,0.010961,0.144201,0.005644,0.003937,0.002600
N20001648,0.034036,0.474340,0.080254,0.247506,0.011439,0.133988,0.011453,0.004183,0.002800
N20001649,0.053519,0.435320,0.116736,0.216774,0.019827,0.129924,0.016431,0.006855,0.004614
N20001650,0.045473,0.504229,0.016089,0.251868,0.012459,0.159035,0.002375,0.005113,0.003359
N20001651,0.325121,0.035493,0.273096,0.018869,0.192050,0.006305,0.065425,0.050654,0.032988
N20001652,0.376053,0.199971,0.055279,0.124380,0.111701,0.051730,0.009771,0.043139,0.027976
N20001653,0.527902,0.049453,0.060337,0.030078,0.195270,0.012522,0.013405,0.067975,0.043057
N20001654,0.568455,0.062164,0.060255,0.034247,0.148416,0.013863,0.011775,0.061998,0.038827
N20001655,0.565016,0.061825,0.045428,0.037257,0.160733,0.016169,0.009184,0.063883,0.040505
N20001656,0.606523,0.037859,0.031649,0.023476,0.172816,0.009517,0.006615,0.068362,0.043182
N20001657,0.541959,0.038045,0.053180,0.023557,0.207251,0.009702,0.010907,0.070252,0.045146
N20001658,0.094486,0.438436,0.055682,0.237614,0.028292,0.118678,0.008702,0.010892,0.007219
N20001659,0.419506,0.077676,0.149470,0.042481,0.170012,0.017649,0.030920,0.056242,0.036045
N20001660,0.580084,0.050497,0.043699,0.030740,0.166201,0.012548,0.008776,0.065856,0.041599
N20001661,0.568813,0.055752,0.047739,0.031896,0.166238,0.012942,0.009904,0.065645,0.041070
N20001662,0.555133,0.064091,0.064458,0.035181,0.152668,0.014566,0.012953,0.062066,0.038885
N20001663,0.586308,0.052718,0.056190,0.032016,0.147487,0.012892,0.010933,0.062159,0.039297
N20001664,0.464947,0.104556,0.085295,0.063827,0.148351,0.025628,0.016318,0.055523,0.035555
N20001665,0.662356,0.032821,0.027128,0.021566,0.138092,0.009216,0.005132,0.063344,0.040346
N20001666,0.120307,0.397135,0.086174,0.219914,0.037268,0.102130,0.013632,0.014114,0.009326
N20001667,0.599355,0.026186,0.059612,0.017273,0.169314,0.007066,0.011876,0.066729,0.042589
N20001668,0.595472,0.041100,0.042574,0.026289,0.167070,0.011204,0.008411,0.065644,0.042235
N20001669,0.035463,0.517720,0.051952,0.239675,0.011044,0.129387,0.007736,0.004236,0.002788
N20001670,0.137207,0.380802,0.086482,0.208937,0.045403,0.099241,0.014525,0.016485,0.010919
N20001671,0.127387,0.443001,0.032577,0.228409,0.028830,0.113230,0.005154,0.013045,0.008368
N20001672,0.019914,0.535547,0.023159,0.265581,0.006094,0.142480,0.003280,0.002378,0.001567
N20001673,0.652117,0.019840,0.027900,0.013572,0.163568,0.005664,0.005560,0.068255,0.043526
N20001674,0.099316,0.409327,0.077068,0.216571,0.032265,0.134774,0.010961,0.011779,0.007940
N20001675,0.710060,0.019016,0.012746,0.013288,0.131573,0.005781,0.002413,0.064394,0.040729
N20001676,0.409686,0.160040,0.093935,0.096830,0.105576,0.045983,0.015472,0.043961,0.028517
N20001677,0.633493,0.033120,0.028308,0.020725,0.159642,0.008450,0.005936,0.067977,0.042349
N20001678,0.652664,0.033548,0.042584,0.023794,0.130540,0.009941,0.007509,0.060290,0.039130
N20001679,0.692175,0.015733,0.015292,0.010747,0.148393,0.004453,0.003003,0.067612,0.042591
N20001680,0.633967,0.026322,0.021353,0.017321,0.174445,0.007076,0.004606,0.070611,0.044299
N20001681,0.691929,0.022650,0.018320,0.015942,0.135775,0.006594,0.003454,0.064476,0.040860
N20001682,0.664024,0.013342,0.015449,0.008648,0.174689,0.003462,0.003190,0.072125,0.045071
N20001683,0.675405,0.026754,0.017107,0.018277,0.143753,0.007944,0.003216,0.065790,0.041754
N20001684,0.644857,0.018063,0.025306,0.012333,0.173937,0.004990,0.005221,0.070590,0.044704
N20001685,0.075257,0.437680,0.087256,0.218849,0.025719,0.126815,0.013008,0.009230,0.006185
N20001686,0.035531,0.429042,0.155023,0.192016,0.017448,0.139183,0.022861,0.005346,0.003550
N20001687,0.056183,0.494002,0.058964,0.212696,0.018375,0.139101,0.009282,0.006904,0.004493
N20001688,0.045457,0.516541,0.030531,0.232088,0.013021,0.149064,0.004678,0.005215,0.003404
N20001689,0.059602,0.428319,0.112853,0.216705,0.022728,0.130156,0.016635,0.007811,0.005191
N20001690,0.056369,0.477155,0.097652,0.194879,0.018414,0.129419,0.014714,0.006889,0.004509
N20001691,0.060900,0.459407,0.090203,0.203942,0.024233,0.133429,0.014253,0.008239,0.005393
N20001692,0.069770,0.423804,0.128019,0.185939,0.027464,0.130361,0.019218,0.009275,0.006150
N20001693,0.036055,0.562499,0.036004,0.214011,0.011236,0.127202,0.005752,0.004417,0.002824
N20001694,0.070058,0.374154,0.215354,0.178749,0.030881,0.078296,0.036079,0.009917,0.006512
N20001695,0.053178,0.508801,0.041174,0.230530,0.015444,0.134285,0.006356,0.006212,0.004020
N20001696,0.035741,0.437906,0.150489,0.209029,0.016291,0.118841,0.023141,0.005138,0.003425
N20001697,0.063319,0.449369,0.091520,0.224592,0.021426,0.122825,0.013998,0.007788,0.005162
N20001698,0.085556,0.400222,0.174277,0.176837,0.029869,0.086251,0.029255,0.010724,0.007010
N20001699,0.038395,0.438806,0.152100,0.197550,0.018094,0.122057,0.023643,0.005636,0.003719
N20001700,0.051749,0.453282,0.156851,0.181107,0.017279,0.104428,0.024687,0.006429,0.004188
N20001701,0.087587,0.494812,0.057885,0.194467,0.025929,0.112208,0.010199,0.010365,0.006547
N20001702,0.089650,0.396839,0.125246,0.206565,0.029915,0.114976,0.018622,0.010933,0.007252
N20001703,0.230607,0.080981,0.422627,0.041284,0.083718,0.016289,0.077023,0.028669,0.018802
N20001704,0.045593,0.502300,0.042832,0.235242,0.013639,0.145155,0.006386,0.005345,0.003508
N20001705,0.034633,0.496891,0.080810,0.220326,0.013180,0.134472,0.012084,0.004578,0.003026
N20001706,0.052744,0.484276,0.072560,0.205305,0.018012,0.145153,0.010991,0.006623,0.004335
N20001707,0.034854,0.534889,0.029332,0.242688,0.010029,0.137140,0.004394,0.004043,0.002632
N20001708,0.045518,0.468698,0.107247,0.216438,0.017443,0.117976,0.016698,0.006005,0.003978
N20001709,0.057378,0.413079,0.149882,0.201977,0.021401,0.120653,0.023268,0.007437,0.004925
N20001710,0.043778,0.423577,0.140967,0.205502,0.018042,0.137728,0.020443,0.005978,0.003985
N20001711,0.058715,0.451374,0.071371,0.223972,0.026159,0.143445,0.011033,0.008388,0.005543
N20001712,0.053978,0.484847,0.035309,0.210892,0.014830,0.185304,0.004818,0.006032,0.003991
N20001713,0.055421,0.469840,0.098920,0.209852,0.019830,0.119658,0.014750,0.007060,0.004670
N20001714,0.071613,0.472708,0.019733,0.207902,0.018306,0.194180,0.002779,0.007691,0.005087
N20001715,0.341758,0.193501,0.111119,0.122541,0.089140,0.064023,0.017429,0.036441,0.024048
N20001716,0.273708,0.240569,0.112633,0.141534,0.080268,0.082134,0.017901,0.030833,0.020419
N20001717,0.053411,0.491429,0.023132,0.175620,0.013404,0.230480,0.003037,0.005714,0.003773
N20001718,0.691097,0.031252,0.021135,0.019771,0.123120,0.008992,0.003920,0.061899,0.038814
N20001719,0.713716,0.018915,0.011175,0.013294,0.130324,0.005763,0.002146,0.064114,0.040553
N20001720,0.088742,0.433934,0.054756,0.205369,0.024816,0.168149,0.007727,0.009904,0.006604
N20001721,0.188192,0.321050,0.109147,0.171444,0.066461,0.086272,0.018179,0.023734,0.015522
N20001722,0.373500,0.229323,0.036115,0.133809,0.080029,0.081385,0.005564,0.036466,0.023809
N20001723,0.107656,0.414792,0.084865,0.205851,0.036576,0.114563,0.013445,0.013470,0.008783
N20001724,0.696518,0.018530,0.010661,0.012208,0.145224,0.005312,0.002196,0.067164,0.042187
N20001725,0.548355,0.066453,0.046230,0.043502,0.162875,0.021395,0.008429,0.062185,0.040576
N20001726,0.160037,0.360864,0.073168,0.191067,0.052963,0.117832,0.011673,0.019521,0.012873
N20001727,0.435143,0.184340,0.035498,0.107285,0.097510,0.062614,0.005746,0.043622,0.028242
N20001728,0.665217,0.022516,0.016876,0.012539,0.160850,0.006135,0.003489,0.069238,0.043139
N20001729,0.622251,0.070695,0.026566,0.037634,0.122645,0.020343,0.005156,0.058106,0.036605
N20001730,0.130499,0.399723,0.038514,0.174366,0.037065,0.190017,0.005420,0.014637,0.009761
N20001731,0.427897,0.174379,0.044053,0.103677,0.109862,0.056494,0.007307,0.046437,0.029895
N20001732,0.662524,0.023461,0.008515,0.013909,0.166760,0.005956,0.001980,0.072857,0.044039
N20001733,0.656533,0.021982,0.010308,0.014291,0.170678,0.006125,0.002319,0.073009,0.044756
N20001734,0.666155,0.021293,0.018836,0.013071,0.158380,0.005365,0.003999,0.069874,0.043028
N20001735,0.611017,0.030796,0.016457,0.018026,0.192455,0.007484,0.003713,0.074450,0.045603
N20001736,0.685714,0.023500,0.007613,0.013808,0.148989,0.006052,0.001688,0.070299,0.042338
N20001737,0.643349,0.010489,0.009838,0.006211,0.201025,0.002590,0.002359,0.076931,0.047207
N20001738,0.643575,0.019656,0.006905,0.010847,0.189923,0.004817,0.001780,0.076532,0.045964
N20001739,0.698321,0.024303,0.006973,0.014570,0.138185,0.006400,0.001484,0.068486,0.041278
N20001740,0.605163,0.023268,0.019706,0.013308,0.205179,0.005598,0.004842,0.076339,0.046598
N20001741,0.649621,0.027081,0.011584,0.014619,0.170547,0.006260,0.002733,0.073580,0.043976
N20001742,0.691775,0.013121,0.006048,0.007912,0.159929,0.003353,0.001345,0.072590,0.043926
N20001743,0.577075,0.051872,0.026439,0.021842,0.190664,0.010065,0.007240,0.071746,0.043055
N20001744,0.664155,0.034947,0.010466,0.019235,0.148591,0.008618,0.002276,0.069977,0.041734
N20001745,0.649996,0.023313,0.010851,0.012062,0.176527,0.005275,0.002731,0.074855,0.044390
N20001746,0.694276,0.027756,0.010911,0.016569,0.133457,0.007145,0.002233,0.067135,0.040518
N20001747,0.688205,0.019446,0.007445,0.011103,0.152702,0.004885,0.001669,0.071657,0.042887
N20001748,0.656384,0.021460,0.009282,0.012466,0.174444,0.005394,0.002220,0.073712,0.044636
N20001749,0.712407,0.020875,0.004659,0.011526,0.134194,0.005317,0.001053,0.069148,0.040821
N20001750,0.620896,0.041158,0.036901,0.022248,0.153692,0.009418,0.008061,0.066808,0.040819
N20001751,0.700672,0.022527,0.006438,0.012964,0.139427,0.005776,0.001414,0.069394,0.041389
N20001752,0.709135,0.021656,0.005554,0.012021,0.134974,0.005376,0.001238,0.069215,0.040830
N20001753,0.690303,0.022852,0.006939,0.013504,0.146376,0.005854,0.001526,0.070457,0.042189
N20001754,0.042040,0.534656,0.017831,0.264881,0.013861,0.115065,0.003088,0.005231,0.003347
N20001755,0.719290,0.023641,0.005771,0.013699,0.124036,0.006141,0.001220,0.066629,0.039572
N20001756,0.576149,0.036290,0.032077,0.017857,0.203211,0.007486,0.008092,0.073942,0.044896
N20001757,0.698753,0.017213,0.008631,0.009943,0.146915,0.004267,0.001869,0.070113,0.042296
N20001758,0.672099,0.012730,0.006775,0.007230,0.175995,0.003089,0.001610,0.075229,0.045243
N20001759,0.707859,0.018822,0.007156,0.010756,0.138856,0.004794,0.001596,0.068867,0.041293
N20001760,0.690014,0.017947,0.006827,0.010672,0.153617,0.004624,0.001540,0.071717,0.043042
N20001761,0.640982,0.020026,0.011203,0.010941,0.188060,0.004730,0.002822,0.075677,0.045559
N20001762,0.695864,0.021739,0.005228,0.012606,0.145071,0.005613,0.001176,0.070633,0.042070
N20001763,0.693991,0.020529,0.006379,0.011906,0.147795,0.005178,0.001421,0.070487,0.042314
N20001764,0.643350,0.027093,0.012640,0.014899,0.174954,0.006415,0.003006,0.073407,0.044237
N20001765,0.698971,0.021314,0.007237,0.012501,0.141986,0.005512,0.001584,0.069208,0.041687
N20001766,0.695069,0.014769,0.005606,0.008331,0.155480,0.003656,0.001275,0.072487,0.043328
N20001767,0.598786,0.066165,0.019961,0.042329,0.146395,0.018470,0.003896,0.064001,0.039998
N20001768,0.650853,0.046182,0.018271,0.029323,0.135277,0.012775,0.003425,0.064071,0.039822
N20001769,0.647698,0.021921,0.012445,0.013927,0.176902,0.005758,0.002798,0.073477,0.045074
N20001770,0.694884,0.018245,0.009608,0.010931,0.147711,0.004667,0.002101,0.069613,0.042241
N20001771,0.545137,0.019200,0.048972,0.012139,0.233995,0.004785,0.011716,0.076258,0.047797
N20001772,0.568088,0.013816,0.025135,0.008601,0.245196,0.003424,0.006072,0.079922,0.049745
N20001773,0.698214,0.021588,0.006834,0.012824,0.142104,0.005642,0.001459,0.069540,0.041795
N20001774,0.678922,0.017590,0.010905,0.010172,0.160074,0.004285,0.002394,0.072110,0.043549
N20001775,0.666375,0.030344,0.010153,0.017473,0.152766,0.007608,0.002219,0.070652,0.042410
N20001776,0.668346,0.016225,0.005683,0.010230,0.174646,0.004396,0.001355,0.074002,0.045117
N20001777,0.631298,0.022392,0.019988,0.014181,0.182907,0.005782,0.004438,0.073628,0.045385
N20001778,0.669972,0.024355,0.008790,0.015030,0.158332,0.006512,0.001937,0.071655,0.043416
N20001779,0.677057,0.016982,0.010037,0.009694,0.163856,0.004203,0.002328,0.072101,0.043741
N20001780,0.693241,0.017629,0.006776,0.010943,0.151425,0.004798,0.001458,0.070700,0.043030
N20001781,0.632920,0.021125,0.019285,0.013196,0.184576,0.005423,0.004335,0.073621,0.045519
N20001782,0.690599,0.016905,0.007526,0.009810,0.154279,0.004214,0.001654,0.071861,0.043152
N20001783,0.664864,0.015254,0.008808,0.009545,0.176317,0.004064,0.002034,0.073812,0.045301
N20001784,0.594697,0.023212,0.016021,0.012940,0.218239,0.005421,0.004100,0.077860,0.047511
N20001785,0.663314,0.016971,0.008277,0.010927,0.174622,0.004686,0.001895,0.074003,0.045305
N20001786,0.697050,0.018435,0.008407,0.010674,0.146679,0.004682,0.001842,0.069992,0.042238
N20001787,0.663234,0.027375,0.010456,0.015935,0.159582,0.006970,0.002317,0.071001,0.043129
N20001788,0.658577,0.016979,0.008509,0.011025,0.178212,0.004611,0.001900,0.074521,0.045667
N20001789,0.531949,0.037658,0.058608,0.018122,0.214415,0.007391,0.015278,0.072382,0.044196
N20001790,0.483741,0.057497,0.078059,0.031598,0.207981,0.012858,0.018432,0.067463,0.042370
N20001791,0.630074,0.028411,0.015466,0.016571,0.180531,0.007006,0.003534,0.073600,0.044808
N20001792,0.628057,0.018726,0.016823,0.011884,0.193890,0.005028,0.003897,0.075190,0.046505
N20001793,0.524467,0.035963,0.050506,0.016942,0.230673,0.007283,0.013870,0.074715,0.045583
N20001794,0.515200,0.039773,0.057119,0.021507,0.226484,0.008160,0.013712,0.072718,0.045326
N20001795,0.604172,0.032243,0.021979,0.018414,0.191883,0.007481,0.005044,0.073580,0.045204
N20001796,0.639882,0.025393,0.015724,0.015141,0.176224,0.006224,0.003608,0.073233,0.044573
N20001797,0.511604,0.044320,0.041725,0.022161,0.238838,0.009011,0.011159,0.075118,0.046064
N20001798,0.603466,0.025309,0.022850,0.013198,0.201803,0.005528,0.005897,0.076081,0.045869
N20001799,0.647192,0.024735,0.015221,0.013732,0.172801,0.005988,0.003637,0.072686,0.044009
N20001800,0.494693,0.028772,0.063980,0.014538,0.252490,0.005784,0.017866,0.075484,0.046392
N20001801,0.515660,0.024461,0.040911,0.011572,0.264068,0.004894,0.012450,0.078254,0.047730
N20001802,0.585097,0.038647,0.027955,0.017804,0.196552,0.008045,0.007513,0.074117,0.044269
N20001803,0.619396,0.030240,0.024662,0.019319,0.177533,0.008254,0.005406,0.070832,0.044360
N20001804,0.607943,0.026756,0.021789,0.016294,0.194696,0.007039,0.005083,0.074401,0.045999
N20001805,0.613948,0.028350,0.020025,0.017440,0.188649,0.007298,0.004590,0.074145,0.045555
N20001806,0.642169,0.021380,0.011176,0.013284,0.183275,0.005742,0.002573,0.074677,0.045723
N20001807,0.606572,0.028914,0.019404,0.018050,0.194248,0.007721,0.004585,0.074551,0.045955
N20001808,0.625603,0.016620,0.033667,0.010421,0.184417,0.003992,0.007041,0.073062,0.045178
N20001809,0.657289,0.020078,0.012907,0.011454,0.173105,0.004787,0.003067,0.073007,0.044306
N20001810,0.652877,0.017273,0.013294,0.011278,0.178927,0.004765,0.003018,0.073112,0.045457
N20001811,0.686554,0.018902,0.009558,0.011138,0.153187,0.004800,0.002029,0.070892,0.042940
N20001812,0.621582,0.024695,0.012399,0.015433,0.194560,0.007043,0.002844,0.075004,0.046440
N20001813,0.687899,0.021693,0.009788,0.012797,0.148573,0.005536,0.002123,0.069377,0.042214
N20001814,0.648101,0.021218,0.013173,0.013714,0.176137,0.005835,0.002977,0.073681,0.045163
N20001815,0.678612,0.018969,0.013792,0.011188,0.156237,0.004713,0.002994,0.070499,0.042997
N20001816,0.684100,0.022143,0.006932,0.013798,0.152431,0.006165,0.001539,0.070067,0.042824
N20001817,0.672128,0.029724,0.013768,0.017880,0.145721,0.007626,0.002836,0.068587,0.041731
N20001818,0.690410,0.016734,0.007717,0.009392,0.155400,0.004048,0.001763,0.071459,0.043076
N20001819,0.684727,0.018385,0.007483,0.011157,0.156399,0.004693,0.001627,0.072077,0.043453
N20001820,0.651522,0.012830,0.011137,0.008455,0.188595,0.003552,0.002483,0.074799,0.046628
N20001821,0.670815,0.019572,0.007044,0.011135,0.166562,0.004799,0.001667,0.074215,0.044192
N20001822,0.694887,0.015751,0.006937,0.009370,0.153229,0.004074,0.001535,0.071157,0.043059
N20001823,0.683198,0.022204,0.007212,0.012584,0.153694,0.005446,0.001561,0.071221,0.042880
N20001824,0.581169,0.015591,0.027949,0.009859,0.227901,0.004064,0.006891,0.078027,0.048548
N20001825,0.681608,0.029474,0.011543,0.016575,0.141342,0.007510,0.002467,0.068402,0.041080
N20001826,0.687460,0.026143,0.010596,0.015400,0.142036,0.006881,0.002232,0.067859,0.041392
N20001827,0.697462,0.022793,0.008718,0.013197,0.140390,0.005765,0.001901,0.068445,0.041328
N20001828,0.652816,0.025254,0.027916,0.014839,0.155946,0.006105,0.005847,0.069043,0.042235
N20001829,0.663989,0.024037,0.009499,0.014293,0.163664,0.006137,0.002177,0.072457,0.043747
N20001830,0.713049,0.014045,0.004795,0.008268,0.143120,0.003671,0.001085,0.069972,0.041995
N20001831,0.687852,0.023912,0.014783,0.014653,0.140889,0.006033,0.003029,0.067563,0.041286
N20001832,0.658652,0.043570,0.016103,0.023206,0.137549,0.010474,0.003331,0.066962,0.040153
N20001833,0.635271,0.028975,0.017937,0.016745,0.173238,0.007205,0.003928,0.072469,0.044232
N20001834,0.606134,0.017037,0.016795,0.010754,0.214921,0.004547,0.004085,0.077727,0.048001
N20001835,0.707383,0.019154,0.008100,0.011405,0.137440,0.004964,0.001702,0.068519,0.041333
N20001836,0.695831,0.019152,0.009369,0.011508,0.145414,0.004936,0.002027,0.069663,0.042099
N20001837,0.684239,0.017753,0.007776,0.010349,0.157961,0.004477,0.001781,0.072248,0.043417
N20001838,0.669200,0.023646,0.011662,0.013340,0.159039,0.005743,0.002675,0.071621,0.043072
N20001839,0.676895,0.019166,0.007100,0.012245,0.161482,0.005321,0.001594,0.072172,0.044025
N20001840,0.603266,0.026506,0.022733,0.016539,0.198028,0.006808,0.005109,0.074777,0.046234
N20001841,0.688557,0.018972,0.006315,0.010522,0.154505,0.004673,0.001480,0.071995,0.042981
N20001842,0.696842,0.012543,0.005680,0.007445,0.156615,0.003186,0.001245,0.072761,0.043684
N20001843,0.689841,0.017210,0.007546,0.010372,0.154436,0.004402,0.001642,0.071304,0.043248
N20001844,0.632589,0.021541,0.014251,0.013591,0.188218,0.005688,0.003290,0.074845,0.045987
N20001845,0.692393,0.022898,0.008392,0.014273,0.143319,0.006093,0.001757,0.068999,0.041875
N20001846,0.661838,0.020146,0.010763,0.012578,0.169113,0.005413,0.002389,0.073159,0.044601
N20001847,0.638206,0.020116,0.019085,0.012424,0.182103,0.005058,0.004150,0.073514,0.045344
N20001848,0.707509,0.021752,0.007218,0.013324,0.134484,0.005954,0.001526,0.067345,0.040887
N20001849,0.682877,0.016416,0.006662,0.010757,0.161744,0.004479,0.001405,0.071455,0.044205
N20001850,0.251908,0.107128,0.291391,0.063651,0.137763,0.025506,0.057612,0.039404,0.025638
N20001851,0.416438,0.095626,0.119294,0.056637,0.170695,0.023710,0.024682,0.056729,0.036190
N20001852,0.174509,0.348143,0.072047,0.199025,0.072131,0.081318,0.013433,0.023887,0.015507
N20001853,0.051472,0.526206,0.027496,0.250620,0.015783,0.113764,0.004508,0.006184,0.003968
N20001854,0.296288,0.142754,0.183138,0.079948,0.153019,0.032613,0.038420,0.044782,0.029038
N20001855,0.235503,0.244481,0.144766,0.127795,0.107009,0.055006,0.029960,0.033803,0.021677
N20001856,0.022818,0.545163,0.021098,0.279018,0.006486,0.117764,0.003315,0.002635,0.001703
N20001857,0.046295,0.531573,0.031387,0.249033,0.015912,0.110630,0.005448,0.005942,0.003779
N20001858,0.508670,0.084167,0.048798,0.048244,0.175104,0.020256,0.010176,0.064295,0.040290
N20001859,0.284350,0.188451,0.174272,0.106910,0.108804,0.043886,0.032295,0.037065,0.023968
N20001860,0.325308,0.118418,0.178401,0.072183,0.161686,0.027501,0.036941,0.048290,0.031273
N20001861,0.504021,0.038021,0.067872,0.020726,0.228529,0.008737,0.014628,0.072035,0.045431
N20001862,0.092435,0.456778,0.028727,0.250235,0.029099,0.119564,0.004867,0.011072,0.007223
N20001863,0.257161,0.249011,0.117068,0.139804,0.102127,0.055220,0.022952,0.034513,0.022144
N20001864,0.109765,0.450566,0.053212,0.222672,0.035518,0.096885,0.009341,0.013450,0.008589
N20001865,0.105553,0.447791,0.046024,0.228189,0.032321,0.111908,0.007729,0.012419,0.008065
N20001866,0.058265,0.521791,0.047843,0.219826,0.021805,0.109004,0.008910,0.007656,0.004900
N20001867,0.297309,0.237534,0.086674,0.133778,0.109648,0.055464,0.016853,0.038176,0.024565
N20001868,0.041919,0.527369,0.042226,0.251653,0.014634,0.106195,0.007165,0.005394,0.003445
N20001869,0.042977,0.519279,0.031535,0.262404,0.014382,0.115528,0.005043,0.005375,0.003477
N20001870,0.422241,0.148728,0.088599,0.073163,0.134686,0.031055,0.018584,0.051103,0.031843
N20001871,0.232581,0.280287,0.107230,0.153448,0.090039,0.065875,0.020297,0.030418,0.019824
N20001872,0.425290,0.093826,0.094861,0.050957,0.193561,0.021118,0.020882,0.060771,0.038734
N20001873,0.102001,0.455610,0.033935,0.237568,0.034034,0.110068,0.005952,0.012677,0.008156
N20001874,0.495889,0.099394,0.066873,0.045044,0.159246,0.021819,0.014305,0.060213,0.037218
N20001875,0.206324,0.339679,0.058826,0.181130,0.078269,0.080391,0.010846,0.027071,0.017465
N20001876,0.044601,0.505933,0.036835,0.268790,0.015394,0.113253,0.005942,0.005592,0.003661
N20001877,0.478096,0.066982,0.073703,0.032639,0.207868,0.013559,0.018611,0.066997,0.041545
N20001878,0.336753,0.216303,0.076147,0.113642,0.119155,0.053397,0.014777,0.042590,0.027236
N20001879,0.105802,0.364309,0.145661,0.201940,0.047444,0.084917,0.025075,0.014979,0.009873
N20001880,0.078862,0.486989,0.037934,0.235660,0.026511,0.111218,0.006590,0.009894,0.006342
N20001881,0.631100,0.020638,0.016318,0.012103,0.190877,0.005155,0.003844,0.074135,0.045829
N20001882,0.445065,0.138766,0.061489,0.073191,0.147612,0.031636,0.013190,0.054741,0.034308
N20001883,0.570762,0.027402,0.029016,0.013958,0.222138,0.005781,0.007699,0.076639,0.046604
N20001884,0.427273,0.064721,0.087994,0.032089,0.242532,0.012528,0.022499,0.067726,0.042638
N20001885,0.380130,0.223133,0.040963,0.123976,0.101923,0.052696,0.007579,0.042803,0.026797
N20001886,0.399104,0.166327,0.074439,0.093104,0.132323,0.039680,0.014582,0.049286,0.031155
N20001887,0.668982,0.021339,0.013440,0.012884,0.160644,0.005345,0.002903,0.071090,0.043372
N20001888,0.333603,0.130107,0.169327,0.071956,0.152994,0.029195,0.034525,0.047668,0.030625
N20001889,0.576562,0.031850,0.034841,0.019111,0.202132,0.007999,0.008165,0.073613,0.045727
N20001890,0.700405,0.021535,0.005594,0.012580,0.141771,0.005620,0.001229,0.069582,0.041683
N20001891,0.501041,0.088977,0.057785,0.051529,0.166432,0.022102,0.011875,0.061375,0.038885
N20001892,0.670448,0.018442,0.012826,0.011261,0.163696,0.004606,0.002697,0.072031,0.043993
N20001893,0.061472,0.477441,0.038679,0.263817,0.021580,0.118082,0.006163,0.007693,0.005072
N20001894,0.092031,0.444480,0.042228,0.246911,0.031222,0.117234,0.007101,0.011344,0.007449
N20001895,0.557478,0.058331,0.038649,0.036679,0.176067,0.015394,0.007911,0.067156,0.042335
N20001896,0.636582,0.026425,0.016597,0.016643,0.176018,0.006960,0.003624,0.072425,0.044725
N20001897,0.066056,0.469038,0.042910,0.242826,0.023517,0.134778,0.006858,0.008478,0.005538
N20001898,0.068444,0.449643,0.057701,0.252441,0.025618,0.121957,0.009392,0.008919,0.005885
N20001899,0.018942,0.523693,0.019202,0.273885,0.006660,0.150770,0.002824,0.002427,0.001599
N20001900,0.548215,0.051915,0.038264,0.032147,0.193609,0.013380,0.008505,0.070062,0.043903
N20001901,0.636872,0.025653,0.013641,0.016167,0.179084,0.006918,0.003036,0.073464,0.045165
N20001902,0.137684,0.377918,0.086853,0.203298,0.058117,0.089070,0.015726,0.018962,0.012372
N20001903,0.309106,0.292572,0.035345,0.161021,0.073373,0.069381,0.006375,0.032394,0.020432
N20001904,0.617832,0.019506,0.019269,0.012435,0.199732,0.005070,0.004257,0.075018,0.046881
N20001905,0.024834,0.528712,0.009776,0.289713,0.005866,0.135397,0.001403,0.002605,0.001695
N20001906,0.644879,0.014901,0.027057,0.008778,0.178616,0.003509,0.005893,0.071775,0.044591
N20001907,0.207849,0.310621,0.090039,0.164602,0.086099,0.076853,0.016693,0.028760,0.018485
N20001908,0.378379,0.189135,0.063765,0.120887,0.113391,0.051382,0.010986,0.043701,0.028374
N20001909,0.641870,0.027032,0.034316,0.016429,0.157238,0.006606,0.006850,0.067525,0.042134
N20001910,0.598419,0.045142,0.037662,0.028425,0.163474,0.011446,0.007367,0.066113,0.041953
N20001911,0.636613,0.030470,0.017427,0.016918,0.172993,0.007403,0.003942,0.070608,0.043626
N20001912,0.629495,0.031233,0.024283,0.018462,0.170417,0.007753,0.005300,0.069648,0.043408
N20001913,0.517011,0.032134,0.078932,0.018740,0.213088,0.007565,0.018389,0.069909,0.044232
N20001914,0.429513,0.135292,0.084625,0.082227,0.135687,0.033135,0.015142,0.051533,0.032846
N20001915,0.343262,0.156296,0.143175,0.094203,0.125536,0.037983,0.026824,0.044319,0.028402
N20001916,0.376868,0.116245,0.144906,0.071980,0.151934,0.027724,0.027784,0.050027,0.032532
N20001917,0.247608,0.158834,0.238151,0.098727,0.115100,0.039827,0.043083,0.035338,0.023331
N20001918,0.354708,0.204705,0.065953,0.125595,0.114319,0.052488,0.011852,0.042800,0.027581
N20001919,0.357515,0.140480,0.149691,0.084658,0.129576,0.035576,0.027418,0.045644,0.029441
N20001920,0.338206,0.143518,0.151445,0.086714,0.139489,0.036277,0.028321,0.046203,0.029827
N20001921,0.427820,0.137266,0.075459,0.081095,0.143372,0.033872,0.014592,0.052863,0.033662
N20001922,0.137494,0.392228,0.054225,0.217541,0.046758,0.114331,0.009088,0.017149,0.011186
N20001923,0.579504,0.056399,0.043502,0.036496,0.156076,0.015889,0.008279,0.063349,0.040506
N20001924,0.686138,0.018789,0.013174,0.011725,0.151004,0.004895,0.002670,0.068899,0.042707
N20001925,0.624022,0.034406,0.021562,0.020543,0.171502,0.008919,0.004770,0.070697,0.043579
N20001926,0.520865,0.045274,0.057605,0.027517,0.209676,0.011278,0.013039,0.070388,0.044359
N20001927,0.551691,0.061372,0.062585,0.041113,0.153981,0.017758,0.011111,0.060920,0.039469
N20001928,0.348177,0.115813,0.153481,0.066650,0.172786,0.025854,0.032238,0.051620,0.033381
N20001929,0.306066,0.245115,0.063626,0.140388,0.100544,0.071616,0.010830,0.037550,0.024267
N20001930,0.046838,0.494748,0.029764,0.279115,0.014693,0.120982,0.004578,0.005609,0.003673
N20001931,0.028202,0.524229,0.024292,0.282844,0.009418,0.121452,0.003770,0.003503,0.002290
N20001932,0.014509,0.525663,0.008064,0.306962,0.004673,0.135957,0.001220,0.001784,0.001168
N20001933,0.017958,0.540718,0.008524,0.294038,0.005161,0.128838,0.001307,0.002099,0.001358
N20001934,0.033186,0.510716,0.023369,0.285843,0.010815,0.125696,0.003655,0.004054,0.002666
N20001935,0.280162,0.288983,0.038068,0.175929,0.075293,0.083949,0.006463,0.031119,0.020034
N20001936,0.405198,0.170756,0.056408,0.104625,0.127564,0.046016,0.010109,0.048210,0.031114
N20001937,0.504462,0.083069,0.047890,0.051678,0.178022,0.022250,0.009283,0.062720,0.040626
N20001938,0.624577,0.054404,0.016642,0.034180,0.145574,0.016017,0.003329,0.064738,0.040538
N20001939,0.033358,0.498012,0.040972,0.275301,0.011222,0.128147,0.006113,0.004143,0.002732
N20001940,0.027084,0.504580,0.030262,0.277377,0.009652,0.140669,0.004615,0.003471,0.002289
N20001941,0.018163,0.509648,0.009228,0.284098,0.005394,0.168610,0.001306,0.002144,0.001411
N20001942,0.605193,0.039860,0.034013,0.026502,0.166455,0.010676,0.006865,0.067696,0.042738
N20001943,0.513478,0.103117,0.068667,0.058844,0.128603,0.024945,0.012669,0.054974,0.034703
N20001944,0.566754,0.080845,0.029978,0.049468,0.145394,0.021379,0.005753,0.061656,0.038773
N20001945,0.104819,0.428022,0.038987,0.227605,0.029008,0.145995,0.005910,0.011927,0.007728
N20001946,0.408934,0.191683,0.042976,0.116198,0.108297,0.050290,0.007921,0.044989,0.028710
N20001947,0.087829,0.438710,0.049723,0.248237,0.028021,0.122436,0.007547,0.010545,0.006950
N20001948,0.047057,0.497063,0.013109,0.269069,0.013096,0.149755,0.002007,0.005357,0.003488
N20001949,0.509923,0.140193,0.019706,0.088239,0.113242,0.041052,0.003555,0.051367,0.032724
N20001950,0.087767,0.455179,0.023827,0.255714,0.023788,0.133887,0.003635,0.009797,0.006405
N20001951,0.320389,0.241240,0.064420,0.148501,0.085666,0.071711,0.010531,0.034782,0.022761
N20001952,0.060264,0.496994,0.009507,0.278046,0.015851,0.126822,0.001531,0.006676,0.004309
N20001953,0.684072,0.021513,0.013959,0.014634,0.147098,0.006125,0.002766,0.067497,0.042337
N20001954,0.504326,0.111591,0.037288,0.072248,0.143840,0.030343,0.006919,0.056861,0.036584
N20001955,0.046649,0.486778,0.017486,0.284888,0.012036,0.141278,0.002522,0.005032,0.003330
N20001956,0.690282,0.024462,0.010210,0.016598,0.141741,0.007383,0.002073,0.065637,0.041614
N20001957,0.266590,0.297210,0.061243,0.174020,0.071694,0.070810,0.010115,0.029383,0.018934
N20001958,0.137700,0.380918,0.081849,0.212092,0.051924,0.092088,0.013682,0.017972,0.011775
N20001959,0.488656,0.139045,0.037330,0.086301,0.117558,0.040807,0.006474,0.051113,0.032717
N20001960,0.605685,0.055202,0.028272,0.035708,0.149849,0.014684,0.005528,0.064547,0.040524
N20001961,0.428369,0.159316,0.058393,0.099190,0.121114,0.043890,0.010375,0.048255,0.031097
N20001962,0.629253,0.036810,0.022352,0.024301,0.161506,0.010021,0.004400,0.068462,0.042895
N20001963,0.590803,0.045260,0.039174,0.028114,0.167516,0.011397,0.008173,0.067460,0.042104
N20001964,0.650307,0.026655,0.019677,0.016675,0.162391,0.006921,0.004123,0.069939,0.043312
N20001965,0.631114,0.035987,0.025117,0.019116,0.163705,0.008685,0.005797,0.068385,0.042093
N20001966,0.669271,0.027776,0.014052,0.018235,0.149802,0.007707,0.002799,0.068005,0.042352
N20001967,0.681633,0.022811,0.012220,0.014648,0.149127,0.006150,0.002554,0.068511,0.042345
N20001968,0.687512,0.027515,0.012585,0.019289,0.136947,0.008078,0.002366,0.064672,0.041037
N20001969,0.635637,0.028839,0.025419,0.015647,0.168375,0.006453,0.005818,0.070747,0.043066
N20001970,0.639660,0.013903,0.012919,0.009362,0.195117,0.003704,0.002852,0.075458,0.047024
N20001971,0.566953,0.075853,0.042770,0.047924,0.139428,0.021762,0.008010,0.059320,0.037980
N20001972,0.683253,0.022499,0.012190,0.013174,0.149402,0.005647,0.002626,0.069062,0.042148
N20001973,0.681114,0.026327,0.019994,0.015458,0.139337,0.006583,0.004070,0.066369,0.040747
N20001974,0.662178,0.028323,0.019961,0.018870,0.149712,0.007725,0.004053,0.067185,0.041994
N20001975,0.686704,0.021394,0.011991,0.012701,0.147662,0.005411,0.002556,0.069465,0.042114
N20001976,0.663127,0.020639,0.019460,0.012923,0.160997,0.005174,0.004082,0.070265,0.043335
N20001977,0.643645,0.036487,0.027194,0.020638,0.148962,0.008726,0.005657,0.067527,0.041164
N20001978,0.689129,0.018927,0.011863,0.011377,0.149426,0.004777,0.002518,0.069591,0.042392
N20001979,0.653583,0.022906,0.022176,0.014141,0.163318,0.005671,0.004638,0.070223,0.043345
N20001980,0.599923,0.031413,0.037121,0.019625,0.181475,0.007649,0.007830,0.070850,0.044113
N20001981,0.722431,0.015188,0.007306,0.010604,0.132116,0.004579,0.001463,0.065356,0.040957
N20001982,0.701415,0.027979,0.007323,0.015868,0.131237,0.007062,0.001559,0.067361,0.040197
N20001983,0.668504,0.015583,0.016599,0.009610,0.166595,0.003863,0.003527,0.071601,0.044117
N20001984,0.667980,0.021300,0.020500,0.012953,0.155580,0.005259,0.004198,0.069490,0.042740
N20001985,0.689699,0.040755,0.008746,0.020237,0.126302,0.009833,0.001994,0.064035,0.038397
N20001986,0.669268,0.021533,0.014302,0.014096,0.158729,0.005847,0.003009,0.069885,0.043330
N20001987,0.648890,0.021541,0.017087,0.013888,0.172942,0.005693,0.003674,0.071705,0.044580
N20001988,0.536582,0.098376,0.031923,0.064229,0.139959,0.027804,0.006087,0.057964,0.037077
N20001989,0.592560,0.072327,0.023987,0.048031,0.138751,0.020253,0.004471,0.060868,0.038754
N20001990,0.508823,0.139064,0.025244,0.083918,0.113097,0.041448,0.004595,0.051262,0.032549
N20001991,0.544055,0.114969,0.023117,0.071893,0.119429,0.033602,0.004194,0.054244,0.034497
N20001992,0.545706,0.074294,0.050036,0.045047,0.154446,0.020794,0.009034,0.061351,0.039292
N20001993,0.641473,0.058534,0.025495,0.037951,0.119576,0.016190,0.004642,0.059000,0.037140
N20001994,0.645937,0.026000,0.015106,0.016053,0.171183,0.006726,0.003371,0.071516,0.044107
N20001995,0.619900,0.036005,0.037751,0.022951,0.158042,0.009171,0.007580,0.066825,0.041774
N20001996,0.671408,0.015644,0.013505,0.010389,0.166380,0.004217,0.002824,0.071253,0.044381
N20001997,0.656243,0.030066,0.017365,0.019470,0.154363,0.008144,0.003570,0.068312,0.042465
N20001998,0.641456,0.028045,0.022391,0.018168,0.165463,0.007479,0.004417,0.069084,0.043497
N20001999,0.715099,0.018442,0.005730,0.011971,0.134083,0.005250,0.001188,0.067144,0.041093
N20002000,0.432104,0.166871,0.059580,0.104038,0.108685,0.042954,0.010601,0.045798,0.029369
N20002001,0.484592,0.097122,0.079928,0.058882,0.146788,0.024799,0.015125,0.056755,0.036009
N20002002,0.513264,0.107886,0.066923,0.067043,0.119900,0.027267,0.011852,0.052422,0.033444
N20002003,0.700616,0.021596,0.019163,0.013433,0.131100,0.005573,0.003756,0.064681,0.040083
N20002004,0.585189,0.062715,0.041787,0.039163,0.145762,0.016542,0.007912,0.061771,0.039160
N20002005,0.638051,0.049597,0.022453,0.035047,0.135096,0.014411,0.004164,0.061721,0.039460
N20002006,0.486427,0.102217,0.072485,0.064241,0.142384,0.028534,0.012692,0.055252,0.035768
N20002007,0.154924,0.386493,0.059762,0.218086,0.044441,0.097341,0.009712,0.017737,0.011506
N20002008,0.126455,0.417571,0.021499,0.257299,0.029523,0.122888,0.003354,0.012934,0.008478
N20002009,0.513771,0.132282,0.030041,0.076968,0.121176,0.033013,0.005800,0.053407,0.033543
N20002010,0.183805,0.389515,0.027204,0.221616,0.043527,0.098139,0.004574,0.019321,0.012298
N20002011,0.387657,0.182189,0.082889,0.106094,0.109299,0.045206,0.014567,0.044020,0.028080
N20002012,0.659989,0.041541,0.022827,0.024336,0.132748,0.010427,0.004450,0.064263,0.039418
N20002013,0.311587,0.267901,0.050623,0.161547,0.076385,0.069531,0.008444,0.032855,0.021125
N20002014,0.646688,0.048298,0.019288,0.029206,0.136563,0.012558,0.003807,0.063971,0.039620
N20002015,0.080460,0.481208,0.010997,0.246497,0.017212,0.148842,0.001645,0.007962,0.005177
N20002016,0.361664,0.205232,0.080910,0.114804,0.106840,0.046969,0.015379,0.041656,0.026546
N20002017,0.224234,0.327002,0.053005,0.191282,0.066141,0.086604,0.009048,0.025873,0.016811
N20002018,0.639789,0.064054,0.016474,0.041106,0.120965,0.017735,0.003039,0.059476,0.037362
N20002019,0.471424,0.186833,0.015822,0.120662,0.077555,0.058506,0.002595,0.040557,0.026046
N20002020,0.232391,0.348636,0.038661,0.189835,0.057600,0.085358,0.006734,0.024962,0.015823
N20002021,0.165138,0.384228,0.056893,0.220178,0.047103,0.085804,0.009662,0.018856,0.012138
N20002022,0.032450,0.497743,0.023854,0.295059,0.008586,0.132931,0.003466,0.003559,0.002352
N20002023,0.659081,0.038202,0.014690,0.025950,0.142635,0.010642,0.002905,0.064949,0.040947
N20002024,0.035573,0.491411,0.014123,0.298731,0.008598,0.143291,0.002072,0.003734,0.002467
N20002025,0.119854,0.436240,0.019806,0.233299,0.031846,0.134036,0.003216,0.013133,0.008571
N20002026,0.713425,0.034571,0.009658,0.024238,0.109290,0.011029,0.001710,0.058739,0.037340
N20002027,0.053357,0.496552,0.019773,0.281869,0.011469,0.125291,0.002973,0.005284,0.003434
N20002028,0.052689,0.511262,0.012808,0.244871,0.011132,0.156800,0.001882,0.005185,0.003372
N20002029,0.116009,0.439750,0.029688,0.240180,0.029292,0.119759,0.005005,0.012312,0.008005
N20002030,0.045984,0.504142,0.030803,0.250009,0.013500,0.142014,0.004771,0.005307,0.003471
N20002031,0.407125,0.203701,0.037351,0.112682,0.102280,0.059638,0.006336,0.043125,0.027762
N20002032,0.067608,0.464938,0.042712,0.256824,0.016536,0.133253,0.006422,0.007064,0.004643
N20002033,0.066769,0.457316,0.059492,0.230923,0.020465,0.142794,0.009232,0.007844,0.005166
N20002034,0.232764,0.333242,0.058962,0.193157,0.051727,0.081903,0.009830,0.023420,0.014996
N20002035,0.260549,0.316679,0.054245,0.174030,0.065014,0.074752,0.009583,0.027477,0.017671
N20002036,0.256908,0.291266,0.077246,0.161060,0.081268,0.067415,0.014420,0.030741,0.019674
N20002037,0.638014,0.054218,0.020229,0.034194,0.132865,0.015563,0.003806,0.062066,0.039045
N20002038,0.731088,0.022631,0.004069,0.014958,0.116963,0.006991,0.000815,0.063526,0.038960
N20002039,0.192504,0.355527,0.046856,0.224976,0.045328,0.094715,0.007652,0.019610,0.012832
N20002040,0.616634,0.063115,0.020001,0.038745,0.139467,0.016653,0.004024,0.062277,0.039084
N20002041,0.337911,0.271795,0.021393,0.163375,0.069077,0.079449,0.003606,0.032530,0.020863
N20002042,0.618305,0.051105,0.038022,0.028853,0.141482,0.012272,0.007533,0.063256,0.039173
N20002043,0.605962,0.073231,0.035109,0.041083,0.124799,0.018164,0.006900,0.058326,0.036425
N20002044,0.578009,0.111071,0.011351,0.074187,0.105459,0.031400,0.002027,0.053133,0.033363
N20002045,0.611793,0.075108,0.029663,0.044072,0.120889,0.018300,0.005651,0.058277,0.036247
N20002046,0.479626,0.116513,0.055197,0.071624,0.146046,0.027709,0.011062,0.056514,0.035708
N20002047,0.529173,0.100970,0.055188,0.064771,0.125330,0.025123,0.010289,0.054517,0.034639
N20002048,0.691647,0.026874,0.011614,0.018029,0.135916,0.007787,0.002283,0.065036,0.040814
N20002049,0.673790,0.043998,0.012164,0.026469,0.127037,0.011592,0.002459,0.063554,0.038937
N20002050,0.499265,0.150394,0.024831,0.092942,0.105407,0.042505,0.004454,0.049109,0.031094
N20002051,0.555346,0.098561,0.030974,0.062587,0.126777,0.027468,0.005802,0.056640,0.035845
N20002052,0.392535,0.203013,0.043717,0.121352,0.106803,0.053136,0.008283,0.043439,0.027721
N20002053,0.635097,0.063892,0.023842,0.041606,0.118441,0.017314,0.004399,0.058628,0.036783
N20002054,0.675838,0.028991,0.018537,0.017598,0.140748,0.007558,0.003742,0.066094,0.040894
N20002055,0.589618,0.085094,0.019773,0.056415,0.126700,0.023720,0.003708,0.058146,0.036827
N20002056,0.618599,0.060095,0.018863,0.039295,0.141087,0.016097,0.003713,0.062732,0.039518
N20002057,0.287695,0.258688,0.090227,0.156777,0.075972,0.063657,0.015450,0.031329,0.020205
N20002058,0.649688,0.041400,0.021354,0.026200,0.140968,0.011546,0.004161,0.064247,0.040437
N20002059,0.653342,0.042246,0.020267,0.025279,0.138516,0.011503,0.004041,0.064653,0.040152
N20002060,0.651613,0.056161,0.021197,0.035883,0.119379,0.015327,0.003992,0.059225,0.037225
N20002061,0.227257,0.274221,0.132190,0.156038,0.073010,0.069037,0.023529,0.027073,0.017644
N20002062,0.518472,0.089065,0.054987,0.054103,0.152989,0.021764,0.011245,0.059534,0.037840
N20002063,0.576342,0.078017,0.032260,0.047389,0.140654,0.020444,0.006229,0.060439,0.038226
N20002064,0.474203,0.128938,0.072551,0.080203,0.115485,0.034340,0.012816,0.049658,0.031805
N20002065,0.099969,0.404489,0.091297,0.240302,0.032068,0.097260,0.014976,0.011832,0.007807
N20002066,0.644116,0.016862,0.017939,0.010979,0.183561,0.004424,0.003742,0.072624,0.045751
N20002067,0.538376,0.090586,0.051141,0.060064,0.133215,0.025458,0.009141,0.055829,0.036189
N20002068,0.318420,0.224799,0.095434,0.128584,0.099566,0.053797,0.017446,0.037759,0.024195
N20002069,0.439946,0.146993,0.073320,0.093370,0.116646,0.038014,0.013133,0.047840,0.030737
N20002070,0.318221,0.190394,0.129774,0.115353,0.111617,0.044777,0.023901,0.040192,0.025770
N20002071,0.318784,0.241579,0.071513,0.157060,0.083379,0.058507,0.012658,0.034326,0.022195
N20002072,0.415317,0.177153,0.053080,0.112284,0.111861,0.046067,0.009785,0.045232,0.029220
N20002073,0.259030,0.305899,0.039406,0.192389,0.075627,0.071442,0.007046,0.029976,0.019185
N20002074,0.680790,0.028861,0.010306,0.018994,0.141995,0.008528,0.002065,0.066886,0.041574
N20002075,0.557645,0.110890,0.026472,0.067852,0.114382,0.029674,0.005081,0.054110,0.033892
N20002076,0.652370,0.049517,0.013521,0.031963,0.133241,0.014321,0.002685,0.062990,0.039391
N20002077,0.648116,0.042688,0.024041,0.023057,0.141687,0.011165,0.005271,0.064263,0.039712
N20002078,0.586160,0.080932,0.028572,0.054111,0.127429,0.022551,0.005270,0.058083,0.036892
N20002079,0.696960,0.026778,0.008194,0.017390,0.134997,0.007714,0.001675,0.065518,0.040776
N20002080,0.502768,0.146467,0.018480,0.095543,0.109567,0.042292,0.003346,0.049832,0.031705
N20002081,0.195499,0.324949,0.094203,0.180306,0.069383,0.078777,0.016126,0.024716,0.016041
N20002082,0.028884,0.499573,0.069459,0.254636,0.010799,0.119861,0.010584,0.003730,0.002474
N20002083,0.061954,0.456814,0.078289,0.241915,0.020797,0.115257,0.012384,0.007595,0.004996
N20002084,0.098252,0.406395,0.122631,0.199565,0.036223,0.094791,0.021306,0.012614,0.008222
N20002085,0.396491,0.192349,0.058036,0.103077,0.117268,0.046055,0.011211,0.046375,0.029139
N20002086,0.589690,0.057075,0.044710,0.027802,0.154117,0.012651,0.009803,0.064545,0.039608
N20002087,0.332210,0.198512,0.105365,0.104923,0.120701,0.047556,0.020882,0.042695,0.027155
N20002088,0.464668,0.117658,0.068053,0.064034,0.151868,0.027644,0.014133,0.056361,0.035581
N20002089,0.513148,0.076594,0.096230,0.040529,0.143386,0.016699,0.019278,0.058023,0.036114
N20002090,0.278471,0.204222,0.164857,0.114138,0.102075,0.046568,0.031124,0.035611,0.022933
N20002091,0.576633,0.041081,0.068553,0.023398,0.162471,0.009669,0.013672,0.063973,0.040551
N20002092,0.399342,0.207461,0.059795,0.096803,0.106856,0.045936,0.012390,0.044027,0.027391
N20002093,0.271875,0.260345,0.117510,0.136506,0.083950,0.055606,0.022101,0.031756,0.020350
N20002094,0.483017,0.067746,0.090098,0.041117,0.181932,0.015889,0.018969,0.061586,0.039645
N20002095,0.627359,0.031635,0.028152,0.017166,0.169587,0.007349,0.006131,0.069624,0.042997
N20002096,0.544990,0.070981,0.064630,0.037204,0.153080,0.015718,0.012872,0.062002,0.038522
N20002097,0.237328,0.265450,0.133013,0.147033,0.083573,0.060189,0.024418,0.029791,0.019206
N20002098,0.463051,0.130530,0.084568,0.057992,0.132753,0.027304,0.018449,0.052676,0.032678
N20002099,0.371394,0.141134,0.132626,0.082788,0.133640,0.034951,0.025860,0.047345,0.030262
N20002100,0.327900,0.212046,0.088170,0.136807,0.101499,0.054599,0.015747,0.038313,0.024920
N20002101,0.461371,0.099523,0.116294,0.049766,0.140362,0.021270,0.024149,0.053603,0.033663
N20002102,0.372129,0.128442,0.132612,0.062395,0.162871,0.026787,0.030772,0.051327,0.032665
N20002103,0.505188,0.121775,0.056787,0.065776,0.125209,0.026961,0.011213,0.053548,0.033541
N20002104,0.434659,0.183851,0.056432,0.089311,0.106359,0.044610,0.010946,0.045274,0.028559
N20002105,0.264796,0.174303,0.219649,0.084329,0.116932,0.033081,0.046500,0.036860,0.023549
N20002106,0.375594,0.221608,0.065002,0.116388,0.093312,0.051318,0.012150,0.039521,0.025109
N20002107,0.399338,0.144023,0.118510,0.064408,0.138735,0.028159,0.025983,0.049709,0.031135
N20002108,0.229938,0.355360,0.043397,0.180027,0.062873,0.078662,0.008185,0.025380,0.016177
N20002109,0.163809,0.322122,0.126573,0.196427,0.051814,0.086352,0.020808,0.019357,0.012740
N20002110,0.176094,0.395471,0.055145,0.185182,0.059117,0.083185,0.010412,0.021605,0.013789
N20002111,0.224155,0.192136,0.230351,0.115311,0.099603,0.042124,0.044607,0.031298,0.020414
N20002112,0.402039,0.132854,0.092221,0.076536,0.159120,0.029431,0.020027,0.053700,0.034072
N20002113,0.264942,0.210112,0.150652,0.129128,0.107633,0.049061,0.029610,0.035765,0.023096
N20002114,0.466773,0.074104,0.085554,0.041918,0.192329,0.017181,0.018164,0.063662,0.040314
N20002115,0.509499,0.042560,0.088784,0.026973,0.194864,0.010077,0.019513,0.065686,0.042044
N20002116,0.489317,0.108607,0.069226,0.059294,0.144746,0.023412,0.014019,0.055945,0.035434
N20002117,0.024417,0.519821,0.035063,0.277070,0.007790,0.125688,0.005288,0.002938,0.001925
N20002118,0.061921,0.446749,0.070028,0.267764,0.023194,0.106540,0.010537,0.007960,0.005307
N20002119,0.038141,0.492232,0.048254,0.275869,0.013901,0.115953,0.007566,0.004872,0.003211
N20002120,0.155298,0.342306,0.111944,0.202208,0.058928,0.076895,0.019285,0.019987,0.013147
N20002121,0.212903,0.341011,0.046326,0.216677,0.055969,0.081256,0.007947,0.022974,0.014936
N20002122,0.182633,0.378540,0.033047,0.227434,0.043312,0.098720,0.005289,0.018782,0.012242
N20002123,0.085685,0.473121,0.019048,0.264114,0.022450,0.117110,0.003027,0.009377,0.006068
N20002124,0.625125,0.035750,0.034081,0.023189,0.157936,0.009381,0.006615,0.065947,0.041975
N20002125,0.395338,0.188742,0.062521,0.112960,0.110107,0.046299,0.011898,0.043934,0.028201
N20002126,0.103584,0.443715,0.058093,0.239080,0.031782,0.093891,0.009928,0.012075,0.007852
N20002127,0.055206,0.486617,0.050068,0.257841,0.018208,0.112843,0.008088,0.006721,0.004408
N20002128,0.678496,0.024401,0.011483,0.014958,0.150419,0.006549,0.002431,0.068854,0.042407
N20002129,0.376534,0.226835,0.036692,0.138357,0.091472,0.058706,0.006647,0.039538,0.025219
N20002130,0.094782,0.437260,0.034289,0.277011,0.030035,0.102397,0.005585,0.011243,0.007398
N20002131,0.648974,0.035597,0.022866,0.020535,0.149797,0.008781,0.004971,0.067258,0.041221
N20002132,0.538303,0.071535,0.061280,0.045708,0.154459,0.017520,0.011962,0.060510,0.038723
N20002133,0.494156,0.075565,0.091309,0.045724,0.160608,0.017454,0.018506,0.058975,0.037703
N20002134,0.545250,0.070344,0.085055,0.043337,0.131464,0.016511,0.015549,0.056595,0.035895
N20002135,0.399455,0.153077,0.095389,0.095440,0.124992,0.036382,0.018017,0.046985,0.030264
N20002136,0.398601,0.183748,0.093604,0.096650,0.099821,0.040769,0.017618,0.042455,0.026735
N20002137,0.655828,0.027557,0.014018,0.016669,0.162920,0.007132,0.003010,0.069594,0.043271
N20002138,0.563858,0.073416,0.057671,0.038654,0.141014,0.016104,0.011790,0.060200,0.037294
N20002139,0.121300,0.402040,0.052197,0.253333,0.039384,0.098678,0.008860,0.014634,0.009574
N20002140,0.013960,0.538747,0.015242,0.309391,0.004488,0.113043,0.002322,0.001698,0.001109
N20002141,0.017052,0.534201,0.027492,0.293975,0.006168,0.113188,0.004283,0.002199,0.001441
N20002142,0.320429,0.264495,0.043244,0.160537,0.075240,0.074523,0.007369,0.032937,0.021225
N20002143,0.012542,0.535313,0.047660,0.274837,0.004812,0.114708,0.007384,0.001655,0.001089
N20002144,0.577185,0.061782,0.035840,0.039493,0.157673,0.016995,0.006713,0.063636,0.040683
N20002145,0.178159,0.314838,0.121579,0.188320,0.058819,0.082929,0.019871,0.021398,0.014087
N20002146,0.515258,0.121738,0.039174,0.076801,0.122815,0.029444,0.007420,0.053535,0.033815
N20002147,0.060543,0.487278,0.019144,0.252926,0.013215,0.154086,0.002810,0.006056,0.003941
N20002148,0.195911,0.331307,0.073123,0.203571,0.060765,0.085032,0.012207,0.023061,0.015023
N20002149,0.450251,0.118415,0.098276,0.062166,0.139274,0.025291,0.020334,0.052697,0.033295
N20002150,0.053520,0.484513,0.044116,0.254168,0.018191,0.127403,0.007055,0.006667,0.004367
N20002151,0.300446,0.262552,0.051683,0.166947,0.079238,0.076271,0.008749,0.032815,0.021299
N20002152,0.435229,0.150080,0.070632,0.094824,0.118596,0.039633,0.012298,0.047773,0.030935
N20002153,0.110098,0.414366,0.047468,0.246163,0.032423,0.121032,0.007369,0.012719,0.008362
N20002154,0.546106,0.075670,0.088768,0.044399,0.121397,0.020115,0.015279,0.053699,0.034569
N20002155,0.496885,0.131358,0.049335,0.084105,0.112012,0.036870,0.008165,0.049249,0.032020
N20002156,0.409741,0.154511,0.078093,0.097932,0.124313,0.042217,0.014068,0.048177,0.030948
N20002157,0.570966,0.055869,0.050148,0.038554,0.156534,0.015554,0.009630,0.062440,0.040304
N20002158,0.272000,0.257461,0.098922,0.146665,0.085540,0.069922,0.016341,0.032168,0.020980
N20002159,0.616968,0.024546,0.047681,0.017085,0.167851,0.007060,0.009241,0.066534,0.043035
N20002160,0.613948,0.048546,0.029613,0.032888,0.150851,0.013313,0.005469,0.064368,0.041005
N20002161,0.442135,0.150206,0.069778,0.088837,0.116752,0.041286,0.012578,0.047617,0.030811
N20002162,0.637195,0.055151,0.018305,0.034528,0.133595,0.016214,0.003339,0.062330,0.039343
N20002163,0.603541,0.063171,0.023602,0.041339,0.144089,0.017338,0.004596,0.062652,0.039673
N20002164,0.348060,0.214024,0.083055,0.119560,0.096253,0.061129,0.014123,0.038752,0.025045
N20002165,0.255364,0.300426,0.068961,0.168757,0.059314,0.093968,0.010466,0.025793,0.016950
N20002166,0.667104,0.047090,0.014614,0.026620,0.127716,0.013247,0.002934,0.062029,0.038645
N20002167,0.642325,0.045091,0.029287,0.023039,0.139690,0.011028,0.006152,0.063993,0.039393
N20002168,0.413362,0.186531,0.046836,0.113104,0.103371,0.057167,0.008135,0.043281,0.028212
N20002169,0.528743,0.103241,0.045877,0.055431,0.136847,0.027376,0.008836,0.057490,0.036159
N20002170,0.596192,0.049623,0.059499,0.028856,0.142260,0.012012,0.011156,0.061593,0.038810
N20002171,0.514916,0.107894,0.058316,0.063514,0.127736,0.028064,0.010756,0.054322,0.034483
N20002172,0.543409,0.118484,0.037340,0.068999,0.109484,0.030229,0.006809,0.052476,0.032769
N20002173,0.617638,0.066150,0.024287,0.044377,0.126629,0.019838,0.004414,0.058987,0.037680
N20002174,0.509091,0.140918,0.026598,0.085017,0.110059,0.041069,0.004816,0.050383,0.032048
N20002175,0.558569,0.076898,0.045982,0.051042,0.141196,0.020898,0.008556,0.058961,0.037898
N20002176,0.537471,0.121366,0.028076,0.074661,0.112158,0.035620,0.004996,0.052380,0.033272
N20002177,0.536626,0.112138,0.045789,0.067669,0.111670,0.033103,0.007923,0.051926,0.033156
N20002178,0.640674,0.053523,0.025970,0.035461,0.126545,0.014848,0.004819,0.060000,0.038159
N20002179,0.640712,0.063227,0.021856,0.040726,0.115341,0.019546,0.003870,0.058037,0.036685
N20002180,0.248626,0.332680,0.036076,0.189411,0.053374,0.094180,0.005667,0.024188,0.015799
N20002181,0.316196,0.233030,0.081623,0.135423,0.101732,0.054605,0.015338,0.037704,0.024349
N20002182,0.551028,0.074427,0.052751,0.045843,0.148276,0.018740,0.010092,0.060447,0.038397
N20002183,0.640142,0.031476,0.030507,0.016085,0.158097,0.007138,0.006687,0.068108,0.041759
N20002184,0.510452,0.082610,0.099767,0.041548,0.136912,0.018085,0.020477,0.055219,0.034931
N20002185,0.623188,0.045314,0.036953,0.026764,0.145680,0.011453,0.007509,0.063305,0.039834
N20002186,0.478568,0.074879,0.116922,0.049177,0.148854,0.019001,0.020926,0.055523,0.036150
N20002187,0.589498,0.024989,0.040136,0.016198,0.196243,0.006426,0.008750,0.072247,0.045512
N20002188,0.626439,0.062432,0.038752,0.032585,0.122245,0.014723,0.007596,0.058795,0.036433
N20002189,0.380025,0.153862,0.109062,0.092442,0.129588,0.036806,0.021402,0.046782,0.030032
N20002190,0.590620,0.020589,0.054926,0.012879,0.190237,0.004901,0.011327,0.070008,0.044512
N20002191,0.613598,0.031255,0.052470,0.018039,0.158924,0.007264,0.010806,0.066346,0.041298
N20002192,0.477119,0.126227,0.066763,0.066869,0.133682,0.029397,0.012919,0.053270,0.033753
N20002193,0.575983,0.049910,0.048950,0.029619,0.167061,0.012053,0.010250,0.064999,0.041173
N20002194,0.610234,0.031655,0.058636,0.019729,0.154663,0.007871,0.011630,0.064774,0.040807
N20002195,0.429651,0.175607,0.076663,0.076512,0.112305,0.036641,0.016865,0.046883,0.028874
N20002196,0.341212,0.177152,0.115094,0.100747,0.128245,0.041404,0.023170,0.044511,0.028467
N20002197,0.126959,0.426498,0.071990,0.200436,0.039332,0.097287,0.012801,0.015071,0.009626
N20002198,0.579710,0.049598,0.057990,0.022997,0.161703,0.010844,0.013263,0.064119,0.039776
N20002199,0.443043,0.142566,0.105128,0.062112,0.117025,0.029664,0.022847,0.047810,0.029804
N20002200,0.034469,0.547151,0.027717,0.248967,0.010521,0.119818,0.004600,0.004120,0.002637
N20002201,0.097339,0.452178,0.034519,0.246758,0.031010,0.112967,0.006010,0.011621,0.007597
N20002202,0.594504,0.032319,0.061143,0.018145,0.166146,0.007383,0.012929,0.066000,0.041431
N20002203,0.672994,0.026859,0.035910,0.017279,0.131326,0.007015,0.006617,0.062512,0.039488
N20002204,0.653647,0.021395,0.024045,0.011591,0.165502,0.004921,0.005254,0.070452,0.043194
N20002205,0.593712,0.035426,0.066960,0.019465,0.157559,0.008551,0.013902,0.064213,0.040213
N20002206,0.073482,0.485191,0.079829,0.203374,0.024174,0.104687,0.014547,0.008995,0.005722
N20002207,0.301750,0.272768,0.062532,0.148631,0.081268,0.066755,0.011460,0.033569,0.021267
N20002208,0.531308,0.101550,0.051031,0.054457,0.135812,0.023005,0.010717,0.056623,0.035496
N20002209,0.091166,0.432494,0.082790,0.228031,0.027887,0.105832,0.014055,0.010764,0.006981
N20002210,0.670670,0.025885,0.018951,0.017175,0.147931,0.007098,0.003795,0.066639,0.041856
N20002211,0.434146,0.127054,0.073537,0.072889,0.155775,0.031034,0.014941,0.055313,0.035310
N20002212,0.589931,0.049847,0.062002,0.025141,0.147286,0.011985,0.013037,0.062187,0.038583
N20002213,0.533079,0.051126,0.079607,0.030183,0.173476,0.012420,0.016486,0.063206,0.040418
N20002214,0.622781,0.022623,0.037651,0.013851,0.176152,0.005743,0.007845,0.069520,0.043833
N20002215,0.644452,0.033774,0.030888,0.021352,0.148592,0.008914,0.006223,0.064771,0.041034
N20002216,0.547972,0.052753,0.062878,0.032452,0.172197,0.013022,0.012676,0.064876,0.041174
N20002217,0.032467,0.510467,0.033275,0.271676,0.012004,0.127728,0.005391,0.004213,0.002779
N20002218,0.482026,0.097717,0.086079,0.055791,0.145189,0.025766,0.016496,0.055234,0.035703
N20002219,0.572406,0.030951,0.050177,0.018303,0.195970,0.007455,0.011392,0.069213,0.044134
N20002220,0.392274,0.101299,0.151030,0.063005,0.152417,0.024888,0.030312,0.051536,0.033240
N20002221,0.587051,0.094602,0.017506,0.061055,0.119159,0.025730,0.003256,0.056067,0.035573
N20002222,0.250666,0.327000,0.038405,0.179002,0.062271,0.092103,0.006698,0.026733,0.017122
N20002223,0.701390,0.022412,0.012255,0.014821,0.134203,0.006338,0.002452,0.065350,0.040778
N20002224,0.718137,0.015503,0.004991,0.010442,0.136296,0.004686,0.001049,0.067327,0.041569
N20002225,0.658046,0.038131,0.020515,0.025519,0.138555,0.010767,0.004006,0.064071,0.040390
N20002226,0.374572,0.210391,0.050333,0.135277,0.095514,0.059243,0.008719,0.040036,0.025916
N20002227,0.190944,0.353233,0.043018,0.209795,0.056550,0.102870,0.007304,0.021935,0.014352
N20002228,0.700944,0.019439,0.011222,0.013510,0.138812,0.005745,0.002225,0.066495,0.041606
N20002229,0.650341,0.021626,0.029742,0.014947,0.160841,0.005909,0.005886,0.067614,0.043095
N20002230,0.469257,0.063799,0.129727,0.041425,0.160424,0.017368,0.023702,0.057073,0.037224
N20002231,0.702084,0.024720,0.010056,0.017016,0.130875,0.007426,0.001942,0.065266,0.040615
N20002232,0.396813,0.194459,0.050825,0.124728,0.100993,0.053589,0.008965,0.042345,0.027283
N20002233,0.546698,0.058264,0.061896,0.036316,0.166720,0.014530,0.012310,0.062912,0.040356
N20002234,0.559198,0.064876,0.061310,0.044298,0.144053,0.017264,0.011037,0.059613,0.038350
N20002235,0.676558,0.036268,0.010922,0.023212,0.134564,0.010507,0.002182,0.065371,0.040416
N20002236,0.551769,0.068409,0.054103,0.039182,0.157197,0.016781,0.011243,0.062127,0.039188
N20002237,0.711017,0.021189,0.008425,0.013372,0.131667,0.006446,0.001706,0.065523,0.040657
N20002238,0.619663,0.028060,0.042849,0.018123,0.165203,0.007185,0.008707,0.067570,0.042641
N20002239,0.647819,0.035914,0.012448,0.023464,0.156454,0.010160,0.002646,0.068458,0.042637
N20002240,0.705524,0.019930,0.007205,0.013169,0.138138,0.006148,0.001448,0.066829,0.041609
N20002241,0.686141,0.034570,0.009063,0.019652,0.133137,0.009699,0.001912,0.065767,0.040058
N20002242,0.510948,0.105858,0.056086,0.070117,0.129369,0.028054,0.010054,0.054552,0.034963
N20002243,0.616918,0.071397,0.012343,0.042092,0.132890,0.021990,0.002349,0.061452,0.038570
N20002244,0.480347,0.159327,0.027438,0.088715,0.111947,0.045722,0.005073,0.049991,0.031440
N20002245,0.307664,0.231193,0.096724,0.135748,0.091799,0.061497,0.016993,0.035362,0.023020
N20002246,0.119521,0.426472,0.039745,0.231367,0.034305,0.119604,0.006369,0.013697,0.008920
N20002247,0.538201,0.111345,0.036425,0.063851,0.124515,0.029526,0.006765,0.054596,0.034778
N20002248,0.690295,0.027527,0.009261,0.017569,0.137618,0.008248,0.001847,0.066404,0.041231
N20002249,0.277269,0.274024,0.071916,0.141675,0.083934,0.085552,0.012012,0.032533,0.021084
N20002250,0.466394,0.148233,0.046305,0.088087,0.115623,0.046337,0.007891,0.049387,0.031743
N20002251,0.691956,0.020996,0.010846,0.014362,0.144487,0.005978,0.002214,0.067127,0.042035
N20002252,0.067453,0.411169,0.196169,0.166314,0.027952,0.080530,0.035171,0.009260,0.005983
N20002253,0.065978,0.434421,0.156998,0.176373,0.028106,0.095190,0.027908,0.009091,0.005936
N20002254,0.046035,0.470128,0.132808,0.194084,0.019775,0.103767,0.022754,0.006445,0.004203
N20002255,0.084566,0.376768,0.211377,0.166281,0.033889,0.069909,0.038537,0.011321,0.007352
N20002256,0.057832,0.362720,0.247986,0.166900,0.027843,0.081447,0.041129,0.008523,0.005620
N20002257,0.119015,0.217311,0.340423,0.114344,0.065851,0.047947,0.064076,0.018739,0.012294
N20002258,0.030377,0.499839,0.077242,0.246224,0.011138,0.116756,0.011922,0.003914,0.002587
N20002259,0.023167,0.423770,0.200550,0.205206,0.012323,0.097738,0.031272,0.003577,0.002398
N20002260,0.040665,0.422961,0.163722,0.210757,0.020275,0.104856,0.026611,0.006093,0.004059
N20002261,0.036761,0.413489,0.169900,0.228394,0.020044,0.093943,0.027889,0.005733,0.003848
N20002262,0.033259,0.330475,0.311034,0.175681,0.019684,0.068407,0.052482,0.005381,0.003597
N20002263,0.048424,0.211595,0.459095,0.104241,0.034392,0.043630,0.084351,0.008587,0.005685
N20002264,0.055085,0.382283,0.191006,0.208793,0.028385,0.089539,0.030979,0.008369,0.005561
N20002265,0.047748,0.445913,0.134354,0.222601,0.021274,0.093151,0.023763,0.006768,0.004428
N20002266,0.033946,0.175162,0.533511,0.095601,0.024242,0.037333,0.090202,0.005967,0.004036
N20002267,0.069331,0.383182,0.193178,0.196506,0.031981,0.075669,0.033664,0.009961,0.006529
N20002268,0.044499,0.419461,0.165201,0.212880,0.019727,0.101930,0.025852,0.006283,0.004167
N20002269,0.033104,0.412140,0.212194,0.197235,0.015083,0.087821,0.034519,0.004759,0.003146
N20002270,0.084953,0.361071,0.199711,0.183494,0.041326,0.071688,0.036970,0.012574,0.008214
N20002271,0.052507,0.163038,0.519781,0.091245,0.035068,0.033757,0.089746,0.008854,0.006004
N20002272,0.039357,0.202105,0.487967,0.098931,0.026886,0.040199,0.093175,0.006852,0.004528
N20002273,0.048648,0.229697,0.432458,0.120871,0.030179,0.048928,0.075782,0.008071,0.005366
N20002274,0.028893,0.194020,0.510936,0.107636,0.022555,0.041347,0.085688,0.005309,0.003616
N20002275,0.037301,0.235720,0.438458,0.125573,0.024605,0.049759,0.077932,0.006390,0.004260
N20002276,0.065433,0.421860,0.125697,0.222715,0.027940,0.100390,0.020821,0.009148,0.005996
N20002277,0.024343,0.340139,0.325504,0.149535,0.014118,0.090201,0.049576,0.003943,0.002640
N20002278,0.029883,0.450352,0.136740,0.230482,0.015187,0.107826,0.021957,0.004549,0.003024
N20002279,0.048747,0.223928,0.433284,0.108262,0.039384,0.047207,0.083894,0.009176,0.006118
N20002280,0.018532,0.211272,0.511894,0.109713,0.013930,0.046614,0.082379,0.003379,0.002287
N20002281,0.025372,0.169089,0.554221,0.087355,0.023227,0.035522,0.096684,0.005092,0.003439
N20002282,0.050003,0.394405,0.202274,0.193736,0.025809,0.086458,0.034673,0.007608,0.005035
N20002283,0.050816,0.135680,0.554089,0.070989,0.046056,0.026752,0.098774,0.010052,0.006793
N20002284,0.023914,0.394088,0.230433,0.195072,0.012129,0.104663,0.033678,0.003598,0.002425
N20002285,0.028131,0.410422,0.199902,0.201786,0.016735,0.103916,0.031437,0.004588,0.003085
N20002286,0.049778,0.391725,0.191507,0.187934,0.026111,0.111594,0.028641,0.007597,0.005113
N20002287,0.247616,0.251094,0.119385,0.136861,0.104193,0.061448,0.023257,0.034104,0.022042
N20002288,0.623613,0.031774,0.017106,0.019793,0.178741,0.008203,0.003786,0.072358,0.044626
N20002289,0.476857,0.134967,0.040794,0.078496,0.134667,0.037737,0.007725,0.054247,0.034510
N20002290,0.564165,0.019945,0.045619,0.012959,0.220567,0.005057,0.009976,0.074462,0.047250
N20002291,0.584084,0.042195,0.051322,0.026299,0.167645,0.010428,0.010329,0.065866,0.041832
N20002292,0.621538,0.017508,0.018237,0.011674,0.199849,0.004600,0.003925,0.075463,0.047205
N20002293,0.387381,0.091208,0.186609,0.056191,0.139866,0.023832,0.034490,0.048660,0.031764
N20002294,0.255061,0.216081,0.158724,0.134753,0.098003,0.057627,0.025257,0.032635,0.021858
N20002295,0.375165,0.068205,0.216859,0.040784,0.157485,0.016694,0.041958,0.049986,0.032862
N20002296,0.171731,0.340328,0.105959,0.177213,0.065603,0.083505,0.018409,0.022573,0.014679
N20002297,0.224666,0.301823,0.093769,0.161569,0.079308,0.075925,0.016351,0.028225,0.018363
N20002298,0.071260,0.374139,0.177366,0.203562,0.029053,0.100401,0.028257,0.009585,0.006377
N20002299,0.130154,0.190305,0.361951,0.110067,0.065319,0.049505,0.060744,0.019139,0.012816
N20002300,0.064761,0.269889,0.357604,0.141893,0.032532,0.056989,0.060334,0.009584,0.006414
N20002301,0.027825,0.503101,0.062345,0.251806,0.010106,0.129422,0.009476,0.003557,0.002362
N20002302,0.040104,0.456119,0.121542,0.216922,0.016101,0.121776,0.018444,0.005401,0.003589
N20002303,0.053603,0.261790,0.397616,0.126026,0.025244,0.056948,0.065997,0.007650,0.005127
N20002304,0.051610,0.379401,0.224660,0.183453,0.028436,0.081607,0.037401,0.008062,0.005370
N20002305,0.223652,0.139937,0.303594,0.079529,0.107098,0.032236,0.059639,0.032991,0.021323
N20002306,0.249538,0.139158,0.262514,0.076407,0.125644,0.030252,0.054795,0.037477,0.024215
N20002307,0.168467,0.198143,0.294424,0.108559,0.084031,0.048269,0.056045,0.025519,0.016544
N20002308,0.335069,0.102174,0.200911,0.057266,0.159413,0.022515,0.042499,0.048736,0.031416
N20002309,0.227811,0.223290,0.187271,0.116916,0.103903,0.050128,0.036398,0.033076,0.021205
N20002310,0.165656,0.177145,0.327941,0.096847,0.088247,0.041728,0.060234,0.025460,0.016742
N20002311,0.037872,0.316567,0.329406,0.149190,0.021431,0.084523,0.051035,0.005952,0.004025
N20002312,0.160548,0.189754,0.331392,0.105203,0.074315,0.041222,0.059546,0.022961,0.015060
N20002313,0.024829,0.502631,0.070720,0.260200,0.009844,0.115452,0.010771,0.003338,0.002216
N20002314,0.032564,0.486781,0.111879,0.226759,0.013420,0.103251,0.017932,0.004475,0.002941
N20002315,0.029329,0.476112,0.137195,0.218306,0.011309,0.099362,0.021953,0.003883,0.002550
N20002316,0.020184,0.517659,0.083816,0.239804,0.008386,0.111962,0.013525,0.002820,0.001843
N20002317,0.038986,0.437385,0.142247,0.227264,0.016743,0.105903,0.022454,0.005424,0.003594
N20002318,0.154778,0.236214,0.264138,0.114622,0.082093,0.053449,0.055397,0.023878,0.015431
N20002319,0.057445,0.411454,0.180044,0.192336,0.026277,0.088678,0.030158,0.008193,0.005414
N20002320,0.031636,0.360433,0.284772,0.167513,0.017475,0.083623,0.046261,0.004969,0.003317
N20002321,0.014637,0.350788,0.336321,0.147587,0.006876,0.092256,0.047979,0.002126,0.001430
N20002322,0.022891,0.487058,0.123387,0.218170,0.011069,0.112264,0.019509,0.003403,0.002250
N20002323,0.026887,0.448902,0.170891,0.201358,0.011003,0.108580,0.026329,0.003630,0.002419
N20002324,0.016371,0.513213,0.075025,0.243959,0.006025,0.131047,0.010831,0.002118,0.001411
N20002325,0.017963,0.491424,0.115726,0.234521,0.007194,0.111691,0.017442,0.002430,0.001610
N20002326,0.052686,0.319243,0.292446,0.172702,0.028452,0.069559,0.051322,0.008177,0.005413
N20002327,0.023375,0.429076,0.184836,0.220135,0.012967,0.093838,0.029601,0.003707,0.002465
N20002328,0.024388,0.514052,0.076073,0.247278,0.010575,0.109485,0.012426,0.003462,0.002262
N20002329,0.033595,0.501846,0.127840,0.197022,0.012241,0.100113,0.020166,0.004333,0.002844
N20002330,0.042113,0.322571,0.316518,0.156745,0.026488,0.066550,0.057295,0.007051,0.004669
N20002331,0.353601,0.186126,0.131644,0.080504,0.115448,0.035939,0.026368,0.043137,0.027235
N20002332,0.025731,0.565522,0.049816,0.222796,0.008350,0.114419,0.008127,0.003180,0.002059
N20002333,0.038669,0.380038,0.233072,0.198717,0.019205,0.082355,0.038363,0.005751,0.003829
N20002334,0.030293,0.574315,0.038724,0.216881,0.008694,0.118944,0.006331,0.003550,0.002269
N20002335,0.110615,0.448922,0.095596,0.178456,0.036633,0.089766,0.017433,0.013790,0.008789
N20002336,0.040348,0.368116,0.261241,0.180426,0.020517,0.076049,0.043220,0.006057,0.004027
N20002337,0.019416,0.422162,0.209236,0.202116,0.010510,0.099238,0.032246,0.003045,0.002031
N20002338,0.050992,0.221413,0.437671,0.111290,0.036452,0.045792,0.081298,0.009061,0.006033
N20002339,0.029512,0.472145,0.134599,0.217666,0.013892,0.103021,0.021996,0.004325,0.002843
N20002340,0.034223,0.539525,0.041758,0.243450,0.010858,0.116513,0.006793,0.004189,0.002691
N20002341,0.048531,0.470010,0.119316,0.205218,0.019278,0.106548,0.020304,0.006532,0.004265
N20002342,0.075855,0.289486,0.326677,0.131745,0.040121,0.055088,0.061772,0.011628,0.007627
N20002343,0.038173,0.398038,0.229596,0.185589,0.017762,0.083097,0.038577,0.005535,0.003633
N20002344,0.061974,0.428337,0.151362,0.199435,0.027040,0.090654,0.026799,0.008710,0.005689
N20002345,0.059424,0.497349,0.073087,0.215060,0.019430,0.111333,0.012330,0.007285,0.004704
N20002346,0.078212,0.407307,0.159431,0.192492,0.032053,0.084660,0.028265,0.010675,0.006906
N20002347,0.059107,0.498535,0.081512,0.207922,0.024645,0.100016,0.014770,0.008216,0.005278
N20002348,0.087959,0.408020,0.149034,0.182684,0.038201,0.087164,0.026551,0.012356,0.008031
N20002349,0.066237,0.308711,0.323111,0.129889,0.032826,0.065788,0.057140,0.009846,0.006452
N20002350,0.080754,0.388693,0.172397,0.181789,0.040509,0.084557,0.031265,0.012138,0.007896
N20002351,0.117881,0.267268,0.304101,0.109788,0.058509,0.049785,0.063738,0.017610,0.011320
N20002352,0.069479,0.437020,0.111265,0.218896,0.031062,0.097564,0.018408,0.009860,0.006447
N20002353,0.115203,0.367548,0.163742,0.173342,0.046646,0.078692,0.029128,0.015580,0.010118
N20002354,0.093186,0.405194,0.151004,0.189964,0.030063,0.086586,0.025348,0.011353,0.007302
N20002355,0.255451,0.226010,0.185363,0.117804,0.083039,0.048854,0.033084,0.030618,0.019777
N20002356,0.278622,0.274940,0.103590,0.125962,0.083344,0.060708,0.020150,0.032165,0.020519
N20002357,0.183786,0.300235,0.171864,0.138411,0.069815,0.064017,0.032528,0.023941,0.015403
N20002358,0.183852,0.283884,0.170792,0.133909,0.087199,0.064137,0.031855,0.026973,0.017399
N20002359,0.234497,0.249362,0.177961,0.112456,0.089618,0.052094,0.034004,0.030443,0.019565
N20002360,0.093369,0.370195,0.185851,0.168313,0.047207,0.077312,0.034440,0.014139,0.009174
N20002361,0.376641,0.170983,0.111463,0.081743,0.124398,0.038243,0.021292,0.045976,0.029260
N20002362,0.132712,0.392558,0.117811,0.182922,0.044747,0.080971,0.021457,0.016308,0.010514
N20002363,0.143567,0.402721,0.090954,0.182789,0.050682,0.082813,0.016719,0.018133,0.011623
N20002364,0.241722,0.227598,0.199772,0.100833,0.094731,0.045285,0.037132,0.032304,0.020624
N20002365,0.110350,0.413938,0.148264,0.159054,0.040330,0.077984,0.026645,0.014270,0.009166
N20002366,0.069400,0.474560,0.099522,0.203103,0.028177,0.091066,0.018596,0.009492,0.006083
N20002367,0.228752,0.277623,0.148073,0.132934,0.080124,0.059041,0.026309,0.028627,0.018517
N20002368,0.065352,0.498332,0.100516,0.190916,0.022726,0.089909,0.018626,0.008317,0.005305
N20002369,0.050534,0.492715,0.094436,0.210958,0.018252,0.106002,0.016362,0.006534,0.004208
N20002370,0.043673,0.540338,0.079850,0.200568,0.014552,0.097935,0.014152,0.005442,0.003490
N20002371,0.044527,0.504083,0.137442,0.172261,0.016867,0.091025,0.024051,0.005937,0.003806
N20002372,0.064764,0.290061,0.331588,0.141381,0.036532,0.061131,0.057492,0.010253,0.006797
N20002373,0.133430,0.395240,0.122167,0.171498,0.049416,0.077211,0.022556,0.017380,0.011102
N20002374,0.052035,0.509285,0.098300,0.199038,0.018326,0.094520,0.017560,0.006666,0.004270
N20002375,0.056973,0.515631,0.089144,0.197887,0.018602,0.094508,0.015744,0.007010,0.004501
N20002376,0.117283,0.396505,0.139312,0.173669,0.041660,0.081916,0.025115,0.014924,0.009616
N20002377,0.438679,0.115441,0.094850,0.060113,0.153645,0.026287,0.020193,0.055729,0.035064
N20002378,0.357721,0.107548,0.168301,0.065159,0.158292,0.026024,0.034162,0.050315,0.032477
N20002379,0.031705,0.540555,0.069780,0.210347,0.011133,0.118163,0.011646,0.004053,0.002618
N20002380,0.036499,0.532399,0.060065,0.229785,0.011980,0.112021,0.009859,0.004476,0.002915
N20002381,0.249591,0.235601,0.164624,0.131849,0.086832,0.050681,0.029488,0.031125,0.020210
N20002382,0.035354,0.509130,0.108177,0.203067,0.013884,0.104147,0.018442,0.004718,0.003081
N20002383,0.205763,0.262174,0.189262,0.108081,0.093944,0.052442,0.040062,0.029484,0.018786
N20002384,0.081937,0.442771,0.120854,0.202611,0.024916,0.091055,0.020050,0.009551,0.006255
N20002385,0.418554,0.057950,0.140173,0.034653,0.202162,0.013639,0.031598,0.061890,0.039381
N20002386,0.033609,0.470790,0.160223,0.186756,0.013915,0.100503,0.026553,0.004620,0.003030
N20002387,0.147775,0.267652,0.258572,0.110432,0.072316,0.053116,0.054020,0.022019,0.014098
N20002388,0.034238,0.521817,0.095105,0.207402,0.013141,0.104749,0.016010,0.004579,0.002959
N20002389,0.315881,0.070271,0.260839,0.039981,0.163122,0.015894,0.055861,0.047494,0.030657
N20002390,0.257876,0.231007,0.131818,0.142147,0.094430,0.064250,0.023784,0.033204,0.021484
N20002391,0.253782,0.275385,0.086106,0.169477,0.081571,0.067880,0.015243,0.030720,0.019836
N20002392,0.300922,0.081755,0.258541,0.052106,0.157679,0.019116,0.054294,0.045824,0.029762
N20002393,0.139422,0.237250,0.278014,0.127930,0.078986,0.050775,0.050807,0.022232,0.014584
N20002394,0.066447,0.454193,0.107153,0.216894,0.024642,0.098249,0.018174,0.008626,0.005621
N20002395,0.442609,0.050616,0.115529,0.031445,0.215430,0.012052,0.025177,0.065291,0.041851
N20002396,0.107713,0.293262,0.259308,0.146680,0.053528,0.066306,0.046559,0.016107,0.010537
N20002397,0.121231,0.174722,0.380979,0.091629,0.083671,0.033798,0.078937,0.021156,0.013876
N20002398,0.196349,0.200792,0.280174,0.103489,0.082647,0.039946,0.052268,0.026894,0.017441
N20002399,0.135946,0.172777,0.361672,0.097622,0.087530,0.037553,0.068835,0.022940,0.015124
N20002400,0.084556,0.320868,0.251513,0.162894,0.043988,0.073136,0.041656,0.012861,0.008529
N20002401,0.062007,0.195970,0.460939,0.100929,0.036889,0.047839,0.078637,0.010086,0.006704
N20002402,0.153904,0.378680,0.109213,0.163710,0.057301,0.084322,0.020088,0.019934,0.012849
N20002403,0.074105,0.173327,0.473464,0.091273,0.046934,0.035338,0.085085,0.012294,0.008179
N20002404,0.066247,0.264473,0.383983,0.100315,0.040630,0.048443,0.077828,0.010969,0.007112
N20002405,0.140674,0.290290,0.227042,0.137896,0.062765,0.067866,0.040821,0.019720,0.012925
N20002406,0.093016,0.134154,0.477550,0.075817,0.069066,0.028508,0.093871,0.016861,0.011157
N20002407,0.028842,0.504797,0.125235,0.204872,0.011093,0.097896,0.020923,0.003848,0.002494
N20002408,0.085129,0.364999,0.175886,0.199544,0.040716,0.082573,0.030518,0.012427,0.008207
N20002409,0.075249,0.426579,0.145322,0.197103,0.028214,0.085859,0.025501,0.009804,0.006370
N20002410,0.057531,0.213798,0.441468,0.108405,0.038049,0.048479,0.075958,0.009765,0.006546
N20002411,0.064413,0.302290,0.329956,0.138223,0.031784,0.057400,0.060052,0.009621,0.006262
N20002412,0.098835,0.250685,0.335138,0.128706,0.047281,0.054674,0.060686,0.014503,0.009491
N20002413,0.041142,0.201290,0.487581,0.100863,0.026007,0.042008,0.089627,0.006916,0.004566
N20002414,0.097688,0.349502,0.222306,0.155932,0.044898,0.064867,0.041684,0.014027,0.009095
N20002415,0.067999,0.428951,0.156587,0.192404,0.028260,0.082204,0.028231,0.009325,0.006039
N20002416,0.034690,0.387855,0.237321,0.190816,0.019222,0.079745,0.041228,0.005501,0.003623
N20002417,0.030629,0.189839,0.508830,0.103108,0.026784,0.040876,0.089869,0.006010,0.004055
N20002418,0.088070,0.306027,0.304371,0.128019,0.040202,0.055859,0.056871,0.012484,0.008098
N20002419,0.066054,0.286692,0.363760,0.112853,0.031001,0.054829,0.069129,0.009516,0.006166
N20002420,0.067529,0.485272,0.086339,0.215540,0.023577,0.092192,0.015480,0.008583,0.005490
N20002421,0.145972,0.283959,0.244763,0.120653,0.067115,0.054435,0.048723,0.020916,0.013464
N20002422,0.070901,0.364899,0.253804,0.144985,0.034231,0.065167,0.048673,0.010586,0.006753
N20002423,0.110909,0.443201,0.090156,0.189594,0.041483,0.083666,0.017189,0.014550,0.009252
N20002424,0.037668,0.066908,0.667290,0.038145,0.034123,0.012894,0.130615,0.007369,0.004989
N20002425,0.037850,0.210645,0.482301,0.105120,0.025068,0.045613,0.082592,0.006481,0.004330
N20002426,0.039295,0.139933,0.567263,0.075365,0.034820,0.027950,0.102407,0.007750,0.005219
N20002427,0.050822,0.281382,0.354346,0.144826,0.032531,0.061131,0.060578,0.008644,0.005739
N20002428,0.044564,0.504072,0.085679,0.212823,0.015567,0.113971,0.014011,0.005633,0.003681
N20002429,0.047711,0.475812,0.160517,0.172599,0.017766,0.086909,0.028356,0.006283,0.004046
N20002430,0.053054,0.143749,0.545862,0.074957,0.036802,0.030563,0.099515,0.009297,0.006202
N20002431,0.040508,0.530262,0.102876,0.184263,0.014266,0.101173,0.018108,0.005210,0.003334
N20002432,0.060557,0.505015,0.097273,0.187966,0.022682,0.095427,0.018009,0.007975,0.005096
N20002433,0.051030,0.292275,0.333141,0.149452,0.032121,0.070368,0.057326,0.008562,0.005726
N20002434,0.036108,0.511769,0.057348,0.238590,0.016233,0.121702,0.009660,0.005184,0.003405
N20002435,0.033267,0.158710,0.563259,0.077341,0.025049,0.035222,0.097047,0.006050,0.004055
N20002436,0.022426,0.291640,0.391947,0.138538,0.014752,0.069460,0.064783,0.003880,0.002575
N20002437,0.047922,0.187442,0.489208,0.093799,0.036819,0.043282,0.086807,0.008818,0.005904
N20002438,0.014668,0.371376,0.306843,0.156201,0.008416,0.091096,0.047444,0.002374,0.001582
N20002439,0.050232,0.349030,0.260488,0.171623,0.024277,0.092637,0.039392,0.007376,0.004946
N20002440,0.022277,0.469457,0.133969,0.209264,0.010628,0.128979,0.019944,0.003290,0.002192
N20002441,0.028035,0.374390,0.247560,0.199741,0.016535,0.085889,0.040221,0.004571,0.003059
N20002442,0.025882,0.251438,0.450526,0.114045,0.018465,0.059544,0.072386,0.004612,0.003102
N20002443,0.024901,0.169243,0.558257,0.086132,0.021233,0.037887,0.094340,0.004755,0.003253
N20002444,0.038198,0.379951,0.229507,0.182676,0.021892,0.100988,0.036553,0.006129,0.004107
N20002445,0.053115,0.350069,0.248052,0.178139,0.030997,0.083459,0.041924,0.008526,0.005721
N20002446,0.019987,0.420625,0.202562,0.198438,0.010597,0.113175,0.029464,0.003076,0.002077
N20002447,0.025867,0.444155,0.159820,0.203875,0.013224,0.122078,0.024397,0.003955,0.002630
N20002448,0.042356,0.414510,0.190029,0.190696,0.019082,0.102985,0.030353,0.006003,0.003986
N20002449,0.021657,0.417726,0.192690,0.201493,0.012036,0.120261,0.028405,0.003422,0.002310
N20002450,0.034889,0.378479,0.237464,0.184617,0.020971,0.094550,0.039445,0.005751,0.003835
N20002451,0.023333,0.505729,0.064113,0.212469,0.008398,0.172093,0.008881,0.002993,0.001991
N20002452,0.053210,0.368051,0.227713,0.170447,0.026544,0.105833,0.034926,0.007954,0.005321
N20002453,0.083752,0.358791,0.195216,0.176525,0.037169,0.098894,0.030147,0.011685,0.007821
N20002454,0.100191,0.415547,0.102081,0.193225,0.034934,0.117308,0.015915,0.012546,0.008253
N20002455,0.114946,0.404236,0.096347,0.200200,0.039217,0.105614,0.015849,0.014272,0.009318
N20002456,0.242172,0.061561,0.366523,0.035526,0.138969,0.012875,0.079492,0.038041,0.024841
N20002457,0.169277,0.104585,0.406616,0.052992,0.107653,0.021350,0.090971,0.028244,0.018312
N20002458,0.190786,0.070860,0.405024,0.042052,0.133083,0.015354,0.087645,0.033349,0.021849
N20002459,0.157464,0.153711,0.382496,0.080087,0.080928,0.033432,0.072605,0.023808,0.015470
N20002460,0.212034,0.157081,0.294408,0.070318,0.114155,0.030346,0.068100,0.032659,0.020900
N20002461,0.181532,0.105612,0.380122,0.052374,0.125443,0.019744,0.083105,0.031533,0.020535
N20002462,0.105653,0.279338,0.301163,0.122248,0.054431,0.053022,0.057673,0.016037,0.010434
N20002463,0.305008,0.083091,0.250546,0.048647,0.165336,0.018333,0.051173,0.047166,0.030701
N20002464,0.116403,0.106659,0.481419,0.055264,0.082801,0.021308,0.102246,0.020463,0.013439
N20002465,0.227332,0.140458,0.296829,0.077837,0.111914,0.031100,0.059158,0.033537,0.021834
N20002466,0.201164,0.170004,0.304246,0.080547,0.098877,0.033873,0.062615,0.029555,0.019119
N20002467,0.155332,0.152968,0.373941,0.087197,0.084648,0.033382,0.072646,0.024071,0.015815
N20002468,0.184341,0.118126,0.353139,0.062219,0.125548,0.024484,0.079231,0.032146,0.020767
N20002469,0.181889,0.078692,0.434336,0.043823,0.108981,0.017113,0.086524,0.029353,0.019289
N20002470,0.150991,0.074798,0.466780,0.040846,0.105355,0.015124,0.102417,0.026402,0.017287
N20002471,0.200618,0.080232,0.393276,0.044283,0.124991,0.017489,0.084804,0.032761,0.021546
N20002472,0.130527,0.164621,0.401097,0.087705,0.067522,0.039088,0.076688,0.019785,0.012967
N20002473,0.244922,0.109024,0.286909,0.059850,0.146850,0.024174,0.062470,0.039941,0.025859
N20002474,0.130565,0.083939,0.487575,0.046325,0.093101,0.017589,0.102684,0.023064,0.015158
N20002475,0.147866,0.094765,0.450164,0.055408,0.099681,0.020547,0.089476,0.025344,0.016749
N20002476,0.232160,0.078618,0.348385,0.043599,0.140867,0.017490,0.076656,0.037639,0.024585
N20002477,0.123489,0.189163,0.360229,0.100218,0.078707,0.039757,0.074004,0.020843,0.013589
N20002478,0.158012,0.040157,0.497813,0.024106,0.116845,0.008557,0.107795,0.028107,0.018608
N20002479,0.316178,0.090174,0.244599,0.049086,0.151503,0.019770,0.053214,0.045898,0.029579
N20002480,0.242428,0.047142,0.378385,0.027702,0.148574,0.010562,0.080323,0.039011,0.025871
N20002481,0.151096,0.271257,0.235943,0.135292,0.068139,0.057410,0.045334,0.021562,0.013968
N20002482,0.223014,0.034102,0.405029,0.018108,0.155077,0.007411,0.093733,0.038458,0.025068
N20002483,0.227949,0.076076,0.360525,0.044312,0.136541,0.017589,0.076046,0.036827,0.024136
N20002484,0.196772,0.151265,0.321155,0.078121,0.103047,0.033049,0.067103,0.030009,0.019479
N20002485,0.356774,0.022262,0.221603,0.013800,0.230363,0.004895,0.052809,0.059055,0.038439
N20002486,0.324602,0.138333,0.176091,0.077174,0.138320,0.037653,0.033740,0.045031,0.029056
N20002487,0.363610,0.056274,0.198650,0.033095,0.198347,0.013372,0.043172,0.056965,0.036517
N20002488,0.308945,0.073500,0.264068,0.044669,0.161536,0.017519,0.052751,0.046542,0.030469
N20002489,0.251317,0.179227,0.203270,0.100802,0.121472,0.043971,0.039002,0.036887,0.024052
N20002490,0.152898,0.217558,0.297611,0.121673,0.068589,0.052675,0.053273,0.021543,0.014181
N20002491,0.178378,0.123295,0.379031,0.067120,0.102479,0.027907,0.075210,0.028064,0.018515
N20002492,0.059935,0.318078,0.312751,0.139680,0.029675,0.071395,0.053687,0.008935,0.005863
N20002493,0.083083,0.441865,0.103669,0.211902,0.031609,0.091664,0.018055,0.011033,0.007121
N20002494,0.328072,0.047297,0.235896,0.025248,0.210273,0.010445,0.053389,0.054082,0.035299
N20002495,0.331981,0.067652,0.228593,0.039607,0.181340,0.015875,0.049961,0.051647,0.033344
N20002496,0.265395,0.159979,0.228944,0.088466,0.114921,0.038734,0.042640,0.036952,0.023970
N20002497,0.377067,0.122265,0.153966,0.067585,0.139384,0.029707,0.030149,0.048702,0.031175
N20002498,0.057922,0.356849,0.236696,0.168919,0.030999,0.095151,0.038493,0.009013,0.005958
N20002499,0.098014,0.183676,0.419930,0.096881,0.053358,0.047056,0.075804,0.015231,0.010050
N20002500,0.013829,0.427961,0.223773,0.182447,0.007719,0.107496,0.033080,0.002213,0.001481
N20002501,0.011190,0.451720,0.186859,0.203483,0.005833,0.109503,0.028512,0.001740,0.001160
N20002502,0.021480,0.437156,0.179359,0.201588,0.010006,0.118171,0.027026,0.003138,0.002077
N20002503,0.022108,0.308459,0.367792,0.155085,0.012521,0.068572,0.059608,0.003503,0.002352
N20002504,0.045949,0.486751,0.086933,0.222040,0.016530,0.117977,0.014106,0.005873,0.003841
N20002505,0.012434,0.291324,0.414365,0.135549,0.007740,0.069731,0.065385,0.002074,0.001399
N20002506,0.028884,0.442361,0.167225,0.210501,0.012380,0.106063,0.025880,0.004034,0.002672
N20002507,0.030997,0.436304,0.163354,0.210940,0.014526,0.111315,0.025061,0.004512,0.002991
N20002508,0.043122,0.242834,0.438229,0.107280,0.025534,0.052347,0.079117,0.006949,0.004587
N20002509,0.019842,0.266988,0.441934,0.121513,0.012460,0.060648,0.071043,0.003335,0.002236
N20002510,0.021639,0.540775,0.089294,0.205302,0.007438,0.117151,0.013866,0.002744,0.001791
N20002511,0.018061,0.521319,0.111254,0.199012,0.006000,0.123991,0.016643,0.002250,0.001471
N20002512,0.034055,0.472954,0.173160,0.170257,0.014125,0.098074,0.029615,0.004699,0.003060
N20002513,0.024062,0.482292,0.154928,0.187094,0.011582,0.108489,0.025567,0.003633,0.002352
N20002514,0.045221,0.518127,0.069025,0.217905,0.015919,0.112758,0.011547,0.005758,0.003740
N20002515,0.025590,0.257833,0.444270,0.121452,0.015186,0.059044,0.069682,0.004149,0.002794
N20002516,0.037163,0.342471,0.303713,0.154555,0.021758,0.080151,0.050127,0.006065,0.003997
N20002517,0.018843,0.566872,0.052753,0.220843,0.006367,0.121965,0.008421,0.002389,0.001547
N20002518,0.018630,0.270753,0.438130,0.122985,0.012886,0.059098,0.072025,0.003296,0.002198
N20002519,0.019159,0.366419,0.286982,0.172978,0.010800,0.095851,0.042694,0.003063,0.002054
N20002520,0.033462,0.370417,0.263861,0.170062,0.019399,0.091063,0.042715,0.005432,0.003591
N20002521,0.024000,0.515617,0.140172,0.178914,0.009205,0.103450,0.023349,0.003209,0.002084
N20002522,0.018440,0.547126,0.077652,0.223905,0.006704,0.109927,0.012273,0.002402,0.001571
N20002523,0.024300,0.559828,0.062470,0.214754,0.008520,0.114620,0.010325,0.003155,0.002028
N20002524,0.036081,0.430455,0.178863,0.196908,0.016215,0.103935,0.028965,0.005172,0.003405
N20002525,0.020788,0.421875,0.235861,0.181341,0.009953,0.087097,0.037949,0.003092,0.002045
N20002526,0.025184,0.290235,0.413095,0.119048,0.015976,0.058665,0.070684,0.004284,0.002829
N20002527,0.024097,0.524533,0.104006,0.212157,0.008932,0.104326,0.016695,0.003185,0.002069
N20002528,0.023264,0.201686,0.530389,0.086110,0.015781,0.041009,0.095044,0.004023,0.002692
N20002529,0.021924,0.557057,0.072032,0.213785,0.007750,0.111096,0.011692,0.002829,0.001835
N20002530,0.019872,0.563948,0.042675,0.228472,0.006745,0.127548,0.006578,0.002524,0.001639
N20002531,0.044349,0.282992,0.368723,0.131234,0.033910,0.061132,0.064016,0.008186,0.005457
N20002532,0.019955,0.291574,0.404044,0.138258,0.011729,0.061158,0.067888,0.003233,0.002161
N20002533,0.024834,0.542676,0.063750,0.223793,0.008941,0.120446,0.010232,0.003236,0.002092
N20002534,0.026237,0.449158,0.184266,0.190783,0.011357,0.102942,0.029145,0.003689,0.002422
N20002535,0.017891,0.457195,0.166881,0.220119,0.009670,0.096710,0.026838,0.002823,0.001873
N20002536,0.017384,0.278664,0.424797,0.133002,0.010414,0.067158,0.063819,0.002843,0.001919
N20002537,0.021348,0.357170,0.290311,0.183293,0.015765,0.080280,0.045303,0.003902,0.002628
N20002538,0.025787,0.351099,0.311755,0.161720,0.014239,0.077557,0.051070,0.004060,0.002714
N20002539,0.011176,0.196232,0.560965,0.090425,0.007176,0.041121,0.089743,0.001887,0.001276
N20002540,0.021371,0.347578,0.314340,0.161992,0.013608,0.085933,0.049139,0.003609,0.002430
N20002541,0.020812,0.222419,0.500846,0.106026,0.014149,0.050102,0.079606,0.003602,0.002439
N20002542,0.017818,0.356412,0.311940,0.170433,0.011838,0.075264,0.051103,0.003115,0.002077
N20002543,0.042816,0.441664,0.133084,0.221627,0.021137,0.107540,0.021486,0.006396,0.004250
N20002544,0.023831,0.525784,0.069652,0.227502,0.008395,0.129103,0.010682,0.003047,0.002004
N20002545,0.013979,0.466641,0.139315,0.229901,0.006810,0.119291,0.020570,0.002092,0.001402
N20002546,0.011558,0.450946,0.187272,0.201017,0.006339,0.111894,0.027898,0.001845,0.001231
N20002547,0.033513,0.372887,0.256968,0.176697,0.017191,0.094547,0.039659,0.005128,0.003410
N20002548,0.091479,0.433570,0.044225,0.210426,0.026281,0.170250,0.006482,0.010400,0.006887
N20002549,0.023995,0.505433,0.033413,0.222717,0.007084,0.198226,0.004498,0.002782,0.001853
N20002550,0.037209,0.500323,0.041079,0.197790,0.010081,0.201109,0.005518,0.004140,0.002751
N20002551,0.027693,0.483087,0.071861,0.202147,0.009600,0.190004,0.009844,0.003455,0.002309
N20002552,0.207655,0.321571,0.075534,0.175794,0.065265,0.101094,0.012215,0.024677,0.016195
N20002553,0.249522,0.312776,0.050435,0.157843,0.074329,0.098618,0.008491,0.029115,0.018871
N20002554,0.029049,0.502403,0.087059,0.220065,0.009624,0.132624,0.013263,0.003566,0.002345
N20002555,0.012691,0.496379,0.098303,0.198744,0.004751,0.173005,0.013332,0.001680,0.001115
N20002556,0.029963,0.532468,0.049175,0.224958,0.009494,0.140328,0.007604,0.003642,0.002369
N20002557,0.012048,0.528294,0.030717,0.248346,0.004456,0.169088,0.004415,0.001586,0.001050
N20002558,0.026820,0.484906,0.125701,0.190784,0.010314,0.136685,0.018879,0.003570,0.002340
N20002559,0.028528,0.512909,0.057409,0.233710,0.010301,0.142177,0.008851,0.003691,0.002424
N20002560,0.256422,0.297641,0.079363,0.156644,0.069559,0.080385,0.013290,0.028375,0.018321
N20002561,0.534648,0.116285,0.036148,0.064420,0.120981,0.032686,0.006900,0.053865,0.034068
N20002562,0.402710,0.157508,0.083296,0.082860,0.132452,0.045771,0.015659,0.048415,0.031329
N20002563,0.029525,0.514544,0.029526,0.207048,0.008655,0.201049,0.003950,0.003425,0.002278
N20002564,0.032657,0.500934,0.032481,0.216704,0.010562,0.195443,0.004592,0.003993,0.002634
N20002565,0.026110,0.385758,0.236203,0.192986,0.015595,0.100485,0.035670,0.004301,0.002893
N20002566,0.021696,0.500936,0.084247,0.236044,0.007842,0.132366,0.012233,0.002785,0.001852
N20002567,0.028687,0.514739,0.060205,0.237480,0.011244,0.132099,0.009136,0.003864,0.002545
N20002568,0.027312,0.503831,0.074450,0.235584,0.010032,0.131618,0.011215,0.003600,0.002358
N20002569,0.015558,0.420003,0.214130,0.193609,0.009777,0.109524,0.032961,0.002667,0.001771
N20002570,0.038112,0.289449,0.351596,0.157594,0.024996,0.072173,0.055157,0.006530,0.004393
N20002571,0.016249,0.510877,0.041607,0.204931,0.005803,0.211509,0.005538,0.002093,0.001393
N20002572,0.019794,0.521896,0.027259,0.229121,0.006695,0.187246,0.003853,0.002492,0.001644
N20002573,0.010279,0.444769,0.190969,0.193538,0.005202,0.126372,0.026243,0.001576,0.001052
N20002574,0.022221,0.501034,0.046141,0.215904,0.007864,0.195886,0.006215,0.002842,0.001895
N20002575,0.029573,0.542768,0.026311,0.235615,0.008975,0.146742,0.004167,0.003561,0.002288
N20002576,0.022895,0.546987,0.024501,0.240641,0.006834,0.150099,0.003556,0.002714,0.001773
N20002577,0.360304,0.227332,0.046844,0.127325,0.092654,0.073022,0.007991,0.039322,0.025208
N20002578,0.016546,0.497646,0.115291,0.213234,0.007151,0.129396,0.016834,0.002347,0.001556
N20002579,0.020763,0.520373,0.062735,0.238637,0.008126,0.135462,0.009252,0.002799,0.001851
N20002580,0.054556,0.462532,0.063530,0.210068,0.018185,0.170794,0.009132,0.006738,0.004466
N20002581,0.101186,0.407793,0.088371,0.206844,0.034758,0.126410,0.013652,0.012659,0.008328
N20002582,0.035895,0.474879,0.092383,0.219283,0.014644,0.141298,0.013454,0.004902,0.003263
N20002583,0.471412,0.122243,0.069489,0.070653,0.129874,0.037477,0.012526,0.052557,0.033770
N20002584,0.092243,0.419309,0.097591,0.193096,0.034350,0.128560,0.014892,0.012048,0.007912
N20002585,0.656255,0.024188,0.018873,0.016323,0.161220,0.007310,0.003735,0.068517,0.043579
N20002586,0.071014,0.455199,0.079907,0.199060,0.024946,0.143145,0.011829,0.008989,0.005912
N20002587,0.358400,0.169630,0.163933,0.071854,0.102172,0.035820,0.032208,0.040439,0.025545
N20002588,0.453702,0.137463,0.081653,0.051509,0.142525,0.026919,0.019233,0.053851,0.033147
N20002589,0.464392,0.095262,0.133093,0.045458,0.129876,0.021585,0.025774,0.051825,0.032736
N20002590,0.377221,0.084169,0.199200,0.050277,0.148482,0.020224,0.038961,0.049412,0.032053
N20002591,0.226583,0.263651,0.133958,0.145848,0.086782,0.071299,0.023080,0.029450,0.019349
N20002592,0.356521,0.184588,0.116459,0.096098,0.111995,0.043130,0.023172,0.041336,0.026702
N20002593,0.391818,0.095963,0.162563,0.050422,0.158949,0.021572,0.033014,0.052285,0.033413
N20002594,0.284832,0.261515,0.126866,0.104703,0.085950,0.056578,0.024891,0.033633,0.021032
N20002595,0.089907,0.331870,0.238032,0.158410,0.040712,0.079182,0.040640,0.012851,0.008396
N20002596,0.344488,0.212182,0.115078,0.087578,0.106001,0.045807,0.023103,0.040402,0.025361
N20002597,0.217703,0.299036,0.115715,0.135709,0.090029,0.070550,0.022471,0.029761,0.019026
N20002598,0.414269,0.067764,0.175092,0.040018,0.162561,0.015710,0.035197,0.054434,0.034956
N20002599,0.080482,0.354593,0.210602,0.177636,0.031197,0.094441,0.033530,0.010544,0.006974
N20002600,0.041634,0.476233,0.075806,0.236280,0.017730,0.130807,0.011851,0.005817,0.003842
N20002601,0.271982,0.292858,0.100759,0.119230,0.081232,0.062865,0.019525,0.031692,0.019857
N20002602,0.376012,0.125237,0.165162,0.059566,0.135230,0.028102,0.033305,0.047330,0.030056
N20002603,0.072821,0.309284,0.279973,0.153130,0.041498,0.078163,0.045831,0.011599,0.007701
N20002604,0.472622,0.099513,0.085458,0.047031,0.160384,0.022540,0.017917,0.058046,0.036489
N20002605,0.278691,0.233924,0.167488,0.090491,0.089614,0.052461,0.033107,0.033343,0.020882
N20002606,0.097304,0.375880,0.181394,0.164507,0.038327,0.088662,0.032602,0.012986,0.008337
N20002607,0.043704,0.453542,0.117258,0.228195,0.021630,0.104502,0.020231,0.006610,0.004327
N20002608,0.190359,0.217745,0.278093,0.099716,0.076345,0.040827,0.055346,0.025370,0.016199
N20002609,0.049878,0.426288,0.139761,0.217127,0.024598,0.106789,0.023179,0.007456,0.004923
N20002610,0.082303,0.411927,0.140208,0.185686,0.030804,0.108168,0.023336,0.010645,0.006923
N20002611,0.156057,0.291920,0.243303,0.096133,0.062943,0.064858,0.050785,0.020946,0.013056
N20002612,0.372887,0.172882,0.115232,0.077006,0.124628,0.039779,0.022947,0.045905,0.028734
N20002613,0.108148,0.401976,0.168378,0.132535,0.044891,0.083751,0.036168,0.014871,0.009283
N20002614,0.180097,0.367475,0.100809,0.156403,0.055366,0.086732,0.018226,0.021394,0.013499
N20002615,0.086540,0.421333,0.193502,0.119461,0.035949,0.079575,0.044389,0.011917,0.007334
N20002616,0.190768,0.346490,0.128242,0.136061,0.061515,0.074698,0.024544,0.023109,0.014572
N20002617,0.087542,0.372450,0.260683,0.087534,0.040596,0.060475,0.070400,0.012644,0.007675
N20002618,0.033055,0.441154,0.131362,0.223094,0.015483,0.127228,0.020542,0.004873,0.003209
N20002619,0.033565,0.565643,0.060833,0.192482,0.010414,0.120392,0.009923,0.004126,0.002623
N20002620,0.083058,0.448974,0.149991,0.139240,0.036494,0.090866,0.032244,0.011788,0.007343
N20002621,0.027335,0.261425,0.408660,0.148345,0.018954,0.063020,0.064213,0.004800,0.003249
N20002622,0.029546,0.584265,0.036517,0.196802,0.008508,0.132784,0.005849,0.003499,0.002230
N20002623,0.026821,0.447363,0.135501,0.225935,0.014195,0.121836,0.021391,0.004179,0.002779
N20002624,0.059349,0.259538,0.369596,0.136682,0.032835,0.064576,0.061979,0.009271,0.006174
N20002625,0.030166,0.523838,0.158232,0.146620,0.011365,0.094100,0.029084,0.004039,0.002556
N20002626,0.019825,0.580172,0.034635,0.211419,0.006132,0.138560,0.005263,0.002427,0.001568
N20002627,0.034848,0.557252,0.075024,0.182846,0.013149,0.116763,0.012395,0.004711,0.003013
N20002628,0.049853,0.429307,0.222181,0.128314,0.021464,0.095487,0.042037,0.006960,0.004398
N20002629,0.036980,0.563381,0.041488,0.204699,0.010758,0.128894,0.006690,0.004324,0.002788
N20002630,0.065024,0.406890,0.169708,0.185169,0.026070,0.104879,0.027883,0.008657,0.005720
N20002631,0.031478,0.558054,0.031278,0.221976,0.009040,0.137211,0.004916,0.003673,0.002374
N20002632,0.025459,0.546522,0.058213,0.216722,0.009514,0.128452,0.009539,0.003382,0.002197
N20002633,0.046691,0.403453,0.206519,0.177699,0.022638,0.098012,0.033511,0.006924,0.004554
N20002634,0.044992,0.378084,0.254171,0.158300,0.024327,0.082687,0.045773,0.007058,0.004608
N20002635,0.030127,0.468974,0.125543,0.206054,0.013455,0.129383,0.019305,0.004314,0.002845
N20002636,0.045006,0.367787,0.265886,0.160419,0.021187,0.086356,0.042487,0.006542,0.004329
N20002637,0.021948,0.458537,0.159040,0.207284,0.011196,0.110931,0.025470,0.003372,0.002224
N20002638,0.049760,0.481751,0.116621,0.187615,0.018669,0.114685,0.020208,0.006491,0.004198
N20002639,0.246022,0.308133,0.052093,0.169180,0.068468,0.102257,0.008369,0.027502,0.017976
N20002640,0.599567,0.022242,0.055724,0.014178,0.179393,0.005628,0.011288,0.068367,0.043612
N20002641,0.583291,0.032169,0.080017,0.022053,0.154825,0.009053,0.015214,0.062931,0.040447
N20002642,0.422544,0.100196,0.127798,0.062142,0.150227,0.027617,0.022356,0.052645,0.034475
N20002643,0.370371,0.215282,0.045696,0.130757,0.095308,0.069404,0.007569,0.039740,0.025873
N20002644,0.025095,0.516837,0.023286,0.255016,0.007915,0.163412,0.003404,0.003028,0.002007
N20002645,0.022700,0.504457,0.046601,0.233422,0.008405,0.172878,0.006590,0.002969,0.001977
N20002646,0.209561,0.299797,0.102423,0.166278,0.066640,0.097397,0.016392,0.025106,0.016406
N20002647,0.030638,0.475205,0.072489,0.247349,0.012239,0.144457,0.010701,0.004156,0.002767
N20002648,0.022068,0.494037,0.074414,0.235620,0.008241,0.150200,0.010609,0.002885,0.001926
N20002649,0.094789,0.426615,0.066827,0.212051,0.031118,0.139526,0.009857,0.011581,0.007636
N20002650,0.053830,0.439956,0.091902,0.234782,0.020086,0.134430,0.013404,0.006952,0.004659
N20002651,0.026812,0.498810,0.058303,0.243833,0.010846,0.146494,0.008816,0.003657,0.002428
N20002652,0.028743,0.510922,0.074881,0.229255,0.012495,0.124984,0.011949,0.004090,0.002682
N20002653,0.025051,0.478730,0.083084,0.238541,0.010238,0.146736,0.011925,0.003416,0.002279
N20002654,0.014184,0.520417,0.051532,0.249356,0.006435,0.146922,0.007712,0.002070,0.001371
N20002655,0.199003,0.257623,0.197344,0.131209,0.074019,0.062219,0.036499,0.025538,0.016545
N20002656,0.021415,0.537078,0.026155,0.248965,0.007087,0.151022,0.003873,0.002660,0.001744
N20002657,0.030179,0.527090,0.020571,0.260699,0.009273,0.143087,0.003117,0.003622,0.002362
N20002658,0.101282,0.357800,0.171076,0.178322,0.037832,0.105938,0.026058,0.013036,0.008654
N20002659,0.024540,0.499502,0.102672,0.219795,0.009843,0.122720,0.015384,0.003343,0.002201
N20002660,0.014911,0.505701,0.068711,0.231312,0.007140,0.158579,0.009924,0.002238,0.001483
N20002661,0.034506,0.502259,0.053986,0.247736,0.011789,0.134402,0.008145,0.004325,0.002852
N20002662,0.034293,0.510111,0.032552,0.232283,0.010787,0.168442,0.004696,0.004107,0.002729
N20002663,0.059132,0.417362,0.144624,0.186476,0.022811,0.136036,0.020590,0.007781,0.005188
N20002664,0.080910,0.420440,0.104238,0.209514,0.031023,0.119725,0.016505,0.010609,0.007036
N20002665,0.024395,0.600130,0.024284,0.202973,0.007191,0.132158,0.004079,0.002935,0.001856
N20002666,0.035061,0.586742,0.057010,0.174465,0.011222,0.118280,0.010154,0.004335,0.002731
N20002667,0.050425,0.522111,0.040576,0.210906,0.014245,0.145793,0.006450,0.005756,0.003736
N20002668,0.044256,0.451545,0.106014,0.225842,0.015365,0.132225,0.015564,0.005499,0.003689
N20002669,0.038047,0.545350,0.093934,0.169806,0.013838,0.115103,0.015719,0.004994,0.003209
N20002670,0.028355,0.529291,0.045779,0.215316,0.009986,0.158429,0.006820,0.003639,0.002383
N20002671,0.031013,0.522123,0.140293,0.163920,0.010833,0.102157,0.023087,0.004007,0.002566
N20002672,0.030598,0.499731,0.095375,0.195579,0.011235,0.146993,0.013890,0.003973,0.002626
N20002673,0.032302,0.564096,0.062836,0.197901,0.011052,0.114818,0.010183,0.004149,0.002664
N20002674,0.056027,0.438354,0.099030,0.225381,0.021814,0.132323,0.014696,0.007427,0.004946
N20002675,0.019054,0.498364,0.065153,0.242216,0.007072,0.154915,0.009063,0.002497,0.001666
N20002676,0.033182,0.444600,0.150284,0.194792,0.014907,0.132693,0.021629,0.004745,0.003168
N20002677,0.023363,0.501485,0.085192,0.204623,0.009953,0.158024,0.011896,0.003280,0.002185
N20002678,0.041466,0.437696,0.143141,0.201616,0.020978,0.123043,0.021598,0.006266,0.004197
N20002679,0.034856,0.494028,0.066568,0.225680,0.016473,0.144016,0.009832,0.005125,0.003422
N20002680,0.030169,0.561812,0.024120,0.231568,0.009417,0.133020,0.003840,0.003679,0.002375
N20002681,0.026410,0.508108,0.083829,0.229937,0.010482,0.122520,0.012771,0.003577,0.002368
N20002682,0.021480,0.540868,0.055954,0.230846,0.008124,0.129385,0.008617,0.002850,0.001876
N20002683,0.022804,0.507813,0.103599,0.213139,0.009847,0.121520,0.015921,0.003222,0.002135
N20002684,0.029134,0.488707,0.072621,0.237083,0.011420,0.143855,0.010678,0.003899,0.002604
N20002685,0.325502,0.211132,0.116476,0.129851,0.084235,0.055389,0.019832,0.034920,0.022662
N20002686,0.541347,0.064897,0.095427,0.040273,0.131997,0.016177,0.017256,0.056596,0.036032
N20002687,0.625240,0.029759,0.031684,0.019028,0.168599,0.007562,0.006375,0.068461,0.043292
N20002688,0.633067,0.030969,0.025067,0.019455,0.166343,0.008125,0.004952,0.068681,0.043340
N20002689,0.134306,0.260641,0.285019,0.124909,0.055361,0.059264,0.050151,0.018458,0.011891
N20002690,0.323880,0.236019,0.088881,0.140733,0.074317,0.068631,0.013750,0.032484,0.021306
N20002691,0.298615,0.201954,0.136381,0.113459,0.111287,0.050867,0.024216,0.038154,0.025067
N20002692,0.072715,0.266501,0.338821,0.146813,0.036741,0.061779,0.058472,0.010906,0.007251
N20002693,0.045902,0.232691,0.428601,0.125405,0.031604,0.049270,0.073118,0.008014,0.005396
N20002694,0.112753,0.374968,0.132145,0.207315,0.033870,0.096606,0.020673,0.013029,0.008641
N20002695,0.048167,0.305666,0.321254,0.165032,0.025042,0.069875,0.052723,0.007346,0.004896
N20002696,0.107168,0.287624,0.264780,0.153916,0.050167,0.067358,0.043244,0.015498,0.010244
N20002697,0.081683,0.307161,0.260397,0.172433,0.040515,0.073868,0.043688,0.012180,0.008074
N20002698,0.279432,0.242039,0.134745,0.113063,0.095588,0.053620,0.024470,0.034781,0.022261
N20002699,0.077515,0.363703,0.199132,0.188677,0.032110,0.089457,0.031892,0.010523,0.006992
N20002700,0.044260,0.312342,0.336928,0.146891,0.019773,0.080428,0.048875,0.006301,0.004201
N20002701,0.229190,0.286786,0.106374,0.141297,0.098245,0.066245,0.019049,0.032091,0.020724
N20002702,0.055190,0.487780,0.088410,0.216624,0.017676,0.108922,0.014287,0.006738,0.004374
N20002703,0.062102,0.406451,0.187468,0.186786,0.022783,0.092172,0.028913,0.008042,0.005284
N20002704,0.051278,0.511357,0.049113,0.235916,0.014537,0.120338,0.007767,0.005879,0.003816
N20002705,0.076481,0.390114,0.174238,0.186890,0.034610,0.090057,0.029508,0.010903,0.007200
N20002706,0.080639,0.424162,0.106018,0.219462,0.028558,0.107518,0.016666,0.010238,0.006739
N20002707,0.089956,0.449865,0.067234,0.224979,0.026016,0.114889,0.010141,0.010156,0.006765
N20002708,0.048591,0.513694,0.071187,0.215248,0.014313,0.116249,0.011334,0.005698,0.003686
N20002709,0.033054,0.554859,0.030958,0.232369,0.010390,0.126657,0.005061,0.004049,0.002603
N20002710,0.053940,0.508074,0.071975,0.218641,0.016925,0.107772,0.011891,0.006557,0.004224
N20002711,0.062161,0.457592,0.123131,0.206936,0.019142,0.099462,0.019287,0.007453,0.004837
N20002712,0.075198,0.459125,0.103515,0.207335,0.024204,0.098646,0.016881,0.009146,0.005951
N20002713,0.057349,0.365391,0.219169,0.197977,0.026167,0.085605,0.034682,0.008199,0.005461
N20002714,0.056599,0.490788,0.095484,0.202894,0.020929,0.104939,0.016105,0.007461,0.004802
N20002715,0.138748,0.344490,0.145514,0.182718,0.050429,0.085433,0.023327,0.017655,0.011687
N20002716,0.078307,0.349902,0.229338,0.175552,0.034402,0.075528,0.038765,0.010962,0.007245
N20002717,0.193258,0.331232,0.120732,0.149445,0.069709,0.073119,0.021747,0.024831,0.015927
N20002718,0.147959,0.327579,0.180035,0.160550,0.050367,0.072325,0.030970,0.018294,0.011921
N20002719,0.069071,0.509708,0.054661,0.210020,0.020039,0.114256,0.009002,0.008062,0.005180
N20002720,0.218880,0.219951,0.225552,0.116905,0.081375,0.051929,0.038785,0.028226,0.018396
N20002721,0.242495,0.312481,0.077978,0.159207,0.071647,0.075789,0.013981,0.028331,0.018090
N20002722,0.056199,0.428122,0.141254,0.211893,0.025610,0.100599,0.022926,0.008077,0.005320
N20002723,0.063221,0.446320,0.161689,0.180324,0.021923,0.085556,0.027847,0.007958,0.005162
N20002724,0.120420,0.310912,0.237853,0.143951,0.049760,0.067953,0.042044,0.016429,0.010679
N20002725,0.044988,0.403243,0.207842,0.186645,0.018417,0.095716,0.032979,0.006142,0.004029
N20002726,0.079625,0.352467,0.193001,0.198705,0.040761,0.083390,0.031995,0.012059,0.007999
N20002727,0.177906,0.325646,0.145556,0.144647,0.067438,0.073397,0.027365,0.023128,0.014915
N20002728,0.062840,0.226297,0.413128,0.125617,0.038040,0.047028,0.069893,0.010310,0.006849
N20002729,0.097757,0.438903,0.096831,0.195163,0.029638,0.107080,0.015475,0.011690,0.007462
N20002730,0.047455,0.418862,0.155506,0.223946,0.018475,0.101247,0.024091,0.006246,0.004172
N20002731,0.062971,0.322016,0.293703,0.157281,0.030373,0.070125,0.048190,0.009219,0.006122
N20002732,0.079222,0.425967,0.114869,0.210029,0.029710,0.104252,0.018851,0.010326,0.006773
N20002733,0.119515,0.251857,0.295815,0.132496,0.060304,0.060431,0.050036,0.017702,0.011845
N20002734,0.057011,0.467942,0.121658,0.198925,0.018095,0.105513,0.019555,0.006855,0.004446
N20002735,0.066857,0.391429,0.202042,0.176754,0.026973,0.087293,0.033708,0.009038,0.005905
N20002736,0.037371,0.413130,0.185454,0.206585,0.016258,0.104443,0.028025,0.005240,0.003494
N20002737,0.104418,0.346977,0.189628,0.168435,0.050103,0.081688,0.033435,0.015264,0.010053
N20002738,0.064771,0.376474,0.215901,0.179745,0.030827,0.079881,0.036650,0.009501,0.006250
N20002739,0.044992,0.433151,0.147998,0.218759,0.022088,0.097250,0.024628,0.006688,0.004444
N20002740,0.039019,0.490463,0.075105,0.245429,0.014687,0.115053,0.011749,0.005120,0.003375
N20002741,0.023479,0.509137,0.076800,0.244808,0.008895,0.120195,0.011523,0.003109,0.002054
N20002742,0.033600,0.487409,0.074553,0.240379,0.013178,0.132102,0.011298,0.004493,0.002987
N20002743,0.022977,0.380801,0.260967,0.192450,0.011608,0.085797,0.039626,0.003448,0.002326
N20002744,0.027423,0.494318,0.079584,0.239836,0.011584,0.128546,0.012368,0.003809,0.002531
N20002745,0.033784,0.455454,0.131509,0.230689,0.014931,0.104916,0.020785,0.004752,0.003180
N20002746,0.017100,0.503968,0.070678,0.248163,0.007059,0.138955,0.010157,0.002346,0.001573
N20002747,0.026633,0.512891,0.043099,0.260738,0.010012,0.134265,0.006544,0.003495,0.002324
N20002748,0.050609,0.353728,0.273103,0.168358,0.022813,0.075245,0.044293,0.007096,0.004755
N20002749,0.027848,0.341850,0.318531,0.160531,0.015739,0.078554,0.049533,0.004440,0.002975
N20002750,0.022491,0.476637,0.111289,0.235493,0.008994,0.123858,0.016185,0.003028,0.002026
N20002751,0.029144,0.354635,0.288431,0.180244,0.016596,0.078302,0.044896,0.004631,0.003121
N20002752,0.023090,0.485651,0.115069,0.223748,0.009838,0.120031,0.017185,0.003241,0.002149
N20002753,0.025694,0.449171,0.157471,0.213801,0.012067,0.111339,0.024187,0.003765,0.002506
N20002754,0.031747,0.187945,0.546098,0.079685,0.018465,0.034813,0.092799,0.005064,0.003385
N20002755,0.019366,0.264617,0.433143,0.140182,0.013292,0.054888,0.068850,0.003382,0.002279
N20002756,0.073198,0.433297,0.152498,0.187172,0.028504,0.083013,0.026251,0.009737,0.006330
N20002757,0.063611,0.331097,0.273207,0.166015,0.034024,0.068504,0.047219,0.009819,0.006505
N20002758,0.025371,0.269912,0.429830,0.128402,0.014782,0.056340,0.068536,0.004082,0.002745
N20002759,0.044865,0.415693,0.207975,0.188821,0.018591,0.078156,0.035717,0.006163,0.004018
N20002760,0.054879,0.239199,0.438894,0.100465,0.028414,0.045014,0.079319,0.008333,0.005484
N20002761,0.028012,0.174803,0.547571,0.086114,0.020522,0.033062,0.101559,0.005012,0.003345
N20002762,0.030476,0.099341,0.647105,0.050067,0.026500,0.018251,0.118348,0.005931,0.003980
N20002763,0.021171,0.438985,0.188089,0.205288,0.012176,0.098850,0.029699,0.003443,0.002299
N20002764,0.016078,0.379698,0.291899,0.178416,0.008431,0.076554,0.044780,0.002483,0.001661
N20002765,0.023621,0.455881,0.167017,0.212345,0.011041,0.098542,0.025800,0.003453,0.002299
N20002766,0.008173,0.308730,0.421858,0.127644,0.006026,0.056984,0.068072,0.001508,0.001005
N20002767,0.028976,0.400494,0.235327,0.187212,0.013595,0.091067,0.036301,0.004219,0.002810
N20002768,0.012725,0.429333,0.214288,0.203851,0.006390,0.098662,0.031537,0.001926,0.001288
N20002769,0.012104,0.292418,0.429098,0.129989,0.007426,0.058673,0.066920,0.002017,0.001355
N20002770,0.022895,0.429106,0.200713,0.197384,0.012505,0.099908,0.031455,0.003625,0.002409
N20002771,0.024437,0.344346,0.325438,0.158537,0.014007,0.073148,0.053540,0.003927,0.002620
N20002772,0.017805,0.541564,0.132935,0.179834,0.006591,0.095431,0.021932,0.002381,0.001527
N20002773,0.018062,0.518897,0.100451,0.228993,0.007498,0.106225,0.015712,0.002507,0.001655
N20002774,0.023712,0.285140,0.414662,0.129313,0.014613,0.058742,0.067244,0.003936,0.002639
N20002775,0.018664,0.437475,0.188663,0.210174,0.010280,0.101283,0.028520,0.002964,0.001977
N20002776,0.018021,0.508089,0.146942,0.194632,0.008005,0.096947,0.023065,0.002594,0.001704
N20002777,0.013685,0.458517,0.173755,0.216632,0.006641,0.100559,0.026802,0.002049,0.001360
N20002778,0.033209,0.450468,0.155666,0.206895,0.014465,0.107008,0.024506,0.004687,0.003096
N20002779,0.037273,0.459795,0.147929,0.206501,0.015244,0.100562,0.024232,0.005113,0.003351
N20002780,0.023982,0.503004,0.143927,0.196167,0.009999,0.093788,0.023591,0.003359,0.002183
N20002781,0.027635,0.559179,0.083235,0.193995,0.009949,0.106233,0.013819,0.003626,0.002328
N20002782,0.028812,0.487660,0.114623,0.223913,0.012668,0.107507,0.017996,0.004109,0.002710
N20002783,0.019053,0.427079,0.204541,0.204216,0.009858,0.099242,0.031145,0.002917,0.001949
N20002784,0.038937,0.443387,0.170122,0.199294,0.019096,0.090288,0.029253,0.005804,0.003818
N20002785,0.022693,0.503420,0.103196,0.220912,0.010051,0.118264,0.016082,0.003246,0.002136
N20002786,0.015141,0.428432,0.219388,0.201178,0.007885,0.090301,0.033765,0.002352,0.001559
N20002787,0.036636,0.411877,0.226040,0.180178,0.017178,0.081322,0.037894,0.005361,0.003513
N20002788,0.023427,0.484495,0.119634,0.223255,0.008731,0.117639,0.017725,0.003064,0.002030
N20002789,0.037016,0.407737,0.201090,0.206206,0.018141,0.086881,0.033788,0.005504,0.003636
N20002790,0.039363,0.316440,0.349174,0.137891,0.022778,0.060326,0.063477,0.006363,0.004187
N20002791,0.026605,0.455316,0.170933,0.208160,0.010784,0.094752,0.027454,0.003615,0.002381
N20002792,0.035600,0.490636,0.113630,0.212507,0.012446,0.109888,0.017827,0.004527,0.002939
N20002793,0.032782,0.511365,0.074362,0.234053,0.012115,0.116322,0.011920,0.004290,0.002790
N20002794,0.046838,0.431962,0.184330,0.189217,0.020723,0.084210,0.031709,0.006662,0.004350
N20002795,0.029903,0.396680,0.258030,0.172273,0.013965,0.080213,0.041656,0.004404,0.002875
N20002796,0.076063,0.407595,0.199720,0.159065,0.029464,0.075002,0.036510,0.010080,0.006502
N20002797,0.058153,0.405736,0.220291,0.162218,0.025280,0.074200,0.040623,0.008194,0.005304
N20002798,0.082292,0.255507,0.379181,0.100344,0.042019,0.044271,0.076023,0.012364,0.008000
N20002799,0.079434,0.392677,0.175428,0.185070,0.033019,0.086089,0.030244,0.010915,0.007123
N20002800,0.035763,0.395665,0.243952,0.175947,0.017497,0.081469,0.040834,0.005367,0.003507
N20002801,0.030323,0.501026,0.091185,0.221048,0.014621,0.118747,0.015558,0.004545,0.002947
N20002802,0.013566,0.504141,0.095194,0.229723,0.005390,0.135705,0.013218,0.001837,0.001228
N20002803,0.027496,0.438808,0.165492,0.222545,0.012844,0.099397,0.026753,0.004004,0.002659
N20002804,0.014311,0.443795,0.176435,0.223727,0.007111,0.104394,0.026620,0.002162,0.001444
N20002805,0.017510,0.487159,0.122646,0.233311,0.007160,0.109839,0.018392,0.002395,0.001589
N20002806,0.026957,0.410220,0.229774,0.187578,0.015320,0.085267,0.037619,0.004376,0.002889
N20002807,0.013760,0.530729,0.049558,0.266206,0.004840,0.124645,0.007346,0.001757,0.001158
N20002808,0.017714,0.497037,0.095222,0.241900,0.008072,0.121143,0.014623,0.002585,0.001704
N20002809,0.019942,0.479574,0.119862,0.229866,0.008924,0.119168,0.017915,0.002849,0.001899
N20002810,0.020971,0.466609,0.152973,0.219827,0.008967,0.101881,0.023903,0.002927,0.001942
N20002811,0.021242,0.554382,0.081684,0.211256,0.007166,0.107129,0.012722,0.002678,0.001742
N20002812,0.022604,0.451644,0.206349,0.176067,0.011001,0.093118,0.033623,0.003370,0.002224
N20002813,0.025741,0.544855,0.103923,0.195844,0.009174,0.097638,0.017322,0.003345,0.002158
N20002814,0.022880,0.470152,0.140007,0.231895,0.009736,0.098214,0.021831,0.003182,0.002103
N20002815,0.024548,0.547379,0.098666,0.200553,0.008589,0.098493,0.016580,0.003153,0.002039
N20002816,0.029618,0.482998,0.165799,0.190788,0.010677,0.086681,0.027141,0.003802,0.002496
N20002817,0.029080,0.508659,0.125165,0.205383,0.011445,0.092593,0.021176,0.003941,0.002558
N20002818,0.032725,0.548532,0.077129,0.210663,0.010681,0.100516,0.013083,0.004065,0.002606
N20002819,0.027331,0.545858,0.072235,0.219173,0.009884,0.107630,0.012004,0.003580,0.002306
N20002820,0.025623,0.506058,0.096990,0.229009,0.010560,0.109987,0.015873,0.003569,0.002330
N20002821,0.029889,0.526308,0.116019,0.194463,0.011130,0.096225,0.019450,0.003957,0.002558
N20002822,0.021374,0.468188,0.188901,0.183342,0.008414,0.094496,0.030544,0.002858,0.001883
N20002823,0.016283,0.277285,0.441420,0.121638,0.010973,0.054860,0.072781,0.002853,0.001907
N20002824,0.052043,0.379945,0.235802,0.170642,0.027738,0.076716,0.043737,0.008075,0.005302
N20002825,0.022385,0.225660,0.486560,0.116806,0.014866,0.048698,0.078599,0.003833,0.002594
N20002826,0.009892,0.167851,0.595467,0.083124,0.008014,0.033842,0.098671,0.001870,0.001270
N20002827,0.012675,0.106121,0.686228,0.049616,0.010271,0.021263,0.109817,0.002388,0.001621
N20002828,0.011493,0.107227,0.689337,0.046444,0.008524,0.017702,0.115810,0.002067,0.001396
N20002829,0.021929,0.462547,0.212912,0.172460,0.009628,0.080542,0.034822,0.003124,0.002036
N20002830,0.032050,0.235342,0.469886,0.108204,0.019445,0.045288,0.081022,0.005266,0.003497
N20002831,0.032877,0.472295,0.167922,0.193955,0.013332,0.082574,0.029658,0.004486,0.002902
N20002832,0.012608,0.146067,0.627531,0.069134,0.010100,0.029658,0.100906,0.002386,0.001610
N20002833,0.029179,0.487177,0.163471,0.188352,0.011100,0.086827,0.027505,0.003880,0.002510
N20002834,0.014919,0.553859,0.092242,0.212359,0.006191,0.101956,0.015017,0.002101,0.001356
N20002835,0.036776,0.329608,0.348221,0.135424,0.018420,0.062719,0.059686,0.005524,0.003623
N20002836,0.030411,0.200414,0.508918,0.097910,0.020931,0.039790,0.092720,0.005353,0.003552
N20002837,0.525355,0.125773,0.035922,0.068430,0.112687,0.040422,0.006115,0.052162,0.033134
N20002838,0.483263,0.137108,0.040701,0.079541,0.122768,0.044655,0.007257,0.051518,0.033189
N20002839,0.588560,0.084661,0.018448,0.051423,0.130231,0.026459,0.003371,0.059317,0.037531
N20002840,0.298205,0.287599,0.024898,0.167029,0.070217,0.097033,0.004117,0.030910,0.019992
N20002841,0.730031,0.018247,0.004263,0.012451,0.123522,0.005767,0.000839,0.064789,0.040091
N20002842,0.725082,0.017974,0.007121,0.012187,0.126067,0.005599,0.001383,0.064344,0.040243
N20002843,0.491634,0.158252,0.019782,0.095428,0.106349,0.044835,0.003537,0.049147,0.031035
N20002844,0.315195,0.274576,0.046805,0.136565,0.078759,0.085412,0.007535,0.033474,0.021678
N20002845,0.656231,0.033983,0.012709,0.021929,0.151751,0.010050,0.002640,0.068318,0.042389
N20002846,0.060261,0.490639,0.010342,0.249818,0.015205,0.161416,0.001548,0.006521,0.004249
N20002847,0.730423,0.018535,0.005242,0.012812,0.121894,0.005720,0.001039,0.064535,0.039800
N20002848,0.653899,0.043573,0.015099,0.028950,0.138190,0.013805,0.002868,0.063254,0.040362
N20002849,0.587227,0.060546,0.035739,0.037103,0.151562,0.016266,0.007013,0.064336,0.040207
N20002850,0.668325,0.038550,0.013648,0.022885,0.137988,0.010212,0.002834,0.065296,0.040262
N20002851,0.619077,0.040601,0.025798,0.026542,0.161847,0.011150,0.005156,0.067376,0.042453
N20002852,0.669545,0.026029,0.012735,0.016269,0.153691,0.007162,0.002762,0.069160,0.042647
N20002853,0.113090,0.433174,0.016875,0.225834,0.027180,0.161659,0.002501,0.011901,0.007785
N20002854,0.688301,0.030948,0.015172,0.018736,0.131243,0.008025,0.003026,0.064726,0.039823
N20002855,0.368558,0.264728,0.017043,0.137459,0.080762,0.067405,0.003228,0.037500,0.023319
N20002856,0.663968,0.033772,0.016345,0.022122,0.143587,0.009682,0.003293,0.065988,0.041242
N20002857,0.204701,0.361602,0.045306,0.193495,0.054794,0.095356,0.007747,0.022456,0.014542
N20002858,0.652449,0.054237,0.024837,0.030246,0.121645,0.014006,0.004890,0.060356,0.037335
N20002859,0.715918,0.016087,0.006109,0.011365,0.136375,0.004969,0.001231,0.066353,0.041594
N20002860,0.664327,0.026800,0.012905,0.017314,0.156136,0.007642,0.002615,0.069119,0.043141
N20002861,0.656600,0.023141,0.025987,0.015442,0.156477,0.006565,0.005090,0.067879,0.042819
N20002862,0.703551,0.019644,0.006869,0.012985,0.140580,0.005880,0.001437,0.067248,0.041806
N20002863,0.689624,0.020991,0.011598,0.014384,0.145522,0.006229,0.002245,0.067102,0.042305
N20002864,0.731868,0.020016,0.006865,0.014053,0.117716,0.006338,0.001314,0.062710,0.039119
N20002865,0.688184,0.029011,0.008874,0.019303,0.137295,0.008567,0.001732,0.065914,0.041121
N20002866,0.673608,0.028572,0.013875,0.020205,0.144110,0.008555,0.002663,0.066529,0.041882
N20002867,0.037765,0.505183,0.021300,0.233395,0.011186,0.180889,0.002989,0.004403,0.002891
N20002868,0.579428,0.071640,0.028159,0.045773,0.147195,0.020912,0.005298,0.062086,0.039510
N20002869,0.703243,0.030140,0.011149,0.019304,0.123195,0.008454,0.002139,0.063210,0.039166
N20002870,0.660840,0.036478,0.017021,0.023974,0.141735,0.010159,0.003318,0.065483,0.040994
N20002871,0.428018,0.169502,0.042979,0.100369,0.121564,0.050205,0.007619,0.048480,0.031264
N20002872,0.089661,0.460405,0.022351,0.239671,0.023228,0.145079,0.003405,0.009836,0.006364
N20002873,0.693814,0.024119,0.008560,0.015785,0.140159,0.006938,0.001790,0.067322,0.041513
N20002874,0.661023,0.027984,0.019899,0.018777,0.150731,0.007871,0.003973,0.067463,0.042279
N20002875,0.678247,0.029290,0.020259,0.017734,0.137519,0.007681,0.004018,0.064859,0.040392
N20002876,0.156782,0.398890,0.046855,0.188989,0.042804,0.130156,0.006922,0.017231,0.011372
N20002877,0.441466,0.159201,0.043940,0.096788,0.122694,0.046828,0.007942,0.049326,0.031814
N20002878,0.699528,0.021659,0.012226,0.013267,0.137674,0.005831,0.002416,0.066314,0.041084
N20002879,0.276108,0.268295,0.081970,0.143156,0.085968,0.076839,0.013893,0.032585,0.021186
N20002880,0.401499,0.180829,0.072167,0.094568,0.114194,0.048986,0.013080,0.045535,0.029142
N20002881,0.159925,0.381862,0.065996,0.199862,0.047544,0.103527,0.010733,0.018486,0.012064
N20002882,0.620744,0.042320,0.030523,0.028601,0.153308,0.012385,0.005750,0.064848,0.041521
N20002883,0.266517,0.263533,0.103021,0.142396,0.085958,0.067797,0.018073,0.031975,0.020729
N20002884,0.412984,0.174267,0.074717,0.096792,0.107555,0.048002,0.012750,0.044210,0.028723
N20002885,0.697445,0.020804,0.008424,0.013377,0.142757,0.006007,0.001748,0.067532,0.041907
N20002886,0.259398,0.306577,0.057664,0.155807,0.067846,0.096770,0.009358,0.028350,0.018230
N20002887,0.641265,0.025568,0.033722,0.017554,0.158382,0.007020,0.006537,0.067262,0.042690
N20002888,0.674691,0.033735,0.032355,0.024917,0.120600,0.010055,0.005579,0.059714,0.038353
N20002889,0.226471,0.342817,0.033652,0.177658,0.062358,0.109943,0.005349,0.025279,0.016473
N20002890,0.708942,0.033187,0.008702,0.021946,0.115509,0.010688,0.001578,0.061114,0.038334
N20002891,0.325482,0.259868,0.055910,0.133661,0.080957,0.078163,0.009469,0.034298,0.022190
N20002892,0.661253,0.043111,0.012584,0.024856,0.137524,0.013339,0.002456,0.064485,0.040394
N20002893,0.575662,0.088442,0.040979,0.055148,0.116554,0.026125,0.007139,0.054884,0.035066
N20002894,0.568763,0.054333,0.042061,0.033146,0.170478,0.015264,0.008391,0.065640,0.041925
N20002895,0.529517,0.096251,0.053125,0.045148,0.144955,0.023951,0.011134,0.059053,0.036866
N20002896,0.338533,0.104574,0.215319,0.054663,0.144140,0.026807,0.039587,0.046240,0.030139
N20002897,0.508990,0.143141,0.029895,0.067147,0.124180,0.033459,0.006397,0.053546,0.033245
N20002898,0.406545,0.147772,0.108269,0.073455,0.127737,0.036478,0.021026,0.048078,0.030640
N20002899,0.333437,0.290350,0.045742,0.123883,0.071747,0.072727,0.008364,0.032971,0.020779
N20002900,0.496870,0.051988,0.079405,0.032034,0.200860,0.013568,0.017268,0.065545,0.042462
N20002901,0.467791,0.157156,0.048236,0.065369,0.132368,0.032740,0.011438,0.052514,0.032388
N20002902,0.380133,0.191755,0.107036,0.082578,0.103665,0.047003,0.019510,0.041715,0.026604
N20002903,0.485403,0.098911,0.067744,0.053648,0.158921,0.025833,0.013778,0.058466,0.037295
N20002904,0.482432,0.170636,0.047882,0.069681,0.102567,0.041015,0.009667,0.046804,0.029315
N20002905,0.348044,0.220534,0.102788,0.098327,0.092799,0.056997,0.018724,0.037609,0.024178
N20002906,0.637211,0.042857,0.024644,0.022434,0.150331,0.010451,0.005244,0.065999,0.040828
N20002907,0.140501,0.469598,0.038293,0.168235,0.030273,0.123987,0.006229,0.013984,0.008899
N20002908,0.434050,0.175599,0.070540,0.082724,0.104348,0.046375,0.012680,0.044985,0.028701
N20002909,0.371417,0.191922,0.103210,0.092871,0.103629,0.050159,0.018724,0.041517,0.026549
N20002910,0.370191,0.121944,0.150888,0.067436,0.147671,0.032188,0.028724,0.049081,0.031875
N20002911,0.524974,0.109206,0.034728,0.062471,0.136200,0.033254,0.006336,0.056487,0.036345
N20002912,0.361140,0.193241,0.092235,0.097952,0.116184,0.052221,0.016227,0.042968,0.027832
N20002913,0.063451,0.504088,0.024145,0.213616,0.016628,0.163012,0.003550,0.006953,0.004557
N20002914,0.206048,0.355651,0.065099,0.153539,0.056717,0.114902,0.010202,0.022892,0.014951
N20002915,0.190663,0.375136,0.046042,0.176005,0.055277,0.113640,0.007257,0.021741,0.014238
N20002916,0.663514,0.033426,0.018681,0.020632,0.144101,0.009785,0.003587,0.065008,0.041265
N20002917,0.492221,0.138282,0.044984,0.078620,0.114137,0.041721,0.007707,0.050020,0.032308
N20002918,0.544341,0.101797,0.032728,0.063084,0.129701,0.029799,0.005965,0.056464,0.036122
N20002919,0.399194,0.209127,0.032029,0.125515,0.098491,0.060048,0.005650,0.042726,0.027220
N20002920,0.194455,0.369933,0.036764,0.200726,0.046239,0.112966,0.005751,0.020036,0.013131
N20002921,0.132722,0.391779,0.078187,0.216524,0.042235,0.099704,0.012713,0.015795,0.010340
N20002922,0.253524,0.301502,0.073691,0.168193,0.069729,0.074251,0.012499,0.028386,0.018225
N20002923,0.322832,0.247399,0.074168,0.130142,0.091245,0.061224,0.013448,0.036317,0.023225
N20002924,0.211452,0.348890,0.066506,0.179847,0.058911,0.083648,0.011695,0.023819,0.015232
N20002925,0.492825,0.172599,0.014226,0.094485,0.094214,0.053881,0.002501,0.045962,0.029308
N20002926,0.077646,0.487905,0.024079,0.227569,0.020140,0.144966,0.003643,0.008517,0.005535
N20002927,0.673253,0.037591,0.015313,0.025612,0.131705,0.011424,0.002878,0.062363,0.039859
N20002928,0.208624,0.329932,0.070381,0.183329,0.060758,0.096083,0.011391,0.023876,0.015627
N20002929,0.719496,0.012623,0.008183,0.008875,0.137752,0.003882,0.001594,0.065879,0.041716
N20002930,0.643264,0.056758,0.019620,0.037325,0.123942,0.017602,0.003494,0.059896,0.038100
N20002931,0.094572,0.459301,0.024054,0.244153,0.026914,0.129236,0.003907,0.010836,0.007029
N20002932,0.086794,0.439719,0.094168,0.203143,0.031865,0.110122,0.015653,0.011233,0.007304
N20002933,0.613244,0.057356,0.026057,0.037487,0.141820,0.016142,0.004938,0.063164,0.039793
N20002934,0.043877,0.519748,0.042472,0.233032,0.013758,0.131803,0.006577,0.005296,0.003438
N20002935,0.020815,0.552984,0.022096,0.253712,0.006167,0.136909,0.003238,0.002478,0.001601
N20002936,0.705642,0.016384,0.008188,0.011052,0.142186,0.004796,0.001686,0.067913,0.042154
N20002937,0.144242,0.395696,0.083983,0.190231,0.047890,0.093826,0.014941,0.017783,0.011408
N20002938,0.027742,0.566208,0.026078,0.245425,0.008151,0.116798,0.004230,0.003274,0.002094
N20002939,0.037139,0.515012,0.043327,0.257682,0.010683,0.122602,0.006526,0.004242,0.002788
N20002940,0.167447,0.444716,0.068229,0.148125,0.046641,0.079139,0.015276,0.018832,0.011596
N20002941,0.403835,0.199223,0.064591,0.099861,0.101843,0.048524,0.012249,0.042722,0.027153
N20002942,0.223320,0.323426,0.059272,0.190187,0.057240,0.097742,0.009269,0.023920,0.015625
N20002943,0.436971,0.152801,0.079190,0.073492,0.125089,0.036233,0.016109,0.049016,0.031099
N20002944,0.067619,0.479800,0.040913,0.235316,0.021235,0.135433,0.006189,0.008170,0.005325
N20002945,0.574742,0.035507,0.066418,0.017746,0.175132,0.007406,0.014312,0.067086,0.041650
N20002946,0.499405,0.124297,0.089409,0.052491,0.109615,0.026199,0.018670,0.049351,0.030563
N20002947,0.260607,0.286910,0.143613,0.101946,0.073161,0.055926,0.030780,0.028978,0.018081
N20002948,0.684564,0.023222,0.014541,0.015824,0.143930,0.006670,0.002844,0.066522,0.041883
N20002949,0.510915,0.118949,0.056270,0.061471,0.124941,0.029299,0.011023,0.053438,0.033694
N20002950,0.436529,0.217238,0.044385,0.072731,0.105792,0.039244,0.011318,0.045346,0.027416
N20002951,0.238649,0.294381,0.091552,0.172925,0.059283,0.087974,0.013810,0.025000,0.016427
N20002952,0.047602,0.509823,0.042829,0.235288,0.013650,0.135400,0.006319,0.005519,0.003571
N20002953,0.490138,0.104265,0.059116,0.058860,0.154316,0.026116,0.011856,0.058255,0.037078
N20002954,0.514034,0.126355,0.043425,0.069178,0.120631,0.031750,0.008385,0.052936,0.033305
N20002955,0.564553,0.050753,0.047697,0.030348,0.176066,0.012309,0.009934,0.066284,0.042057
N20002956,0.668939,0.028041,0.018472,0.016058,0.148707,0.006925,0.003937,0.067386,0.041534
N20002957,0.558410,0.073027,0.073419,0.035793,0.134346,0.016304,0.015384,0.057365,0.035954
N20002958,0.525943,0.100811,0.088988,0.054232,0.107956,0.024199,0.015983,0.050116,0.031772
N20002959,0.558705,0.094888,0.032222,0.056718,0.129123,0.028305,0.005794,0.057778,0.036467
N20002960,0.087286,0.492726,0.052431,0.205862,0.024507,0.112254,0.008597,0.009969,0.006369
N20002961,0.538328,0.066441,0.076581,0.034812,0.154056,0.015391,0.016246,0.060084,0.038060
N20002962,0.480618,0.145008,0.070684,0.066302,0.111162,0.032496,0.014019,0.049073,0.030639
N20002963,0.517127,0.074975,0.077993,0.043183,0.155801,0.018409,0.014878,0.059555,0.038079
N20002964,0.442517,0.178335,0.052525,0.092588,0.106547,0.042765,0.010193,0.045617,0.028913
N20002965,0.507902,0.108941,0.056193,0.059284,0.138799,0.026012,0.011495,0.055957,0.035417
N20002966,0.680838,0.038145,0.012246,0.024956,0.128133,0.011117,0.002292,0.062763,0.039511
N20002967,0.072719,0.466113,0.043779,0.253244,0.022156,0.120853,0.006943,0.008582,0.005612
N20002968,0.045921,0.504243,0.037391,0.245035,0.015368,0.136798,0.005823,0.005703,0.003718
N20002969,0.080792,0.446939,0.085008,0.214742,0.026431,0.116123,0.013702,0.009846,0.006416
N20002970,0.682611,0.021237,0.012356,0.013884,0.151169,0.005821,0.002499,0.067820,0.042603
N20002971,0.472681,0.145497,0.035059,0.088117,0.126073,0.041148,0.006432,0.051779,0.033213
N20002972,0.686726,0.024372,0.013861,0.014527,0.143181,0.006499,0.002935,0.066615,0.041285
N20002973,0.594293,0.074328,0.026062,0.049883,0.132000,0.021546,0.004715,0.059284,0.037889
N20002974,0.466226,0.164545,0.041112,0.106850,0.093713,0.047979,0.006795,0.044314,0.028467
N20002975,0.710177,0.010857,0.011458,0.007980,0.145109,0.003264,0.002277,0.066446,0.042432
N20002976,0.720457,0.014819,0.008340,0.010221,0.133206,0.004363,0.001614,0.065848,0.041131
N20002977,0.687837,0.013570,0.014560,0.009877,0.155268,0.003969,0.002848,0.068556,0.043514
N20002978,0.672615,0.011399,0.014882,0.007903,0.171074,0.003138,0.003049,0.070996,0.044945
N20002979,0.039645,0.519005,0.026982,0.227157,0.011108,0.164931,0.003693,0.004524,0.002955
N20002980,0.687582,0.019062,0.018205,0.013394,0.144741,0.005486,0.003454,0.066048,0.042029
N20002981,0.045960,0.500201,0.028712,0.260323,0.013739,0.137820,0.004373,0.005348,0.003523
N20002982,0.641525,0.036944,0.027367,0.024218,0.147546,0.010514,0.005139,0.065294,0.041454
N20002983,0.593328,0.080320,0.035739,0.048609,0.121524,0.020955,0.006566,0.056955,0.036004
N20002984,0.562795,0.102463,0.036061,0.062476,0.113742,0.028099,0.006360,0.053750,0.034255
N20002985,0.029405,0.516557,0.018968,0.265727,0.008390,0.152715,0.002677,0.003344,0.002217
N20002986,0.482030,0.121538,0.069340,0.078219,0.119145,0.035318,0.011360,0.050343,0.032707
N20002987,0.234910,0.328260,0.035438,0.193880,0.066865,0.090102,0.006177,0.027037,0.017331
N20002988,0.490253,0.140893,0.028716,0.082885,0.123976,0.041319,0.005301,0.053097,0.033559
N20002989,0.654149,0.022130,0.016347,0.015120,0.168394,0.006332,0.003247,0.069823,0.044457
N20002990,0.698528,0.045829,0.005866,0.030314,0.108513,0.013890,0.001117,0.059136,0.036807
N20002991,0.691698,0.022974,0.010368,0.014537,0.143004,0.006388,0.002147,0.067218,0.041664
N20002992,0.468823,0.152813,0.031265,0.098680,0.117465,0.044043,0.005594,0.049457,0.031859
N20002993,0.668997,0.031443,0.016910,0.021334,0.141707,0.009226,0.003233,0.065812,0.041337
N20002994,0.065103,0.496762,0.050947,0.224248,0.018265,0.124637,0.007872,0.007371,0.004796
N20002995,0.658781,0.028879,0.022167,0.016993,0.151912,0.007428,0.004762,0.067359,0.041718
N20002996,0.379151,0.215919,0.033012,0.124121,0.111121,0.058766,0.006154,0.043775,0.027981
N20002997,0.653933,0.031243,0.024432,0.020130,0.148338,0.008521,0.004912,0.066852,0.041638
N20002998,0.674930,0.040863,0.009428,0.026904,0.129964,0.011977,0.001834,0.064322,0.039779
N20002999,0.688803,0.023983,0.009506,0.013530,0.146365,0.006207,0.002172,0.067853,0.041581
N20003000,0.679807,0.011993,0.012875,0.008534,0.165278,0.003447,0.002623,0.070806,0.044637
N20003001,0.693981,0.024701,0.012407,0.013503,0.138543,0.006143,0.002759,0.067276,0.040687
N20003002,0.576126,0.036797,0.045942,0.018139,0.189210,0.007759,0.011591,0.071132,0.043305
N20003003,0.672995,0.032039,0.020520,0.017653,0.139649,0.007846,0.004469,0.064726,0.040103
N20003004,0.163473,0.397405,0.040769,0.214677,0.041997,0.106090,0.006590,0.017580,0.011420
N20003005,0.662233,0.041485,0.022353,0.022214,0.134502,0.009993,0.004796,0.063376,0.039049
N20003006,0.655898,0.048676,0.018449,0.024955,0.134157,0.011888,0.004122,0.063154,0.038701
N20003007,0.592284,0.042785,0.035688,0.026605,0.172970,0.010980,0.007412,0.068400,0.042876
N20003008,0.619217,0.048957,0.043318,0.025575,0.141448,0.011266,0.009147,0.062249,0.038824
N20003009,0.616757,0.047599,0.032259,0.029894,0.149442,0.012569,0.006430,0.064425,0.040625
N20003010,0.679570,0.035167,0.013965,0.018334,0.136068,0.008647,0.003085,0.065433,0.039730
N20003011,0.660282,0.034187,0.014139,0.019356,0.150905,0.008584,0.003090,0.067884,0.041573
N20003012,0.694835,0.018532,0.007389,0.011288,0.150110,0.005060,0.001651,0.068695,0.042440
N20003013,0.656044,0.047822,0.016350,0.027225,0.133864,0.012382,0.003393,0.063736,0.039184
N20003014,0.629310,0.028714,0.040042,0.017254,0.160399,0.007101,0.008341,0.066868,0.041972
N20003015,0.691800,0.016283,0.006046,0.011213,0.154596,0.004751,0.001293,0.070477,0.043540
N20003016,0.691480,0.012289,0.008616,0.008653,0.159443,0.003629,0.001818,0.070019,0.044054
N20003017,0.700964,0.018652,0.007741,0.012569,0.142573,0.005489,0.001591,0.068228,0.042194
N20003018,0.579150,0.088192,0.026573,0.045304,0.135646,0.022151,0.005556,0.060189,0.037239
N20003019,0.435669,0.192367,0.027986,0.111322,0.104055,0.049282,0.005192,0.045351,0.028778
N20003020,0.605765,0.079699,0.028171,0.032108,0.134069,0.016711,0.007152,0.059957,0.036369
N20003021,0.632803,0.062678,0.013910,0.037744,0.131394,0.018200,0.002701,0.061877,0.038692
N20003022,0.610219,0.072966,0.028938,0.033922,0.133239,0.016750,0.006637,0.060314,0.037015
N20003023,0.634787,0.039546,0.022530,0.020182,0.159553,0.009076,0.005265,0.067587,0.041474
N20003024,0.324262,0.202937,0.096568,0.116156,0.120311,0.054018,0.017483,0.041235,0.027030
N20003025,0.572366,0.049088,0.046156,0.027727,0.173523,0.011870,0.010042,0.067332,0.041896
N20003026,0.624924,0.047533,0.033206,0.020412,0.151733,0.009769,0.007979,0.064923,0.039521
N20003027,0.199421,0.419635,0.040663,0.157386,0.047663,0.093806,0.008093,0.020434,0.012901
N20003028,0.590645,0.084720,0.037363,0.035264,0.130671,0.017949,0.008715,0.058909,0.035764
N20003029,0.575794,0.091752,0.044986,0.038968,0.126916,0.018678,0.010590,0.057486,0.034829
N20003030,0.596568,0.064937,0.032415,0.030439,0.150294,0.014388,0.007451,0.064350,0.039159
N20003031,0.510647,0.101870,0.059981,0.051198,0.145623,0.023508,0.012937,0.058073,0.036163
N20003032,0.598941,0.087442,0.032530,0.032350,0.128907,0.017458,0.008470,0.058636,0.035267
N20003033,0.665180,0.050911,0.016026,0.021461,0.130657,0.010684,0.003967,0.063361,0.037753
N20003034,0.463481,0.149515,0.075332,0.063026,0.119629,0.031105,0.017261,0.049993,0.030657
N20003035,0.669313,0.053090,0.012359,0.023430,0.127086,0.011875,0.003026,0.062466,0.037355
N20003036,0.281446,0.301178,0.036568,0.171192,0.074490,0.077899,0.006250,0.031080,0.019897
N20003037,0.521663,0.156077,0.042821,0.047961,0.111026,0.027566,0.011757,0.051056,0.030073
N20003038,0.416999,0.214676,0.072102,0.066257,0.104495,0.035968,0.018794,0.044250,0.026459
N20003039,0.290252,0.315804,0.067291,0.114906,0.081186,0.062418,0.015777,0.032447,0.019919
N20003040,0.175235,0.426333,0.050085,0.172303,0.043131,0.093003,0.009908,0.018464,0.011539
N20003041,0.624895,0.082040,0.020092,0.029640,0.125969,0.015880,0.005291,0.060668,0.035526
N20003042,0.611169,0.066261,0.028095,0.026810,0.145656,0.013484,0.007039,0.063327,0.038159
N20003043,0.257180,0.359890,0.050606,0.146089,0.058139,0.075461,0.010380,0.026135,0.016120
N20003044,0.277690,0.327910,0.056427,0.120786,0.085764,0.065174,0.013365,0.032749,0.020134
N20003045,0.241804,0.389557,0.034203,0.146051,0.059957,0.079548,0.007683,0.025495,0.015702
N20003046,0.304810,0.332304,0.035416,0.129372,0.072886,0.066175,0.008177,0.031526,0.019333
N20003047,0.336873,0.288853,0.053647,0.108969,0.084344,0.057368,0.012444,0.035624,0.021879
N20003048,0.025813,0.560503,0.031906,0.234820,0.008224,0.128362,0.005215,0.003131,0.002026
N20003049,0.172558,0.420757,0.059023,0.168905,0.042805,0.094866,0.011501,0.018155,0.011429
N20003050,0.374205,0.203134,0.066597,0.101382,0.119067,0.049462,0.013626,0.044272,0.028255
N20003051,0.198109,0.431040,0.040999,0.151614,0.044463,0.092983,0.008642,0.019859,0.012291
N20003052,0.029887,0.538644,0.018960,0.262697,0.009834,0.130784,0.003079,0.003715,0.002399
N20003053,0.013176,0.555234,0.017863,0.259316,0.003601,0.145905,0.002447,0.001483,0.000973
N20003054,0.158823,0.396485,0.090799,0.170428,0.044855,0.093340,0.015832,0.017952,0.011486
N20003055,0.090641,0.425605,0.099341,0.209634,0.031562,0.108524,0.015849,0.011390,0.007454
N20003056,0.218066,0.325638,0.075742,0.164566,0.073684,0.085267,0.012910,0.026692,0.017436
N20003057,0.234120,0.315414,0.079635,0.155984,0.061200,0.098841,0.012868,0.025449,0.016490
N20003058,0.553784,0.085549,0.039881,0.042459,0.150261,0.020239,0.008955,0.061011,0.037862
N20003059,0.504939,0.113211,0.055184,0.049321,0.146058,0.025199,0.012625,0.057880,0.035584
N20003060,0.538634,0.102965,0.023821,0.054459,0.151100,0.024231,0.005394,0.061567,0.037830
N20003061,0.614979,0.048575,0.024580,0.026892,0.159017,0.012347,0.005504,0.066783,0.041323
N20003062,0.538901,0.101642,0.036444,0.056072,0.136648,0.029567,0.006884,0.057338,0.036505
N20003063,0.701257,0.020049,0.006181,0.013024,0.142140,0.005735,0.001294,0.068285,0.042036
N20003064,0.638977,0.038471,0.016922,0.023931,0.157479,0.010556,0.003621,0.067751,0.042292
N20003065,0.498586,0.130417,0.027990,0.083365,0.129536,0.036254,0.005359,0.053982,0.034511
N20003066,0.241820,0.293797,0.097842,0.155409,0.076781,0.068960,0.017803,0.028971,0.018616
N20003067,0.605524,0.065009,0.022000,0.037924,0.144780,0.017280,0.004527,0.063438,0.039518
N20003068,0.664702,0.042583,0.015891,0.025516,0.133307,0.011519,0.003140,0.063754,0.039587
N20003069,0.285234,0.296142,0.047547,0.160071,0.073617,0.078221,0.008303,0.031013,0.019853
N20003070,0.228072,0.326616,0.052307,0.185529,0.061813,0.095327,0.008574,0.025388,0.016374
N20003071,0.358605,0.216347,0.052933,0.131155,0.101974,0.062572,0.009448,0.040718,0.026249
N20003072,0.221127,0.369973,0.055307,0.161340,0.059673,0.082240,0.010447,0.024445,0.015447
N20003073,0.616687,0.050166,0.021673,0.031078,0.153956,0.015831,0.004046,0.064979,0.041584
N20003074,0.306328,0.263402,0.058588,0.148610,0.076943,0.082855,0.009671,0.032466,0.021137
N20003075,0.627502,0.073944,0.017270,0.045399,0.116943,0.021851,0.003137,0.057591,0.036362
N20003076,0.606574,0.061107,0.038538,0.035721,0.135924,0.015722,0.007841,0.060548,0.038024
N20003077,0.362190,0.215082,0.056535,0.121043,0.103869,0.063005,0.010097,0.041544,0.026636
N20003078,0.565995,0.058140,0.050747,0.036744,0.159107,0.015595,0.009757,0.063530,0.040384
N20003079,0.536053,0.127169,0.015718,0.078229,0.115246,0.037487,0.002917,0.053447,0.033735
N20003080,0.203356,0.367044,0.024055,0.200546,0.043439,0.124875,0.003682,0.019982,0.013021
N20003081,0.329992,0.272625,0.033168,0.133292,0.081135,0.086938,0.005668,0.034815,0.022367
N20003082,0.574378,0.099682,0.017787,0.053416,0.126682,0.030711,0.003457,0.057681,0.036206
N20003083,0.328080,0.284783,0.022009,0.148170,0.076610,0.080551,0.004075,0.034179,0.021544
N20003084,0.102563,0.442053,0.033903,0.228522,0.029475,0.138833,0.005236,0.011734,0.007680
N20003085,0.352340,0.245740,0.037049,0.134400,0.085996,0.077833,0.005884,0.036828,0.023930
N20003086,0.421326,0.213271,0.025480,0.109734,0.086813,0.072213,0.004273,0.040803,0.026086
N20003087,0.381441,0.226147,0.035530,0.130077,0.093383,0.061000,0.006529,0.040244,0.025649
N20003088,0.338540,0.287571,0.024582,0.145981,0.072969,0.070891,0.004660,0.033674,0.021132
N20003089,0.414268,0.208072,0.034401,0.120685,0.091069,0.057685,0.006035,0.041402,0.026382
N20003090,0.271179,0.351363,0.023712,0.160291,0.057039,0.088748,0.004517,0.026492,0.016659
N20003091,0.310129,0.281972,0.039595,0.154837,0.078575,0.073194,0.007050,0.033366,0.021282
N20003092,0.274485,0.322657,0.025560,0.170247,0.055317,0.104379,0.004091,0.026318,0.016945
N20003093,0.226696,0.344213,0.039707,0.196048,0.049516,0.100505,0.006247,0.022478,0.014589
N20003094,0.041487,0.501247,0.023073,0.279722,0.010478,0.133343,0.003348,0.004385,0.002915
N20003095,0.075984,0.465639,0.031855,0.260354,0.021383,0.125530,0.005012,0.008603,0.005639
N20003096,0.673299,0.032046,0.011053,0.021930,0.142676,0.009485,0.002190,0.065867,0.041453
N20003097,0.047197,0.546607,0.020215,0.236570,0.012020,0.125668,0.003395,0.005070,0.003257
N20003098,0.238877,0.313350,0.107986,0.137276,0.071934,0.064498,0.020798,0.027711,0.017569
N20003099,0.045856,0.498077,0.064118,0.240252,0.014128,0.118653,0.009976,0.005396,0.003544
N20003100,0.287977,0.293293,0.063039,0.128640,0.083092,0.078684,0.011400,0.032873,0.021001
N20003101,0.453794,0.170079,0.020339,0.100944,0.113329,0.058402,0.003673,0.048424,0.031017
N20003102,0.180622,0.361662,0.048108,0.198780,0.053354,0.115018,0.008021,0.020804,0.013631
N20003103,0.467164,0.174246,0.019522,0.094676,0.096023,0.070924,0.003169,0.045231,0.029045
N20003104,0.326099,0.296829,0.038849,0.117413,0.080651,0.075592,0.007814,0.035073,0.021679
N20003105,0.222867,0.342420,0.027500,0.182096,0.054099,0.128152,0.004358,0.023311,0.015195
N20003106,0.659623,0.016651,0.013314,0.010698,0.175350,0.004704,0.002919,0.071745,0.044995
N20003107,0.652905,0.044884,0.013057,0.028786,0.139694,0.013275,0.002531,0.064340,0.040527
N20003108,0.422260,0.170466,0.051330,0.102449,0.119439,0.046319,0.009680,0.047608,0.030449
N20003109,0.484501,0.116170,0.059389,0.058157,0.150797,0.023728,0.012791,0.058285,0.036181
N20003110,0.576302,0.072762,0.022810,0.043422,0.156387,0.019183,0.004870,0.064110,0.040154
N20003111,0.636127,0.030596,0.021421,0.018799,0.167239,0.007896,0.004474,0.069976,0.043472
N20003112,0.602660,0.031670,0.024625,0.018123,0.191271,0.007846,0.005688,0.073019,0.045098
N20003113,0.583816,0.074464,0.032786,0.041771,0.141914,0.018215,0.006630,0.061961,0.038444
N20003114,0.650423,0.032828,0.013984,0.019102,0.159085,0.009200,0.002895,0.069678,0.042803
N20003115,0.660794,0.026837,0.016830,0.016803,0.156666,0.007293,0.003597,0.068519,0.042663
N20003116,0.664996,0.028848,0.012817,0.018345,0.153151,0.007681,0.002668,0.068938,0.042556
N20003117,0.676972,0.037682,0.010874,0.021618,0.134804,0.009550,0.002287,0.066155,0.040057
N20003118,0.675547,0.037551,0.014813,0.019478,0.135084,0.009101,0.003190,0.065539,0.039698
N20003119,0.628905,0.056342,0.018347,0.028230,0.146167,0.013589,0.004189,0.064528,0.039703
N20003120,0.639802,0.032908,0.030541,0.018278,0.154898,0.007709,0.006670,0.067685,0.041508
N20003121,0.683262,0.026381,0.010963,0.017808,0.143037,0.007743,0.002231,0.066798,0.041777
N20003122,0.676212,0.017351,0.008760,0.010764,0.164106,0.004653,0.001970,0.072104,0.044081
N20003123,0.674255,0.023737,0.012487,0.014861,0.153737,0.006626,0.002611,0.068960,0.042726
N20003124,0.710768,0.018158,0.006778,0.011536,0.137345,0.005167,0.001431,0.067450,0.041368
N20003125,0.219210,0.348461,0.023796,0.146169,0.043234,0.181455,0.003532,0.020698,0.013447
N20003126,0.688201,0.022185,0.008459,0.013691,0.148087,0.006276,0.001815,0.068926,0.042360
N20003127,0.685178,0.026792,0.008257,0.016815,0.144233,0.007517,0.001751,0.067675,0.041782
N20003128,0.666038,0.039265,0.009409,0.024538,0.141483,0.011141,0.001979,0.065323,0.040823
N20003129,0.699293,0.018617,0.006545,0.012183,0.145083,0.005414,0.001380,0.069039,0.042446
N20003130,0.679254,0.018561,0.008865,0.011939,0.159486,0.005251,0.001976,0.070927,0.043742
N20003131,0.699250,0.022735,0.005774,0.014169,0.140488,0.007056,0.001215,0.067612,0.041699
N20003132,0.703628,0.027499,0.006721,0.014711,0.131886,0.006813,0.001523,0.067120,0.040099
N20003133,0.710646,0.019150,0.005115,0.012482,0.136634,0.005609,0.001069,0.067790,0.041504
N20003134,0.669701,0.020123,0.012955,0.012138,0.162902,0.005394,0.002953,0.070339,0.043496
N20003135,0.651138,0.019693,0.011237,0.012249,0.179077,0.005242,0.002666,0.073467,0.045231
N20003136,0.679906,0.021219,0.013037,0.013094,0.152559,0.005726,0.002832,0.068941,0.042686
N20003137,0.693691,0.022182,0.007322,0.013901,0.144422,0.006190,0.001583,0.068700,0.042008
N20003138,0.671885,0.021418,0.007782,0.012952,0.162671,0.005821,0.001779,0.071898,0.043794
N20003139,0.689413,0.020398,0.008356,0.012808,0.149553,0.005532,0.001789,0.069573,0.042579
N20003140,0.713959,0.016284,0.004539,0.010614,0.139080,0.004777,0.000991,0.068056,0.041700
N20003141,0.716846,0.023403,0.006880,0.014688,0.125167,0.006736,0.001438,0.065069,0.039774
N20003142,0.693824,0.018821,0.006777,0.011850,0.149446,0.005215,0.001482,0.069861,0.042724
N20003143,0.701116,0.017610,0.004480,0.010381,0.147716,0.004616,0.001017,0.070629,0.042436
N20003144,0.708533,0.024746,0.005418,0.015464,0.130731,0.007170,0.001143,0.066345,0.040449
N20003145,0.712292,0.018875,0.005241,0.011186,0.137288,0.005141,0.001166,0.067729,0.041083
N20003146,0.688191,0.023110,0.006661,0.012956,0.149463,0.005954,0.001552,0.070020,0.042093
N20003147,0.695970,0.028757,0.005395,0.016452,0.136667,0.007815,0.001211,0.067115,0.040617
N20003148,0.711200,0.021432,0.004892,0.013889,0.133163,0.006293,0.001017,0.067159,0.040955
N20003149,0.675776,0.020839,0.008442,0.012869,0.159245,0.005704,0.001910,0.071591,0.043624
N20003150,0.702022,0.028240,0.006111,0.015840,0.131671,0.007311,0.001336,0.067314,0.040155
N20003151,0.728859,0.018331,0.004282,0.011997,0.124809,0.005626,0.000866,0.065138,0.040091
N20003152,0.736280,0.019746,0.002815,0.012412,0.118583,0.005914,0.000600,0.064497,0.039154
N20003153,0.702901,0.023574,0.004565,0.014570,0.137034,0.006841,0.000996,0.068229,0.041289
N20003154,0.374062,0.211046,0.075766,0.111425,0.096723,0.051487,0.013756,0.040095,0.025640
N20003155,0.580181,0.043772,0.040861,0.024884,0.179385,0.010598,0.009248,0.068385,0.042686
N20003156,0.537159,0.020809,0.072937,0.013524,0.217452,0.005251,0.015994,0.071247,0.045628
N20003157,0.634271,0.034081,0.021507,0.018741,0.165573,0.008521,0.004887,0.069684,0.042736
N20003158,0.548447,0.068110,0.054682,0.035604,0.162602,0.015670,0.012534,0.063009,0.039343
N20003159,0.689983,0.034764,0.012584,0.017366,0.130401,0.008853,0.002782,0.064213,0.039054
N20003160,0.633756,0.028805,0.024766,0.016985,0.169655,0.007192,0.005521,0.069890,0.043431
N20003161,0.583084,0.061025,0.041208,0.034591,0.153237,0.014886,0.008673,0.063518,0.039777
N20003162,0.643778,0.034717,0.031393,0.019030,0.148968,0.008277,0.006615,0.066375,0.040847
N20003163,0.502304,0.048344,0.088587,0.030655,0.190957,0.011997,0.019410,0.066013,0.041733
N20003164,0.667392,0.034154,0.020374,0.019047,0.140820,0.008403,0.004368,0.065238,0.040205
N20003165,0.544264,0.015053,0.039970,0.009322,0.250638,0.003727,0.009634,0.078216,0.049177
N20003166,0.696570,0.026933,0.014948,0.015457,0.130884,0.006801,0.003064,0.065460,0.039883
N20003167,0.695246,0.020774,0.014068,0.012263,0.140874,0.005363,0.002953,0.067201,0.041257
N20003168,0.593273,0.047887,0.040347,0.027615,0.162595,0.012096,0.008823,0.066156,0.041209
N20003169,0.610521,0.032013,0.028583,0.019873,0.178872,0.008564,0.006271,0.071117,0.044186
N20003170,0.611437,0.031417,0.042089,0.015308,0.171748,0.006580,0.009831,0.069301,0.042289
N20003171,0.600990,0.048810,0.041927,0.023062,0.158302,0.010731,0.009833,0.066066,0.040279
N20003172,0.588287,0.059026,0.043098,0.026374,0.156697,0.012721,0.010264,0.064258,0.039275
N20003173,0.667434,0.027806,0.012441,0.014929,0.155307,0.006597,0.002828,0.070356,0.042302
N20003174,0.587699,0.044205,0.040666,0.019640,0.177538,0.009269,0.010089,0.069044,0.041849
N20003175,0.623072,0.037782,0.025279,0.020698,0.166488,0.008851,0.005794,0.069570,0.042466
N20003176,0.644514,0.034764,0.020343,0.017540,0.159680,0.008149,0.004795,0.068395,0.041819
N20003177,0.655819,0.042717,0.019749,0.022095,0.139930,0.010212,0.004299,0.065421,0.039759
N20003178,0.542990,0.076579,0.049252,0.032109,0.167222,0.015462,0.012471,0.064856,0.039059
N20003179,0.525997,0.092712,0.055797,0.035945,0.157577,0.019360,0.014072,0.061379,0.037161
N20003180,0.623736,0.039320,0.022424,0.021845,0.166275,0.009901,0.004928,0.069034,0.042537
N20003181,0.624870,0.028394,0.033908,0.015279,0.171489,0.006530,0.007572,0.069104,0.042855
N20003182,0.656530,0.046187,0.023502,0.024628,0.130611,0.011480,0.004888,0.063529,0.038644
N20003183,0.645431,0.020459,0.017665,0.011081,0.178889,0.004718,0.004228,0.073081,0.044449
N20003184,0.660292,0.024514,0.017815,0.014923,0.159703,0.006369,0.003880,0.069593,0.042912
N20003185,0.623662,0.041139,0.027894,0.019968,0.161799,0.009289,0.006484,0.068255,0.041510
N20003186,0.663979,0.034723,0.018552,0.017459,0.145079,0.008106,0.004248,0.067339,0.040515
N20003187,0.624137,0.047144,0.022956,0.022372,0.158594,0.010432,0.005516,0.067926,0.040921
N20003188,0.657811,0.028763,0.015638,0.017175,0.157957,0.007400,0.003470,0.069195,0.042590
N20003189,0.639984,0.037420,0.022783,0.021626,0.154863,0.009291,0.004927,0.067481,0.041623
N20003190,0.549065,0.074829,0.048133,0.028661,0.169340,0.014251,0.013367,0.063613,0.038741
N20003191,0.638494,0.028587,0.019776,0.017210,0.169429,0.007540,0.004471,0.070771,0.043722
N20003192,0.659127,0.016947,0.016273,0.009713,0.174152,0.004159,0.003673,0.071638,0.044319
N20003193,0.615339,0.040579,0.021363,0.021343,0.173650,0.009769,0.004995,0.069993,0.042968
N20003194,0.653819,0.019208,0.013583,0.012260,0.175783,0.005099,0.003072,0.072289,0.044887
N20003195,0.663990,0.030643,0.020058,0.015922,0.149293,0.007122,0.004512,0.067393,0.041067
N20003196,0.616083,0.045820,0.025338,0.023713,0.163107,0.010799,0.006123,0.067540,0.041477
N20003197,0.651409,0.029996,0.018768,0.017025,0.159386,0.007506,0.004144,0.069263,0.042502
N20003198,0.613271,0.032715,0.032642,0.020557,0.172550,0.008564,0.007105,0.069245,0.043351
N20003199,0.635064,0.038180,0.022865,0.019954,0.159316,0.009085,0.005105,0.068633,0.041798
N20003200,0.670819,0.024995,0.011332,0.016005,0.155163,0.006950,0.002463,0.069355,0.042919
N20003201,0.693533,0.022089,0.008218,0.012811,0.145210,0.005797,0.001824,0.068733,0.041786
N20003202,0.683989,0.024318,0.007801,0.015239,0.148388,0.006945,0.001685,0.069210,0.042424
N20003203,0.671774,0.015464,0.011171,0.009852,0.168873,0.004179,0.002460,0.071744,0.044482
N20003204,0.690738,0.021991,0.007155,0.014347,0.146541,0.006326,0.001522,0.068936,0.042444
N20003205,0.683392,0.022864,0.010354,0.014566,0.148665,0.006482,0.002193,0.069034,0.042450
N20003206,0.682792,0.013317,0.006337,0.007915,0.166725,0.003453,0.001417,0.073470,0.044575
N20003207,0.623048,0.028799,0.024678,0.018121,0.177068,0.008233,0.005267,0.070418,0.044368
N20003208,0.314050,0.227660,0.069361,0.122825,0.104565,0.087587,0.011194,0.037707,0.025051
N20003209,0.347088,0.196722,0.100775,0.097911,0.107489,0.066155,0.016585,0.040745,0.026531
N20003210,0.551553,0.087259,0.035968,0.053845,0.141548,0.025836,0.006831,0.059335,0.037826
N20003211,0.634227,0.025467,0.026079,0.017049,0.171147,0.007289,0.005277,0.069365,0.044100
N20003212,0.582993,0.069833,0.025248,0.043622,0.150585,0.020085,0.004967,0.062776,0.039892
N20003213,0.509158,0.138592,0.023841,0.079748,0.112066,0.049505,0.004124,0.050432,0.032534
N20003214,0.548427,0.083390,0.041080,0.047400,0.149019,0.023504,0.007942,0.060690,0.038549
N20003215,0.505092,0.113753,0.047235,0.067387,0.135326,0.031217,0.008919,0.055660,0.035411
N20003216,0.632448,0.051423,0.021546,0.034523,0.137979,0.015715,0.004025,0.062514,0.039826
N20003217,0.665729,0.023731,0.015978,0.014765,0.157859,0.006195,0.003402,0.069360,0.042982
N20003218,0.641155,0.010413,0.015607,0.006912,0.197513,0.002800,0.003333,0.074974,0.047293
N20003219,0.647088,0.040904,0.020554,0.026771,0.142807,0.012454,0.003927,0.064630,0.040865
N20003220,0.700429,0.018557,0.006880,0.011703,0.145054,0.005310,0.001460,0.068442,0.042164
N20003221,0.652913,0.023867,0.019131,0.014330,0.165901,0.006126,0.004138,0.070074,0.043521
N20003222,0.655348,0.031107,0.024520,0.020589,0.146958,0.009423,0.004680,0.065701,0.041672
N20003223,0.641614,0.014803,0.012590,0.009317,0.193191,0.003912,0.002776,0.075050,0.046747
N20003224,0.696402,0.020116,0.010607,0.013234,0.142496,0.005619,0.002184,0.067501,0.041840
N20003225,0.705974,0.020279,0.011450,0.014718,0.133460,0.006240,0.002168,0.064699,0.041012
N20003226,0.676619,0.014333,0.014936,0.009591,0.163238,0.004087,0.003156,0.069983,0.044057
N20003227,0.674859,0.019725,0.011067,0.013133,0.159251,0.005633,0.002348,0.070322,0.043662
N20003228,0.575935,0.014912,0.031662,0.009248,0.231522,0.003804,0.007437,0.076995,0.048485
N20003229,0.613963,0.033232,0.030681,0.021501,0.172108,0.009220,0.006235,0.069355,0.043705
N20003230,0.674602,0.023203,0.015768,0.015468,0.150384,0.006862,0.003140,0.067971,0.042602
N20003231,0.664808,0.021869,0.016885,0.014152,0.159524,0.006027,0.003619,0.069764,0.043353
N20003232,0.654479,0.028447,0.027656,0.020107,0.148436,0.008197,0.005304,0.065587,0.041788
N20003233,0.612432,0.017300,0.017618,0.010632,0.209135,0.004500,0.004124,0.076649,0.047609
N20003234,0.626605,0.016513,0.019301,0.010750,0.196768,0.004704,0.004295,0.074267,0.046799
N20003235,0.647709,0.034845,0.017501,0.021766,0.155156,0.009840,0.003631,0.067327,0.042225
N20003236,0.596143,0.023904,0.036767,0.014668,0.196652,0.006053,0.008195,0.072199,0.045420
N20003237,0.566271,0.038272,0.044105,0.024413,0.192750,0.010204,0.009189,0.070447,0.044350
N20003238,0.593066,0.042199,0.029524,0.023336,0.180935,0.010256,0.006865,0.070421,0.043397
N20003239,0.635150,0.023103,0.020023,0.013442,0.180293,0.005814,0.004617,0.072777,0.044781
N20003240,0.577471,0.021706,0.033070,0.013957,0.217926,0.005513,0.007355,0.075509,0.047494
N20003241,0.607314,0.037108,0.034718,0.020211,0.172596,0.008845,0.007824,0.068769,0.042615
N20003242,0.563194,0.032259,0.051307,0.016568,0.201964,0.006969,0.011860,0.071523,0.044357
N20003243,0.639174,0.023268,0.027373,0.013558,0.171412,0.005766,0.006031,0.069847,0.043571
N20003244,0.685651,0.020885,0.012431,0.012858,0.149128,0.005525,0.002635,0.068605,0.042281
N20003245,0.651441,0.017286,0.023377,0.010227,0.173010,0.004121,0.005377,0.071192,0.043970
N20003246,0.632683,0.039416,0.030553,0.019743,0.153980,0.008813,0.006982,0.067040,0.040790
N20003247,0.584271,0.039407,0.042539,0.022194,0.180921,0.009262,0.009713,0.068788,0.042906
N20003248,0.631427,0.042764,0.029096,0.022501,0.151102,0.010029,0.006454,0.066086,0.040541
N20003249,0.628498,0.046383,0.030215,0.024168,0.148062,0.010568,0.006473,0.065470,0.040164
N20003250,0.553747,0.019611,0.045114,0.011931,0.231057,0.004759,0.010658,0.075620,0.047505
N20003251,0.594341,0.030784,0.038922,0.015917,0.188632,0.006891,0.009315,0.071298,0.043900
N20003252,0.651960,0.022926,0.015652,0.013592,0.170825,0.005824,0.003369,0.071644,0.044209
N20003253,0.525388,0.042484,0.078820,0.023204,0.192590,0.009822,0.018095,0.067397,0.042199
N20003254,0.577970,0.021077,0.037430,0.012207,0.215879,0.005003,0.009127,0.074629,0.046678
N20003255,0.538856,0.068548,0.056404,0.031334,0.172115,0.013972,0.014181,0.064830,0.039760
N20003256,0.471337,0.043186,0.092044,0.022222,0.226242,0.009813,0.022153,0.069585,0.043418
N20003257,0.571892,0.049243,0.036301,0.031457,0.179565,0.013592,0.007284,0.067474,0.043191
N20003258,0.649212,0.019132,0.023821,0.012021,0.171085,0.004953,0.004935,0.070547,0.044293
N20003259,0.405585,0.099271,0.140858,0.056221,0.158664,0.023816,0.027476,0.053653,0.034455
N20003260,0.698223,0.022318,0.008437,0.013927,0.140191,0.006097,0.001758,0.067542,0.041507
N20003261,0.517519,0.134454,0.024907,0.084529,0.109182,0.041418,0.004393,0.051154,0.032445
N20003262,0.521810,0.057106,0.081260,0.035037,0.172033,0.013849,0.016159,0.062529,0.040217
N20003263,0.546862,0.040183,0.082400,0.022535,0.175497,0.008796,0.016574,0.065799,0.041355
N20003264,0.462518,0.053021,0.112404,0.032945,0.197915,0.013525,0.023352,0.063459,0.040860
N20003265,0.588007,0.037646,0.060618,0.023165,0.163458,0.008923,0.012029,0.064915,0.041239
N20003266,0.476442,0.078114,0.102906,0.048153,0.160397,0.018759,0.020593,0.057541,0.037096
N20003267,0.582145,0.035052,0.051488,0.020812,0.180817,0.008271,0.010251,0.067986,0.043179
N20003268,0.294906,0.056233,0.296848,0.034754,0.164946,0.013305,0.063297,0.045752,0.029961
N20003269,0.546360,0.032161,0.097820,0.019197,0.172701,0.007316,0.019858,0.063827,0.040760
N20003270,0.424840,0.083792,0.143621,0.051470,0.158509,0.020265,0.027729,0.054600,0.035175
N20003271,0.400934,0.050215,0.204972,0.027360,0.172703,0.010822,0.043410,0.054529,0.035054
N20003272,0.488974,0.036277,0.101651,0.022118,0.211284,0.008162,0.021730,0.066757,0.043046
N20003273,0.458391,0.087221,0.104271,0.049873,0.162927,0.021245,0.021079,0.058048,0.036946
N20003274,0.409089,0.039409,0.191580,0.024922,0.192069,0.008941,0.038514,0.057697,0.037780
N20003275,0.486213,0.078856,0.087752,0.048065,0.163749,0.021848,0.015935,0.059268,0.038314
N20003276,0.640526,0.033267,0.019654,0.022319,0.159719,0.009138,0.003939,0.068488,0.042949
N20003277,0.373479,0.082108,0.182996,0.047837,0.171033,0.018271,0.036920,0.053095,0.034263
N20003278,0.305737,0.132885,0.236338,0.068666,0.115794,0.028911,0.046998,0.039283,0.025387
N20003279,0.429399,0.060993,0.157172,0.034337,0.176916,0.013170,0.033192,0.057775,0.037045
N20003280,0.686889,0.021107,0.014297,0.014469,0.145483,0.006107,0.002918,0.066713,0.042017
N20003281,0.456528,0.163355,0.041962,0.082233,0.115550,0.053376,0.007101,0.048559,0.031334
N20003282,0.608798,0.069618,0.021395,0.039528,0.135105,0.023274,0.003617,0.059873,0.038793
N20003283,0.621141,0.069874,0.016714,0.044126,0.125919,0.022764,0.002934,0.058748,0.037779
N20003284,0.590257,0.054450,0.067486,0.032949,0.132681,0.013993,0.012360,0.058458,0.037366
N20003285,0.099304,0.452195,0.044088,0.220743,0.029435,0.128280,0.007020,0.011452,0.007482
N20003286,0.028899,0.520740,0.020846,0.261911,0.008411,0.150578,0.003077,0.003341,0.002198
N20003287,0.031061,0.527512,0.019838,0.254716,0.008896,0.149181,0.002918,0.003544,0.002334
N20003288,0.188378,0.395486,0.020855,0.160605,0.041292,0.159187,0.003109,0.018839,0.012250
N20003289,0.461918,0.152605,0.052022,0.077777,0.114872,0.052446,0.008619,0.048316,0.031426
N20003290,0.477197,0.102262,0.095428,0.064868,0.128946,0.029459,0.016892,0.051343,0.033604
N20003291,0.551158,0.102231,0.031706,0.065613,0.121568,0.032939,0.005489,0.054130,0.035166
N20003292,0.146030,0.437110,0.013733,0.151481,0.030390,0.195984,0.001954,0.014066,0.009252
N20003293,0.279450,0.309999,0.020633,0.165363,0.066962,0.106205,0.003418,0.029090,0.018879
N20003294,0.526992,0.119719,0.018981,0.067813,0.132591,0.039186,0.003448,0.055437,0.035832
N20003295,0.580088,0.027540,0.041447,0.016932,0.200650,0.007131,0.009125,0.071566,0.045520
N20003296,0.422952,0.198450,0.034964,0.097557,0.101302,0.066698,0.005802,0.043995,0.028281
N20003297,0.262001,0.328460,0.043406,0.145937,0.068929,0.097128,0.007400,0.028395,0.018343
N20003298,0.030137,0.534781,0.010349,0.236094,0.007702,0.173992,0.001513,0.003283,0.002148
N20003299,0.618515,0.056930,0.027375,0.030617,0.144045,0.013984,0.005626,0.063344,0.039564
N20003300,0.062957,0.509034,0.011080,0.208594,0.015646,0.179934,0.001664,0.006712,0.004380
N20003301,0.123836,0.446034,0.074204,0.170436,0.040549,0.106821,0.013388,0.015107,0.009624
N20003302,0.653283,0.030700,0.035070,0.017729,0.143352,0.007526,0.007097,0.064829,0.040415
N20003303,0.345195,0.207559,0.121490,0.090878,0.101411,0.045229,0.023343,0.039813,0.025081
N20003304,0.439399,0.174166,0.066232,0.089386,0.101479,0.044633,0.011562,0.044551,0.028592
N20003305,0.089881,0.492257,0.029569,0.216585,0.028004,0.120860,0.005187,0.010748,0.006909
N20003306,0.060537,0.509150,0.037393,0.222352,0.019583,0.132562,0.006302,0.007361,0.004761
N20003307,0.054725,0.512401,0.013566,0.244673,0.015109,0.147140,0.002191,0.006195,0.004000
N20003308,0.255154,0.319225,0.056050,0.157137,0.068623,0.087626,0.009790,0.028307,0.018087
N20003309,0.406842,0.191587,0.049427,0.113264,0.102260,0.057514,0.008623,0.042717,0.027767
N20003310,0.456058,0.161692,0.025930,0.096413,0.121956,0.051503,0.004507,0.049681,0.032261
N20003311,0.121864,0.294474,0.250599,0.145293,0.050013,0.068714,0.041706,0.016511,0.010825
N20003312,0.026353,0.411985,0.222292,0.188036,0.013143,0.096726,0.034880,0.003954,0.002631
N20003313,0.380378,0.109863,0.179059,0.070465,0.125371,0.029189,0.030491,0.045290,0.029895
N20003314,0.040199,0.286532,0.382419,0.130653,0.023401,0.066472,0.059556,0.006442,0.004327
N20003315,0.526307,0.040004,0.122096,0.026136,0.154986,0.010618,0.021892,0.059508,0.038452
N20003316,0.028948,0.488066,0.066769,0.254799,0.011412,0.133504,0.010009,0.003898,0.002596
N20003317,0.295599,0.102938,0.275313,0.060084,0.125951,0.025746,0.047634,0.040222,0.026511
N20003318,0.592018,0.038785,0.087140,0.025638,0.134722,0.010039,0.015080,0.058727,0.037851
N20003319,0.555952,0.027032,0.082272,0.017686,0.184177,0.007063,0.016915,0.066096,0.042808
N20003320,0.375153,0.124256,0.140625,0.075244,0.147845,0.029279,0.026309,0.049128,0.032160
N20003321,0.467436,0.073605,0.126598,0.044455,0.153222,0.019282,0.023238,0.055873,0.036290
N20003322,0.306507,0.111207,0.279118,0.070343,0.097780,0.028787,0.047130,0.035438,0.023689
N20003323,0.398521,0.175815,0.087937,0.095338,0.099025,0.060792,0.013958,0.041397,0.027217
N20003324,0.512590,0.053501,0.088591,0.033981,0.177058,0.013660,0.017005,0.062902,0.040712
N20003325,0.557610,0.072216,0.057215,0.044962,0.141362,0.019631,0.010500,0.058676,0.037828
N20003326,0.548860,0.065981,0.056444,0.042037,0.157356,0.018145,0.010493,0.061043,0.039642
N20003327,0.610641,0.065856,0.030144,0.043608,0.127982,0.019895,0.005334,0.058773,0.037766
N20003328,0.495431,0.084413,0.090904,0.051511,0.146046,0.022721,0.016305,0.056201,0.036466
N20003329,0.279331,0.245991,0.097233,0.126668,0.109693,0.062006,0.017984,0.037161,0.023934
N20003330,0.240029,0.284503,0.101859,0.152619,0.079685,0.075175,0.017754,0.029344,0.019032
N20003331,0.376552,0.209476,0.051153,0.113756,0.104878,0.065829,0.009054,0.042109,0.027193
N20003332,0.595152,0.018114,0.031748,0.011304,0.211214,0.004650,0.006970,0.073857,0.046991
N20003333,0.483345,0.134951,0.044961,0.080169,0.124061,0.039271,0.008116,0.051869,0.033255
N20003334,0.541620,0.067228,0.066816,0.041580,0.152217,0.017879,0.012877,0.061046,0.038737
N20003335,0.500252,0.045026,0.125794,0.028708,0.166801,0.010853,0.023492,0.060169,0.038906
N20003336,0.687702,0.016421,0.013026,0.011154,0.153010,0.004795,0.002558,0.068157,0.043178
N20003337,0.345452,0.179022,0.128569,0.107608,0.101748,0.050173,0.022219,0.039499,0.025711
N20003338,0.409446,0.094367,0.150045,0.053299,0.154553,0.021235,0.030881,0.052336,0.033838
N20003339,0.452076,0.098111,0.104097,0.056005,0.155277,0.021771,0.021173,0.055949,0.035542
N20003340,0.289802,0.121367,0.245504,0.067132,0.133994,0.025362,0.048610,0.041420,0.026810
N20003341,0.629419,0.040802,0.026092,0.023472,0.156514,0.010124,0.005507,0.066522,0.041548
N20003342,0.645572,0.016560,0.025561,0.010833,0.176257,0.004279,0.005326,0.070923,0.044689
N20003343,0.562316,0.064344,0.064664,0.040058,0.142064,0.017008,0.011863,0.059595,0.038088
N20003344,0.657435,0.027455,0.024024,0.017409,0.152083,0.007074,0.004918,0.067558,0.042045
N20003345,0.685893,0.015057,0.010619,0.009677,0.158314,0.004118,0.002263,0.070376,0.043683
N20003346,0.672127,0.018914,0.011930,0.011506,0.162967,0.004808,0.002608,0.071345,0.043794
N20003347,0.052868,0.335803,0.259728,0.188127,0.026669,0.084801,0.038810,0.007867,0.005327
N20003348,0.117128,0.107881,0.477469,0.058788,0.089699,0.022896,0.090686,0.021260,0.014194
N20003349,0.116646,0.229930,0.327562,0.119975,0.062586,0.054695,0.058796,0.017953,0.011855
N20003350,0.108110,0.341920,0.188441,0.175199,0.049569,0.078226,0.032825,0.015533,0.010177
N20003351,0.055463,0.222253,0.418440,0.115677,0.045797,0.049772,0.074886,0.010609,0.007101
N20003352,0.171791,0.243452,0.245937,0.123924,0.069675,0.066156,0.040888,0.023005,0.015172
N20003353,0.092383,0.345186,0.209033,0.180095,0.035930,0.084050,0.033287,0.012039,0.007997
N20003354,0.040789,0.349061,0.266760,0.179009,0.022513,0.087669,0.043425,0.006478,0.004296
N20003355,0.054893,0.094018,0.611145,0.052768,0.039624,0.020873,0.110464,0.009697,0.006518
N20003356,0.032709,0.304699,0.356850,0.147120,0.019892,0.072771,0.056912,0.005424,0.003624
N20003357,0.374123,0.102889,0.182800,0.062641,0.138547,0.027351,0.032759,0.047703,0.031187
N20003358,0.050403,0.313551,0.312290,0.154866,0.028566,0.076683,0.050351,0.007935,0.005356
N20003359,0.059297,0.435392,0.108722,0.224151,0.020801,0.122722,0.016471,0.007485,0.004960
N20003360,0.086444,0.234603,0.374256,0.118303,0.048127,0.053658,0.062106,0.013474,0.009029
N20003361,0.087653,0.335371,0.224932,0.161974,0.036655,0.097645,0.035907,0.011931,0.007932
N20003362,0.022350,0.435044,0.192037,0.196184,0.010038,0.111603,0.027392,0.003219,0.002133
N20003363,0.048512,0.404843,0.178807,0.199805,0.023941,0.104131,0.027948,0.007197,0.004816
N20003364,0.340649,0.165013,0.154943,0.084291,0.117405,0.038679,0.029417,0.042476,0.027128
N20003365,0.178845,0.284652,0.163028,0.155276,0.075933,0.073380,0.028287,0.024466,0.016133
N20003366,0.027223,0.526585,0.062188,0.234549,0.009692,0.124531,0.009448,0.003489,0.002296
N20003367,0.147229,0.295971,0.211800,0.136851,0.070638,0.065414,0.036187,0.021760,0.014149
N20003368,0.242185,0.312743,0.086867,0.156877,0.071269,0.068543,0.015750,0.027854,0.017911
N20003369,0.020426,0.582189,0.028693,0.228575,0.005857,0.125967,0.004368,0.002390,0.001536
N20003370,0.025715,0.403395,0.249226,0.170698,0.013292,0.092630,0.038475,0.003949,0.002622
N20003371,0.100799,0.255026,0.312399,0.132180,0.058333,0.059989,0.054705,0.015904,0.010665
N20003372,0.171767,0.307656,0.165638,0.154600,0.068781,0.063702,0.029919,0.023001,0.014935
N20003373,0.192255,0.250955,0.209853,0.129582,0.079664,0.057996,0.036890,0.025777,0.017028
N20003374,0.120637,0.362830,0.169165,0.167672,0.047606,0.073968,0.031526,0.016173,0.010424
N20003375,0.099494,0.215706,0.384342,0.113020,0.050623,0.042068,0.070140,0.014814,0.009792
N20003376,0.142097,0.334885,0.168338,0.163971,0.057167,0.071576,0.030323,0.019208,0.012435
N20003377,0.323580,0.205059,0.106833,0.111144,0.118776,0.047162,0.019085,0.041554,0.026807
N20003378,0.171650,0.343770,0.137484,0.154258,0.056436,0.078022,0.024054,0.020847,0.013479
N20003379,0.349046,0.083164,0.262523,0.042727,0.124675,0.016437,0.049807,0.043562,0.028059
N20003380,0.486595,0.079291,0.104068,0.045597,0.152711,0.018149,0.019550,0.057310,0.036729
N20003381,0.242916,0.267639,0.111119,0.152915,0.089714,0.064954,0.019167,0.031184,0.020392
N20003382,0.204375,0.249396,0.210860,0.111612,0.085772,0.052799,0.039131,0.027961,0.018092
N20003383,0.347608,0.204627,0.097815,0.114603,0.099108,0.054361,0.017303,0.039205,0.025368
N20003384,0.496194,0.057948,0.090960,0.033070,0.185186,0.013433,0.018871,0.063685,0.040653
N20003385,0.309034,0.160498,0.175419,0.083296,0.131281,0.036659,0.034424,0.042004,0.027384
N20003386,0.202239,0.326335,0.094774,0.177924,0.065437,0.076223,0.017081,0.024205,0.015781
N20003387,0.178992,0.264800,0.192927,0.135921,0.082504,0.068920,0.033483,0.025610,0.016843
N20003388,0.503951,0.082327,0.092437,0.045445,0.144709,0.020021,0.017921,0.056905,0.036283
N20003389,0.196923,0.290993,0.153476,0.156148,0.065370,0.071346,0.026477,0.023685,0.015581
N20003390,0.430181,0.035018,0.165294,0.021936,0.204650,0.008606,0.033092,0.061120,0.040103
N20003391,0.454576,0.044785,0.151237,0.028429,0.181667,0.010105,0.030499,0.059945,0.038757
N20003392,0.267454,0.146831,0.240029,0.088786,0.116783,0.035904,0.043090,0.036819,0.024306
N20003393,0.546785,0.021196,0.067699,0.013973,0.215748,0.005224,0.014385,0.069279,0.045712
N20003394,0.595800,0.018113,0.037413,0.012421,0.204277,0.004743,0.008054,0.072645,0.046535
N20003395,0.327522,0.093986,0.250463,0.060586,0.129967,0.023630,0.043210,0.042379,0.028257
N20003396,0.471524,0.056694,0.142999,0.036830,0.157577,0.013670,0.027025,0.056810,0.036872
N20003397,0.367776,0.080082,0.200324,0.049783,0.160284,0.018393,0.039937,0.050492,0.032929
N20003398,0.516161,0.022645,0.109682,0.015196,0.199219,0.005748,0.022405,0.065997,0.042947
N20003399,0.540646,0.025531,0.065689,0.016599,0.214315,0.006240,0.013999,0.071391,0.045590
N20003400,0.551979,0.037763,0.072029,0.024756,0.179703,0.009564,0.014521,0.067129,0.042556
N20003401,0.503308,0.080511,0.085524,0.043057,0.155013,0.018804,0.017796,0.058933,0.037054
N20003402,0.516039,0.040635,0.107177,0.026512,0.174638,0.010004,0.021625,0.062959,0.040411
N20003403,0.550234,0.027611,0.059076,0.014248,0.212866,0.005727,0.013050,0.071985,0.045203
N20003404,0.407836,0.183124,0.076587,0.089773,0.113429,0.039483,0.015030,0.045973,0.028766
N20003405,0.575752,0.027590,0.060037,0.018701,0.185655,0.006997,0.011975,0.069275,0.044017
N20003406,0.527254,0.080475,0.077694,0.038015,0.146749,0.016839,0.016362,0.059823,0.036789
N20003407,0.547038,0.052714,0.072214,0.026671,0.169037,0.011662,0.015575,0.064862,0.040226
N20003408,0.481322,0.070030,0.132962,0.032252,0.149295,0.013852,0.028206,0.056747,0.035334
N20003409,0.603560,0.012083,0.031985,0.007703,0.212878,0.002947,0.006821,0.074588,0.047435
N20003410,0.544362,0.028786,0.088046,0.015813,0.188585,0.006256,0.018546,0.067238,0.042369
N20003411,0.554839,0.032862,0.060436,0.020671,0.196829,0.008119,0.012594,0.069389,0.044261
N20003412,0.600793,0.023689,0.037975,0.015270,0.191721,0.006129,0.007780,0.071344,0.045298
N20003413,0.606089,0.026324,0.053975,0.016392,0.170202,0.006318,0.010714,0.067290,0.042697
N20003414,0.594525,0.026550,0.041218,0.018111,0.189393,0.006884,0.008236,0.070041,0.045043
N20003415,0.599200,0.021332,0.041130,0.013192,0.194152,0.005198,0.008438,0.071935,0.045424
N20003416,0.622215,0.032577,0.041968,0.017769,0.159789,0.007413,0.009116,0.067600,0.041552
N20003417,0.639183,0.030938,0.041104,0.018572,0.148549,0.007670,0.007859,0.065136,0.040989
N20003418,0.648171,0.016558,0.023002,0.010985,0.176398,0.004372,0.004706,0.070918,0.044891
N20003419,0.623328,0.020297,0.051041,0.012062,0.167350,0.004687,0.010228,0.068249,0.042757
N20003420,0.550610,0.035317,0.099091,0.022086,0.162328,0.008549,0.019549,0.062454,0.040015
N20003421,0.617842,0.019776,0.035478,0.013729,0.184708,0.005147,0.007137,0.071015,0.045168
N20003422,0.526840,0.050320,0.096746,0.034097,0.161382,0.013128,0.017560,0.060516,0.039412
N20003423,0.628496,0.023227,0.038750,0.016075,0.169051,0.006246,0.007518,0.067180,0.043457
N20003424,0.467551,0.062023,0.112025,0.038005,0.182041,0.015112,0.022906,0.061006,0.039332
N20003425,0.621461,0.029881,0.060239,0.018920,0.147227,0.007292,0.011460,0.063294,0.040225
N20003426,0.666023,0.021523,0.014922,0.012501,0.162605,0.005361,0.003178,0.070385,0.043502
N20003427,0.591295,0.020028,0.039532,0.011784,0.204744,0.004611,0.008692,0.073205,0.046108
N20003428,0.619343,0.031099,0.052176,0.019761,0.153991,0.007860,0.010001,0.064627,0.041144
N20003429,0.546842,0.058067,0.076387,0.038767,0.151974,0.015549,0.013576,0.059915,0.038923
N20003430,0.634695,0.019304,0.024601,0.011837,0.182533,0.004794,0.005185,0.071851,0.045199
N20003431,0.647645,0.023420,0.017852,0.013882,0.171870,0.005735,0.003874,0.071492,0.044229
N20003432,0.025292,0.464666,0.136988,0.213979,0.015912,0.114322,0.021646,0.004332,0.002865
N20003433,0.018332,0.429068,0.215132,0.181296,0.009883,0.108710,0.032764,0.002887,0.001928
N20003434,0.041023,0.460788,0.107503,0.222760,0.017008,0.125848,0.015720,0.005599,0.003751
N20003435,0.035473,0.465834,0.118180,0.225265,0.016290,0.111699,0.018757,0.005099,0.003403
N20003436,0.041820,0.500028,0.068507,0.225685,0.014318,0.130448,0.010500,0.005246,0.003449
N20003437,0.024970,0.461037,0.140849,0.225236,0.012026,0.107609,0.022126,0.003687,0.002460
N20003438,0.022720,0.533391,0.041217,0.247576,0.008536,0.135252,0.006311,0.003018,0.001978
N20003439,0.021713,0.508073,0.062089,0.252110,0.009134,0.132653,0.009167,0.003045,0.002015
N20003440,0.040779,0.515861,0.104844,0.193766,0.015278,0.102666,0.017905,0.005419,0.003482
N20003441,0.021193,0.535009,0.096530,0.207984,0.007549,0.112009,0.015205,0.002741,0.001780
N20003442,0.029008,0.426077,0.189865,0.197080,0.017410,0.101918,0.030641,0.004803,0.003198
N20003443,0.048349,0.326213,0.334096,0.131400,0.025749,0.064114,0.057675,0.007480,0.004924
N20003444,0.056797,0.487376,0.124824,0.180522,0.022079,0.093957,0.021785,0.007721,0.004938
N20003445,0.055007,0.484052,0.113249,0.193523,0.021429,0.102314,0.018241,0.007378,0.004808
N20003446,0.042232,0.437802,0.183941,0.190358,0.016161,0.090194,0.030108,0.005556,0.003648
N20003447,0.032555,0.368086,0.271777,0.170379,0.017435,0.088076,0.043274,0.005041,0.003375
N20003448,0.021189,0.481299,0.103569,0.247683,0.009448,0.116407,0.015372,0.003014,0.002020
N20003449,0.051795,0.374815,0.247702,0.170698,0.025549,0.074463,0.042202,0.007689,0.005087
N20003450,0.028858,0.517018,0.086995,0.214279,0.010537,0.122910,0.013178,0.003761,0.002464
N20003451,0.029581,0.313979,0.359762,0.141068,0.019426,0.064043,0.063693,0.005074,0.003373
N20003452,0.022026,0.394533,0.241022,0.196110,0.011349,0.093404,0.035953,0.003346,0.002256
N20003453,0.012462,0.198595,0.543815,0.100177,0.012257,0.041416,0.086880,0.002620,0.001777
N20003454,0.017068,0.317672,0.366522,0.153713,0.011768,0.068903,0.059320,0.003008,0.002026
N20003455,0.010145,0.064833,0.737676,0.032436,0.010934,0.012816,0.127473,0.002186,0.001500
N20003456,0.045650,0.410396,0.177757,0.198252,0.024704,0.102757,0.028636,0.007085,0.004762
N20003457,0.033256,0.349925,0.291015,0.168670,0.017592,0.086537,0.044539,0.005040,0.003426
N20003458,0.023637,0.480075,0.091827,0.242456,0.010604,0.132314,0.013426,0.003390,0.002271
N20003459,0.037632,0.431546,0.162006,0.202560,0.020510,0.110696,0.025218,0.005885,0.003946
N20003460,0.017252,0.434729,0.177605,0.223305,0.008887,0.108003,0.025819,0.002627,0.001775
N20003461,0.025071,0.466627,0.113508,0.231704,0.011129,0.129742,0.016278,0.003549,0.002392
N20003462,0.018707,0.387622,0.267119,0.168870,0.009965,0.103425,0.039450,0.002883,0.001959
N20003463,0.020026,0.498460,0.099886,0.219367,0.008078,0.135251,0.014395,0.002717,0.001820
N20003464,0.034816,0.365910,0.267647,0.173552,0.020088,0.085553,0.043091,0.005584,0.003759
N20003465,0.063045,0.494180,0.060244,0.210875,0.019816,0.129854,0.009468,0.007562,0.004955
N20003466,0.018619,0.508559,0.087327,0.228158,0.008351,0.131457,0.013064,0.002681,0.001787
N20003467,0.030298,0.278760,0.402033,0.133493,0.019131,0.063339,0.064479,0.005044,0.003421
N20003468,0.022789,0.268106,0.439705,0.121743,0.013284,0.058369,0.069860,0.003670,0.002473
N20003469,0.047495,0.163385,0.526659,0.079786,0.041980,0.033711,0.091475,0.009225,0.006282
N20003470,0.030811,0.366805,0.262032,0.185941,0.015587,0.091042,0.040054,0.004612,0.003116
N20003471,0.092257,0.417799,0.079366,0.231465,0.028022,0.121196,0.012015,0.010738,0.007143
N20003472,0.063333,0.379535,0.194909,0.188410,0.040086,0.082758,0.033253,0.010619,0.007097
N20003473,0.028231,0.276466,0.409045,0.134036,0.017315,0.064407,0.062711,0.004641,0.003148
N20003474,0.025701,0.207830,0.505644,0.107514,0.018045,0.046573,0.081130,0.004502,0.003060
N20003475,0.022335,0.321779,0.349077,0.152469,0.013810,0.078106,0.056206,0.003719,0.002499
N20003476,0.021703,0.391316,0.250001,0.180679,0.012350,0.100593,0.037534,0.003488,0.002335
N20003477,0.017831,0.320606,0.371524,0.145086,0.010849,0.069652,0.059522,0.002949,0.001980
N20003478,0.016008,0.358655,0.301430,0.170851,0.010189,0.093019,0.045316,0.002704,0.001829
N20003479,0.014989,0.304892,0.402771,0.137333,0.008795,0.066343,0.060783,0.002452,0.001643
N20003480,0.024096,0.385297,0.276290,0.170084,0.012710,0.080871,0.044415,0.003750,0.002487
N20003481,0.018013,0.294733,0.404800,0.140884,0.010979,0.064899,0.060709,0.002974,0.002008
N20003482,0.025125,0.284811,0.410319,0.130919,0.013994,0.062644,0.065566,0.003965,0.002656
N20003483,0.021931,0.350323,0.306905,0.170057,0.014178,0.081980,0.048351,0.003758,0.002516
N20003484,0.020138,0.392329,0.279997,0.161677,0.011375,0.085789,0.043295,0.003242,0.002158
N20003485,0.028137,0.389950,0.315626,0.129903,0.011121,0.068834,0.050103,0.003825,0.002500
N20003486,0.055221,0.405604,0.249895,0.141054,0.021442,0.070765,0.043824,0.007405,0.004790
N20003487,0.019443,0.454728,0.174985,0.207789,0.010581,0.099534,0.027833,0.003071,0.002036
N20003488,0.023555,0.403879,0.241933,0.185541,0.012946,0.087231,0.038713,0.003723,0.002478
N20003489,0.039013,0.351295,0.298018,0.155452,0.022126,0.074205,0.049549,0.006206,0.004136
N20003490,0.026352,0.430180,0.189891,0.201687,0.013988,0.100664,0.030412,0.004110,0.002715
N20003491,0.028613,0.476509,0.136972,0.209991,0.013293,0.105836,0.021831,0.004198,0.002756
N20003492,0.034861,0.375041,0.264490,0.174413,0.017477,0.084247,0.040753,0.005217,0.003500
N20003493,0.062945,0.422549,0.204537,0.160397,0.024250,0.075225,0.036344,0.008338,0.005415
N20003494,0.030641,0.399722,0.215956,0.194312,0.019011,0.096539,0.035239,0.005150,0.003430
N20003495,0.046300,0.438575,0.197577,0.171687,0.020114,0.080332,0.034566,0.006575,0.004273
N20003496,0.029299,0.403714,0.232217,0.186182,0.015100,0.088619,0.037422,0.004471,0.002977
N20003497,0.016696,0.502915,0.120037,0.209514,0.006945,0.122863,0.017180,0.002313,0.001539
N20003498,0.061410,0.443021,0.126132,0.207093,0.028374,0.097387,0.021963,0.008814,0.005805
N20003499,0.092727,0.371894,0.223360,0.143388,0.037394,0.069579,0.040967,0.012588,0.008103
N20003500,0.066905,0.447484,0.130853,0.193310,0.030755,0.091225,0.023444,0.009709,0.006315
N20003501,0.026568,0.475826,0.114140,0.232460,0.015173,0.110487,0.018169,0.004320,0.002857
N20003502,0.030100,0.419757,0.220451,0.184187,0.013901,0.089111,0.035226,0.004370,0.002895
N20003503,0.071115,0.289114,0.355931,0.117253,0.031327,0.057550,0.061189,0.009982,0.006540
N20003504,0.074817,0.384352,0.229529,0.147859,0.032013,0.071649,0.042652,0.010403,0.006726
N20003505,0.031388,0.433579,0.218606,0.170908,0.012665,0.090625,0.035178,0.004253,0.002798
N20003506,0.039286,0.513959,0.086378,0.209343,0.015433,0.112341,0.014435,0.005366,0.003459
N20003507,0.016279,0.312758,0.390842,0.143063,0.008270,0.067468,0.057212,0.002449,0.001660
N20003508,0.013754,0.311873,0.384206,0.141502,0.008935,0.075687,0.060085,0.002368,0.001590
N20003509,0.058367,0.405210,0.244026,0.137477,0.022941,0.075820,0.043271,0.007815,0.005072
N20003510,0.047681,0.539987,0.067307,0.198729,0.017811,0.105894,0.012114,0.006423,0.004053
N20003511,0.025326,0.481413,0.148432,0.196441,0.011043,0.108512,0.022872,0.003590,0.002370
N20003512,0.028866,0.556382,0.071095,0.199080,0.009140,0.118293,0.011307,0.003550,0.002287
N20003513,0.081460,0.362516,0.246776,0.142445,0.035958,0.066672,0.045294,0.011430,0.007448
N20003514,0.025419,0.434004,0.176318,0.220015,0.013161,0.096614,0.027945,0.003919,0.002605
N20003515,0.066132,0.492686,0.093761,0.195058,0.023553,0.097946,0.016894,0.008499,0.005470
N20003516,0.049093,0.442703,0.177627,0.183817,0.020045,0.085507,0.030153,0.006681,0.004373
N20003517,0.027652,0.557352,0.062270,0.203797,0.008857,0.124894,0.009564,0.003401,0.002211
N20003518,0.079341,0.428248,0.158661,0.171081,0.031693,0.085212,0.028114,0.010709,0.006939
N20003519,0.050579,0.444400,0.160672,0.191492,0.021922,0.092017,0.027195,0.007073,0.004650
N20003520,0.058447,0.420551,0.210863,0.160576,0.021686,0.078796,0.036546,0.007602,0.004932
N20003521,0.033536,0.476610,0.171127,0.174881,0.012666,0.095900,0.027921,0.004467,0.002892
N20003522,0.050671,0.445693,0.179272,0.173822,0.020435,0.088521,0.030276,0.006836,0.004473
N20003523,0.025248,0.357604,0.298923,0.161634,0.014705,0.089727,0.045336,0.004080,0.002743
N20003524,0.038529,0.487050,0.150192,0.178617,0.014379,0.097322,0.025550,0.005075,0.003286
N20003525,0.020751,0.403791,0.258832,0.174966,0.011372,0.082557,0.042250,0.003301,0.002180
N20003526,0.038831,0.533970,0.066504,0.213642,0.012731,0.115557,0.010844,0.004805,0.003116
N20003527,0.076816,0.413333,0.182752,0.166587,0.032414,0.078151,0.032298,0.010707,0.006940
N20003528,0.013160,0.340321,0.339106,0.168713,0.009024,0.074092,0.051692,0.002323,0.001569
N20003529,0.092821,0.396800,0.184753,0.158448,0.036729,0.075299,0.034876,0.012277,0.007997
N20003530,0.009801,0.479217,0.203628,0.174829,0.004564,0.095017,0.030534,0.001446,0.000963
N20003531,0.028733,0.578174,0.042489,0.209256,0.007650,0.121701,0.006678,0.003241,0.002079
N20003532,0.031224,0.539919,0.107944,0.186170,0.010734,0.099428,0.018001,0.004010,0.002571
N20003533,0.028689,0.561000,0.083415,0.186797,0.009655,0.110784,0.013665,0.003650,0.002345
N20003534,0.042131,0.506318,0.135107,0.176168,0.014672,0.093754,0.022990,0.005386,0.003474
N20003535,0.024280,0.399162,0.235746,0.190871,0.011780,0.095944,0.036226,0.003588,0.002402
N20003536,0.023612,0.433746,0.194729,0.200696,0.010496,0.101957,0.029182,0.003343,0.002237
N20003537,0.034470,0.130346,0.590684,0.064628,0.031176,0.024217,0.112992,0.006876,0.004612
N20003538,0.025104,0.119942,0.623783,0.060327,0.022231,0.021524,0.118873,0.004906,0.003309
N20003539,0.056946,0.099524,0.599026,0.055452,0.041633,0.020882,0.109802,0.009972,0.006764
N20003540,0.061198,0.155154,0.498875,0.079697,0.060053,0.028362,0.095527,0.012632,0.008501
N20003541,0.017860,0.246161,0.456099,0.131270,0.014951,0.049822,0.078066,0.003446,0.002325
N20003542,0.016016,0.142232,0.616325,0.075583,0.013738,0.027497,0.103403,0.003099,0.002107
N20003543,0.026342,0.381056,0.237304,0.209979,0.016207,0.082861,0.038930,0.004383,0.002936
N20003544,0.027277,0.151325,0.579875,0.081343,0.018934,0.032874,0.100423,0.004746,0.003203
N20003545,0.031204,0.202650,0.506469,0.088828,0.020511,0.039358,0.102178,0.005300,0.003503
N20003546,0.051949,0.364916,0.261194,0.160752,0.026747,0.075966,0.045327,0.007925,0.005225
N20003547,0.030445,0.114078,0.629000,0.054108,0.025571,0.021849,0.115227,0.005803,0.003920
N20003548,0.027583,0.113214,0.628645,0.059113,0.023700,0.021341,0.117496,0.005322,0.003587
N20003549,0.046717,0.095198,0.609610,0.052938,0.045551,0.019177,0.114762,0.009587,0.006460
N20003550,0.033712,0.122436,0.603619,0.064148,0.028668,0.022602,0.113917,0.006544,0.004356
N20003551,0.040214,0.123062,0.589285,0.067372,0.032148,0.023981,0.111519,0.007420,0.004998
N20003552,0.158374,0.299072,0.189912,0.139554,0.079345,0.056753,0.037837,0.023806,0.015348
N20003553,0.046812,0.091624,0.623541,0.051279,0.037403,0.017806,0.116996,0.008704,0.005835
N20003554,0.023177,0.279445,0.413477,0.133770,0.014806,0.061615,0.067168,0.003915,0.002627
N20003555,0.035414,0.080960,0.656238,0.042924,0.031357,0.014944,0.126660,0.006870,0.004633
N20003556,0.032000,0.289229,0.394866,0.129725,0.017409,0.061479,0.066997,0.004980,0.003315
N20003557,0.038011,0.287721,0.388548,0.126529,0.021863,0.060294,0.066953,0.006044,0.004036
N20003558,0.134268,0.150948,0.418068,0.073494,0.076527,0.027295,0.084509,0.021054,0.013837
N20003559,0.076480,0.091627,0.566717,0.046081,0.057618,0.017001,0.121658,0.013721,0.009096
N20003560,0.049192,0.118499,0.580603,0.067234,0.037215,0.023042,0.109340,0.008889,0.005986
N20003561,0.133728,0.116636,0.448166,0.055799,0.088412,0.020427,0.099759,0.022383,0.014690
N20003562,0.014375,0.361096,0.301377,0.171339,0.008831,0.091711,0.047237,0.002416,0.001617
N20003563,0.107571,0.285060,0.274978,0.133898,0.059804,0.055811,0.055004,0.016875,0.010998
N20003564,0.113725,0.094881,0.526079,0.048126,0.067739,0.017800,0.101729,0.017919,0.012002
N20003565,0.025425,0.072184,0.682700,0.038067,0.024976,0.013602,0.134283,0.005249,0.003514
N20003566,0.033612,0.061940,0.675632,0.029654,0.032710,0.011090,0.143913,0.006872,0.004578
N20003567,0.043795,0.181386,0.505487,0.097801,0.028426,0.036527,0.094261,0.007394,0.004924
N20003568,0.024110,0.414278,0.211015,0.196301,0.013939,0.100782,0.033028,0.003930,0.002615
N20003569,0.035066,0.262647,0.406755,0.140294,0.020577,0.059949,0.065274,0.005635,0.003803
N20003570,0.121855,0.377751,0.154004,0.167280,0.051283,0.070351,0.029658,0.016951,0.010867
N20003571,0.047525,0.364052,0.285838,0.147182,0.023949,0.067785,0.051733,0.007250,0.004685
N20003572,0.047811,0.450396,0.136093,0.201709,0.021105,0.109681,0.021951,0.006783,0.004470
N20003573,0.115686,0.357482,0.187503,0.161682,0.047547,0.069891,0.034280,0.015735,0.010193
N20003574,0.100513,0.278956,0.291309,0.148268,0.050315,0.054482,0.051220,0.015054,0.009885
N20003575,0.027048,0.116897,0.620269,0.065213,0.023786,0.022064,0.115844,0.005311,0.003567
N20003576,0.110727,0.320328,0.271461,0.111549,0.047301,0.058680,0.055016,0.015127,0.009809
N20003577,0.156732,0.320961,0.167593,0.148482,0.070922,0.067600,0.031150,0.022084,0.014476
N20003578,0.014091,0.053692,0.731032,0.026791,0.018411,0.009937,0.140424,0.003353,0.002270
N20003579,0.026374,0.178770,0.544620,0.088556,0.019484,0.035460,0.098752,0.004792,0.003191
N20003580,0.057662,0.195999,0.463172,0.107661,0.036146,0.043566,0.079835,0.009539,0.006420
N20003581,0.041179,0.073377,0.648064,0.038660,0.039099,0.014109,0.131597,0.008325,0.005590
N20003582,0.072073,0.294378,0.294095,0.158992,0.045931,0.061763,0.052678,0.012046,0.008044
N20003583,0.062681,0.081293,0.612390,0.045062,0.046459,0.015401,0.118049,0.011192,0.007473
N20003584,0.079746,0.231701,0.369638,0.134832,0.045417,0.052050,0.065583,0.012617,0.008415
N20003585,0.027511,0.328723,0.319448,0.174157,0.016633,0.074239,0.051695,0.004553,0.003040
N20003586,0.119271,0.129275,0.466861,0.067202,0.071340,0.024657,0.089504,0.019188,0.012703
N20003587,0.041728,0.244387,0.427223,0.122334,0.028448,0.046885,0.076923,0.007251,0.004822
N20003588,0.032595,0.254880,0.429808,0.125247,0.022432,0.052322,0.073185,0.005718,0.003814
N20003589,0.059434,0.254664,0.383010,0.132969,0.035048,0.052954,0.066009,0.009530,0.006382
N20003590,0.059257,0.177823,0.502277,0.079538,0.034965,0.032698,0.097705,0.009487,0.006250
N20003591,0.025241,0.358573,0.271595,0.197382,0.015878,0.077694,0.046559,0.004239,0.002839
N20003592,0.054374,0.254269,0.427549,0.103375,0.024702,0.046800,0.076150,0.007720,0.005061
N20003593,0.048894,0.440524,0.184274,0.173796,0.022311,0.084770,0.033799,0.007084,0.004549
N20003594,0.031545,0.370745,0.272367,0.177584,0.017591,0.075592,0.046233,0.005015,0.003329
N20003595,0.038610,0.356509,0.271970,0.176375,0.024417,0.073580,0.047649,0.006554,0.004336
N20003596,0.039012,0.248138,0.449407,0.105193,0.021394,0.046106,0.080599,0.006120,0.004031
N20003597,0.041039,0.280764,0.402041,0.114574,0.023295,0.052583,0.074833,0.006576,0.004295
N20003598,0.041380,0.425420,0.162551,0.214167,0.023817,0.094064,0.027489,0.006684,0.004427
N20003599,0.082384,0.282553,0.341865,0.119036,0.039455,0.051135,0.063687,0.012041,0.007842
N20003600,0.035332,0.401664,0.205995,0.207894,0.020046,0.085013,0.034634,0.005660,0.003762
N20003601,0.066055,0.390803,0.201016,0.174771,0.030861,0.086018,0.034578,0.009591,0.006307
N20003602,0.073444,0.420100,0.142259,0.203864,0.030708,0.088712,0.024213,0.010093,0.006608
N20003603,0.049620,0.451660,0.157273,0.184968,0.021246,0.096161,0.027550,0.006989,0.004533
N20003604,0.018109,0.419621,0.214993,0.210284,0.009825,0.087031,0.035394,0.002850,0.001893
N20003605,0.051925,0.323321,0.325030,0.140475,0.025130,0.066320,0.055105,0.007651,0.005043
N20003606,0.052665,0.415256,0.180518,0.194385,0.025833,0.086896,0.031386,0.007895,0.005167
N20003607,0.039881,0.523432,0.075618,0.217483,0.016173,0.105575,0.012734,0.005526,0.003579
N20003608,0.072084,0.437872,0.142960,0.190552,0.029391,0.085281,0.025660,0.009813,0.006386
N20003609,0.051756,0.514327,0.094432,0.200412,0.018725,0.092612,0.016670,0.006737,0.004328
N20003610,0.080765,0.444147,0.160356,0.150579,0.031006,0.084197,0.031369,0.010746,0.006835
N20003611,0.064412,0.407141,0.184891,0.189360,0.027048,0.080741,0.031790,0.008814,0.005803
N20003612,0.070043,0.283630,0.343555,0.131391,0.037357,0.055724,0.060393,0.010793,0.007114
N20003613,0.033966,0.475133,0.141922,0.199444,0.013624,0.105766,0.022487,0.004622,0.003035
N20003614,0.046331,0.416063,0.200927,0.180946,0.020952,0.089987,0.033765,0.006667,0.004362
N20003615,0.029235,0.388880,0.249113,0.182640,0.017308,0.083574,0.041280,0.004788,0.003183
N20003616,0.038556,0.500587,0.124379,0.196836,0.013950,0.097081,0.020369,0.004988,0.003253
N20003617,0.039394,0.502090,0.142709,0.172632,0.014455,0.096398,0.023773,0.005198,0.003351
N20003618,0.045450,0.442466,0.205267,0.162649,0.019089,0.079887,0.034713,0.006346,0.004133
N20003619,0.063252,0.302959,0.329420,0.132513,0.036085,0.060329,0.058699,0.010079,0.006664
N20003620,0.055953,0.403001,0.204337,0.175181,0.025454,0.087683,0.035106,0.008010,0.005275
N20003621,0.013147,0.102835,0.675552,0.053230,0.012161,0.019420,0.119235,0.002630,0.001791
N20003622,0.010563,0.114349,0.664475,0.059501,0.009566,0.021654,0.116366,0.002099,0.001428
N20003623,0.021241,0.149039,0.598199,0.073860,0.016606,0.028090,0.106380,0.003933,0.002653
N20003624,0.080009,0.134854,0.520470,0.054823,0.054661,0.022201,0.110279,0.013709,0.008994
N20003625,0.018636,0.185314,0.550401,0.094366,0.015087,0.038121,0.092161,0.003529,0.002386
N20003626,0.019081,0.080487,0.689444,0.042674,0.020504,0.015118,0.125810,0.004097,0.002785
N20003627,0.026423,0.204940,0.502151,0.111310,0.020174,0.041119,0.085789,0.004828,0.003265
N20003628,0.052094,0.101678,0.601300,0.051388,0.040618,0.019596,0.117350,0.009579,0.006396
N20003629,0.019872,0.090473,0.673895,0.047577,0.019633,0.015982,0.125708,0.004085,0.002776
N20003630,0.013378,0.061339,0.729688,0.030881,0.013993,0.010707,0.135271,0.002826,0.001917
N20003631,0.059588,0.085713,0.615033,0.040135,0.042396,0.014213,0.125647,0.010383,0.006894
N20003632,0.127746,0.097507,0.489680,0.041086,0.087129,0.017270,0.103573,0.021752,0.014259
N20003633,0.039481,0.453690,0.162546,0.191545,0.015721,0.102639,0.025515,0.005381,0.003481
N20003634,0.020262,0.138774,0.618231,0.074587,0.013009,0.026023,0.103481,0.003350,0.002282
N20003635,0.030560,0.359233,0.298031,0.164123,0.016543,0.072297,0.051237,0.004814,0.003161
N20003636,0.034226,0.043075,0.708206,0.018909,0.030739,0.007211,0.146541,0.006654,0.004439
N20003637,0.031181,0.127367,0.608131,0.063618,0.025716,0.024570,0.109531,0.005915,0.003972
N20003638,0.027294,0.101506,0.657196,0.048328,0.020096,0.019292,0.118148,0.004862,0.003277
N20003639,0.040876,0.103455,0.624614,0.055220,0.034548,0.020275,0.108080,0.007679,0.005252
N20003640,0.181455,0.243745,0.246644,0.100355,0.083723,0.048993,0.052847,0.025694,0.016545
N20003641,0.056367,0.154155,0.537786,0.072750,0.035671,0.029362,0.098367,0.009315,0.006226
N20003642,0.094817,0.247476,0.363051,0.104125,0.046575,0.044531,0.076472,0.013945,0.009007
N20003643,0.025006,0.428733,0.187379,0.211856,0.012691,0.097200,0.030810,0.003800,0.002525
N20003644,0.039189,0.350725,0.286074,0.171106,0.023590,0.068100,0.050468,0.006489,0.004259
N20003645,0.025207,0.214616,0.498048,0.112740,0.017011,0.040926,0.084208,0.004325,0.002920
N20003646,0.019728,0.273041,0.430609,0.130488,0.015088,0.055004,0.069926,0.003661,0.002454
N20003647,0.022292,0.089343,0.680888,0.046031,0.018607,0.016624,0.119132,0.004219,0.002865
N20003648,0.038366,0.320886,0.316651,0.169110,0.023571,0.067341,0.053453,0.006362,0.004260
N20003649,0.059496,0.191147,0.485821,0.090851,0.032136,0.038269,0.087194,0.009028,0.006056
N20003650,0.035670,0.297988,0.370174,0.142297,0.021599,0.059875,0.062680,0.005817,0.003900
N20003651,0.043517,0.357009,0.328774,0.127035,0.018019,0.060508,0.055259,0.005970,0.003907
N20003652,0.025845,0.384396,0.260703,0.185299,0.012948,0.081979,0.042355,0.003888,0.002587
N20003653,0.065269,0.480888,0.128924,0.175066,0.024771,0.087794,0.023008,0.008696,0.005585
N20003654,0.058569,0.389145,0.237218,0.159439,0.025789,0.074336,0.041754,0.008350,0.005401
N20003655,0.021931,0.393799,0.280571,0.157156,0.012959,0.079705,0.047852,0.003643,0.002384
N20003656,0.045419,0.538720,0.078807,0.196984,0.015168,0.101846,0.013687,0.005709,0.003659
N20003657,0.060064,0.440942,0.167363,0.182790,0.023937,0.082051,0.029474,0.008100,0.005278
N20003658,0.018929,0.403230,0.250553,0.186933,0.011425,0.083539,0.040170,0.003136,0.002086
N20003659,0.053684,0.502952,0.099297,0.197162,0.020068,0.097765,0.017431,0.007076,0.004566
N20003660,0.075303,0.452588,0.145333,0.170567,0.029689,0.083829,0.025912,0.010196,0.006583
N20003661,0.082484,0.365037,0.231262,0.149112,0.037593,0.070799,0.044426,0.011666,0.007620
N20003662,0.051509,0.504548,0.074929,0.218945,0.019409,0.106657,0.012751,0.006835,0.004417
N20003663,0.047345,0.420661,0.218296,0.158423,0.020961,0.084984,0.038167,0.006781,0.004382
N20003664,0.029603,0.480648,0.149868,0.196530,0.012190,0.100246,0.024158,0.004081,0.002677
N20003665,0.037473,0.450225,0.191213,0.178630,0.015082,0.086573,0.032355,0.005130,0.003320
N20003666,0.035390,0.485375,0.136477,0.196009,0.013026,0.104583,0.021495,0.004635,0.003010
N20003667,0.038026,0.381633,0.250157,0.179108,0.018528,0.082359,0.040829,0.005624,0.003737
N20003668,0.039049,0.479551,0.155630,0.178052,0.015520,0.097547,0.025879,0.005326,0.003445
N20003669,0.034387,0.289187,0.381882,0.137095,0.022929,0.060875,0.063723,0.005949,0.003973
N20003670,0.039905,0.312762,0.369076,0.123908,0.020090,0.056882,0.067413,0.006021,0.003944
N20003671,0.032135,0.260990,0.444335,0.109262,0.018173,0.051723,0.074847,0.005135,0.003399
N20003672,0.050893,0.352806,0.263996,0.169684,0.027784,0.077258,0.044320,0.007952,0.005307
N20003673,0.020269,0.367091,0.322470,0.146371,0.010820,0.076003,0.051704,0.003163,0.002107
N20003674,0.020906,0.338728,0.341427,0.156468,0.011554,0.070697,0.054702,0.003304,0.002213
N20003675,0.012074,0.284456,0.437939,0.122433,0.007829,0.062966,0.068822,0.002088,0.001394
N20003676,0.023629,0.289298,0.422119,0.120126,0.013035,0.055523,0.070048,0.003738,0.002484
N20003677,0.038861,0.528029,0.080753,0.204715,0.013513,0.112427,0.013501,0.004990,0.003212
N20003678,0.041210,0.240073,0.445853,0.111273,0.026026,0.046427,0.077691,0.006844,0.004603
N20003679,0.036591,0.487097,0.067398,0.257433,0.012069,0.121840,0.010163,0.004451,0.002957
N20003680,0.040728,0.291948,0.365561,0.139687,0.028839,0.056228,0.064956,0.007241,0.004811
N20003681,0.015212,0.237789,0.479040,0.118837,0.011727,0.048789,0.083865,0.002838,0.001903
N20003682,0.035150,0.451654,0.150127,0.217390,0.017496,0.095034,0.024317,0.005330,0.003501
N20003683,0.025523,0.320878,0.352302,0.154000,0.013808,0.071140,0.055750,0.003947,0.002650
N20003684,0.020986,0.269322,0.421064,0.141217,0.015585,0.055782,0.069656,0.003814,0.002574
N20003685,0.032001,0.257978,0.421306,0.134620,0.021041,0.055912,0.068021,0.005437,0.003685
N20003686,0.041978,0.385875,0.219983,0.197882,0.020811,0.088091,0.034949,0.006252,0.004178
N20003687,0.037481,0.358026,0.279514,0.166353,0.020968,0.081796,0.045969,0.005939,0.003956
N20003688,0.018169,0.346014,0.316429,0.178051,0.012870,0.070935,0.052104,0.003251,0.002177
N20003689,0.024513,0.317475,0.368464,0.147229,0.013183,0.062094,0.060685,0.003818,0.002540
N20003690,0.024133,0.407181,0.220790,0.203388,0.012525,0.090989,0.034820,0.003704,0.002471
N20003691,0.023687,0.395326,0.237215,0.196065,0.010419,0.097352,0.034380,0.003323,0.002233
N20003692,0.025922,0.445135,0.173602,0.204649,0.014439,0.101381,0.027971,0.004156,0.002745
N20003693,0.012364,0.170123,0.585030,0.085528,0.012458,0.031751,0.098352,0.002625,0.001768
N20003694,0.046198,0.396719,0.202933,0.198412,0.022421,0.088575,0.033400,0.006817,0.004526
N20003695,0.021661,0.355644,0.301195,0.176360,0.011148,0.081781,0.046705,0.003303,0.002204
N20003696,0.023470,0.321926,0.344374,0.157993,0.014769,0.076752,0.054111,0.003959,0.002646
N20003697,0.021959,0.287510,0.391793,0.147404,0.017577,0.058472,0.068309,0.004178,0.002797
N20003698,0.030573,0.411756,0.215734,0.197098,0.015712,0.086737,0.034613,0.004679,0.003100
N20003699,0.040791,0.424506,0.191467,0.189410,0.018181,0.094766,0.031251,0.005803,0.003826
N20003700,0.029024,0.353771,0.295652,0.173459,0.017488,0.073601,0.049048,0.004772,0.003184
N20003701,0.030130,0.381100,0.237078,0.195764,0.017813,0.091714,0.038148,0.004948,0.003305
N20003702,0.023891,0.377356,0.259842,0.194046,0.013097,0.082703,0.042781,0.003772,0.002512
N20003703,0.048398,0.255945,0.421602,0.112031,0.026965,0.049094,0.073276,0.007638,0.005052
N20003704,0.021198,0.222930,0.488390,0.116650,0.017641,0.045085,0.081291,0.004063,0.002753
N20003705,0.033388,0.378337,0.253194,0.185426,0.018704,0.079398,0.042713,0.005310,0.003530
N20003706,0.032956,0.304519,0.347260,0.156476,0.022892,0.067999,0.058223,0.005782,0.003893
N20003707,0.024897,0.412598,0.234170,0.187075,0.012720,0.084195,0.037993,0.003825,0.002526
N20003708,0.041474,0.324121,0.317274,0.162524,0.023236,0.067574,0.052894,0.006537,0.004366
N20003709,0.043854,0.357679,0.276458,0.164630,0.024318,0.074903,0.046641,0.006930,0.004587
N20003710,0.037193,0.295988,0.373530,0.142292,0.017645,0.065446,0.058892,0.005404,0.003611
N20003711,0.047073,0.508738,0.067136,0.233247,0.018540,0.103339,0.011479,0.006325,0.004123
N20003712,0.044703,0.295409,0.354446,0.143766,0.029160,0.060623,0.059175,0.007622,0.005095
N20003713,0.024819,0.410745,0.249040,0.177076,0.013768,0.076661,0.041298,0.003976,0.002617
N20003714,0.019992,0.395395,0.253702,0.184408,0.011618,0.088610,0.040863,0.003242,0.002170
N20003715,0.026712,0.329070,0.358091,0.139236,0.015328,0.064497,0.059867,0.004337,0.002862
N20003716,0.029962,0.390499,0.262423,0.169714,0.016060,0.078558,0.045011,0.004685,0.003088
N20003717,0.014895,0.195820,0.547832,0.090553,0.010908,0.041774,0.093704,0.002698,0.001817
N20003718,0.029054,0.395829,0.249749,0.182345,0.013080,0.082581,0.040465,0.004144,0.002753
N20003719,0.016157,0.247390,0.468963,0.121132,0.011366,0.051250,0.078946,0.002869,0.001926
N20003720,0.043680,0.549734,0.038344,0.223550,0.012609,0.117361,0.006350,0.005099,0.003273
N20003721,0.074967,0.243152,0.360361,0.126826,0.057891,0.051501,0.062243,0.013757,0.009302
N20003722,0.030330,0.352908,0.301496,0.165512,0.018955,0.072005,0.050286,0.005112,0.003395
N20003723,0.034364,0.527280,0.064821,0.234431,0.011828,0.109434,0.010661,0.004349,0.002832
N20003724,0.017494,0.515764,0.063174,0.265211,0.006843,0.118285,0.009330,0.002341,0.001557
N20003725,0.035152,0.405952,0.224354,0.182363,0.016791,0.089956,0.036882,0.005129,0.003421
N20003726,0.029518,0.378758,0.267658,0.174189,0.015223,0.084874,0.042276,0.004493,0.003009
N20003727,0.040606,0.468163,0.110724,0.225022,0.018160,0.110743,0.016941,0.005790,0.003852
N20003728,0.027205,0.388806,0.245118,0.193652,0.016069,0.081664,0.040085,0.004430,0.002971
N20003729,0.029447,0.374022,0.272686,0.175396,0.015643,0.080173,0.045081,0.004520,0.003031
N20003730,0.023861,0.393891,0.246852,0.191269,0.011609,0.088511,0.038142,0.003507,0.002358
N20003731,0.025519,0.421089,0.192873,0.203973,0.012840,0.107903,0.029387,0.003837,0.002580
N20003732,0.029195,0.491918,0.128456,0.206688,0.012892,0.102537,0.021423,0.004164,0.002726
N20003733,0.021086,0.484422,0.151882,0.191819,0.009581,0.113577,0.022557,0.003055,0.002022
N20003734,0.016829,0.519465,0.106314,0.211251,0.006938,0.119297,0.016027,0.002338,0.001543
N20003735,0.022221,0.562458,0.033905,0.230974,0.007345,0.133201,0.005285,0.002805,0.001808
N20003736,0.014671,0.414219,0.264888,0.159676,0.006490,0.097251,0.039316,0.002097,0.001392
N20003737,0.018655,0.462963,0.166811,0.198452,0.010211,0.111678,0.026269,0.002989,0.001972
N20003738,0.014822,0.441695,0.213577,0.192130,0.006697,0.096258,0.031274,0.002129,0.001419
N20003739,0.015919,0.350791,0.345098,0.146439,0.009014,0.072864,0.055600,0.002569,0.001707
N20003740,0.022993,0.352699,0.308232,0.164036,0.012429,0.087778,0.045855,0.003571,0.002407
N20003741,0.030711,0.491152,0.089923,0.234016,0.012237,0.121638,0.013448,0.004136,0.002739
N20003742,0.019967,0.488194,0.120360,0.232628,0.008852,0.106764,0.018476,0.002868,0.001892
N20003743,0.027814,0.420982,0.183999,0.217620,0.013125,0.101543,0.028164,0.004037,0.002717
N20003744,0.054586,0.302203,0.322190,0.157735,0.029877,0.068102,0.051162,0.008457,0.005687
N20003745,0.022128,0.493579,0.097160,0.236189,0.008932,0.122480,0.014523,0.003014,0.001996
N20003746,0.044933,0.354231,0.261486,0.174354,0.026809,0.084779,0.041165,0.007329,0.004915
N20003747,0.028364,0.379803,0.250904,0.182952,0.015228,0.098026,0.037384,0.004386,0.002954
N20003748,0.010840,0.499757,0.107935,0.231838,0.005218,0.126428,0.015274,0.001626,0.001084
N20003749,0.044750,0.430600,0.178380,0.191255,0.023331,0.091057,0.029241,0.006852,0.004533
N20003750,0.027635,0.539652,0.029711,0.257772,0.007915,0.127527,0.004527,0.003182,0.002078
N20003751,0.023057,0.526619,0.076883,0.231891,0.007696,0.117241,0.011872,0.002862,0.001877
N20003752,0.050695,0.446238,0.109535,0.233228,0.020995,0.111471,0.016348,0.006880,0.004610
N20003753,0.032375,0.487923,0.120210,0.214961,0.013315,0.104718,0.019133,0.004441,0.002924
N20003754,0.023253,0.495724,0.102121,0.239585,0.008956,0.109713,0.015515,0.003095,0.002039
N20003755,0.027792,0.329334,0.341028,0.148114,0.016100,0.075635,0.054539,0.004475,0.002983
N20003756,0.290528,0.134793,0.252065,0.073855,0.111457,0.030064,0.045444,0.037296,0.024497
N20003757,0.031576,0.485627,0.144662,0.193263,0.012927,0.101282,0.023490,0.004335,0.002838
N20003758,0.020134,0.485214,0.166746,0.189231,0.008516,0.099717,0.025761,0.002828,0.001852
N20003759,0.453807,0.114328,0.115799,0.064344,0.122414,0.027901,0.020651,0.049011,0.031745
N20003760,0.338583,0.119106,0.200432,0.075640,0.130016,0.027184,0.036211,0.044103,0.028725
N20003761,0.084721,0.369404,0.193063,0.182762,0.033518,0.086376,0.031540,0.011203,0.007415
N20003762,0.025118,0.540067,0.102238,0.159867,0.009453,0.142515,0.015243,0.003319,0.002181
N20003763,0.316843,0.166670,0.174271,0.091605,0.113132,0.041889,0.029852,0.039731,0.026007
N20003764,0.018520,0.582521,0.012752,0.172058,0.004716,0.204342,0.001734,0.002031,0.001326
N20003765,0.042710,0.561690,0.032608,0.161026,0.010023,0.179959,0.004656,0.004436,0.002891
N20003766,0.031795,0.543633,0.051120,0.190149,0.009767,0.159870,0.007397,0.003780,0.002489
N20003767,0.059536,0.480137,0.088760,0.203694,0.020571,0.121056,0.013883,0.007467,0.004896
N20003768,0.024173,0.558314,0.046384,0.172592,0.007073,0.180457,0.006337,0.002816,0.001855
N20003769,0.159589,0.332852,0.148998,0.164888,0.050381,0.087864,0.024024,0.018942,0.012462
N20003770,0.059516,0.418075,0.166299,0.197652,0.023916,0.093076,0.028190,0.008016,0.005260
N20003771,0.258316,0.108139,0.319159,0.067549,0.108286,0.025789,0.055396,0.034402,0.022965
N20003772,0.119509,0.359016,0.165520,0.173591,0.039989,0.091249,0.026742,0.014745,0.009639
N20003773,0.431735,0.053352,0.171166,0.034539,0.171401,0.013328,0.031176,0.056281,0.037023
N20003774,0.419698,0.089672,0.145725,0.055386,0.152762,0.023072,0.026495,0.052676,0.034514
N20003775,0.541672,0.038229,0.118137,0.025099,0.148977,0.009460,0.021458,0.058862,0.038106
N20003776,0.628347,0.039480,0.034865,0.027047,0.147894,0.010805,0.006567,0.064091,0.040905
N20003777,0.587859,0.018995,0.065526,0.011978,0.185098,0.004579,0.012632,0.069220,0.044113
N20003778,0.521782,0.031019,0.138089,0.020999,0.157817,0.007695,0.025121,0.058985,0.038493
N20003779,0.522111,0.027615,0.109505,0.016979,0.188485,0.006371,0.021807,0.065157,0.041970
N20003780,0.463274,0.084042,0.113404,0.053369,0.152904,0.021571,0.019969,0.055256,0.036211
