code,Sinn Féin,DUP,Alliance,UUP,SDLP,TUV,Green,PBP,Aontú
N20000001,0.033689,0.422299,0.093712,0.253556,0.010140,0.175861,0.007129,0.001196,0.002417
N20000002,0.015577,0.436117,0.093246,0.277818,0.005558,0.162840,0.006956,0.000632,0.001255
N20000003,0.039750,0.459362,0.035921,0.244246,0.011185,0.202283,0.003082,0.001449,0.002722
N20000004,0.241594,0.153528,0.270989,0.114281,0.107686,0.052388,0.027752,0.010991,0.020793
N20000005,0.021706,0.409068,0.079869,0.316064,0.006729,0.158189,0.005987,0.000788,0.001602
N20000006,0.211375,0.255573,0.138015,0.179411,0.078022,0.099252,0.013117,0.008741,0.016493
N20000007,0.739422,0.027569,0.015904,0.028702,0.121296,0.010771,0.001608,0.020034,0.034693
N20000008,0.383302,0.146078,0.130472,0.132118,0.103711,0.055972,0.011686,0.012385,0.024275
N20000009,0.056048,0.407551,0.063495,0.272555,0.017275,0.171561,0.005348,0.002105,0.004061
N20000010,0.020393,0.377485,0.193717,0.260761,0.009101,0.119421,0.016331,0.000932,0.001859
N20000011,0.089827,0.495437,0.041185,0.218405,0.017361,0.125818,0.004324,0.002824,0.004819
N20000012,0.063522,0.419323,0.110971,0.246862,0.017524,0.125550,0.009929,0.002150,0.004170
N20000013,0.116901,0.339858,0.092589,0.272544,0.028373,0.130813,0.007987,0.003707,0.007226
N20000014,0.159127,0.267808,0.231837,0.166822,0.057758,0.074685,0.023160,0.006593,0.012210
N20000015,0.765791,0.014363,0.012775,0.013082,0.128523,0.004271,0.001507,0.023353,0.036335
N20000016,0.331989,0.121574,0.181914,0.090412,0.168594,0.029326,0.028665,0.017588,0.029939
N20000017,0.709591,0.029137,0.026229,0.024922,0.139437,0.008207,0.003472,0.022414,0.036592
N20000018,0.595244,0.023851,0.057349,0.023952,0.214612,0.006545,0.007752,0.026547,0.044149
N20000019,0.268780,0.339493,0.085001,0.131645,0.056938,0.083730,0.011094,0.008849,0.014471
N20000020,0.408510,0.170597,0.109561,0.110801,0.102648,0.047020,0.011674,0.014353,0.024837
N20000021,0.537995,0.036451,0.107153,0.038060,0.193591,0.010172,0.013263,0.023297,0.040018
N20000022,0.730892,0.012113,0.005676,0.011499,0.167346,0.004511,0.000865,0.025971,0.041127
N20000023,0.411152,0.100253,0.154293,0.086696,0.153748,0.026507,0.018874,0.017286,0.031192
N20000024,0.728032,0.034652,0.011453,0.029961,0.125142,0.014652,0.001259,0.020081,0.034768
N20000025,0.255296,0.187247,0.187586,0.160725,0.103415,0.053226,0.019872,0.011644,0.020988
N20000026,0.019243,0.400139,0.119244,0.307186,0.007437,0.135077,0.009265,0.000796,0.001614
N20000027,0.206204,0.142994,0.343340,0.106877,0.094657,0.037941,0.040540,0.009722,0.017725
N20000028,0.512142,0.111722,0.042340,0.104628,0.130098,0.044796,0.004738,0.017899,0.031635
N20000029,0.430869,0.109494,0.113170,0.101146,0.150401,0.030318,0.014131,0.018410,0.032061
N20000030,0.035210,0.319423,0.243599,0.259559,0.019893,0.094522,0.022254,0.001878,0.003662
N20000031,0.015107,0.330259,0.301256,0.228886,0.007965,0.086536,0.027718,0.000759,0.001513
N20000032,0.618946,0.024081,0.046394,0.027402,0.202756,0.007312,0.006589,0.024114,0.042405
N20000033,0.733849,0.020053,0.009648,0.022146,0.145180,0.007761,0.001166,0.022181,0.038015
N20000034,0.671549,0.026070,0.031253,0.028390,0.166276,0.008691,0.003998,0.023697,0.040077
N20000035,0.267790,0.192327,0.192054,0.140017,0.114077,0.046691,0.020282,0.010656,0.016107
N20000036,0.332932,0.204052,0.135457,0.118617,0.121284,0.040096,0.016966,0.012582,0.018014
N20000037,0.327973,0.257620,0.123003,0.115050,0.084511,0.051933,0.014769,0.010536,0.014604
N20000038,0.114856,0.157755,0.449366,0.105486,0.076517,0.033634,0.047491,0.005797,0.009098
N20000039,0.146906,0.148368,0.384586,0.124043,0.106303,0.035308,0.034308,0.007735,0.012443
N20000040,0.436324,0.181363,0.083187,0.085315,0.131909,0.032596,0.013078,0.015564,0.020664
N20000041,0.173478,0.257466,0.192633,0.195261,0.082097,0.061684,0.018422,0.007451,0.011507
N20000042,0.116613,0.233665,0.356322,0.121678,0.066724,0.053235,0.037828,0.005561,0.008375
N20000043,0.161944,0.280759,0.215817,0.162107,0.077420,0.059671,0.024600,0.007080,0.010600
N20000044,0.178410,0.236897,0.199981,0.187934,0.099547,0.054261,0.021113,0.008686,0.013171
N20000045,0.266555,0.094639,0.292014,0.095393,0.168824,0.022038,0.027359,0.012690,0.020490
N20000046,0.084124,0.445198,0.080876,0.245713,0.027249,0.102340,0.006988,0.002988,0.004524
N20000047,0.106448,0.285436,0.232552,0.230000,0.042368,0.074420,0.018476,0.003889,0.006410
N20000048,0.283629,0.150523,0.199363,0.126416,0.150901,0.037329,0.018626,0.013123,0.020090
N20000049,0.390274,0.110722,0.174187,0.085247,0.157778,0.026263,0.016751,0.015755,0.023023
N20000050,0.077594,0.395214,0.168888,0.222156,0.032154,0.080455,0.015467,0.003222,0.004848
N20000051,0.543412,0.062208,0.097541,0.042859,0.181455,0.014216,0.011179,0.019344,0.027786
N20000052,0.151301,0.368398,0.114993,0.213919,0.047551,0.080840,0.009520,0.005412,0.008066
N20000053,0.277949,0.151321,0.266824,0.111009,0.110300,0.030139,0.025547,0.010760,0.016152
N20000054,0.094223,0.404565,0.114687,0.251681,0.032190,0.083616,0.010418,0.003395,0.005225
N20000055,0.097466,0.407388,0.133169,0.227445,0.033277,0.080412,0.011751,0.003647,0.005446
N20000056,0.182299,0.314171,0.194846,0.155139,0.055581,0.064795,0.017744,0.006188,0.009238
N20000057,0.257627,0.166993,0.214495,0.144038,0.125587,0.042195,0.021517,0.010677,0.016871
N20000058,0.105281,0.418034,0.133640,0.201669,0.032276,0.089637,0.010493,0.003506,0.005465
N20000059,0.329463,0.086329,0.277909,0.053535,0.167996,0.015052,0.032190,0.015393,0.022133
N20000060,0.185559,0.231144,0.199885,0.210267,0.072556,0.067403,0.015517,0.006725,0.010943
N20000061,0.107600,0.386095,0.153589,0.201722,0.042028,0.084626,0.013741,0.004184,0.006416
N20000062,0.089266,0.467879,0.091762,0.205326,0.028278,0.101749,0.007725,0.003232,0.004784
N20000063,0.221390,0.219946,0.240800,0.128594,0.094925,0.042975,0.029486,0.008695,0.013190
N20000064,0.148872,0.257721,0.201816,0.219578,0.070983,0.067171,0.017434,0.006407,0.010018
N20000065,0.202600,0.184996,0.243209,0.175272,0.099502,0.052390,0.020111,0.008272,0.013647
N20000066,0.364593,0.097439,0.261512,0.063334,0.133439,0.020737,0.025142,0.013654,0.020150
N20000067,0.331742,0.175735,0.197709,0.112716,0.099770,0.036581,0.017425,0.011528,0.016794
N20000068,0.251284,0.272948,0.093778,0.188971,0.086334,0.075329,0.007886,0.009530,0.013939
N20000069,0.147573,0.265072,0.187212,0.237937,0.055357,0.079514,0.014068,0.004895,0.008372
N20000070,0.118816,0.248828,0.219190,0.264705,0.055619,0.063723,0.016357,0.004825,0.007936
N20000071,0.224928,0.163075,0.267588,0.125792,0.129883,0.032766,0.028963,0.010684,0.016321
N20000072,0.075069,0.181527,0.432048,0.161066,0.055981,0.047672,0.036236,0.003876,0.006525
N20000073,0.071094,0.415786,0.110242,0.260623,0.024876,0.103129,0.007619,0.002537,0.004094
N20000074,0.067596,0.451334,0.069634,0.259400,0.021658,0.118674,0.005656,0.002388,0.003661
N20000075,0.145495,0.293992,0.172667,0.218340,0.062959,0.075853,0.015857,0.005777,0.009061
N20000076,0.228408,0.152254,0.297664,0.111150,0.117922,0.034388,0.032665,0.010065,0.015484
N20000077,0.138417,0.327048,0.145602,0.229581,0.051365,0.082773,0.012001,0.005158,0.008056
N20000078,0.107406,0.400823,0.095547,0.252868,0.036051,0.089267,0.008276,0.003809,0.005953
N20000079,0.038718,0.475504,0.065129,0.284768,0.010075,0.118325,0.004393,0.001189,0.001898
N20000080,0.077408,0.281164,0.260233,0.232973,0.043824,0.072238,0.022726,0.003600,0.005834
N20000081,0.116589,0.366648,0.112181,0.252395,0.039190,0.093354,0.009249,0.004060,0.006335
N20000082,0.050422,0.474607,0.067708,0.256871,0.013765,0.127773,0.004691,0.001635,0.002529
N20000083,0.146906,0.327850,0.109961,0.259298,0.041457,0.094751,0.007872,0.004577,0.007329
N20000084,0.194157,0.248110,0.151125,0.214907,0.085984,0.072658,0.012129,0.008229,0.012702
N20000085,0.071366,0.263147,0.281523,0.254566,0.034573,0.065162,0.021933,0.002870,0.004859
N20000086,0.009605,0.350322,0.208156,0.293371,0.004715,0.114967,0.017589,0.000459,0.000817
N20000087,0.013062,0.331120,0.221116,0.259482,0.006078,0.150328,0.017145,0.000593,0.001075
N20000088,0.012381,0.323323,0.279279,0.234086,0.007403,0.117047,0.024645,0.000670,0.001166
N20000089,0.013111,0.344005,0.242718,0.241590,0.006478,0.130720,0.019640,0.000634,0.001103
N20000090,0.015660,0.312368,0.255660,0.278565,0.007766,0.104593,0.023310,0.000753,0.001325
N20000091,0.013001,0.343962,0.229938,0.255959,0.005509,0.131674,0.018423,0.000541,0.000992
N20000092,0.016262,0.345583,0.199425,0.293619,0.007823,0.116286,0.018856,0.000793,0.001352
N20000093,0.021373,0.444704,0.056826,0.345636,0.006119,0.117942,0.005237,0.000838,0.001326
N20000094,0.005120,0.120078,0.674159,0.095450,0.003262,0.045883,0.055286,0.000267,0.000496
N20000095,0.044915,0.491180,0.068072,0.262286,0.012389,0.109167,0.007478,0.001799,0.002714
N20000096,0.018464,0.408542,0.091366,0.333938,0.005158,0.133142,0.007623,0.000642,0.001124
N20000097,0.013220,0.321190,0.247049,0.282777,0.005332,0.108026,0.020856,0.000561,0.000990
N20000098,0.015200,0.427576,0.100351,0.312171,0.005226,0.128844,0.008941,0.000634,0.001056
N20000099,0.016885,0.378292,0.116746,0.339515,0.005922,0.131536,0.009268,0.000652,0.001185
N20000100,0.012420,0.353778,0.146409,0.337563,0.005218,0.131596,0.011533,0.000528,0.000957
N20000101,0.006914,0.324709,0.277965,0.251213,0.003434,0.111986,0.022855,0.000333,0.000591
N20000102,0.028950,0.348368,0.221616,0.266251,0.012693,0.096199,0.022355,0.001314,0.002252
N20000103,0.032766,0.442286,0.107733,0.285194,0.010994,0.106304,0.011174,0.001340,0.002210
N20000104,0.034014,0.466720,0.138145,0.239970,0.010850,0.092318,0.014327,0.001430,0.002227
N20000105,0.035631,0.427418,0.153846,0.260418,0.011169,0.092686,0.015165,0.001379,0.002287
N20000106,0.016526,0.355912,0.201620,0.301210,0.007839,0.095332,0.019372,0.000818,0.001370
N20000107,0.030639,0.447580,0.117199,0.256911,0.011005,0.119884,0.013259,0.001388,0.002134
N20000108,0.041308,0.459267,0.113812,0.259548,0.012201,0.097874,0.011810,0.001617,0.002564
N20000109,0.011400,0.348324,0.167109,0.325724,0.005227,0.126427,0.014337,0.000525,0.000927
N20000110,0.011403,0.371571,0.117524,0.364893,0.004007,0.119675,0.009669,0.000456,0.000802
N20000111,0.021494,0.378491,0.118732,0.343238,0.008931,0.115763,0.010722,0.000979,0.001651
N20000112,0.024395,0.465633,0.035426,0.338969,0.005274,0.125113,0.003148,0.000772,0.001271
N20000113,0.018223,0.342864,0.249101,0.241221,0.007831,0.117173,0.021346,0.000828,0.001413
N20000114,0.015194,0.358941,0.185052,0.300452,0.006797,0.114960,0.016692,0.000699,0.001213
N20000115,0.018421,0.394684,0.099989,0.324516,0.007480,0.143628,0.009068,0.000823,0.001391
N20000116,0.024109,0.393939,0.146183,0.302651,0.009028,0.106727,0.014659,0.000996,0.001709
N20000117,0.014275,0.380180,0.126056,0.352862,0.006648,0.107129,0.010986,0.000678,0.001185
N20000118,0.013520,0.380803,0.160394,0.319285,0.005787,0.103685,0.014830,0.000632,0.001065
N20000119,0.021526,0.356531,0.201549,0.298281,0.010439,0.089048,0.019786,0.001044,0.001796
N20000120,0.018529,0.380176,0.117346,0.324049,0.009112,0.137463,0.010850,0.000907,0.001568
N20000121,0.023815,0.368233,0.167156,0.268990,0.011132,0.143023,0.014567,0.001136,0.001947
N20000122,0.014348,0.341086,0.197811,0.298423,0.009440,0.117784,0.018822,0.000840,0.001445
N20000123,0.010065,0.366013,0.158974,0.320309,0.005839,0.122528,0.014756,0.000565,0.000951
N20000124,0.021075,0.353880,0.305231,0.205323,0.010369,0.079798,0.021693,0.001016,0.001616
N20000125,0.019925,0.416830,0.122175,0.289927,0.007777,0.133960,0.007205,0.000819,0.001382
N20000126,0.017659,0.151785,0.622598,0.120044,0.011752,0.029290,0.042341,0.002819,0.001711
N20000127,0.021719,0.512405,0.065409,0.269644,0.005771,0.118807,0.004323,0.000755,0.001167
N20000128,0.017771,0.285182,0.402491,0.191801,0.010103,0.061891,0.026311,0.002832,0.001617
N20000129,0.047693,0.517092,0.072528,0.248462,0.011403,0.092762,0.006023,0.001665,0.002371
N20000130,0.020420,0.364248,0.262058,0.243033,0.008333,0.079429,0.020201,0.000889,0.001389
N20000131,0.051565,0.497357,0.047093,0.280425,0.011906,0.103605,0.003845,0.001696,0.002508
N20000132,0.016277,0.058468,0.773254,0.045916,0.019113,0.009626,0.071376,0.003779,0.002191
N20000133,0.014236,0.362308,0.291482,0.219390,0.005731,0.086994,0.016969,0.001833,0.001058
N20000134,0.031739,0.163918,0.569432,0.126109,0.020501,0.035890,0.044179,0.005236,0.002995
N20000135,0.031442,0.348490,0.221751,0.279873,0.012732,0.085935,0.016390,0.001293,0.002094
N20000136,0.024877,0.379078,0.174660,0.306117,0.011598,0.086879,0.013815,0.001157,0.001819
N20000137,0.021233,0.321407,0.291274,0.262024,0.007229,0.075109,0.018237,0.002219,0.001268
N20000138,0.015616,0.475171,0.095916,0.287139,0.003448,0.115084,0.005513,0.001369,0.000745
N20000139,0.022935,0.349429,0.211874,0.303038,0.009011,0.086704,0.014565,0.000930,0.001515
N20000140,0.035584,0.100888,0.665173,0.055582,0.032687,0.016104,0.082833,0.007213,0.003936
N20000141,0.037976,0.243824,0.443179,0.156924,0.022118,0.049049,0.041881,0.001946,0.003104
N20000142,0.023687,0.595385,0.075426,0.197833,0.005419,0.094505,0.005737,0.000825,0.001182
N20000143,0.026915,0.140159,0.603480,0.125114,0.021826,0.024461,0.050366,0.004818,0.002862
N20000144,0.040685,0.407583,0.131512,0.311833,0.012135,0.080999,0.011576,0.001434,0.002243
N20000145,0.028711,0.564045,0.073436,0.226423,0.007326,0.091549,0.005871,0.001106,0.001532
N20000146,0.036146,0.566645,0.105416,0.186819,0.007496,0.085450,0.006716,0.003485,0.001827
N20000147,0.044939,0.533018,0.051097,0.257156,0.011571,0.093593,0.004586,0.001673,0.002367
N20000148,0.034891,0.436169,0.082380,0.314570,0.011368,0.111277,0.005944,0.001317,0.002084
N20000149,0.030988,0.185255,0.536496,0.144566,0.019503,0.032034,0.043209,0.005064,0.002885
N20000150,0.016495,0.598212,0.099113,0.183748,0.003368,0.091384,0.005226,0.001607,0.000847
N20000151,0.043900,0.428827,0.101962,0.308822,0.013427,0.091149,0.007712,0.001660,0.002542
N20000152,0.055257,0.205583,0.464281,0.138803,0.039633,0.035911,0.044580,0.010375,0.005576
N20000153,0.024031,0.519682,0.065378,0.271855,0.004760,0.107287,0.003673,0.002160,0.001173
N20000154,0.032367,0.549969,0.053837,0.249357,0.007556,0.099950,0.004232,0.001115,0.001619
N20000155,0.027834,0.543164,0.112747,0.219987,0.005819,0.079362,0.007055,0.002627,0.001407
N20000156,0.035144,0.385081,0.216645,0.245833,0.012459,0.084122,0.017112,0.001408,0.002197
N20000157,0.058799,0.393979,0.131965,0.283146,0.018340,0.098162,0.010080,0.002146,0.003383
N20000158,0.021923,0.144870,0.617536,0.110490,0.017702,0.024364,0.056732,0.004041,0.002341
N20000159,0.016073,0.643717,0.050587,0.195911,0.003080,0.084846,0.003384,0.001606,0.000796
N20000160,0.043382,0.209922,0.461197,0.161744,0.029398,0.048151,0.034573,0.007392,0.004241
N20000161,0.068437,0.234235,0.449317,0.125876,0.027025,0.046254,0.035944,0.008202,0.004710
N20000162,0.029355,0.200765,0.515427,0.149702,0.019335,0.040042,0.037775,0.004787,0.002813
N20000163,0.060629,0.418086,0.179371,0.209772,0.018178,0.089841,0.013802,0.006704,0.003617
N20000164,0.067996,0.245906,0.381776,0.142191,0.016798,0.055976,0.080675,0.004659,0.004022
N20000165,0.025898,0.448355,0.190704,0.200590,0.004120,0.094833,0.033004,0.001327,0.001170
N20000166,0.027985,0.093298,0.678903,0.078958,0.028508,0.016632,0.067065,0.005219,0.003433
N20000167,0.018769,0.077498,0.740947,0.064752,0.015327,0.015440,0.062204,0.003032,0.002033
N20000168,0.023640,0.527127,0.088671,0.238556,0.003083,0.101103,0.015675,0.001162,0.000982
N20000169,0.458256,0.104589,0.122788,0.077518,0.128941,0.021883,0.011994,0.048040,0.025992
N20000170,0.027251,0.501170,0.191753,0.155908,0.004341,0.078288,0.038488,0.001535,0.001265
N20000171,0.040965,0.430715,0.207654,0.210210,0.007975,0.076609,0.021018,0.002694,0.002161
N20000172,0.175926,0.131864,0.417389,0.086890,0.081025,0.023546,0.048194,0.022091,0.013074
N20000173,0.230249,0.156906,0.320523,0.106495,0.053771,0.037777,0.066567,0.014864,0.012848
N20000174,0.022352,0.624407,0.047960,0.164696,0.001872,0.130224,0.006872,0.000882,0.000736
N20000175,0.104942,0.463270,0.134737,0.151930,0.016088,0.084735,0.033995,0.005731,0.004571
N20000176,0.040610,0.502779,0.141537,0.188859,0.005233,0.092358,0.025040,0.001921,0.001663
N20000177,0.149092,0.096153,0.494368,0.066230,0.086102,0.017467,0.056350,0.021581,0.012657
N20000178,0.492088,0.143643,0.131124,0.071457,0.060395,0.030242,0.029773,0.022955,0.018323
N20000179,0.046086,0.475264,0.169783,0.178155,0.006432,0.088737,0.031250,0.002350,0.001943
N20000180,0.019335,0.632062,0.044455,0.171977,0.001851,0.121950,0.006835,0.000847,0.000688
N20000181,0.027323,0.603936,0.075248,0.183278,0.002707,0.093000,0.012322,0.001208,0.000979
N20000182,0.027671,0.617609,0.059557,0.172903,0.002638,0.107124,0.010310,0.001217,0.000971
N20000183,0.021775,0.616558,0.086108,0.156059,0.002555,0.101176,0.013856,0.001042,0.000871
N20000184,0.031635,0.599400,0.096475,0.167402,0.003728,0.079587,0.018935,0.001586,0.001252
N20000185,0.041620,0.502331,0.151765,0.166799,0.005631,0.098623,0.029493,0.002034,0.001705
N20000186,0.131179,0.344482,0.216646,0.155037,0.020812,0.071936,0.046796,0.007281,0.005832
N20000187,0.023248,0.638499,0.040539,0.183730,0.001777,0.104010,0.006579,0.000898,0.000719
N20000188,0.046555,0.236955,0.425038,0.136948,0.012975,0.046632,0.088564,0.003381,0.002952
N20000189,0.022543,0.625731,0.044907,0.183706,0.002037,0.111915,0.007396,0.000992,0.000772
N20000190,0.027173,0.590838,0.063383,0.184228,0.003138,0.117834,0.011006,0.001330,0.001068
N20000191,0.032586,0.521363,0.128738,0.177831,0.005023,0.108433,0.022765,0.001797,0.001464
N20000192,0.025758,0.517528,0.136579,0.195829,0.002571,0.100021,0.019714,0.001076,0.000923
N20000193,0.031732,0.601598,0.045985,0.194405,0.003133,0.112340,0.008168,0.001501,0.001139
N20000194,0.024533,0.640120,0.088315,0.135265,0.002620,0.091524,0.015503,0.001201,0.000920
N20000195,0.025338,0.614669,0.045658,0.188447,0.002493,0.113431,0.007848,0.001200,0.000916
N20000196,0.022241,0.587217,0.077545,0.186488,0.002324,0.110209,0.012137,0.001016,0.000823
N20000197,0.018338,0.569821,0.107021,0.201651,0.002046,0.080943,0.018607,0.000871,0.000703
N20000198,0.022193,0.542058,0.159057,0.163228,0.003167,0.082452,0.025680,0.001186,0.000981
N20000199,0.024197,0.609265,0.053798,0.188540,0.002251,0.111135,0.008909,0.001065,0.000840
N20000200,0.014821,0.550682,0.123651,0.198339,0.001968,0.088374,0.020782,0.000755,0.000629
N20000201,0.332725,0.299808,0.090914,0.118441,0.043444,0.062068,0.021055,0.018125,0.013420
N20000202,0.020028,0.611945,0.063997,0.204317,0.002066,0.084374,0.011602,0.000939,0.000732
N20000203,0.183958,0.237014,0.301543,0.098091,0.039297,0.038531,0.080111,0.011910,0.009544
N20000204,0.161178,0.277677,0.276756,0.107623,0.033498,0.047357,0.077112,0.010496,0.008304
N20000205,0.087488,0.340614,0.281042,0.151087,0.015803,0.055830,0.058587,0.005268,0.004282
N20000206,0.103112,0.361076,0.214571,0.174660,0.016786,0.077337,0.042206,0.005579,0.004673
N20000207,0.813435,0.017885,0.015305,0.010176,0.073358,0.004693,0.003336,0.036365,0.025447
N20000208,0.765011,0.023759,0.018483,0.011805,0.097842,0.005285,0.005279,0.043430,0.029105
N20000209,0.799384,0.029352,0.016726,0.016891,0.067634,0.008257,0.003921,0.033731,0.024104
N20000210,0.810724,0.020580,0.011622,0.010557,0.073798,0.005188,0.002831,0.038976,0.025723
N20000211,0.074263,0.175039,0.460719,0.135455,0.036830,0.037585,0.069706,0.003966,0.006438
N20000212,0.048858,0.481918,0.112650,0.225383,0.010925,0.100597,0.015074,0.001831,0.002765
N20000213,0.055505,0.442027,0.148910,0.222593,0.010825,0.097473,0.018027,0.001789,0.002850
N20000214,0.022740,0.458147,0.044335,0.319834,0.004180,0.144652,0.004267,0.000690,0.001155
N20000215,0.062141,0.339808,0.257136,0.197156,0.017596,0.080950,0.037546,0.003031,0.004636
N20000216,0.042794,0.429022,0.096190,0.303478,0.011045,0.102118,0.011096,0.001640,0.002617
N20000217,0.057333,0.344608,0.210855,0.243978,0.020962,0.088156,0.027254,0.002568,0.004286
N20000218,0.054742,0.391565,0.163868,0.249302,0.015966,0.098658,0.020100,0.002234,0.003564
N20000219,0.162940,0.103119,0.482315,0.069795,0.056108,0.024309,0.079666,0.008573,0.013174
N20000220,0.063220,0.314430,0.223075,0.263085,0.019604,0.086484,0.023320,0.002520,0.004263
N20000221,0.038708,0.425218,0.153320,0.255891,0.009751,0.095778,0.017537,0.001458,0.002339
N20000222,0.077630,0.448622,0.157524,0.161711,0.011116,0.104807,0.031132,0.004023,0.003435
N20000223,0.094362,0.379405,0.121908,0.274820,0.018105,0.088243,0.015412,0.002986,0.004759
N20000224,0.169216,0.269633,0.172158,0.235067,0.045252,0.071313,0.020327,0.006606,0.010427
N20000225,0.063277,0.493254,0.141028,0.164408,0.011785,0.090767,0.028802,0.003714,0.002964
N20000226,0.101805,0.274294,0.286073,0.197766,0.033605,0.056342,0.038790,0.004353,0.006973
N20000227,0.114445,0.309390,0.253446,0.147812,0.024411,0.077520,0.059137,0.007487,0.006352
N20000228,0.050182,0.517265,0.134400,0.151926,0.007337,0.107352,0.026490,0.002763,0.002284
N20000229,0.047426,0.544786,0.124651,0.149868,0.006217,0.094473,0.028030,0.002547,0.002002
N20000230,0.136419,0.407987,0.146808,0.154089,0.018985,0.090712,0.032253,0.006928,0.005819
N20000231,0.302267,0.153289,0.248261,0.076316,0.078228,0.036375,0.064212,0.022489,0.018564
N20000232,0.119297,0.098771,0.523893,0.044254,0.038973,0.021622,0.134959,0.009942,0.008288
N20000233,0.401261,0.160653,0.164041,0.075740,0.073593,0.040624,0.038567,0.025324,0.020195
N20000234,0.361736,0.119958,0.231126,0.053092,0.092592,0.027905,0.065367,0.026805,0.021418
N20000235,0.335761,0.199149,0.184891,0.091683,0.061264,0.046266,0.045605,0.019194,0.016185
N20000236,0.227804,0.249692,0.244723,0.093221,0.043086,0.054219,0.061707,0.014132,0.011416
N20000237,0.199506,0.332748,0.166128,0.132723,0.034367,0.071214,0.042008,0.011758,0.009549
N20000238,0.517583,0.059947,0.160479,0.031511,0.111687,0.014816,0.040894,0.035156,0.027927
N20000239,0.284937,0.265481,0.149285,0.122111,0.044198,0.074448,0.030583,0.015914,0.013043
N20000240,0.459401,0.134718,0.157957,0.061040,0.069114,0.032978,0.040298,0.024559,0.019936
N20000241,0.122435,0.434355,0.128027,0.145505,0.018688,0.108644,0.029880,0.006913,0.005553
N20000242,0.116321,0.464106,0.112341,0.156701,0.016280,0.095628,0.027663,0.006036,0.004924
N20000243,0.586695,0.043846,0.115201,0.020967,0.120213,0.010686,0.032859,0.039291,0.030241
N20000244,0.627147,0.041795,0.067817,0.022318,0.131964,0.011110,0.020071,0.044439,0.033338
N20000245,0.790408,0.024260,0.019974,0.013275,0.077171,0.007589,0.004922,0.035730,0.026671
N20000246,0.662817,0.035186,0.061074,0.017821,0.121729,0.009583,0.018928,0.041252,0.031609
N20000247,0.603106,0.050372,0.101019,0.023439,0.112583,0.012317,0.028463,0.039136,0.029564
N20000248,0.114106,0.346372,0.211461,0.179813,0.022560,0.083741,0.030570,0.004623,0.006754
N20000249,0.736366,0.036551,0.044345,0.021648,0.079251,0.011071,0.009867,0.034333,0.026568
N20000250,0.714233,0.027730,0.033653,0.015595,0.115093,0.008122,0.009432,0.043726,0.032416
N20000251,0.739628,0.027532,0.022760,0.019802,0.113138,0.008599,0.004035,0.028021,0.036484
N20000252,0.737740,0.035748,0.030578,0.020798,0.091322,0.011150,0.007717,0.036666,0.028282
N20000253,0.602005,0.043506,0.081550,0.025058,0.135107,0.012339,0.023237,0.043872,0.033325
N20000254,0.555939,0.028282,0.111255,0.016906,0.164692,0.007968,0.033239,0.045957,0.035764
N20000255,0.658784,0.023720,0.047502,0.011851,0.149789,0.007406,0.014879,0.049651,0.036419
N20000256,0.681418,0.032445,0.045850,0.017427,0.123319,0.009354,0.013383,0.043724,0.033080
N20000257,0.086781,0.252790,0.278127,0.219958,0.055169,0.065131,0.030240,0.004367,0.007437
N20000258,0.040229,0.253796,0.359525,0.209488,0.020995,0.080440,0.030665,0.001748,0.003115
N20000259,0.047057,0.358326,0.182008,0.279562,0.019345,0.092045,0.016545,0.001911,0.003200
N20000260,0.034974,0.255659,0.373271,0.213598,0.021777,0.058654,0.037255,0.001767,0.003044
N20000261,0.035958,0.347300,0.184482,0.280294,0.018463,0.113352,0.015736,0.001616,0.002800
N20000262,0.025756,0.251654,0.401974,0.199248,0.013055,0.073826,0.031426,0.001111,0.001951
N20000263,0.046349,0.293089,0.291729,0.227450,0.024135,0.082087,0.029481,0.002091,0.003588
N20000264,0.102713,0.213778,0.380387,0.145523,0.046779,0.054554,0.045091,0.004196,0.006981
N20000265,0.131613,0.150139,0.418655,0.125527,0.075126,0.037283,0.044714,0.006451,0.010493
N20000266,0.047415,0.309493,0.258663,0.240269,0.023062,0.092498,0.023122,0.002013,0.003465
N20000267,0.369522,0.072151,0.230367,0.072108,0.169009,0.018709,0.026467,0.016242,0.025425
N20000268,0.127007,0.218809,0.283165,0.205670,0.063528,0.058006,0.029026,0.005473,0.009315
N20000269,0.057538,0.319212,0.230123,0.256190,0.027111,0.082526,0.020579,0.002539,0.004181
N20000270,0.598382,0.059363,0.054940,0.052136,0.160452,0.017094,0.006752,0.020947,0.029934
N20000271,0.333835,0.063658,0.236715,0.055688,0.215083,0.016353,0.032675,0.018195,0.027796
N20000272,0.440616,0.063826,0.118095,0.053696,0.232713,0.015350,0.019934,0.023008,0.032763
N20000273,0.619250,0.030303,0.040511,0.029487,0.205865,0.007999,0.005678,0.025539,0.035368
N20000274,0.032989,0.347061,0.177821,0.280841,0.014688,0.128484,0.014495,0.001297,0.002325
N20000275,0.362691,0.070755,0.213030,0.065134,0.194476,0.016474,0.032583,0.017944,0.026913
N20000276,0.550017,0.069553,0.070963,0.059731,0.169724,0.019365,0.009816,0.020811,0.030020
N20000277,0.653739,0.018563,0.024780,0.020077,0.212217,0.005406,0.003329,0.025510,0.036380
N20000278,0.050647,0.354742,0.162522,0.276123,0.019384,0.117678,0.013688,0.001932,0.003284
N20000279,0.152398,0.329855,0.203467,0.147471,0.060303,0.059356,0.031239,0.006326,0.009584
N20000280,0.049407,0.363283,0.159931,0.267684,0.020529,0.119390,0.014451,0.001980,0.003344
N20000281,0.175418,0.280521,0.138592,0.243232,0.049223,0.084903,0.013059,0.005768,0.009285
N20000282,0.478131,0.106691,0.070669,0.104531,0.157302,0.031132,0.008565,0.016509,0.026471
N20000283,0.588362,0.035230,0.047879,0.032881,0.218096,0.008994,0.006986,0.025869,0.035704
N20000284,0.627224,0.020994,0.019359,0.019499,0.238029,0.005851,0.003252,0.027973,0.037818
N20000285,0.197996,0.289748,0.081389,0.244964,0.048061,0.115528,0.007008,0.005682,0.009625
N20000286,0.650037,0.018458,0.018338,0.018458,0.221488,0.005327,0.002689,0.027616,0.037589
N20000287,0.696241,0.017413,0.011200,0.017621,0.188879,0.005498,0.001547,0.026305,0.035297
N20000288,0.589408,0.088013,0.035449,0.077580,0.135879,0.023635,0.004247,0.018746,0.027042
N20000289,0.661067,0.030029,0.035094,0.027010,0.178684,0.007677,0.004382,0.023207,0.032850
N20000290,0.651749,0.030742,0.030958,0.026144,0.190483,0.008339,0.003958,0.023937,0.033688
N20000291,0.626548,0.031036,0.019748,0.033537,0.217066,0.008925,0.002519,0.024698,0.035922
N20000292,0.700338,0.015299,0.009388,0.014943,0.193053,0.004649,0.001434,0.025814,0.035082
N20000293,0.393699,0.078342,0.200363,0.087636,0.157062,0.020797,0.021674,0.015447,0.024980
N20000294,0.709085,0.012377,0.008916,0.012218,0.191205,0.003667,0.001334,0.026206,0.034994
N20000295,0.486103,0.131251,0.047438,0.105293,0.142471,0.040723,0.005069,0.020034,0.021619
N20000296,0.402251,0.185862,0.060997,0.147640,0.098832,0.068693,0.005109,0.014287,0.016330
N20000297,0.737618,0.039839,0.015719,0.022334,0.122595,0.014148,0.001802,0.023158,0.022788
N20000298,0.717116,0.016029,0.010555,0.013263,0.179389,0.005984,0.001202,0.027850,0.028613
N20000299,0.677788,0.062285,0.017116,0.053653,0.120475,0.025529,0.001587,0.019485,0.022082
N20000300,0.715720,0.028306,0.015995,0.023742,0.152707,0.010617,0.001610,0.025022,0.026282
N20000301,0.658220,0.037952,0.029011,0.029727,0.174599,0.015374,0.003068,0.025033,0.027016
N20000302,0.534181,0.130148,0.035167,0.104350,0.108750,0.048207,0.003094,0.016955,0.019147
N20000303,0.690357,0.015761,0.018811,0.011103,0.194945,0.005757,0.001804,0.032903,0.028559
N20000304,0.474024,0.119756,0.073198,0.068944,0.171928,0.037000,0.007226,0.025025,0.022898
N20000305,0.086793,0.393619,0.062765,0.251598,0.023296,0.170573,0.004616,0.003025,0.003716
N20000306,0.348151,0.143647,0.108944,0.112551,0.177369,0.056511,0.009533,0.021950,0.021344
N20000307,0.280396,0.181719,0.146205,0.140367,0.138238,0.066763,0.012698,0.016883,0.016730
N20000308,0.317427,0.300063,0.096152,0.088770,0.075535,0.087502,0.010544,0.012586,0.011421
N20000309,0.628552,0.043582,0.032321,0.023204,0.196024,0.014297,0.003679,0.031247,0.027093
N20000310,0.476380,0.154828,0.053288,0.123442,0.092858,0.063214,0.004246,0.014866,0.016878
N20000311,0.404104,0.059081,0.148216,0.044473,0.254010,0.021804,0.014147,0.027331,0.026835
N20000312,0.573432,0.034430,0.039132,0.022981,0.250013,0.011890,0.004619,0.033214,0.030290
N20000313,0.567431,0.089933,0.056239,0.029517,0.171132,0.024955,0.008113,0.029193,0.023486
N20000314,0.135496,0.369534,0.138311,0.189608,0.043592,0.098786,0.012859,0.005788,0.006025
N20000315,0.205702,0.179733,0.293347,0.071787,0.138232,0.038854,0.043020,0.015329,0.013997
N20000316,0.653797,0.035312,0.029888,0.016041,0.189764,0.009983,0.003365,0.034455,0.027395
N20000317,0.676302,0.034058,0.026468,0.019390,0.174074,0.011459,0.002930,0.029413,0.025907
N20000318,0.705865,0.030526,0.015330,0.017223,0.162719,0.010759,0.001671,0.030149,0.025757
N20000319,0.560446,0.105714,0.048555,0.038037,0.159449,0.031380,0.005973,0.027720,0.022726
N20000320,0.112716,0.434696,0.152744,0.131718,0.036909,0.104433,0.016262,0.005482,0.005040
N20000321,0.691067,0.012396,0.011807,0.007527,0.206472,0.004492,0.001294,0.035578,0.029367
N20000322,0.718177,0.015417,0.009360,0.008751,0.180582,0.005268,0.001067,0.033866,0.027512
N20000323,0.607130,0.050241,0.037298,0.019618,0.205519,0.015394,0.005166,0.032687,0.026946
N20000324,0.291928,0.314467,0.091251,0.100617,0.085801,0.079078,0.011140,0.013643,0.012075
N20000325,0.244151,0.265655,0.130501,0.132590,0.095856,0.093155,0.012565,0.013084,0.012443
N20000326,0.041288,0.566098,0.038857,0.209922,0.011057,0.125933,0.003396,0.001756,0.001693
N20000327,0.732749,0.014351,0.008234,0.009136,0.168046,0.005314,0.000770,0.033979,0.027422
N20000328,0.393744,0.179929,0.096514,0.081529,0.141394,0.057912,0.010954,0.019645,0.018378
N20000329,0.706486,0.023759,0.012251,0.015602,0.173510,0.009561,0.001307,0.030618,0.026906
N20000330,0.678379,0.035017,0.026308,0.024052,0.165664,0.013134,0.002488,0.028912,0.026045
N20000331,0.571145,0.027532,0.046467,0.022669,0.251964,0.011342,0.004584,0.033263,0.031036
N20000332,0.467536,0.104087,0.080349,0.076664,0.178262,0.037394,0.007198,0.024683,0.023828
N20000333,0.300409,0.273207,0.070628,0.153473,0.082870,0.088383,0.005734,0.012844,0.012451
N20000334,0.287353,0.132267,0.237701,0.090527,0.152259,0.044902,0.019777,0.017592,0.017621
N20000335,0.633354,0.029697,0.017443,0.021879,0.218524,0.011281,0.001945,0.035438,0.030440
N20000336,0.527261,0.074967,0.050384,0.058049,0.199309,0.031129,0.004655,0.027782,0.026464
N20000337,0.493197,0.070235,0.064279,0.054835,0.229578,0.025520,0.006548,0.028336,0.027473
N20000338,0.077345,0.360227,0.045193,0.229221,0.021043,0.258471,0.002211,0.002972,0.003316
N20000339,0.518202,0.108778,0.059105,0.072309,0.148100,0.042416,0.005220,0.023706,0.022163
N20000340,0.108167,0.364451,0.018702,0.266711,0.018140,0.216195,0.001015,0.003153,0.003466
N20000341,0.537754,0.078055,0.054994,0.061797,0.175553,0.035854,0.004530,0.026309,0.025154
N20000342,0.684180,0.019996,0.013688,0.014058,0.195346,0.009427,0.001218,0.033072,0.029015
N20000343,0.379510,0.197529,0.047318,0.148142,0.080394,0.117149,0.002899,0.013192,0.013867
N20000344,0.457419,0.156701,0.037445,0.120858,0.094452,0.099440,0.002250,0.015212,0.016223
N20000345,0.688636,0.056480,0.018540,0.043121,0.111307,0.038199,0.001170,0.021477,0.021069
N20000346,0.524769,0.117371,0.046503,0.085271,0.117482,0.065859,0.003108,0.019892,0.019745
N20000347,0.719499,0.033815,0.008409,0.025473,0.141352,0.018831,0.000698,0.027197,0.024726
N20000348,0.683880,0.023338,0.012745,0.014522,0.194122,0.009499,0.001395,0.032438,0.028061
N20000349,0.697352,0.026122,0.013281,0.015495,0.177330,0.009243,0.001431,0.032503,0.027244
N20000350,0.702168,0.016457,0.010500,0.011162,0.190496,0.006091,0.001086,0.033514,0.028527
N20000351,0.696411,0.034684,0.013882,0.016817,0.166579,0.011131,0.001612,0.032789,0.026096
N20000352,0.699173,0.029947,0.021719,0.016721,0.164378,0.009721,0.002225,0.030272,0.025844
N20000353,0.747082,0.035306,0.009836,0.026423,0.115091,0.018794,0.000729,0.024366,0.022373
N20000354,0.670043,0.042826,0.025327,0.036549,0.151734,0.022604,0.001891,0.024483,0.024542
N20000355,0.673954,0.010369,0.012567,0.009209,0.224786,0.004749,0.001225,0.032653,0.030487
N20000356,0.413924,0.251310,0.038802,0.124440,0.079032,0.055438,0.002571,0.020128,0.014354
N20000357,0.012258,0.623646,0.007804,0.196593,0.001445,0.157051,0.000701,0.000097,0.000406
N20000358,0.146102,0.458571,0.038022,0.203134,0.023507,0.117649,0.002083,0.006281,0.004651
N20000359,0.013736,0.658264,0.030967,0.151782,0.002607,0.139967,0.001578,0.000615,0.000484
N20000360,0.263692,0.333250,0.080807,0.169640,0.047737,0.079942,0.004635,0.011474,0.008824
N20000361,0.525448,0.122959,0.068014,0.066199,0.140487,0.031816,0.010291,0.007426,0.027360
N20000362,0.048990,0.576203,0.021735,0.174672,0.007192,0.166850,0.002092,0.000445,0.001821
N20000363,0.050752,0.523669,0.053774,0.216778,0.009407,0.139266,0.002903,0.001582,0.001869
N20000364,0.120892,0.442236,0.076656,0.219980,0.028732,0.095744,0.004445,0.006458,0.004858
N20000365,0.037778,0.547432,0.040653,0.243424,0.006328,0.119296,0.002249,0.001598,0.001242
N20000366,0.050249,0.518180,0.063258,0.218701,0.009669,0.132893,0.003018,0.002251,0.001782
N20000367,0.165651,0.405533,0.080112,0.178678,0.028524,0.126266,0.004472,0.004984,0.005779
N20000368,0.065845,0.612397,0.053252,0.141781,0.012435,0.103894,0.004889,0.003295,0.002213
N20000369,0.077630,0.507749,0.051840,0.160130,0.011613,0.183798,0.002642,0.002101,0.002497
N20000370,0.709314,0.024708,0.025420,0.014906,0.151607,0.005165,0.002244,0.040886,0.025750
N20000371,0.702769,0.021926,0.024263,0.011320,0.163895,0.003918,0.002415,0.043080,0.026413
N20000372,0.713037,0.025751,0.022170,0.015763,0.152722,0.005948,0.002087,0.037270,0.025251
N20000373,0.754230,0.022549,0.010139,0.010496,0.132810,0.004295,0.001083,0.040451,0.023947
N20000374,0.664583,0.024164,0.045265,0.011249,0.175612,0.004263,0.004493,0.043543,0.026829
N20000375,0.702732,0.035322,0.019647,0.011030,0.152328,0.005115,0.002656,0.046233,0.024936
N20000376,0.706757,0.053799,0.035144,0.017361,0.115513,0.008703,0.003574,0.037766,0.021383
N20000377,0.109903,0.512570,0.122216,0.135450,0.024628,0.070733,0.014500,0.006033,0.003967
N20000378,0.752431,0.018197,0.016364,0.011089,0.134486,0.003944,0.001417,0.037769,0.024303
N20000379,0.636255,0.058478,0.053598,0.019101,0.152099,0.008534,0.006288,0.041805,0.023843
N20000380,0.659270,0.043856,0.031901,0.023234,0.162414,0.008203,0.003030,0.041851,0.026241
N20000381,0.721345,0.062658,0.015524,0.020874,0.109278,0.010372,0.001879,0.037048,0.021022
N20000382,0.628409,0.112608,0.042141,0.024990,0.115836,0.015013,0.006443,0.034970,0.019591
N20000383,0.073587,0.474809,0.064159,0.244659,0.016028,0.116624,0.003665,0.003673,0.002797
N20000384,0.023158,0.443362,0.276629,0.150928,0.008821,0.076505,0.017871,0.001522,0.001204
N20000385,0.024946,0.692148,0.070834,0.117968,0.004985,0.081278,0.005584,0.001360,0.000897
N20000386,0.655345,0.101442,0.027901,0.022365,0.116830,0.014240,0.004476,0.037283,0.020119
N20000387,0.022550,0.627276,0.049990,0.202571,0.003949,0.088590,0.003289,0.001035,0.000750
N20000388,0.020431,0.715670,0.041015,0.134300,0.003434,0.080067,0.003413,0.001009,0.000662
N20000389,0.050187,0.632916,0.050797,0.165061,0.008636,0.083885,0.004528,0.002378,0.001611
N20000390,0.055394,0.661015,0.050527,0.137300,0.009375,0.077291,0.004609,0.002711,0.001776
N20000391,0.053520,0.657784,0.049562,0.142243,0.010944,0.076196,0.004824,0.003015,0.001912
N20000392,0.033653,0.626411,0.053538,0.181919,0.006149,0.091841,0.003714,0.001626,0.001149
N20000393,0.079692,0.537737,0.112704,0.161593,0.015545,0.075239,0.010904,0.003908,0.002678
N20000394,0.025125,0.687596,0.038570,0.144132,0.004414,0.095401,0.002712,0.001212,0.000839
N20000395,0.243186,0.466417,0.083408,0.074609,0.038787,0.062625,0.012515,0.011615,0.006837
N20000396,0.029332,0.653196,0.046729,0.174933,0.005322,0.084258,0.003752,0.001489,0.000990
N20000397,0.014183,0.586603,0.064190,0.217555,0.003618,0.108833,0.003638,0.000777,0.000603
N20000398,0.145715,0.522338,0.098871,0.111763,0.035650,0.058381,0.013224,0.008604,0.005453
N20000399,0.050241,0.638928,0.044283,0.163383,0.007762,0.088219,0.003390,0.002268,0.001526
N20000400,0.230505,0.421603,0.137230,0.074601,0.050066,0.043421,0.021222,0.013408,0.007944
N20000401,0.618282,0.101384,0.046749,0.046070,0.110126,0.032782,0.003327,0.019912,0.021369
N20000402,0.045913,0.615898,0.063073,0.162698,0.008871,0.094493,0.005142,0.002315,0.001596
N20000403,0.239967,0.482496,0.069630,0.080473,0.043870,0.052880,0.010304,0.012873,0.007508
N20000404,0.038447,0.594899,0.063727,0.190636,0.006770,0.098097,0.004373,0.001784,0.001267
N20000405,0.068648,0.507712,0.122414,0.183097,0.014951,0.087693,0.009533,0.003438,0.002514
N20000406,0.014081,0.587722,0.029385,0.242484,0.002605,0.120814,0.001728,0.000684,0.000496
N20000407,0.031154,0.603859,0.055234,0.195031,0.006718,0.101233,0.003967,0.001642,0.001162
N20000408,0.053417,0.532097,0.069374,0.222591,0.017034,0.095146,0.005154,0.002463,0.002723
N20000409,0.019712,0.567473,0.043319,0.246477,0.003013,0.116362,0.002226,0.000807,0.000611
N20000410,0.056045,0.570269,0.070234,0.182442,0.008974,0.102678,0.005213,0.002429,0.001714
N20000411,0.175248,0.423457,0.164271,0.101772,0.049116,0.046527,0.021269,0.011176,0.007163
N20000412,0.046767,0.561974,0.055242,0.192305,0.008971,0.126857,0.004024,0.002255,0.001606
N20000413,0.063138,0.577145,0.089811,0.151300,0.012801,0.092666,0.007595,0.003297,0.002247
N20000414,0.033088,0.496346,0.100423,0.262777,0.008409,0.089739,0.006035,0.001792,0.001392
N20000415,0.037087,0.565645,0.061799,0.214471,0.007324,0.106510,0.004019,0.001814,0.001331
N20000416,0.106718,0.350680,0.205005,0.195121,0.028131,0.093706,0.011717,0.004095,0.004828
N20000417,0.019768,0.576635,0.064495,0.234127,0.004903,0.094066,0.004086,0.001098,0.000822
N20000418,0.177648,0.386800,0.104674,0.124834,0.037945,0.148923,0.005935,0.006181,0.007060
N20000419,0.036847,0.489057,0.077087,0.248138,0.007574,0.134224,0.003943,0.001765,0.001364
N20000420,0.023709,0.495137,0.087841,0.244925,0.005746,0.136235,0.004247,0.001194,0.000966
N20000421,0.602542,0.094664,0.054214,0.053663,0.109938,0.027403,0.004141,0.032055,0.021380
N20000422,0.667310,0.069596,0.047666,0.036500,0.100179,0.025684,0.003130,0.029206,0.020728
N20000423,0.742330,0.020044,0.020495,0.014964,0.130619,0.005434,0.001733,0.038852,0.025528
N20000424,0.690887,0.035858,0.040593,0.023165,0.133496,0.009930,0.003324,0.037586,0.025162
N20000425,0.662210,0.031749,0.033639,0.016358,0.170266,0.006676,0.004069,0.046911,0.028122
N20000426,0.781274,0.017150,0.010126,0.012612,0.112027,0.004816,0.000863,0.037310,0.023822
N20000427,0.657617,0.013089,0.043004,0.009648,0.192221,0.003132,0.004037,0.046821,0.030431
N20000428,0.721320,0.022115,0.025951,0.015208,0.140489,0.005273,0.002322,0.041236,0.026085
N20000429,0.735256,0.022022,0.018061,0.012680,0.136618,0.005298,0.001769,0.042516,0.025779
N20000430,0.032830,0.526783,0.087792,0.164573,0.004933,0.175679,0.004988,0.001380,0.001042
N20000431,0.776865,0.017504,0.012206,0.008483,0.114706,0.003733,0.001191,0.041408,0.023904
N20000432,0.775385,0.014173,0.012072,0.006827,0.119370,0.002976,0.001174,0.043409,0.024613
N20000433,0.449090,0.137967,0.170327,0.050746,0.105006,0.023493,0.020514,0.025496,0.017361
N20000434,0.437431,0.193651,0.123477,0.066354,0.092255,0.029639,0.014517,0.026413,0.016262
N20000435,0.589500,0.043388,0.094870,0.020669,0.166402,0.008004,0.011790,0.039792,0.025584
N20000436,0.423063,0.197076,0.126772,0.076292,0.091022,0.031164,0.015620,0.023385,0.015605
N20000437,0.456011,0.105452,0.151554,0.039196,0.152975,0.018272,0.018837,0.035572,0.022131
N20000438,0.328970,0.247009,0.171650,0.092557,0.071998,0.036903,0.021041,0.017688,0.012185
N20000439,0.743499,0.021228,0.022930,0.010368,0.127935,0.004303,0.002422,0.042469,0.024846
N20000440,0.114284,0.563414,0.072088,0.103233,0.017559,0.113842,0.006613,0.005404,0.003564
N20000441,0.642866,0.079145,0.049591,0.030919,0.119980,0.016094,0.005768,0.033884,0.021752
N20000442,0.679447,0.079337,0.041075,0.031948,0.095803,0.015521,0.004009,0.032697,0.020163
N20000443,0.103933,0.391165,0.261388,0.111126,0.028338,0.067438,0.025467,0.006598,0.004546
N20000444,0.325529,0.362293,0.092505,0.073468,0.052943,0.053021,0.014069,0.016217,0.009955
N20000445,0.490602,0.049830,0.159238,0.020261,0.184860,0.007508,0.022108,0.040402,0.025190
N20000446,0.123571,0.437117,0.132166,0.176865,0.023242,0.085730,0.010818,0.006100,0.004393
N20000447,0.248605,0.263494,0.233374,0.088066,0.070498,0.039862,0.028966,0.016214,0.010922
N20000448,0.725234,0.031999,0.030645,0.018460,0.122993,0.007562,0.002965,0.036487,0.023657
N20000449,0.692370,0.047597,0.038698,0.022238,0.125375,0.009181,0.004226,0.037026,0.023291
N20000450,0.021173,0.505610,0.093335,0.261039,0.005025,0.105673,0.006035,0.001204,0.000906
N20000451,0.067412,0.453161,0.176469,0.157851,0.019392,0.103718,0.014552,0.004362,0.003083
N20000452,0.712746,0.033961,0.040406,0.018022,0.122914,0.006911,0.004235,0.037176,0.023629
N20000453,0.684099,0.045653,0.045858,0.023779,0.127244,0.009310,0.004696,0.035934,0.023428
N20000454,0.725733,0.034437,0.019628,0.018271,0.128643,0.007039,0.002043,0.039784,0.024422
N20000455,0.044287,0.436172,0.219076,0.184834,0.013273,0.080176,0.017301,0.002769,0.002112
N20000456,0.038645,0.429833,0.207841,0.208020,0.011165,0.085088,0.015201,0.002391,0.001816
N20000457,0.035037,0.486663,0.160767,0.173094,0.008793,0.120375,0.011729,0.002034,0.001507
N20000458,0.270533,0.271539,0.148595,0.159526,0.055516,0.059917,0.010706,0.013497,0.010172
N20000459,0.049462,0.451072,0.187666,0.183747,0.012079,0.096945,0.013999,0.002940,0.002089
N20000460,0.043717,0.409499,0.245098,0.168157,0.012549,0.097389,0.018839,0.002733,0.002018
N20000461,0.034126,0.474705,0.181465,0.162370,0.009259,0.121563,0.012864,0.002102,0.001545
N20000462,0.014965,0.465539,0.177890,0.211130,0.005054,0.112187,0.011413,0.001031,0.000790
N20000463,0.016322,0.493668,0.153377,0.191377,0.003565,0.131996,0.008174,0.000853,0.000667
N20000464,0.014897,0.329349,0.395819,0.143913,0.005506,0.083399,0.025264,0.001031,0.000822
N20000465,0.295618,0.280206,0.114344,0.169027,0.051329,0.057362,0.007473,0.014345,0.010296
N20000466,0.031764,0.620721,0.048620,0.158970,0.004100,0.130297,0.003264,0.001334,0.000930
N20000467,0.319604,0.170734,0.231459,0.096426,0.091156,0.039112,0.018079,0.019160,0.014270
N20000468,0.063388,0.570249,0.094104,0.146157,0.011943,0.099527,0.009069,0.003320,0.002244
N20000469,0.020887,0.518001,0.091690,0.244644,0.004447,0.113325,0.005099,0.001063,0.000843
N20000470,0.017335,0.529605,0.090234,0.189865,0.003137,0.163713,0.004675,0.000805,0.000630
N20000471,0.010289,0.495223,0.149396,0.206906,0.002861,0.125336,0.008868,0.000630,0.000489
N20000472,0.029733,0.558304,0.072324,0.174794,0.006049,0.151078,0.004992,0.001584,0.001143
N20000473,0.111911,0.358235,0.204911,0.177250,0.034382,0.085224,0.015071,0.007540,0.005476
N20000474,0.029425,0.526993,0.076669,0.212180,0.005453,0.142825,0.003997,0.001374,0.001085
N20000475,0.013807,0.520170,0.118335,0.207028,0.003383,0.129077,0.006841,0.000752,0.000607
N20000476,0.604284,0.060812,0.089739,0.057275,0.106330,0.016224,0.004987,0.038965,0.021385
N20000477,0.722905,0.017952,0.024100,0.015870,0.136962,0.004834,0.001558,0.049648,0.026170
N20000478,0.564285,0.046784,0.128964,0.045969,0.129452,0.013315,0.007282,0.040914,0.023035
N20000479,0.770291,0.018525,0.025417,0.016555,0.098757,0.005018,0.001410,0.041868,0.022159
N20000480,0.696181,0.014646,0.037317,0.014670,0.151105,0.003956,0.002293,0.052331,0.027501
N20000481,0.722532,0.020399,0.034781,0.018682,0.123689,0.005546,0.002114,0.047270,0.024988
N20000482,0.304303,0.092677,0.346864,0.084634,0.091414,0.021347,0.018623,0.025339,0.014799
N20000483,0.630410,0.014667,0.032850,0.012932,0.206106,0.003742,0.002711,0.064614,0.031968
N20000484,0.654513,0.015871,0.036539,0.013659,0.183471,0.003792,0.002837,0.059508,0.029808
N20000485,0.705928,0.013077,0.015300,0.010642,0.160306,0.003278,0.001159,0.061309,0.029001
N20000486,0.703276,0.015016,0.018239,0.012123,0.160689,0.003951,0.001396,0.056904,0.028405
N20000487,0.735230,0.014053,0.022791,0.010422,0.140686,0.003814,0.002082,0.042976,0.027947
N20000488,0.275671,0.114232,0.325889,0.076898,0.115892,0.026297,0.022663,0.026787,0.015672
N20000489,0.793471,0.016311,0.012164,0.011747,0.100073,0.004325,0.001015,0.037342,0.023551
N20000490,0.794411,0.013067,0.010128,0.006426,0.105235,0.002851,0.000997,0.042735,0.024148
N20000491,0.809331,0.014829,0.011746,0.008741,0.091223,0.003610,0.001037,0.037118,0.022365
N20000492,0.789956,0.013307,0.007713,0.008086,0.109481,0.003255,0.000773,0.042559,0.024870
N20000493,0.628081,0.012227,0.043208,0.008040,0.214802,0.002718,0.005557,0.052565,0.032800
N20000494,0.807966,0.011571,0.004964,0.006023,0.100754,0.002879,0.000504,0.041737,0.023603
N20000495,0.734099,0.015113,0.020043,0.009784,0.142437,0.003795,0.002066,0.044736,0.027926
N20000496,0.694032,0.020922,0.035851,0.011545,0.154815,0.004207,0.004188,0.046190,0.028251
N20000497,0.713542,0.013417,0.021289,0.009468,0.160219,0.003472,0.002211,0.046705,0.029677
N20000498,0.618643,0.079843,0.067292,0.021062,0.124118,0.014809,0.009912,0.041451,0.022869
N20000499,0.794327,0.013497,0.009570,0.008934,0.105378,0.003603,0.000879,0.039520,0.024292
N20000500,0.699607,0.043482,0.049551,0.018861,0.112804,0.009388,0.005580,0.037640,0.023086
N20000501,0.036218,0.215424,0.523566,0.132116,0.016157,0.046250,0.024502,0.003524,0.002243
N20000502,0.077444,0.284797,0.330255,0.204527,0.025393,0.049436,0.017446,0.006694,0.004009
N20000503,0.771152,0.016984,0.014007,0.010945,0.114188,0.004070,0.001331,0.041966,0.025357
N20000504,0.698556,0.084305,0.034014,0.023207,0.085511,0.016599,0.004564,0.033943,0.019300
N20000505,0.773843,0.020690,0.012658,0.009236,0.111196,0.003957,0.001516,0.042628,0.024276
N20000506,0.713337,0.045049,0.029355,0.014526,0.119366,0.007663,0.004201,0.042548,0.023955
N20000507,0.096280,0.364071,0.239398,0.177297,0.025814,0.072502,0.012395,0.007834,0.004410
N20000508,0.758666,0.030111,0.021803,0.012386,0.105465,0.006570,0.002372,0.039553,0.023076
N20000509,0.691691,0.042056,0.046560,0.013276,0.126093,0.007235,0.006246,0.042700,0.024144
N20000510,0.034453,0.360001,0.308924,0.175149,0.011928,0.089814,0.014877,0.003018,0.001837
N20000511,0.785194,0.013061,0.010237,0.007680,0.113380,0.003141,0.001042,0.041408,0.024857
N20000512,0.724792,0.067734,0.020171,0.021711,0.092801,0.012373,0.002616,0.036696,0.021107
N20000513,0.092319,0.241396,0.384839,0.166397,0.031572,0.049877,0.020448,0.008246,0.004907
N20000514,0.048663,0.464325,0.211421,0.166008,0.009492,0.079953,0.015741,0.002513,0.001884
N20000515,0.223892,0.453531,0.091170,0.102160,0.033647,0.065786,0.011032,0.011578,0.007204
N20000516,0.719997,0.016739,0.025384,0.007940,0.148877,0.003144,0.002828,0.047154,0.027936
N20000517,0.018960,0.528356,0.068230,0.239074,0.003040,0.138001,0.002567,0.001113,0.000660
N20000518,0.012881,0.405997,0.229346,0.237149,0.004161,0.099266,0.009435,0.001080,0.000684
N20000519,0.063820,0.604160,0.049290,0.174899,0.007888,0.091138,0.004094,0.002798,0.001913
N20000520,0.015545,0.428790,0.203433,0.229423,0.004047,0.108713,0.008183,0.001145,0.000720
N20000521,0.112173,0.356008,0.199763,0.184305,0.029200,0.095420,0.009733,0.008393,0.005005
N20000522,0.798519,0.016180,0.008730,0.009785,0.099652,0.004169,0.000838,0.038593,0.023533
N20000523,0.036906,0.555719,0.086858,0.195141,0.005753,0.110937,0.005716,0.001702,0.001268
N20000524,0.690853,0.043351,0.049955,0.018862,0.119294,0.007404,0.005298,0.040718,0.024263
N20000525,0.466825,0.206003,0.094291,0.078015,0.072603,0.033557,0.009309,0.024101,0.015296
N20000526,0.088592,0.498105,0.187286,0.109996,0.017093,0.070598,0.020075,0.004929,0.003326
N20000527,0.144045,0.523511,0.112827,0.107846,0.020251,0.067090,0.012976,0.006982,0.004472
N20000528,0.790381,0.019323,0.009477,0.009798,0.100798,0.004459,0.000954,0.041231,0.023580
N20000529,0.056661,0.557548,0.121638,0.142769,0.009281,0.097660,0.009555,0.002892,0.001996
N20000530,0.743522,0.020260,0.022966,0.012480,0.127207,0.004955,0.002243,0.040638,0.025730
N20000531,0.020217,0.469558,0.236302,0.158001,0.005678,0.092440,0.015473,0.001331,0.001000
N20000532,0.760212,0.021126,0.020274,0.008824,0.114990,0.004566,0.002342,0.043229,0.024438
N20000533,0.042003,0.540236,0.150948,0.154766,0.007325,0.089075,0.012056,0.002076,0.001517
N20000534,0.071885,0.588809,0.084371,0.148493,0.010455,0.082477,0.007647,0.003505,0.002358
N20000535,0.755841,0.023890,0.014570,0.012426,0.120549,0.005412,0.001655,0.040620,0.025036
N20000536,0.736259,0.033527,0.023350,0.016467,0.116816,0.007442,0.002635,0.039303,0.024201
N20000537,0.042976,0.521707,0.120687,0.178139,0.008301,0.115644,0.008628,0.002265,0.001654
N20000538,0.747215,0.017329,0.021281,0.010376,0.128837,0.003965,0.002086,0.042640,0.026272
N20000539,0.042515,0.658451,0.043376,0.145449,0.005088,0.098618,0.003369,0.001881,0.001253
N20000540,0.055747,0.655928,0.048442,0.124905,0.005820,0.101315,0.004061,0.002273,0.001508
N20000541,0.798822,0.015705,0.007976,0.008485,0.101262,0.003760,0.000814,0.039765,0.023412
N20000542,0.038907,0.561509,0.050445,0.203724,0.004920,0.134310,0.003414,0.001602,0.001168
N20000543,0.801775,0.017026,0.011723,0.010366,0.094279,0.004126,0.001044,0.037011,0.022650
N20000544,0.020049,0.640587,0.040943,0.167966,0.002882,0.123336,0.002610,0.000951,0.000677
N20000545,0.024556,0.498465,0.114923,0.201233,0.003688,0.149396,0.005853,0.001056,0.000831
N20000546,0.035368,0.610395,0.082012,0.158856,0.004976,0.100324,0.005284,0.001632,0.001153
N20000547,0.030705,0.466957,0.181537,0.157265,0.005118,0.145566,0.010314,0.001449,0.001089
N20000548,0.036252,0.659387,0.043304,0.128856,0.004342,0.122148,0.003141,0.001516,0.001054
N20000549,0.019986,0.478394,0.138799,0.195145,0.003532,0.155096,0.007358,0.000944,0.000748
N20000550,0.023626,0.529997,0.155780,0.176689,0.004805,0.096594,0.010242,0.001296,0.000970
N20000551,0.022856,0.508909,0.111979,0.216612,0.007408,0.123216,0.006639,0.001298,0.001084
N20000552,0.020728,0.488999,0.189671,0.182317,0.005644,0.100176,0.010518,0.001050,0.000896
N20000553,0.020098,0.561621,0.127893,0.162649,0.004957,0.113393,0.007584,0.000987,0.000818
N20000554,0.023887,0.490797,0.175804,0.178035,0.007419,0.111890,0.009737,0.001314,0.001117
N20000555,0.021553,0.555200,0.100947,0.209993,0.005595,0.098374,0.006320,0.001107,0.000911
N20000556,0.034552,0.544087,0.100635,0.202930,0.008618,0.099677,0.006367,0.001726,0.001409
N20000557,0.023202,0.479570,0.170557,0.211202,0.009687,0.092656,0.010362,0.001488,0.001276
N20000558,0.024474,0.517789,0.094111,0.251575,0.006553,0.097460,0.005766,0.001225,0.001048
N20000559,0.016797,0.541411,0.067214,0.243978,0.004254,0.120684,0.004139,0.000828,0.000695
N20000560,0.029575,0.404410,0.229933,0.215676,0.020581,0.084893,0.010245,0.002477,0.002210
N20000561,0.019347,0.453783,0.219616,0.199371,0.007081,0.085476,0.013191,0.001147,0.000988
N20000562,0.026222,0.446023,0.171513,0.223067,0.007700,0.113313,0.009676,0.001316,0.001170
N20000563,0.042260,0.215062,0.487417,0.139006,0.030758,0.059222,0.019772,0.003333,0.003171
N20000564,0.027507,0.459253,0.195919,0.197403,0.007052,0.098761,0.011619,0.001342,0.001145
N20000565,0.051006,0.374286,0.224083,0.225835,0.031497,0.075565,0.010210,0.003997,0.003521
N20000566,0.036443,0.547001,0.084765,0.220844,0.012683,0.090860,0.003466,0.002120,0.001817
N20000567,0.023142,0.536097,0.089489,0.220435,0.004702,0.119321,0.004937,0.001031,0.000846
N20000568,0.020509,0.261498,0.451906,0.161422,0.018967,0.062212,0.019683,0.001991,0.001814
N20000569,0.056162,0.485168,0.134334,0.204649,0.013432,0.093588,0.007804,0.002634,0.002229
N20000570,0.051918,0.440763,0.213304,0.188150,0.027228,0.061359,0.010047,0.003965,0.003265
N20000571,0.042604,0.311369,0.347588,0.181985,0.025371,0.070044,0.014999,0.003164,0.002875
N20000572,0.020269,0.460915,0.187542,0.202918,0.006609,0.108701,0.010898,0.001161,0.000987
N20000573,0.034673,0.314516,0.397647,0.163182,0.023854,0.041581,0.019258,0.002764,0.002525
N20000574,0.035733,0.467156,0.187326,0.211291,0.017947,0.067577,0.008147,0.002592,0.002232
N20000575,0.015788,0.327676,0.416848,0.154308,0.011057,0.055881,0.015991,0.001261,0.001188
N20000576,0.017203,0.386787,0.317569,0.186375,0.012819,0.063126,0.013328,0.001454,0.001339
N20000577,0.035181,0.359126,0.305549,0.184875,0.027814,0.067615,0.014001,0.003039,0.002800
N20000578,0.031266,0.283639,0.438178,0.146372,0.025632,0.049614,0.019965,0.002786,0.002548
N20000579,0.023991,0.401945,0.230477,0.232579,0.016137,0.081888,0.009233,0.001964,0.001785
N20000580,0.036707,0.481550,0.163586,0.198922,0.009992,0.095919,0.009842,0.001889,0.001591
N20000581,0.022378,0.555668,0.081504,0.250899,0.004509,0.078261,0.005032,0.000943,0.000806
N20000582,0.027644,0.348114,0.265757,0.221677,0.021149,0.100526,0.010562,0.002363,0.002209
N20000583,0.027431,0.417155,0.138454,0.266172,0.015110,0.126806,0.005110,0.001950,0.001812
N20000584,0.036981,0.470881,0.181529,0.184619,0.020619,0.092437,0.007810,0.002706,0.002419
N20000585,0.045148,0.441920,0.111649,0.257653,0.025590,0.107159,0.004530,0.003356,0.002995
N20000586,0.014704,0.375653,0.279611,0.225693,0.009426,0.083302,0.009422,0.001125,0.001063
N20000587,0.032774,0.478881,0.165579,0.184587,0.017420,0.109828,0.006499,0.002326,0.002105
N20000588,0.027205,0.418086,0.140017,0.277607,0.014559,0.113507,0.005316,0.001921,0.001782
N20000589,0.029055,0.524266,0.044990,0.240039,0.010662,0.146160,0.001665,0.001648,0.001517
N20000590,0.120456,0.357012,0.162589,0.194827,0.050241,0.094480,0.006488,0.007281,0.006627
N20000591,0.059669,0.439871,0.077589,0.203374,0.018489,0.193018,0.002368,0.002850,0.002772
N20000592,0.197491,0.285676,0.202695,0.131210,0.069237,0.084371,0.017826,0.002830,0.008663
N20000593,0.098220,0.459623,0.060046,0.176516,0.027528,0.168090,0.004801,0.001293,0.003883
N20000594,0.063251,0.352227,0.256228,0.188953,0.016117,0.101262,0.015799,0.003423,0.002741
N20000595,0.143136,0.260352,0.272758,0.191534,0.040305,0.058019,0.018924,0.008473,0.006500
N20000596,0.732163,0.031224,0.039630,0.029118,0.104856,0.006941,0.002943,0.031294,0.021832
N20000597,0.479507,0.090693,0.155052,0.081900,0.116254,0.017970,0.013405,0.025811,0.019407
N20000598,0.479498,0.159184,0.090532,0.103608,0.090607,0.026999,0.008031,0.024766,0.016775
N20000599,0.072170,0.371689,0.204976,0.234305,0.020934,0.073423,0.014697,0.004426,0.003379
N20000600,0.486516,0.089230,0.147170,0.073431,0.124875,0.016769,0.012646,0.028812,0.020552
N20000601,0.279702,0.302301,0.091466,0.188629,0.047518,0.060438,0.007302,0.013280,0.009364
N20000602,0.183011,0.275438,0.176545,0.221273,0.040255,0.076277,0.010725,0.009299,0.007177
N20000603,0.062173,0.457028,0.121862,0.241724,0.012141,0.091870,0.007783,0.003084,0.002335
N20000604,0.037346,0.243166,0.387004,0.239194,0.021267,0.037796,0.028486,0.003166,0.002575
N20000605,0.517301,0.138372,0.060689,0.126754,0.076471,0.038572,0.004182,0.021590,0.016068
N20000606,0.363946,0.201457,0.107709,0.165267,0.070405,0.053165,0.007201,0.017663,0.013188
N20000607,0.190354,0.217567,0.269432,0.161470,0.076470,0.038020,0.021774,0.014283,0.010631
N20000608,0.138250,0.282572,0.205368,0.233944,0.051025,0.054818,0.017308,0.009368,0.007347
N20000609,0.159152,0.242883,0.246206,0.204196,0.059623,0.046712,0.021170,0.011408,0.008648
N20000610,0.081973,0.354321,0.176351,0.274456,0.023838,0.067732,0.012408,0.005043,0.003876
N20000611,0.247599,0.344097,0.069957,0.209149,0.042242,0.061328,0.005627,0.011692,0.008310
N20000612,0.265444,0.321098,0.098415,0.192554,0.040894,0.054011,0.007277,0.011832,0.008475
N20000613,0.106354,0.360209,0.188648,0.228656,0.024255,0.068903,0.012987,0.005652,0.004336
N20000614,0.089068,0.317249,0.225579,0.203227,0.046778,0.089254,0.021848,0.001778,0.005219
N20000615,0.457560,0.207913,0.079308,0.112543,0.068394,0.031038,0.007172,0.021761,0.014310
N20000616,0.293883,0.329992,0.072208,0.171142,0.047388,0.055340,0.006293,0.014137,0.009618
N20000617,0.192198,0.234615,0.247372,0.197304,0.053225,0.039110,0.016793,0.010832,0.008551
N20000618,0.267802,0.287657,0.148529,0.163738,0.048273,0.050894,0.010878,0.012861,0.009369
N20000619,0.518284,0.145231,0.103873,0.084913,0.074817,0.026038,0.008788,0.022557,0.015499
N20000620,0.210930,0.287192,0.214654,0.140406,0.058402,0.045559,0.019835,0.013576,0.009446
N20000621,0.239339,0.158465,0.323399,0.118943,0.078869,0.028109,0.025116,0.015837,0.011924
N20000622,0.396492,0.140850,0.202575,0.096213,0.088337,0.023086,0.015705,0.021352,0.015390
N20000623,0.125959,0.387780,0.128615,0.230421,0.031999,0.071863,0.010237,0.007623,0.005504
N20000624,0.216096,0.214563,0.324371,0.117772,0.046648,0.035649,0.025290,0.011360,0.008251
N20000625,0.398189,0.173643,0.154181,0.080016,0.108723,0.025225,0.017625,0.025270,0.017129
N20000626,0.107945,0.319973,0.237653,0.212554,0.032432,0.060708,0.016822,0.006744,0.005169
N20000627,0.259682,0.229566,0.209094,0.163507,0.057836,0.042198,0.014625,0.013269,0.010222
N20000628,0.070168,0.360945,0.192101,0.259852,0.026402,0.068092,0.013466,0.005061,0.003914
N20000629,0.102653,0.379086,0.104227,0.241389,0.023136,0.133592,0.006658,0.005166,0.004091
N20000630,0.210733,0.326670,0.121808,0.211117,0.041071,0.061374,0.008860,0.010625,0.007742
N20000631,0.205276,0.285447,0.182439,0.199282,0.045917,0.049223,0.013928,0.010484,0.008003
N20000632,0.221342,0.294587,0.191819,0.152808,0.055777,0.044379,0.016130,0.013732,0.009426
N20000633,0.078094,0.413480,0.124521,0.272384,0.021466,0.072657,0.009072,0.004746,0.003580
N20000634,0.080650,0.536885,0.059992,0.216592,0.014843,0.078957,0.004772,0.004375,0.002934
N20000635,0.144029,0.210156,0.326416,0.152102,0.077046,0.038753,0.029082,0.012810,0.009606
N20000636,0.093658,0.379072,0.188795,0.219371,0.024396,0.071956,0.013335,0.005292,0.004124
N20000637,0.095449,0.328597,0.223776,0.229727,0.031465,0.063704,0.016347,0.006152,0.004783
N20000638,0.070608,0.333377,0.254118,0.216832,0.028893,0.067640,0.019102,0.005347,0.004082
N20000639,0.088848,0.430972,0.115174,0.249482,0.018358,0.081750,0.007612,0.004400,0.003405
N20000640,0.167884,0.248230,0.250596,0.182878,0.058267,0.052927,0.019283,0.011324,0.008612
N20000641,0.190940,0.302372,0.181342,0.181546,0.050025,0.057610,0.016442,0.011447,0.008276
N20000642,0.330654,0.102471,0.244820,0.088724,0.149631,0.025294,0.019918,0.021742,0.016746
N20000643,0.094318,0.233704,0.370381,0.178905,0.035734,0.045066,0.029689,0.006930,0.005274
N20000644,0.035815,0.470355,0.037529,0.306651,0.006470,0.138887,0.001807,0.001368,0.001118
N20000645,0.317782,0.157619,0.193772,0.124990,0.123781,0.043595,0.017453,0.005390,0.015619
N20000646,0.459950,0.111106,0.114467,0.072403,0.161307,0.023894,0.008945,0.027919,0.020009
N20000647,0.400977,0.173839,0.088909,0.145799,0.105370,0.045210,0.005916,0.019214,0.014766
N20000648,0.058313,0.398365,0.118181,0.244603,0.024946,0.142031,0.009425,0.001049,0.003088
N20000649,0.173326,0.318732,0.166101,0.178262,0.045019,0.095875,0.008341,0.007939,0.006406
N20000650,0.059669,0.491961,0.036192,0.230148,0.014569,0.161266,0.003055,0.000828,0.002312
N20000651,0.561974,0.107055,0.052190,0.069427,0.141091,0.033354,0.005500,0.008225,0.021183
N20000652,0.221584,0.317609,0.052718,0.248931,0.050925,0.086546,0.003316,0.010482,0.007889
N20000653,0.175451,0.319311,0.110959,0.207138,0.052524,0.115672,0.008938,0.002569,0.007438
N20000654,0.552634,0.072408,0.072064,0.050391,0.177303,0.020038,0.006327,0.024736,0.024098
N20000655,0.030738,0.504730,0.027234,0.183907,0.006009,0.244232,0.001790,0.000335,0.001025
N20000656,0.062830,0.483788,0.030565,0.196992,0.011909,0.208904,0.002257,0.000698,0.002057
N20000657,0.084108,0.361433,0.178117,0.192294,0.034925,0.128978,0.014264,0.001528,0.004354
N20000658,0.108227,0.407520,0.046812,0.241739,0.026507,0.159896,0.003701,0.001434,0.004164
N20000659,0.351701,0.249477,0.087805,0.120492,0.092065,0.070083,0.009367,0.005404,0.013605
N20000660,0.205892,0.386733,0.044660,0.166754,0.041712,0.140411,0.004226,0.002671,0.006941
N20000661,0.290563,0.212220,0.161194,0.122918,0.112688,0.064172,0.017086,0.005126,0.014032
N20000662,0.219561,0.349458,0.077716,0.167345,0.048135,0.120405,0.006687,0.002930,0.007762
N20000663,0.255883,0.343234,0.053070,0.170789,0.038351,0.124629,0.004276,0.002620,0.007148
N20000664,0.016061,0.518781,0.044966,0.172625,0.003945,0.240237,0.002151,0.000606,0.000629
N20000665,0.028403,0.471828,0.048719,0.198211,0.009070,0.238685,0.002462,0.001291,0.001332
N20000666,0.015453,0.496058,0.056079,0.222623,0.004239,0.201491,0.002791,0.000611,0.000655
N20000667,0.030074,0.428378,0.146516,0.185717,0.012096,0.186936,0.007203,0.001487,0.001594
N20000668,0.030290,0.507149,0.058161,0.173501,0.007964,0.217259,0.003212,0.001238,0.001226
N20000669,0.020823,0.485659,0.096417,0.236670,0.007859,0.144642,0.005816,0.001050,0.001063
N20000670,0.020393,0.493488,0.042826,0.170002,0.004501,0.265514,0.001822,0.000698,0.000756
N20000671,0.017383,0.484515,0.097762,0.236325,0.006716,0.149801,0.005714,0.000874,0.000910
N20000672,0.032265,0.513867,0.049278,0.162540,0.009540,0.227361,0.002404,0.001328,0.001417
N20000673,0.014682,0.489434,0.050588,0.237840,0.003762,0.200244,0.002289,0.000556,0.000603
N20000674,0.046283,0.393040,0.167447,0.200993,0.019891,0.158367,0.009088,0.002362,0.002528
N20000675,0.012484,0.504773,0.038664,0.119571,0.002249,0.319950,0.001525,0.000376,0.000407
N20000676,0.017854,0.510854,0.066073,0.153780,0.005836,0.240861,0.003118,0.000782,0.000842
N20000677,0.015137,0.480570,0.089768,0.254279,0.006703,0.146954,0.004894,0.000836,0.000860
N20000678,0.028900,0.541795,0.059428,0.128158,0.007681,0.228737,0.003008,0.001113,0.001180
N20000679,0.018105,0.535691,0.054468,0.152284,0.005022,0.230386,0.002584,0.000697,0.000763
N20000680,0.027012,0.543822,0.046559,0.192565,0.005680,0.180170,0.002323,0.000906,0.000963
N20000681,0.024852,0.430132,0.094044,0.179279,0.008314,0.256952,0.004164,0.001079,0.001185
N20000682,0.040984,0.550247,0.035674,0.187177,0.008536,0.172402,0.002040,0.001485,0.001456
N20000683,0.040590,0.519050,0.052470,0.198578,0.011427,0.171430,0.002959,0.001746,0.001750
N20000684,0.061593,0.530281,0.068270,0.164051,0.018836,0.146611,0.004770,0.002879,0.002709
N20000685,0.046103,0.465019,0.104779,0.150371,0.016404,0.207373,0.005549,0.002141,0.002261
N20000686,0.032854,0.507589,0.051882,0.201597,0.009828,0.190606,0.002693,0.001470,0.001481
N20000687,0.020617,0.526466,0.024124,0.204019,0.004745,0.217225,0.001260,0.000755,0.000789
N20000688,0.067977,0.425198,0.072098,0.204776,0.020510,0.200029,0.003703,0.002730,0.002979
N20000689,0.024576,0.482353,0.030584,0.220479,0.006898,0.231448,0.001532,0.001044,0.001085
N20000690,0.018221,0.496309,0.031004,0.260523,0.004765,0.186215,0.001489,0.000711,0.000762
N20000691,0.016030,0.498620,0.051481,0.178239,0.004764,0.247056,0.002429,0.000665,0.000715
N20000692,0.117391,0.360416,0.110685,0.135678,0.028566,0.233071,0.005387,0.004280,0.004525
N20000693,0.030662,0.486710,0.021358,0.203180,0.006786,0.247998,0.000990,0.001150,0.001166
N20000694,0.045359,0.406707,0.041211,0.129762,0.008619,0.363749,0.001680,0.001386,0.001526
N20000695,0.030271,0.437555,0.039851,0.188140,0.007585,0.292438,0.001740,0.001175,0.001245
N20000696,0.137029,0.393767,0.115520,0.131187,0.045903,0.155538,0.007779,0.006892,0.006384
N20000697,0.039114,0.521588,0.036996,0.193915,0.010095,0.192932,0.002125,0.001629,0.001606
N20000698,0.084699,0.455464,0.046713,0.197580,0.021469,0.184548,0.002598,0.003489,0.003440
N20000699,0.178041,0.352453,0.022470,0.200411,0.034413,0.198634,0.001204,0.006172,0.006203
N20000700,0.032491,0.450780,0.108106,0.188186,0.011864,0.199979,0.005379,0.001574,0.001640
N20000701,0.680746,0.059094,0.014472,0.038284,0.128057,0.029790,0.000989,0.025828,0.022740
N20000702,0.690924,0.042438,0.010440,0.024541,0.155284,0.019981,0.000807,0.030127,0.025458
N20000703,0.029380,0.434056,0.038645,0.184103,0.008093,0.301519,0.001735,0.001194,0.001275
N20000704,0.178228,0.373291,0.079002,0.167594,0.044262,0.138478,0.004786,0.007305,0.007055
N20000705,0.559060,0.114344,0.039549,0.059667,0.128193,0.051964,0.002858,0.023588,0.020776
N20000706,0.754623,0.018571,0.006231,0.011831,0.144798,0.008661,0.000521,0.029740,0.025023
N20000707,0.727937,0.021536,0.011978,0.013018,0.158238,0.009961,0.000924,0.030645,0.025764
N20000708,0.186484,0.351518,0.042681,0.180570,0.040159,0.182667,0.002296,0.006793,0.006833
N20000709,0.672271,0.073641,0.012641,0.045885,0.113328,0.037260,0.000837,0.023153,0.020984
N20000710,0.707990,0.048535,0.014863,0.028715,0.126576,0.023033,0.001046,0.026452,0.022790
N20000711,0.014398,0.568821,0.059619,0.188386,0.002456,0.155394,0.009347,0.000881,0.000699
N20000712,0.699298,0.043950,0.020281,0.018342,0.118107,0.012134,0.005873,0.050663,0.031352
N20000713,0.390694,0.251332,0.080377,0.080192,0.070339,0.060995,0.019777,0.027839,0.018454
N20000714,0.060694,0.613029,0.027214,0.129819,0.009631,0.146562,0.006119,0.004144,0.002788
N20000715,0.755240,0.020553,0.018200,0.009321,0.106716,0.005717,0.004541,0.049183,0.030529
N20000716,0.045800,0.492809,0.157845,0.140491,0.010763,0.110649,0.035573,0.003499,0.002571
N20000717,0.029992,0.610922,0.032895,0.165563,0.004285,0.147193,0.006071,0.001776,0.001303
N20000718,0.018151,0.619039,0.046265,0.171162,0.003072,0.131636,0.008573,0.001220,0.000882
N20000719,0.735704,0.014309,0.014089,0.005201,0.132286,0.003769,0.004091,0.056876,0.033676
N20000720,0.009488,0.620148,0.030646,0.142270,0.001164,0.191113,0.004301,0.000486,0.000383
N20000721,0.083340,0.499420,0.071885,0.154649,0.012896,0.156754,0.012061,0.005220,0.003774
N20000722,0.046922,0.458932,0.188603,0.144816,0.012144,0.097082,0.044882,0.003821,0.002798
N20000723,0.037382,0.582302,0.066200,0.150931,0.006432,0.138999,0.013451,0.002513,0.001789
N20000724,0.735477,0.017431,0.007385,0.007269,0.135028,0.004988,0.002451,0.055859,0.034112
N20000725,0.716710,0.035941,0.022993,0.012045,0.114092,0.008918,0.006222,0.051964,0.031115
N20000726,0.301992,0.239864,0.176038,0.089117,0.060219,0.051982,0.044235,0.021471,0.015083
N20000727,0.032687,0.546402,0.096982,0.180486,0.006822,0.112490,0.019906,0.002453,0.001773
N20000728,0.049136,0.556143,0.075789,0.146100,0.010169,0.142099,0.014263,0.003671,0.002631
N20000729,0.038122,0.624630,0.054518,0.129755,0.005510,0.132701,0.010768,0.002334,0.001663
N20000730,0.053046,0.572712,0.047595,0.156233,0.009059,0.146080,0.009179,0.003572,0.002525
N20000731,0.585915,0.091644,0.046472,0.026073,0.132411,0.022050,0.015541,0.049101,0.030792
N20000732,0.708447,0.033486,0.021336,0.015405,0.122523,0.009749,0.005853,0.050955,0.032246
N20000733,0.662908,0.039262,0.028876,0.016435,0.145559,0.010102,0.008829,0.053626,0.034403
N20000734,0.588247,0.018500,0.032836,0.008692,0.222968,0.004655,0.012860,0.069086,0.042155
N20000735,0.730453,0.016139,0.012905,0.007376,0.133959,0.004842,0.003819,0.056141,0.034366
N20000736,0.056179,0.563086,0.103497,0.126679,0.011621,0.106307,0.025416,0.004272,0.002944
N20000737,0.032322,0.639676,0.045876,0.132421,0.005346,0.131635,0.008965,0.002221,0.001538
N20000738,0.559731,0.021135,0.035825,0.006310,0.239256,0.004153,0.018797,0.073213,0.041578
N20000739,0.040437,0.616018,0.025789,0.170585,0.004990,0.133367,0.004839,0.002359,0.001617
N20000740,0.700689,0.017049,0.013753,0.007530,0.156926,0.004760,0.004444,0.058471,0.036378
N20000741,0.689153,0.015691,0.012958,0.006254,0.164524,0.003840,0.004614,0.065218,0.037746
N20000742,0.049146,0.580647,0.085523,0.134737,0.007762,0.119350,0.017707,0.002943,0.002187
N20000743,0.655977,0.063556,0.035092,0.021190,0.117719,0.015063,0.009335,0.050937,0.031131
N20000744,0.069262,0.627688,0.031240,0.122580,0.008425,0.127498,0.006476,0.004100,0.002731
N20000745,0.645812,0.051927,0.036284,0.013252,0.140602,0.011027,0.014071,0.054787,0.032237
N20000746,0.746936,0.019129,0.009105,0.006982,0.121860,0.005110,0.003059,0.055589,0.032230
N20000747,0.665898,0.025420,0.015703,0.008057,0.170200,0.005946,0.007172,0.064720,0.036883
N20000748,0.760254,0.019000,0.007226,0.006268,0.110659,0.004759,0.002291,0.058097,0.031446
N20000749,0.749661,0.030279,0.013051,0.010323,0.104270,0.007775,0.003827,0.051059,0.029755
N20000750,0.677635,0.019299,0.021947,0.007407,0.162436,0.004596,0.007622,0.062211,0.036847
N20000751,0.770619,0.018629,0.008931,0.007187,0.104687,0.004886,0.002529,0.052222,0.030310
N20000752,0.760463,0.013381,0.006763,0.005071,0.118783,0.003536,0.001983,0.057341,0.032680
N20000753,0.779959,0.011163,0.003294,0.004325,0.108798,0.003194,0.001003,0.056758,0.031506
N20000754,0.654670,0.039567,0.023480,0.009123,0.156813,0.008613,0.011720,0.061975,0.034040
N20000755,0.769262,0.013936,0.006264,0.005584,0.112040,0.004021,0.001703,0.055257,0.031932
N20000756,0.763142,0.025791,0.010527,0.008971,0.101475,0.006615,0.002993,0.050800,0.029686
N20000757,0.659713,0.041188,0.025276,0.011827,0.148414,0.008394,0.010037,0.060473,0.034678
N20000758,0.777287,0.013866,0.005279,0.005227,0.106816,0.003801,0.001517,0.055028,0.031179
N20000759,0.552753,0.077379,0.089914,0.016015,0.132347,0.012696,0.041643,0.048558,0.028695
N20000760,0.751766,0.015275,0.006882,0.006315,0.124575,0.004242,0.002245,0.055882,0.032817
N20000761,0.780529,0.013650,0.004105,0.004940,0.105351,0.003711,0.001330,0.055681,0.030704
N20000762,0.768814,0.016255,0.004523,0.006034,0.111725,0.004778,0.001416,0.055094,0.031360
N20000763,0.562870,0.151302,0.032409,0.053588,0.086368,0.041118,0.007409,0.040090,0.024847
N20000764,0.567291,0.032140,0.051586,0.007920,0.203009,0.005584,0.027477,0.067417,0.037577
N20000765,0.761512,0.017569,0.006695,0.005945,0.112935,0.004570,0.002024,0.056787,0.031962
N20000766,0.723284,0.028021,0.013902,0.008023,0.125476,0.006423,0.005227,0.057419,0.032227
N20000767,0.736085,0.041436,0.011585,0.015898,0.099704,0.011753,0.002908,0.051001,0.029630
N20000768,0.783309,0.015298,0.006179,0.006349,0.100115,0.004331,0.001608,0.052520,0.030291
N20000769,0.713578,0.035307,0.018031,0.010072,0.122982,0.008558,0.006060,0.053693,0.031719
N20000770,0.700110,0.063918,0.020411,0.017853,0.099182,0.014391,0.005479,0.049772,0.028885
N20000771,0.758718,0.026551,0.009750,0.008647,0.105015,0.006818,0.002980,0.051479,0.030042
N20000772,0.632607,0.072734,0.026444,0.016064,0.136879,0.013591,0.013145,0.057195,0.031340
N20000773,0.797451,0.021515,0.006740,0.008369,0.082673,0.006387,0.001613,0.047859,0.027393
N20000774,0.648185,0.024682,0.026988,0.006623,0.174094,0.004731,0.012810,0.065438,0.036448
N20000775,0.687159,0.040178,0.035645,0.012501,0.121362,0.010154,0.010188,0.051608,0.031204
N20000776,0.032945,0.703953,0.023880,0.103903,0.004307,0.122326,0.005180,0.002129,0.001378
N20000777,0.789931,0.016230,0.007224,0.007191,0.096315,0.004763,0.001854,0.047522,0.028971
N20000778,0.695785,0.022191,0.016211,0.006439,0.148262,0.005130,0.006001,0.064644,0.035336
N20000779,0.784645,0.029540,0.006647,0.009551,0.084615,0.007804,0.001981,0.047975,0.027242
N20000780,0.717159,0.018799,0.011237,0.006382,0.140458,0.004322,0.003602,0.062716,0.035324
N20000781,0.773202,0.017667,0.007314,0.007227,0.104183,0.005028,0.001932,0.052847,0.030601
N20000782,0.773564,0.022894,0.012082,0.009075,0.096911,0.006002,0.003120,0.047346,0.029006
N20000783,0.756904,0.024763,0.008876,0.007482,0.108026,0.006021,0.003191,0.054526,0.030210
N20000784,0.759422,0.015586,0.009329,0.005963,0.114644,0.003907,0.002824,0.056481,0.031846
N20000785,0.733878,0.012472,0.015379,0.005300,0.132974,0.003084,0.004158,0.058476,0.034278
N20000786,0.490355,0.061123,0.112947,0.018210,0.171519,0.010517,0.048106,0.054563,0.032660
N20000787,0.726888,0.025956,0.026718,0.010598,0.115592,0.006627,0.010944,0.041001,0.035677
N20000788,0.732939,0.029132,0.030308,0.010997,0.105974,0.007456,0.011585,0.037626,0.033984
N20000789,0.556539,0.040656,0.096603,0.013545,0.157438,0.008537,0.047017,0.041955,0.037710
N20000790,0.060792,0.616846,0.046387,0.121687,0.006629,0.128787,0.013586,0.002710,0.002577
N20000791,0.500015,0.120862,0.100469,0.038764,0.108323,0.025075,0.044509,0.032280,0.029703
N20000792,0.740076,0.028480,0.034480,0.008955,0.098121,0.006330,0.012879,0.037945,0.032735
N20000793,0.702109,0.052861,0.036959,0.018363,0.095019,0.012729,0.014139,0.035994,0.031827
N20000794,0.741243,0.021771,0.024364,0.007133,0.113391,0.004964,0.010235,0.041615,0.035284
N20000795,0.125424,0.488671,0.121384,0.102958,0.018943,0.080686,0.049293,0.006576,0.006065
N20000796,0.550623,0.039907,0.099635,0.016978,0.156143,0.010532,0.046238,0.041488,0.038456
N20000797,0.392618,0.164887,0.161119,0.059300,0.076098,0.040684,0.059784,0.023214,0.022296
N20000798,0.023631,0.654654,0.044127,0.125538,0.002152,0.137170,0.010930,0.000895,0.000903
N20000799,0.524995,0.030148,0.118972,0.013496,0.168861,0.008000,0.054673,0.041461,0.039395
N20000800,0.049996,0.534366,0.122030,0.148418,0.007430,0.100333,0.032392,0.002490,0.002544
N20000801,0.046378,0.552649,0.128747,0.121301,0.007552,0.099698,0.038751,0.002455,0.002469
N20000802,0.621453,0.024641,0.058502,0.010295,0.163375,0.006377,0.027473,0.046602,0.041282
N20000803,0.537364,0.024401,0.086775,0.009818,0.199522,0.005724,0.045022,0.048001,0.043372
N20000804,0.497321,0.127749,0.090928,0.042972,0.108928,0.029492,0.038459,0.033834,0.030317
N20000805,0.051387,0.397859,0.247306,0.125861,0.010307,0.101227,0.060064,0.002895,0.003095
N20000806,0.028560,0.543981,0.080836,0.177073,0.004353,0.144776,0.017552,0.001378,0.001490
N20000807,0.529744,0.034041,0.098576,0.013728,0.180250,0.007923,0.050598,0.044436,0.040705
N20000808,0.561959,0.024264,0.083847,0.009506,0.181740,0.006212,0.043793,0.046540,0.042140
N20000809,0.186127,0.220583,0.296173,0.078646,0.045012,0.052012,0.097276,0.011965,0.012205
N20000810,0.513434,0.039287,0.135206,0.015732,0.146831,0.009088,0.065224,0.039317,0.035881
N20000811,0.023984,0.673880,0.040359,0.110302,0.002292,0.137489,0.009807,0.000943,0.000945
N20000812,0.532371,0.015779,0.084150,0.006500,0.216106,0.003841,0.047328,0.048954,0.044971
N20000813,0.022820,0.666146,0.035780,0.126364,0.002316,0.136111,0.008562,0.000957,0.000943
N20000814,0.671906,0.063603,0.047651,0.020488,0.095945,0.014223,0.019191,0.035706,0.031286
N20000815,0.654238,0.024561,0.048376,0.010203,0.149875,0.006423,0.023221,0.043563,0.039541
N20000816,0.459322,0.060406,0.165788,0.025211,0.138568,0.014470,0.068055,0.034825,0.033354
N20000817,0.332634,0.127211,0.240595,0.039338,0.089269,0.027380,0.096818,0.023931,0.022824
N20000818,0.566520,0.021241,0.087242,0.007338,0.180719,0.004335,0.044622,0.046635,0.041348
N20000819,0.233718,0.164871,0.300444,0.057298,0.061469,0.036142,0.114692,0.015652,0.015715
N20000820,0.024402,0.627945,0.039658,0.145693,0.002590,0.148179,0.009464,0.001038,0.001031
N20000821,0.114978,0.369656,0.232410,0.056660,0.030002,0.056981,0.123478,0.008341,0.007494
N20000822,0.577494,0.032344,0.075310,0.011397,0.167281,0.007551,0.043674,0.044824,0.040124
N20000823,0.116784,0.400435,0.174746,0.122259,0.022670,0.096329,0.053024,0.006944,0.006808
N20000824,0.601926,0.049820,0.075149,0.013353,0.132013,0.010075,0.038887,0.043012,0.035765
N20000825,0.364866,0.135671,0.187407,0.021159,0.099416,0.021967,0.117290,0.028172,0.024053
N20000826,0.150188,0.153390,0.410680,0.053737,0.040711,0.028490,0.142852,0.009831,0.010122
N20000827,0.572335,0.041433,0.104169,0.015883,0.135076,0.009438,0.048271,0.038130,0.035265
N20000828,0.047902,0.535334,0.136117,0.129462,0.007661,0.100086,0.038439,0.002499,0.002500
N20000829,0.049437,0.516634,0.186286,0.079838,0.007764,0.089993,0.064975,0.002593,0.002480
N20000830,0.578395,0.094150,0.078893,0.026759,0.104763,0.020439,0.032510,0.033482,0.030608
N20000831,0.686363,0.021990,0.037716,0.007761,0.140566,0.005052,0.016451,0.045043,0.039058
N20000832,0.336583,0.322588,0.087335,0.079303,0.046039,0.064383,0.030771,0.017303,0.015696
N20000833,0.659957,0.047431,0.044314,0.013455,0.123475,0.010536,0.023515,0.042252,0.035063
N20000834,0.055329,0.587259,0.083620,0.126174,0.006584,0.113220,0.023097,0.002345,0.002373
N20000835,0.031349,0.632953,0.062818,0.114256,0.004066,0.133032,0.018542,0.001526,0.001458
N20000836,0.638621,0.025944,0.057652,0.006308,0.149897,0.004852,0.031818,0.046557,0.038352
N20000837,0.021718,0.639576,0.043281,0.131481,0.002624,0.148061,0.011310,0.000975,0.000974
N20000838,0.640967,0.033836,0.050741,0.009747,0.145166,0.007147,0.029659,0.044865,0.037872
N20000839,0.594804,0.045708,0.099504,0.015982,0.121920,0.010711,0.041978,0.036042,0.033352
N20000840,0.656688,0.017248,0.038214,0.004548,0.166302,0.003640,0.021582,0.050459,0.041319
N20000841,0.534529,0.159653,0.074645,0.043616,0.070948,0.037284,0.027428,0.027583,0.024315
N20000842,0.110250,0.468097,0.157810,0.078497,0.021905,0.077550,0.072612,0.006971,0.006308
N20000843,0.673222,0.065261,0.038159,0.014104,0.103093,0.015076,0.020507,0.039021,0.031557
N20000844,0.029271,0.643229,0.032961,0.133312,0.003476,0.146968,0.008060,0.001395,0.001329
N20000845,0.068202,0.568819,0.079076,0.109532,0.007533,0.134846,0.026480,0.002784,0.002727
N20000846,0.763937,0.022141,0.013467,0.006915,0.105481,0.005064,0.006154,0.042291,0.034550
N20000847,0.052701,0.648647,0.053295,0.105549,0.005150,0.112184,0.018281,0.002170,0.002022
N20000848,0.728117,0.084596,0.012407,0.019770,0.068749,0.018994,0.005210,0.034987,0.027171
N20000849,0.713077,0.042252,0.026107,0.008645,0.110865,0.008095,0.015912,0.041561,0.033487
N20000850,0.066407,0.577744,0.108737,0.092905,0.008845,0.097706,0.041379,0.003254,0.003023
N20000851,0.096688,0.593646,0.032941,0.111269,0.011018,0.135842,0.009918,0.004511,0.004167
N20000852,0.044080,0.659403,0.047871,0.101003,0.003902,0.126883,0.013516,0.001707,0.001634
N20000853,0.108538,0.509749,0.129422,0.094968,0.017032,0.084932,0.043988,0.005868,0.005502
N20000854,0.134802,0.200677,0.287295,0.026186,0.045074,0.022557,0.262428,0.011147,0.009834
N20000855,0.211543,0.119436,0.272074,0.019616,0.079588,0.015547,0.246786,0.018977,0.016431
N20000856,0.014647,0.619972,0.075288,0.178113,0.001707,0.096092,0.010988,0.002251,0.000942
N20000857,0.074288,0.148626,0.432664,0.030165,0.029508,0.015417,0.237753,0.022854,0.008724
N20000858,0.022070,0.557276,0.140469,0.153841,0.003530,0.093962,0.023102,0.004055,0.001694
N20000859,0.030816,0.254095,0.467409,0.083465,0.008872,0.033681,0.110962,0.007500,0.003200
N20000860,0.009492,0.555636,0.124799,0.202241,0.001239,0.088196,0.016383,0.001371,0.000643
N20000861,0.021997,0.474467,0.196475,0.193258,0.004142,0.068626,0.035180,0.004039,0.001816
N20000862,0.032744,0.472902,0.221665,0.144978,0.005970,0.073530,0.039306,0.006230,0.002675
N20000863,0.011078,0.223005,0.546707,0.087822,0.003470,0.031357,0.092705,0.002618,0.001239
N20000864,0.036722,0.400005,0.335541,0.088170,0.008027,0.050063,0.069912,0.008269,0.003291
N20000865,0.034202,0.410120,0.282851,0.140551,0.005871,0.068832,0.049070,0.005867,0.002635
N20000866,0.043720,0.330551,0.377569,0.090798,0.010286,0.049192,0.084422,0.009460,0.004001
N20000867,0.049122,0.331754,0.375410,0.091421,0.012304,0.041000,0.082871,0.011381,0.004737
N20000868,0.041274,0.347588,0.361787,0.097197,0.010978,0.051317,0.075813,0.009919,0.004127
N20000869,0.014323,0.133764,0.659159,0.053097,0.004691,0.019528,0.110419,0.003399,0.001620
N20000870,0.022714,0.698250,0.042387,0.128301,0.002346,0.094200,0.006858,0.003559,0.001383
N20000871,0.023552,0.532029,0.174518,0.145572,0.003949,0.082961,0.031168,0.004394,0.001855
N20000872,0.041147,0.251010,0.457336,0.071120,0.011689,0.035483,0.118502,0.009610,0.004103
N20000873,0.015883,0.693745,0.033337,0.143917,0.001302,0.104241,0.004748,0.001992,0.000834
N20000874,0.037589,0.662575,0.062559,0.131486,0.003873,0.083393,0.010393,0.005862,0.002271
N20000875,0.052810,0.500594,0.190985,0.121287,0.008471,0.071163,0.040901,0.009856,0.003934
N20000876,0.023686,0.177037,0.574977,0.054158,0.008422,0.022204,0.130403,0.006335,0.002778
N20000877,0.026133,0.673907,0.060634,0.128546,0.003024,0.091205,0.010506,0.004350,0.001696
N20000878,0.082154,0.375117,0.285280,0.073897,0.018404,0.045364,0.094352,0.018422,0.007009
N20000879,0.028826,0.335944,0.395219,0.098921,0.005737,0.048977,0.078536,0.005422,0.002418
N20000880,0.033194,0.684972,0.047267,0.118798,0.003009,0.097748,0.008520,0.004665,0.001827
N20000881,0.034461,0.368894,0.337973,0.121927,0.008473,0.051472,0.065723,0.007756,0.003320
N20000882,0.069664,0.133720,0.424717,0.023673,0.029277,0.011852,0.276754,0.022013,0.008330
N20000883,0.029496,0.301948,0.420598,0.099726,0.008406,0.040531,0.089224,0.007009,0.003063
N20000884,0.074973,0.566110,0.092989,0.131560,0.010130,0.086707,0.019007,0.013412,0.005112
N20000885,0.067095,0.464826,0.184127,0.139592,0.012561,0.073265,0.039242,0.013807,0.005485
N20000886,0.648834,0.100846,0.014672,0.033901,0.049624,0.022919,0.002979,0.094419,0.031806
N20000887,0.745732,0.016874,0.003361,0.007844,0.063623,0.004462,0.000753,0.119050,0.038302
N20000888,0.036787,0.195978,0.523215,0.060361,0.012219,0.024320,0.133450,0.009566,0.004104
N20000889,0.012525,0.115356,0.640226,0.050246,0.007205,0.017138,0.151412,0.003999,0.001893
N20000890,0.022366,0.109278,0.647370,0.042637,0.009448,0.016725,0.142915,0.006379,0.002882
N20000891,0.062197,0.503818,0.157589,0.133872,0.011965,0.072534,0.040311,0.012652,0.005061
N20000892,0.020051,0.695558,0.047684,0.120081,0.001979,0.102652,0.007920,0.002903,0.001170
N20000893,0.048177,0.625043,0.073390,0.128015,0.005793,0.092356,0.016107,0.008065,0.003054
N20000894,0.507727,0.191341,0.049661,0.060479,0.043929,0.039063,0.008870,0.072277,0.026654
N20000895,0.050846,0.261337,0.430718,0.070223,0.015952,0.039884,0.112744,0.012927,0.005369
N20000896,0.732673,0.024539,0.008906,0.009899,0.065542,0.005886,0.001849,0.112305,0.038400
N20000897,0.023243,0.088214,0.656808,0.040102,0.010918,0.012861,0.157982,0.006709,0.003163
N20000898,0.054802,0.385160,0.291156,0.111348,0.011553,0.066590,0.063795,0.010959,0.004638
N20000899,0.088130,0.412407,0.239369,0.098158,0.017856,0.051157,0.066551,0.019037,0.007335
N20000900,0.020597,0.655081,0.086302,0.127479,0.002637,0.088421,0.014699,0.003390,0.001394
N20000901,0.190981,0.401174,0.140660,0.067764,0.035377,0.051479,0.056273,0.041704,0.014588
N20000902,0.017874,0.066830,0.706725,0.032010,0.008527,0.010620,0.149795,0.005156,0.002463
N20000903,0.031539,0.674423,0.033716,0.132276,0.002765,0.113625,0.005533,0.004398,0.001725
N20000904,0.554185,0.158071,0.030225,0.054596,0.050454,0.033497,0.006681,0.082947,0.029344
N20000905,0.089564,0.476763,0.180733,0.094864,0.017315,0.060445,0.054218,0.018899,0.007198
N20000906,0.079453,0.516574,0.125690,0.140473,0.011244,0.081616,0.026301,0.013190,0.005458
N20000907,0.062643,0.388130,0.292357,0.088152,0.012880,0.064632,0.072751,0.013173,0.005282
N20000908,0.086713,0.426907,0.236860,0.085481,0.017188,0.053841,0.067433,0.018464,0.007112
N20000909,0.013021,0.122555,0.649324,0.058046,0.006262,0.020599,0.124577,0.003793,0.001822
N20000910,0.058459,0.606576,0.063759,0.135872,0.006132,0.104901,0.012403,0.008472,0.003426
N20000911,0.016371,0.685673,0.038389,0.136638,0.001609,0.112948,0.005032,0.002359,0.000982
N20000912,0.156423,0.396040,0.178588,0.089450,0.039159,0.063097,0.058539,0.009118,0.009588
N20000913,0.109218,0.521856,0.121200,0.095588,0.022460,0.081178,0.036505,0.005925,0.006070
N20000914,0.056763,0.603560,0.121235,0.088248,0.006947,0.081177,0.029149,0.009367,0.003553
N20000915,0.035082,0.338966,0.406059,0.070153,0.007914,0.039837,0.091161,0.007658,0.003171
N20000916,0.094374,0.258245,0.364797,0.069856,0.028467,0.036462,0.113972,0.024157,0.009670
N20000917,0.065100,0.267062,0.407204,0.070031,0.017398,0.032595,0.118652,0.015671,0.006287
N20000918,0.074317,0.580148,0.079500,0.122534,0.012842,0.105751,0.017495,0.003610,0.003803
N20000919,0.044205,0.564809,0.142291,0.128087,0.006390,0.075419,0.027730,0.007909,0.003159
N20000920,0.042024,0.321276,0.399802,0.080860,0.009898,0.055698,0.076968,0.009566,0.003908
N20000921,0.023311,0.662294,0.069171,0.135837,0.002516,0.090073,0.011749,0.003618,0.001430
N20000922,0.044156,0.589897,0.117936,0.110034,0.009022,0.098689,0.025314,0.002399,0.002552
N20000923,0.018150,0.162388,0.605542,0.060989,0.006651,0.025376,0.114067,0.004681,0.002156
N20000924,0.152901,0.410508,0.181942,0.074423,0.040411,0.058590,0.061826,0.009681,0.009717
N20000925,0.072448,0.443963,0.218051,0.102940,0.011499,0.072090,0.061902,0.012074,0.005034
N20000926,0.062755,0.392345,0.272351,0.103273,0.013660,0.069997,0.066589,0.013602,0.005427
N20000927,0.043461,0.632647,0.095941,0.109187,0.005140,0.084233,0.019501,0.007128,0.002760
N20000928,0.093662,0.376313,0.271468,0.088923,0.025234,0.052209,0.080853,0.005362,0.005976
N20000929,0.055674,0.343924,0.334208,0.117861,0.010512,0.050116,0.073167,0.010126,0.004412
N20000930,0.064862,0.314000,0.349372,0.103597,0.017209,0.053244,0.076722,0.014649,0.006345
N20000931,0.061022,0.405967,0.302434,0.074599,0.015613,0.050613,0.082346,0.003531,0.003875
N20000932,0.061364,0.491737,0.222193,0.077200,0.010497,0.059917,0.060629,0.011857,0.004606
N20000933,0.100642,0.317750,0.325236,0.062687,0.020671,0.042952,0.100586,0.021331,0.008145
N20000934,0.186067,0.312006,0.207080,0.081562,0.060929,0.051878,0.073901,0.013130,0.013447
N20000935,0.012976,0.372233,0.320688,0.159266,0.002775,0.087108,0.041287,0.002489,0.001178
N20000936,0.057522,0.586860,0.093950,0.136197,0.007409,0.086114,0.018227,0.009882,0.003838
N20000937,0.049597,0.312160,0.375667,0.096120,0.012561,0.050547,0.087287,0.011323,0.004738
N20000938,0.088211,0.437150,0.210264,0.086715,0.022150,0.075516,0.069533,0.005111,0.005351
N20000939,0.175201,0.262405,0.277325,0.071007,0.057373,0.043526,0.089009,0.011643,0.012511
N20000940,0.093869,0.304236,0.362050,0.054144,0.024138,0.036951,0.113644,0.005262,0.005706
N20000941,0.099119,0.423710,0.207202,0.101209,0.031131,0.062938,0.061055,0.006598,0.007037
N20000942,0.239545,0.282622,0.204472,0.063672,0.062395,0.050599,0.067390,0.014450,0.014855
N20000943,0.086522,0.254420,0.374689,0.050422,0.034004,0.031359,0.155428,0.006407,0.006748
N20000944,0.243080,0.075460,0.293366,0.023483,0.159577,0.011020,0.141636,0.026208,0.026171
N20000945,0.016978,0.287469,0.408769,0.161051,0.007738,0.048821,0.060683,0.006200,0.002291
N20000946,0.016146,0.243931,0.501721,0.106280,0.012799,0.029373,0.079074,0.007720,0.002955
N20000947,0.022210,0.564171,0.048456,0.247476,0.003908,0.101355,0.005711,0.004980,0.001733
N20000948,0.026903,0.516912,0.115628,0.225342,0.005819,0.084787,0.015219,0.007004,0.002387
N20000949,0.017150,0.557945,0.045968,0.244946,0.002928,0.121189,0.004682,0.003847,0.001344
N20000950,0.030422,0.370818,0.283561,0.165849,0.012426,0.077202,0.044607,0.011259,0.003856
N20000951,0.018517,0.451001,0.207170,0.197028,0.006138,0.084591,0.027159,0.006273,0.002125
N20000952,0.005312,0.051800,0.762977,0.036410,0.006314,0.008624,0.124210,0.003113,0.001240
N20000953,0.010626,0.227337,0.500784,0.140745,0.005904,0.046876,0.061723,0.004352,0.001652
N20000954,0.005675,0.144181,0.639056,0.095643,0.003719,0.026811,0.081692,0.002283,0.000940
N20000955,0.007205,0.148852,0.621145,0.096337,0.004981,0.030524,0.086513,0.003188,0.001256
N20000956,0.010460,0.266198,0.464402,0.135437,0.004720,0.059477,0.054072,0.003795,0.001439
N20000957,0.021370,0.538132,0.113855,0.199292,0.004615,0.102168,0.013192,0.005474,0.001901
N20000958,0.013188,0.260141,0.483964,0.118413,0.007316,0.042627,0.066813,0.005524,0.002015
N20000959,0.004311,0.095891,0.719013,0.062273,0.003454,0.015925,0.096272,0.002050,0.000812
N20000960,0.007908,0.162915,0.604174,0.090964,0.006491,0.029949,0.092238,0.003847,0.001513
N20000961,0.007354,0.133156,0.681722,0.062910,0.004514,0.030118,0.076129,0.002906,0.001191
N20000962,0.006492,0.193308,0.589973,0.097797,0.004444,0.032671,0.071330,0.002858,0.001128
N20000963,0.016227,0.171980,0.589320,0.076568,0.010843,0.030170,0.094433,0.007699,0.002761
N20000964,0.010805,0.295307,0.441238,0.130628,0.005298,0.053142,0.057895,0.004151,0.001534
N20000965,0.012124,0.177873,0.569526,0.089251,0.010481,0.033459,0.098589,0.006327,0.002370
N20000966,0.023088,0.152659,0.606739,0.053297,0.015411,0.022938,0.110941,0.011115,0.003811
N20000967,0.024484,0.223576,0.506682,0.077587,0.013575,0.033224,0.106920,0.010323,0.003628
N20000968,0.009086,0.081032,0.734513,0.037064,0.006089,0.011510,0.115198,0.004006,0.001503
N20000969,0.010060,0.100273,0.690451,0.051883,0.009572,0.015135,0.115047,0.005498,0.002081
N20000970,0.014250,0.086866,0.709030,0.036182,0.012008,0.011522,0.120087,0.007351,0.002704
N20000971,0.011746,0.203300,0.542336,0.112464,0.007789,0.039098,0.075893,0.005355,0.002019
N20000972,0.051942,0.088787,0.615007,0.036875,0.035299,0.013171,0.126202,0.024331,0.008387
N20000973,0.006705,0.049414,0.770285,0.022060,0.006215,0.006334,0.133985,0.003644,0.001358
N20000974,0.004248,0.044682,0.790461,0.023917,0.004184,0.006591,0.122732,0.002288,0.000897
N20000975,0.014544,0.080349,0.723320,0.041830,0.010883,0.012793,0.106826,0.006842,0.002614
N20000976,0.063796,0.137731,0.522149,0.060412,0.044391,0.020215,0.110043,0.030706,0.010557
N20000977,0.032319,0.341136,0.338201,0.143222,0.015814,0.061374,0.050258,0.013047,0.004629
N20000978,0.020996,0.119889,0.638808,0.056650,0.017871,0.018681,0.112178,0.010930,0.003997
N20000979,0.013778,0.160098,0.618342,0.079750,0.007309,0.027695,0.085794,0.005201,0.002033
N20000980,0.021675,0.630543,0.069441,0.149570,0.003851,0.110001,0.007794,0.005351,0.001774
N20000981,0.021916,0.292733,0.417745,0.138044,0.009846,0.053087,0.055550,0.008116,0.002964
N20000982,0.006651,0.058335,0.766057,0.034763,0.006572,0.009740,0.112973,0.003512,0.001398
N20000983,0.009190,0.096415,0.706119,0.047610,0.008138,0.013995,0.111798,0.004898,0.001837
N20000984,0.012672,0.062053,0.751510,0.033510,0.009779,0.009931,0.112217,0.006026,0.002302
N20000985,0.019939,0.108887,0.652631,0.052339,0.016817,0.019752,0.115507,0.010316,0.003812
N20000986,0.014217,0.292120,0.428546,0.142140,0.006077,0.066856,0.043238,0.004924,0.001883
N20000987,0.013727,0.448967,0.236835,0.183516,0.004317,0.078714,0.028171,0.004231,0.001522
N20000988,0.012699,0.183301,0.588203,0.082540,0.008477,0.033761,0.083180,0.005702,0.002137
N20000989,0.010531,0.667952,0.040451,0.152128,0.001606,0.120345,0.003831,0.002351,0.000804
N20000990,0.009028,0.441902,0.244621,0.196391,0.002331,0.076700,0.025699,0.002437,0.000892
N20000991,0.008868,0.319312,0.438010,0.112574,0.003685,0.063183,0.050093,0.003120,0.001155
N20000992,0.004716,0.094863,0.736223,0.052686,0.003145,0.018219,0.087295,0.002048,0.000805
N20000993,0.007682,0.136896,0.665053,0.063436,0.005672,0.021159,0.095186,0.003549,0.001367
N20000994,0.006594,0.495253,0.177979,0.206627,0.001827,0.090297,0.018840,0.001892,0.000689
N20000995,0.019402,0.156947,0.597079,0.082188,0.012279,0.026771,0.093478,0.008688,0.003167
N20000996,0.020384,0.631947,0.065827,0.156335,0.003882,0.106684,0.008025,0.005186,0.001731
N20000997,0.019543,0.175815,0.587769,0.083702,0.011229,0.032996,0.077892,0.008029,0.003024
N20000998,0.007106,0.097612,0.709115,0.053939,0.005910,0.016137,0.105193,0.003606,0.001381
N20000999,0.022956,0.632517,0.033445,0.179799,0.004103,0.115377,0.003879,0.006015,0.001910
N20001000,0.022271,0.603416,0.112002,0.145069,0.005135,0.090703,0.012897,0.006389,0.002117
N20001001,0.011507,0.147156,0.640752,0.078943,0.007351,0.030048,0.077472,0.004860,0.001910
N20001002,0.017905,0.467333,0.190836,0.183713,0.005474,0.103507,0.023697,0.005570,0.001965
N20001003,0.019788,0.543963,0.179376,0.137768,0.004681,0.084994,0.022348,0.005219,0.001865
N20001004,0.017595,0.652683,0.052563,0.150325,0.002596,0.113903,0.005269,0.003770,0.001297
N20001005,0.008975,0.109221,0.693797,0.065906,0.006825,0.021962,0.087442,0.004207,0.001666
N20001006,0.012666,0.220943,0.546059,0.099206,0.006300,0.042885,0.065255,0.004862,0.001823
N20001007,0.029829,0.485250,0.192835,0.163466,0.007654,0.085319,0.024389,0.008321,0.002937
N20001008,0.006472,0.187934,0.595133,0.093860,0.003821,0.036528,0.072476,0.002734,0.001042
N20001009,0.029354,0.581259,0.127022,0.145328,0.006324,0.082381,0.017776,0.007938,0.002618
N20001010,0.012921,0.086830,0.703679,0.052862,0.010915,0.013668,0.109993,0.006627,0.002506
N20001011,0.016710,0.535830,0.174529,0.154314,0.003747,0.089802,0.019123,0.004404,0.001542
N20001012,0.036249,0.449262,0.241114,0.143833,0.012798,0.068835,0.030608,0.012944,0.004357
N20001013,0.011797,0.458306,0.256938,0.156592,0.003717,0.077724,0.029942,0.003658,0.001326
N20001014,0.019400,0.521921,0.172025,0.172037,0.004872,0.081813,0.020469,0.005557,0.001906
N20001015,0.018843,0.478246,0.188035,0.184532,0.006283,0.091946,0.023962,0.005992,0.002161
N20001016,0.013918,0.396099,0.334098,0.138412,0.004566,0.069726,0.037149,0.004428,0.001603
N20001017,0.032211,0.456463,0.241041,0.141922,0.014984,0.065219,0.039031,0.005715,0.003414
N20001018,0.017110,0.476826,0.282366,0.107540,0.006253,0.065732,0.039659,0.002881,0.001633
N20001019,0.055175,0.371854,0.307930,0.106230,0.028724,0.050248,0.063058,0.010621,0.006160
N20001020,0.017907,0.356237,0.376389,0.126579,0.009231,0.055395,0.052973,0.003235,0.002054
N20001021,0.142589,0.155446,0.318709,0.048847,0.163463,0.023257,0.114827,0.016422,0.016440
N20001022,0.014934,0.428371,0.295545,0.138404,0.008713,0.065817,0.043450,0.002925,0.001840
N20001023,0.032324,0.319155,0.393585,0.109659,0.019019,0.044832,0.071300,0.006228,0.003899
N20001024,0.137612,0.019783,0.299747,0.007708,0.346298,0.003217,0.136312,0.024736,0.024587
N20001025,0.035082,0.475851,0.184756,0.175817,0.017376,0.066364,0.033980,0.006846,0.003929
N20001026,0.110471,0.329520,0.228501,0.106903,0.084180,0.059986,0.059512,0.010485,0.010443
N20001027,0.155711,0.193045,0.291414,0.071323,0.145108,0.033626,0.077598,0.015905,0.016270
N20001028,0.020480,0.252273,0.513841,0.078360,0.012013,0.037498,0.079082,0.003971,0.002482
N20001029,0.100524,0.188589,0.394197,0.052434,0.093749,0.035295,0.114313,0.010394,0.010506
N20001030,0.136467,0.144275,0.363885,0.073667,0.134604,0.025576,0.092879,0.013750,0.014896
N20001031,0.017176,0.222922,0.561808,0.082697,0.009311,0.036741,0.064390,0.002940,0.002015
N20001032,0.059912,0.115066,0.544272,0.046063,0.064277,0.019168,0.138484,0.006021,0.006736
N20001033,0.010422,0.241502,0.534900,0.087641,0.007493,0.032729,0.081692,0.002195,0.001426
N20001034,0.009005,0.223340,0.564243,0.081566,0.006926,0.033417,0.078206,0.001991,0.001305
N20001035,0.167922,0.034833,0.341894,0.017514,0.272243,0.006897,0.111618,0.023004,0.024076
N20001036,0.040427,0.108463,0.580630,0.052520,0.055964,0.017551,0.134549,0.004526,0.005369
N20001037,0.064221,0.074858,0.541143,0.037645,0.106401,0.013217,0.145462,0.007867,0.009187
N20001038,0.026564,0.366280,0.351193,0.128900,0.013302,0.055829,0.050305,0.004701,0.002926
N20001039,0.016130,0.324812,0.387517,0.146810,0.008106,0.061749,0.050274,0.002782,0.001819
N20001040,0.026507,0.595041,0.075007,0.176166,0.006732,0.105850,0.009099,0.003545,0.002053
N20001041,0.020866,0.664216,0.093810,0.120666,0.005542,0.077850,0.012494,0.002897,0.001659
N20001042,0.119845,0.036632,0.444544,0.021246,0.218454,0.007235,0.117157,0.016393,0.018493
N20001043,0.010145,0.392636,0.352279,0.134110,0.003924,0.060683,0.043777,0.001486,0.000961
N20001044,0.026416,0.627306,0.130507,0.112515,0.007467,0.071109,0.018698,0.003820,0.002162
N20001045,0.026202,0.450955,0.219464,0.156618,0.012263,0.094967,0.031734,0.004914,0.002882
N20001046,0.029687,0.463112,0.224620,0.162126,0.012389,0.066632,0.033602,0.004863,0.002969
N20001047,0.019900,0.389344,0.275264,0.173046,0.009090,0.093959,0.033991,0.003290,0.002116
N20001048,0.012427,0.528010,0.161637,0.188864,0.005780,0.075852,0.023782,0.002290,0.001357
N20001049,0.047987,0.479651,0.172294,0.155813,0.022607,0.084360,0.029268,0.003970,0.004051
N20001050,0.015976,0.256117,0.491258,0.097041,0.012187,0.046933,0.077161,0.001545,0.001782
N20001051,0.012992,0.497318,0.194035,0.186038,0.004360,0.078661,0.023579,0.001856,0.001162
N20001052,0.030381,0.366372,0.329097,0.121087,0.020043,0.068842,0.058323,0.002782,0.003073
N20001053,0.109968,0.338742,0.223207,0.114900,0.085497,0.055222,0.052099,0.009847,0.010519
N20001054,0.013090,0.224660,0.555025,0.072162,0.008361,0.029745,0.092760,0.002548,0.001649
N20001055,0.013588,0.632737,0.105882,0.143320,0.004081,0.084865,0.012405,0.001944,0.001179
N20001056,0.022378,0.486475,0.209338,0.169350,0.007540,0.070614,0.029077,0.003231,0.001997
N20001057,0.254465,0.068049,0.213995,0.031744,0.291401,0.013357,0.068277,0.028951,0.029760
N20001058,0.015367,0.676769,0.074788,0.119806,0.003804,0.097536,0.008687,0.002053,0.001189
N20001059,0.159566,0.180805,0.290667,0.061834,0.154449,0.026536,0.092200,0.016910,0.017034
N20001060,0.032826,0.406169,0.300007,0.129613,0.017732,0.052164,0.051223,0.006447,0.003819
N20001061,0.215455,0.035418,0.233245,0.010834,0.331757,0.004927,0.108476,0.030774,0.029114
N20001062,0.354116,0.033701,0.101322,0.016907,0.373891,0.006680,0.033336,0.040350,0.039696
N20001063,0.154295,0.065825,0.411478,0.028400,0.180932,0.011660,0.112465,0.016752,0.018195
N20001064,0.277038,0.068382,0.188115,0.020809,0.304411,0.009326,0.065731,0.034321,0.031867
N20001065,0.030065,0.622106,0.094616,0.135273,0.008924,0.091305,0.013887,0.001855,0.001969
N20001066,0.127039,0.051213,0.392254,0.018265,0.205281,0.007529,0.163728,0.016973,0.017717
N20001067,0.011006,0.161875,0.631063,0.065673,0.011136,0.027096,0.087388,0.002900,0.001862
N20001068,0.098384,0.055058,0.509476,0.025695,0.140246,0.009024,0.132878,0.014040,0.015199
N20001069,0.265508,0.054247,0.225681,0.021456,0.280671,0.009025,0.076594,0.033645,0.033173
N20001070,0.181990,0.034378,0.327156,0.015411,0.272976,0.005656,0.113412,0.024129,0.024892
N20001071,0.354472,0.066365,0.165683,0.029335,0.257475,0.014105,0.039146,0.036743,0.036676
N20001072,0.202053,0.019435,0.251890,0.010125,0.367397,0.003639,0.084007,0.030404,0.031050
N20001073,0.281145,0.019464,0.195723,0.011265,0.361260,0.004393,0.058969,0.033047,0.034734
N20001074,0.063061,0.143389,0.539303,0.056750,0.051823,0.024803,0.106821,0.006794,0.007256
N20001075,0.309280,0.057801,0.229950,0.026092,0.245106,0.011330,0.054044,0.032660,0.033737
N20001076,0.256038,0.023517,0.246212,0.013280,0.327549,0.004945,0.065282,0.030892,0.032285
N20001077,0.116882,0.103471,0.476936,0.046861,0.105043,0.019188,0.105041,0.012790,0.013789
N20001078,0.116085,0.114189,0.485889,0.052424,0.090807,0.022102,0.093577,0.012003,0.012924
N20001079,0.285392,0.098641,0.183558,0.025591,0.248936,0.017399,0.082859,0.029643,0.027982
N20001080,0.158744,0.243735,0.226552,0.035412,0.115557,0.026512,0.164880,0.015033,0.013577
N20001081,0.349946,0.074575,0.153234,0.023453,0.263267,0.012993,0.055965,0.034434,0.032132
N20001082,0.716247,0.017829,0.007583,0.008242,0.169808,0.005126,0.001666,0.039096,0.034403
N20001083,0.652666,0.011120,0.006428,0.005175,0.236656,0.003123,0.001788,0.044038,0.039007
N20001084,0.157080,0.522484,0.066574,0.092756,0.051030,0.066306,0.025435,0.009594,0.008741
N20001085,0.078109,0.123944,0.381839,0.018743,0.085424,0.012610,0.282172,0.008708,0.008451
N20001086,0.705804,0.030884,0.011625,0.012228,0.157853,0.008040,0.002480,0.037913,0.033173
N20001087,0.127744,0.310444,0.235045,0.044672,0.086384,0.031826,0.141881,0.011380,0.010624
N20001088,0.077876,0.283956,0.317723,0.046674,0.056851,0.030163,0.172830,0.007075,0.006852
N20001089,0.019101,0.608741,0.029832,0.212813,0.004582,0.118391,0.004590,0.000960,0.000990
N20001090,0.178673,0.413031,0.128784,0.064844,0.082165,0.045950,0.061795,0.012812,0.011946
N20001091,0.092541,0.476335,0.130672,0.122396,0.041462,0.090514,0.033223,0.006336,0.006521
N20001092,0.023605,0.609307,0.033360,0.189854,0.006319,0.129854,0.005143,0.001263,0.001296
N20001093,0.020723,0.640000,0.019082,0.181185,0.005176,0.128632,0.003020,0.001080,0.001101
N20001094,0.589940,0.020734,0.021044,0.008973,0.262033,0.005230,0.005892,0.045770,0.040384
N20001095,0.046105,0.591639,0.061464,0.174425,0.015921,0.092870,0.011929,0.002790,0.002856
N20001096,0.056766,0.524814,0.111492,0.158570,0.019474,0.100664,0.021542,0.003220,0.003456
N20001097,0.056561,0.636216,0.043937,0.123317,0.016607,0.107690,0.009251,0.003224,0.003195
N20001098,0.038739,0.530711,0.156736,0.116325,0.017387,0.099731,0.035115,0.002550,0.002705
N20001099,0.203053,0.189940,0.254643,0.050963,0.141072,0.028403,0.095800,0.018435,0.017692
N20001100,0.051279,0.579088,0.126036,0.097997,0.022804,0.081631,0.033991,0.003620,0.003555
N20001101,0.358656,0.292420,0.039225,0.094404,0.092298,0.076980,0.008259,0.019240,0.018518
N20001102,0.166677,0.394857,0.134259,0.091429,0.083477,0.057691,0.047497,0.012199,0.011914
N20001103,0.299260,0.123675,0.130778,0.028564,0.266237,0.017491,0.071739,0.033089,0.029167
N20001104,0.052083,0.595466,0.067140,0.147479,0.014690,0.103704,0.013889,0.002726,0.002823
N20001105,0.336551,0.126762,0.111029,0.045856,0.251894,0.026454,0.038122,0.032560,0.030772
N20001106,0.071708,0.418434,0.248758,0.078172,0.036622,0.066557,0.069480,0.005050,0.005218
N20001107,0.316660,0.060063,0.105637,0.020382,0.363159,0.009767,0.047716,0.040111,0.036506
N20001108,0.106867,0.385466,0.224344,0.061529,0.071480,0.049894,0.081468,0.009722,0.009231
N20001109,0.680753,0.030975,0.012021,0.011655,0.177615,0.008752,0.002757,0.040566,0.034905
N20001110,0.289971,0.092150,0.179763,0.030536,0.265575,0.017509,0.065188,0.030203,0.029105
N20001111,0.055466,0.567478,0.089501,0.149104,0.016334,0.097163,0.019135,0.002799,0.003021
N20001112,0.302534,0.148483,0.121686,0.039371,0.246315,0.022557,0.058733,0.031782,0.028539
N20001113,0.457780,0.058365,0.046067,0.024083,0.303739,0.012428,0.015730,0.042784,0.039023
N20001114,0.458975,0.046617,0.033610,0.015526,0.333030,0.009658,0.013824,0.047820,0.040940
N20001115,0.208520,0.121585,0.234116,0.036987,0.239172,0.022464,0.088531,0.024567,0.024059
N20001116,0.030497,0.625092,0.058759,0.157626,0.009177,0.104422,0.010932,0.001738,0.001757
N20001117,0.042039,0.624211,0.064889,0.138621,0.011259,0.101804,0.012869,0.002124,0.002183
N20001118,0.511296,0.031444,0.033578,0.011392,0.305091,0.008690,0.012705,0.045657,0.040148
N20001119,0.354061,0.057144,0.060090,0.021392,0.387956,0.012825,0.023020,0.043529,0.039983
N20001120,0.435152,0.042156,0.036806,0.017820,0.357224,0.008914,0.013265,0.046680,0.041982
N20001121,0.189825,0.023888,0.306252,0.011750,0.293586,0.004941,0.118030,0.025328,0.026401
N20001122,0.184065,0.082574,0.263900,0.022776,0.247716,0.011073,0.140529,0.024361,0.023005
N20001123,0.191090,0.190672,0.231665,0.056576,0.168490,0.032133,0.090791,0.019699,0.018883
N20001124,0.223329,0.098492,0.214076,0.031259,0.272576,0.017133,0.089099,0.027280,0.026755
N20001125,0.132136,0.141367,0.354209,0.034597,0.129256,0.020909,0.159776,0.013931,0.013818
N20001126,0.151975,0.165001,0.341294,0.044598,0.118349,0.024094,0.126697,0.013904,0.014089
N20001127,0.510628,0.037566,0.030140,0.015820,0.300274,0.010191,0.010139,0.044880,0.040361
N20001128,0.134610,0.399044,0.160302,0.091273,0.071824,0.071318,0.051726,0.009953,0.009951
N20001129,0.106256,0.386464,0.220125,0.093304,0.052842,0.062777,0.063006,0.007564,0.007662
N20001130,0.564686,0.033226,0.014573,0.016497,0.270989,0.009388,0.004209,0.045982,0.040450
N20001131,0.472652,0.060410,0.059346,0.025713,0.267756,0.020372,0.016750,0.040310,0.036692
N20001132,0.262206,0.108987,0.186938,0.033077,0.256776,0.017038,0.078534,0.028889,0.027554
N20001133,0.136244,0.130135,0.355016,0.041259,0.155315,0.022303,0.128579,0.015356,0.015792
N20001134,0.366887,0.070665,0.107737,0.029331,0.297360,0.017544,0.038126,0.037222,0.035128
N20001135,0.222126,0.081437,0.213236,0.023957,0.288845,0.013154,0.100519,0.029315,0.027410
N20001136,0.231029,0.095228,0.190703,0.036967,0.301403,0.017822,0.067146,0.030266,0.029436
N20001137,0.198492,0.062481,0.214950,0.020327,0.327342,0.009955,0.109381,0.029182,0.027890
N20001138,0.268763,0.049528,0.205901,0.015173,0.299358,0.007534,0.091798,0.031688,0.030256
N20001139,0.210009,0.122522,0.224996,0.035886,0.238246,0.019955,0.099630,0.024758,0.023998
N20001140,0.134967,0.100171,0.393548,0.037804,0.152886,0.020135,0.129403,0.015396,0.015690
N20001141,0.365670,0.065126,0.119676,0.021055,0.296248,0.011720,0.049621,0.036588,0.034296
N20001142,0.204183,0.077212,0.235177,0.031976,0.297194,0.013647,0.085959,0.027222,0.027430
N20001143,0.274788,0.125156,0.176427,0.039208,0.238295,0.022010,0.068821,0.028181,0.027113
N20001144,0.198335,0.053779,0.225316,0.017225,0.321103,0.009411,0.119699,0.027968,0.027164
N20001145,0.102419,0.021455,0.426637,0.008914,0.214645,0.003646,0.188850,0.016432,0.017003
N20001146,0.183674,0.052393,0.296799,0.019654,0.269753,0.009066,0.120970,0.023404,0.024287
N20001147,0.135616,0.396544,0.203987,0.069170,0.060359,0.052736,0.063191,0.009251,0.009146
N20001148,0.067362,0.078136,0.534725,0.024486,0.101441,0.015596,0.160071,0.008759,0.009423
N20001149,0.140989,0.114867,0.389132,0.039140,0.139164,0.020802,0.126179,0.014656,0.015071
N20001150,0.226114,0.095489,0.239944,0.030067,0.249137,0.015896,0.090764,0.026667,0.025921
N20001151,0.213248,0.082636,0.251204,0.032581,0.267574,0.015862,0.083045,0.027178,0.026672
N20001152,0.189643,0.069785,0.287165,0.023866,0.243756,0.013040,0.125055,0.024179,0.023511
N20001153,0.188268,0.101782,0.254977,0.044750,0.260725,0.020982,0.077633,0.025639,0.025245
N20001154,0.395801,0.122179,0.104057,0.034413,0.220286,0.020612,0.041704,0.031201,0.029747
N20001155,0.263150,0.055370,0.191883,0.017975,0.310673,0.010271,0.087291,0.032488,0.030899
N20001156,0.138971,0.120186,0.369082,0.045714,0.145035,0.023676,0.126622,0.015137,0.015577
N20001157,0.221081,0.074063,0.232796,0.029058,0.286989,0.013398,0.085907,0.028863,0.027844
N20001158,0.408117,0.056159,0.105974,0.026214,0.285911,0.012349,0.031450,0.037338,0.036486
N20001159,0.179438,0.020313,0.230243,0.006203,0.371438,0.003298,0.131325,0.029470,0.028271
N20001160,0.282756,0.029908,0.134661,0.011306,0.401250,0.005762,0.059102,0.038588,0.036668
N20001161,0.206505,0.043191,0.221666,0.016078,0.340799,0.008452,0.103614,0.030437,0.029258
N20001162,0.143256,0.096517,0.342667,0.027858,0.169426,0.016342,0.170221,0.016894,0.016818
N20001163,0.210875,0.115475,0.287633,0.032696,0.184073,0.018059,0.109501,0.020834,0.020854
N20001164,0.315492,0.044089,0.148622,0.018767,0.334216,0.009083,0.059243,0.035705,0.034783
N20001165,0.358202,0.059273,0.138432,0.026388,0.294197,0.012231,0.041997,0.034663,0.034619
N20001166,0.286295,0.028075,0.156789,0.012793,0.373210,0.006111,0.064329,0.036526,0.035872
N20001167,0.112681,0.026407,0.469372,0.014276,0.188304,0.005598,0.151610,0.015059,0.016693
N20001168,0.160428,0.065005,0.364630,0.022731,0.194585,0.012422,0.141417,0.019361,0.019422
N20001169,0.194971,0.058844,0.321781,0.032164,0.233353,0.013951,0.099590,0.021696,0.023650
N20001170,0.162230,0.050579,0.335425,0.022690,0.249712,0.011026,0.124580,0.021179,0.022580
N20001171,0.113172,0.060016,0.475167,0.029846,0.152034,0.012525,0.128654,0.013579,0.015008
N20001172,0.056252,0.074835,0.587062,0.036513,0.072469,0.018007,0.141500,0.006091,0.007271
N20001173,0.146442,0.062937,0.351801,0.029368,0.231984,0.014039,0.123471,0.019106,0.020850
N20001174,0.141513,0.035383,0.428324,0.018936,0.205536,0.007661,0.126106,0.017266,0.019275
N20001175,0.090072,0.051967,0.475423,0.025373,0.157482,0.009717,0.163435,0.012681,0.013851
N20001176,0.130970,0.038008,0.473178,0.023106,0.179525,0.010028,0.112162,0.015423,0.017601
N20001177,0.146764,0.044438,0.428474,0.025130,0.192881,0.011050,0.116078,0.016443,0.018742
N20001178,0.111289,0.050483,0.471568,0.026950,0.159387,0.010739,0.140690,0.013619,0.015275
N20001179,0.312606,0.053821,0.147781,0.016711,0.356035,0.010031,0.046440,0.027723,0.028851
N20001180,0.281100,0.043825,0.185113,0.021404,0.359913,0.009970,0.042074,0.026722,0.029878
N20001181,0.149880,0.025201,0.353412,0.012216,0.323106,0.005064,0.093343,0.017236,0.020542
N20001182,0.220224,0.048989,0.354855,0.025734,0.234902,0.011785,0.064697,0.017649,0.021166
N20001183,0.190036,0.020198,0.311190,0.010607,0.352596,0.004658,0.065366,0.020615,0.024733
N20001184,0.440604,0.038778,0.077645,0.018117,0.332054,0.010220,0.016513,0.032172,0.033897
N20001185,0.188815,0.032781,0.375025,0.018120,0.276420,0.007619,0.060976,0.018139,0.022103
N20001186,0.287454,0.023998,0.178233,0.012096,0.394715,0.005748,0.039657,0.027207,0.030892
N20001187,0.200714,0.060278,0.356932,0.029012,0.235008,0.012948,0.068064,0.016839,0.020205
N20001188,0.222664,0.033914,0.333288,0.017235,0.282302,0.007694,0.059682,0.019814,0.023407
N20001189,0.281724,0.046677,0.291860,0.026273,0.248985,0.012676,0.046967,0.020422,0.024415
N20001190,0.540013,0.016099,0.026567,0.009350,0.326704,0.004837,0.004943,0.034770,0.036718
N20001191,0.197840,0.016620,0.298854,0.009042,0.365672,0.004353,0.060261,0.021543,0.025815
N20001192,0.586984,0.019253,0.020029,0.010829,0.284497,0.005846,0.003301,0.033764,0.035497
N20001193,0.355039,0.052753,0.210737,0.028906,0.255118,0.013278,0.033674,0.023310,0.027183
N20001194,0.241456,0.214464,0.164863,0.089721,0.177446,0.048549,0.028031,0.016627,0.018843
N20001195,0.372918,0.026587,0.112446,0.014841,0.379519,0.006845,0.021129,0.031128,0.034588
N20001196,0.178902,0.062536,0.386474,0.033243,0.219751,0.014981,0.070093,0.015276,0.018744
N20001197,0.517076,0.014017,0.034066,0.007693,0.344557,0.004172,0.006541,0.034827,0.037051
N20001198,0.239046,0.033941,0.298432,0.020722,0.303806,0.008896,0.048809,0.020800,0.025548
N20001199,0.137511,0.044507,0.453934,0.021312,0.213791,0.010034,0.088882,0.013568,0.016461
N20001200,0.147392,0.079179,0.424391,0.034941,0.178811,0.015862,0.091504,0.012837,0.015083
N20001201,0.102867,0.137467,0.490053,0.063733,0.088457,0.029799,0.071769,0.007081,0.008774
N20001202,0.352218,0.032427,0.132447,0.016752,0.370509,0.007811,0.026247,0.028906,0.032684
N20001203,0.060125,0.504216,0.164150,0.118230,0.027595,0.097445,0.021696,0.002999,0.003544
N20001204,0.483952,0.015726,0.033885,0.008479,0.372409,0.004615,0.006607,0.036190,0.038137
N20001205,0.119670,0.321738,0.247780,0.111500,0.082624,0.059675,0.040514,0.007571,0.008929
N20001206,0.051263,0.489315,0.153976,0.155524,0.030688,0.091657,0.020833,0.003119,0.003625
N20001207,0.025295,0.576378,0.051132,0.175664,0.009558,0.154376,0.004941,0.001229,0.001427
N20001208,0.029499,0.609471,0.021384,0.190814,0.008807,0.135138,0.002202,0.001242,0.001444
N20001209,0.205888,0.134088,0.299287,0.060510,0.191085,0.033588,0.043231,0.014600,0.017723
N20001210,0.040144,0.558839,0.082101,0.173794,0.015305,0.116924,0.008947,0.001769,0.002175
N20001211,0.041058,0.519426,0.143061,0.164966,0.020513,0.088799,0.017341,0.002196,0.002639
N20001212,0.478729,0.011039,0.036402,0.006845,0.381932,0.003324,0.006338,0.036414,0.038977
N20001213,0.056885,0.390258,0.286998,0.130859,0.024822,0.069615,0.034650,0.002628,0.003285
N20001214,0.164217,0.326633,0.175906,0.113619,0.102052,0.070681,0.024883,0.010192,0.011818
N20001215,0.027510,0.458151,0.209727,0.176139,0.017506,0.083170,0.024123,0.001634,0.002039
N20001216,0.123460,0.240605,0.379537,0.062226,0.081124,0.043513,0.052971,0.007526,0.009037
N20001217,0.101135,0.241360,0.369811,0.088609,0.081775,0.050053,0.052061,0.006818,0.008380
N20001218,0.185191,0.082152,0.367943,0.039444,0.203280,0.020465,0.069060,0.014635,0.017830
N20001219,0.106278,0.179409,0.430080,0.071227,0.098859,0.035602,0.061098,0.007797,0.009649
N20001220,0.056409,0.428277,0.208197,0.167629,0.029633,0.077577,0.025587,0.003002,0.003688
N20001221,0.228686,0.094802,0.308715,0.039623,0.213196,0.018187,0.059777,0.016936,0.020077
N20001222,0.039376,0.527629,0.136082,0.154322,0.017307,0.105348,0.015680,0.001925,0.002330
N20001223,0.035879,0.535613,0.125873,0.159228,0.014950,0.110343,0.014383,0.001686,0.002044
N20001224,0.030495,0.531363,0.137876,0.173106,0.012199,0.097750,0.014115,0.001379,0.001717
N20001225,0.029099,0.559301,0.076354,0.185910,0.008721,0.130941,0.007234,0.001058,0.001382
N20001226,0.072227,0.052574,0.590667,0.027856,0.122295,0.011535,0.106073,0.007487,0.009287
N20001227,0.045007,0.507091,0.154720,0.144816,0.020360,0.105989,0.017080,0.002229,0.002708
N20001228,0.027214,0.541612,0.092836,0.183614,0.009822,0.133853,0.008447,0.001160,0.001442
N20001229,0.045635,0.533180,0.083305,0.175823,0.017792,0.131219,0.008496,0.002047,0.002502
N20001230,0.242989,0.048782,0.307029,0.026218,0.265142,0.012173,0.054711,0.019484,0.023472
N20001231,0.181928,0.093457,0.369214,0.048379,0.194352,0.023147,0.057864,0.014191,0.017469
N20001232,0.071353,0.344988,0.263202,0.157549,0.043095,0.081652,0.029017,0.004065,0.005080
N20001233,0.254531,0.107358,0.223511,0.056206,0.255102,0.024619,0.035026,0.019850,0.023797
N20001234,0.050215,0.099556,0.603348,0.043935,0.108549,0.013900,0.066744,0.007173,0.006579
N20001235,0.736518,0.018192,0.008119,0.004753,0.081876,0.004936,0.002981,0.099170,0.043455
N20001236,0.758904,0.014666,0.002887,0.004223,0.074544,0.004766,0.001138,0.096762,0.042110
N20001237,0.750191,0.016142,0.007379,0.005239,0.078614,0.005091,0.002565,0.091871,0.042907
N20001238,0.785048,0.016077,0.004608,0.005216,0.062328,0.005532,0.001463,0.081294,0.038433
N20001239,0.759014,0.014665,0.003606,0.003414,0.072857,0.004172,0.001338,0.099257,0.041678
N20001240,0.698851,0.015998,0.009882,0.004081,0.102383,0.003891,0.003637,0.112147,0.049129
N20001241,0.746222,0.009889,0.003801,0.002735,0.085884,0.002877,0.001478,0.102413,0.044702
N20001242,0.740272,0.019902,0.007697,0.004960,0.078871,0.005430,0.002601,0.097310,0.042958
N20001243,0.785825,0.013973,0.003348,0.003782,0.062182,0.004255,0.001079,0.087331,0.038224
N20001244,0.729232,0.012610,0.008763,0.004154,0.093279,0.003957,0.003123,0.098193,0.046689
N20001245,0.740818,0.017010,0.008592,0.005490,0.082513,0.005497,0.003015,0.093167,0.043898
N20001246,0.730046,0.021056,0.009791,0.006447,0.082606,0.006572,0.003436,0.095783,0.044263
N20001247,0.691587,0.026446,0.015999,0.008532,0.100646,0.007402,0.005822,0.096332,0.047234
N20001248,0.748535,0.013481,0.004574,0.003222,0.079499,0.003637,0.001734,0.102140,0.043178
N20001249,0.071606,0.633354,0.078986,0.077894,0.008250,0.093292,0.023880,0.008340,0.004399
N20001250,0.741527,0.018537,0.004689,0.004904,0.082263,0.005560,0.001861,0.097073,0.043587
N20001251,0.724367,0.017603,0.007356,0.005671,0.090121,0.005458,0.002696,0.100607,0.046121
N20001252,0.777036,0.015964,0.004107,0.004512,0.066197,0.004786,0.001344,0.086881,0.039174
N20001253,0.732533,0.021290,0.007824,0.006386,0.081786,0.006573,0.002852,0.096786,0.043970
N20001254,0.665015,0.056435,0.030004,0.014117,0.081528,0.013773,0.010208,0.087013,0.041908
N20001255,0.768488,0.020696,0.005144,0.004648,0.063329,0.005570,0.001823,0.091749,0.038551
N20001256,0.778821,0.018042,0.004036,0.005024,0.063478,0.005366,0.001321,0.085459,0.038454
N20001257,0.753943,0.011859,0.002918,0.002967,0.078143,0.003339,0.001109,0.102753,0.042968
N20001258,0.718663,0.014802,0.009227,0.005007,0.095670,0.004803,0.003398,0.100978,0.047452
N20001259,0.736153,0.013856,0.006686,0.003852,0.085770,0.004030,0.002501,0.102174,0.044977
N20001260,0.674575,0.023123,0.023386,0.007102,0.105489,0.006637,0.008551,0.102030,0.049107
N20001261,0.768258,0.014602,0.003171,0.003631,0.069534,0.004284,0.001164,0.094956,0.040400
N20001262,0.719618,0.010685,0.004835,0.002594,0.099900,0.002706,0.002183,0.110205,0.047275
N20001263,0.753162,0.016063,0.004584,0.003715,0.075019,0.004065,0.001790,0.099849,0.041753
N20001264,0.609078,0.014702,0.026491,0.004548,0.149099,0.004138,0.012356,0.122497,0.057090
N20001265,0.649843,0.013839,0.018960,0.004449,0.131487,0.003970,0.007710,0.115237,0.054506
N20001266,0.766681,0.016580,0.004540,0.003991,0.069166,0.004599,0.001557,0.092632,0.040252
N20001267,0.717693,0.025067,0.012906,0.008069,0.088138,0.007725,0.004294,0.091336,0.044772
N20001268,0.748935,0.012317,0.005040,0.003217,0.080997,0.003366,0.001761,0.100703,0.043665
N20001269,0.749043,0.022949,0.010206,0.005377,0.070566,0.006067,0.003664,0.091876,0.040252
N20001270,0.738498,0.015834,0.004105,0.003535,0.081370,0.004163,0.001720,0.107078,0.043697
N20001271,0.528885,0.036463,0.087561,0.011830,0.138919,0.009986,0.036851,0.098670,0.050836
N20001272,0.733427,0.009985,0.005563,0.002476,0.091321,0.002585,0.002122,0.106491,0.046031
N20001273,0.723381,0.017489,0.006839,0.005389,0.091695,0.005263,0.002679,0.100959,0.046306
N20001274,0.685126,0.027307,0.010747,0.006534,0.101839,0.006511,0.004433,0.109587,0.047917
N20001275,0.364468,0.067547,0.217433,0.018429,0.113196,0.014988,0.092076,0.073007,0.038855
N20001276,0.752204,0.020739,0.006727,0.005299,0.071688,0.005883,0.002232,0.094166,0.041063
N20001277,0.744860,0.014804,0.004533,0.003857,0.081261,0.004076,0.001731,0.101248,0.043629
N20001278,0.734651,0.021744,0.006650,0.006196,0.081545,0.006442,0.002406,0.096514,0.043853
N20001279,0.716914,0.019470,0.008418,0.005768,0.092697,0.006009,0.003323,0.100953,0.046449
N20001280,0.552518,0.048811,0.058536,0.011713,0.136527,0.010505,0.029771,0.101883,0.049736
N20001281,0.621624,0.029848,0.030032,0.007662,0.129554,0.007643,0.014015,0.107987,0.051634
N20001282,0.739087,0.015569,0.008110,0.005182,0.086129,0.004869,0.002619,0.093476,0.044959
N20001283,0.746845,0.015771,0.010415,0.004279,0.080111,0.004505,0.003316,0.091942,0.042818
N20001284,0.763950,0.016645,0.003421,0.005388,0.071882,0.005690,0.001179,0.090446,0.041398
N20001285,0.598052,0.061173,0.067965,0.015932,0.094314,0.016064,0.023476,0.080768,0.042256
N20001286,0.752734,0.015699,0.010295,0.004468,0.077355,0.004212,0.003335,0.089899,0.042004
N20001287,0.750568,0.017613,0.006002,0.004939,0.074795,0.005042,0.001965,0.096606,0.042470
N20001288,0.772665,0.014372,0.003759,0.003823,0.068795,0.004293,0.001336,0.091083,0.039875
N20001289,0.362484,0.113995,0.197326,0.026530,0.096826,0.026367,0.072694,0.068367,0.035410
N20001290,0.749043,0.017254,0.005981,0.005216,0.079212,0.005578,0.002147,0.092605,0.042964
N20001291,0.763621,0.016544,0.003523,0.004457,0.071917,0.005089,0.001319,0.092473,0.041057
N20001292,0.144632,0.362127,0.184526,0.124967,0.048278,0.081130,0.025916,0.018007,0.010417
N20001293,0.770904,0.015060,0.007039,0.004501,0.068382,0.004494,0.002176,0.087338,0.040106
N20001294,0.056926,0.386823,0.245060,0.162058,0.025322,0.078481,0.031967,0.008316,0.005046
N20001295,0.777107,0.016926,0.003866,0.004233,0.064075,0.004895,0.001349,0.088908,0.038641
N20001296,0.087626,0.231920,0.418835,0.075587,0.051615,0.047867,0.062582,0.015148,0.008819
N20001297,0.718519,0.013868,0.007947,0.003746,0.107934,0.003899,0.002668,0.097003,0.044416
N20001298,0.769413,0.015709,0.003216,0.004130,0.075929,0.004646,0.001017,0.087951,0.037989
N20001299,0.762821,0.010495,0.003800,0.002779,0.083750,0.003037,0.001200,0.092234,0.039885
N20001300,0.754803,0.018844,0.004057,0.004501,0.080310,0.005013,0.001345,0.092199,0.038927
N20001301,0.757649,0.010477,0.002702,0.002581,0.086599,0.003056,0.000925,0.095467,0.040544
N20001302,0.783835,0.012400,0.002025,0.003440,0.071509,0.003971,0.000624,0.085270,0.036925
N20001303,0.712264,0.026962,0.009835,0.006127,0.099083,0.006929,0.003576,0.092935,0.042290
N20001304,0.742152,0.020203,0.005436,0.004585,0.086078,0.005259,0.001867,0.094292,0.040128
N20001305,0.732608,0.010853,0.006231,0.002718,0.098518,0.002832,0.001997,0.100953,0.043289
N20001306,0.697700,0.007596,0.010961,0.002249,0.123082,0.001956,0.003276,0.105101,0.048080
N20001307,0.650683,0.047518,0.020226,0.007910,0.113495,0.009834,0.010894,0.097083,0.042357
N20001308,0.754775,0.017775,0.005043,0.005350,0.083852,0.005719,0.001629,0.086211,0.039646
N20001309,0.735780,0.017589,0.006075,0.005387,0.094736,0.005931,0.001973,0.090253,0.042277
N20001310,0.752486,0.014427,0.004331,0.003517,0.086712,0.004070,0.001504,0.092830,0.040124
N20001311,0.714607,0.023746,0.008158,0.005089,0.098934,0.006506,0.003295,0.097629,0.042035
N20001312,0.689103,0.038959,0.017753,0.008704,0.098456,0.010270,0.006771,0.089294,0.040690
N20001313,0.753304,0.014025,0.004204,0.003550,0.085136,0.004267,0.001316,0.093861,0.040337
N20001314,0.758647,0.017725,0.004197,0.004472,0.079358,0.005235,0.001327,0.090219,0.038820
N20001315,0.686313,0.042107,0.015987,0.008807,0.097992,0.010856,0.006396,0.091093,0.040450
N20001316,0.737174,0.012930,0.004386,0.003216,0.095924,0.003744,0.001481,0.098440,0.042706
N20001317,0.766988,0.013132,0.004208,0.003394,0.078884,0.003741,0.001330,0.089622,0.038700
N20001318,0.759633,0.021614,0.005937,0.006858,0.078565,0.007216,0.001769,0.080234,0.038175
N20001319,0.734125,0.020037,0.005125,0.004920,0.091894,0.005690,0.001947,0.095187,0.041075
N20001320,0.756120,0.012942,0.003701,0.002807,0.083580,0.003392,0.001302,0.096376,0.039781
N20001321,0.705246,0.019696,0.006793,0.004763,0.109105,0.005971,0.002770,0.101516,0.044139
N20001322,0.740800,0.023284,0.006687,0.005399,0.086441,0.006721,0.002492,0.088859,0.039318
N20001323,0.783747,0.015174,0.002909,0.003956,0.070087,0.004709,0.000922,0.082275,0.036221
N20001324,0.731643,0.022846,0.006188,0.004777,0.088216,0.006225,0.002361,0.097498,0.040246
N20001325,0.747624,0.012349,0.003863,0.003248,0.091255,0.003491,0.001362,0.095648,0.041160
N20001326,0.748649,0.011800,0.004554,0.003395,0.092126,0.003542,0.001523,0.092893,0.041519
N20001327,0.714830,0.014076,0.006332,0.004316,0.109227,0.004487,0.002483,0.099222,0.045028
N20001328,0.727427,0.022839,0.008309,0.005005,0.091403,0.005871,0.002964,0.095275,0.040906
N20001329,0.730827,0.015740,0.005062,0.004624,0.097498,0.004811,0.001687,0.096475,0.043276
N20001330,0.674788,0.017416,0.011200,0.004866,0.130621,0.004848,0.004668,0.103616,0.047978
N20001331,0.740081,0.016038,0.005498,0.005335,0.094334,0.005344,0.001814,0.089595,0.041961
N20001332,0.759366,0.016840,0.004158,0.004186,0.080185,0.004893,0.001335,0.090325,0.038711
N20001333,0.672191,0.016574,0.011350,0.004435,0.131448,0.004632,0.004729,0.106443,0.048198
N20001334,0.725222,0.014691,0.005568,0.004468,0.102946,0.004599,0.001996,0.096725,0.043785
N20001335,0.684227,0.021498,0.005654,0.005746,0.120971,0.006292,0.002505,0.106406,0.046701
N20001336,0.738380,0.023631,0.008626,0.006215,0.087607,0.006657,0.002926,0.086351,0.039607
N20001337,0.709319,0.011235,0.006083,0.003864,0.117690,0.003684,0.002060,0.099384,0.046680
N20001338,0.736975,0.032798,0.006129,0.006899,0.077514,0.008265,0.002286,0.091113,0.038021
N20001339,0.734946,0.015058,0.006182,0.004866,0.097328,0.004771,0.001972,0.092157,0.042720
N20001340,0.695247,0.015305,0.010160,0.004750,0.120002,0.004671,0.003531,0.099348,0.046986
N20001341,0.633720,0.015920,0.016223,0.004513,0.155744,0.004666,0.006029,0.111162,0.052023
N20001342,0.730458,0.012228,0.004657,0.003508,0.102187,0.003859,0.001652,0.097599,0.043852
N20001343,0.764164,0.016278,0.003572,0.004754,0.079456,0.005375,0.001200,0.086462,0.038738
N20001344,0.758767,0.013268,0.003726,0.003629,0.083404,0.004405,0.001211,0.091769,0.039820
N20001345,0.744644,0.018925,0.006767,0.005459,0.086541,0.005826,0.002164,0.089171,0.040503
N20001346,0.746928,0.017398,0.004991,0.005042,0.088346,0.005278,0.001651,0.089728,0.040638
N20001347,0.715355,0.018093,0.019968,0.005869,0.099439,0.004973,0.005711,0.088100,0.042493
N20001348,0.748161,0.017636,0.005898,0.004398,0.086812,0.004773,0.002146,0.090367,0.039810
N20001349,0.739598,0.012772,0.004188,0.003876,0.096725,0.003919,0.001460,0.094912,0.042551
N20001350,0.690572,0.011081,0.005235,0.003474,0.128450,0.003497,0.002084,0.107108,0.048498
N20001351,0.765058,0.019182,0.004803,0.005451,0.076539,0.006373,0.001458,0.083272,0.037864
N20001352,0.712874,0.016007,0.006986,0.004488,0.106506,0.004570,0.002454,0.101462,0.044653
N20001353,0.731414,0.010686,0.003331,0.002949,0.102809,0.003155,0.001273,0.100752,0.043631
N20001354,0.727375,0.015560,0.005059,0.004348,0.099583,0.004807,0.001855,0.098237,0.043177
N20001355,0.708689,0.011527,0.004458,0.003555,0.119322,0.003687,0.001769,0.100695,0.046301
N20001356,0.742363,0.011711,0.004392,0.003485,0.096262,0.003568,0.001454,0.094390,0.042375
N20001357,0.729460,0.014197,0.005905,0.004196,0.099650,0.004364,0.001997,0.096967,0.043265
N20001358,0.754547,0.017278,0.004881,0.004818,0.084139,0.005185,0.001550,0.087943,0.039660
N20001359,0.764945,0.015184,0.004620,0.004634,0.080908,0.004784,0.001366,0.084618,0.038940
N20001360,0.750444,0.014629,0.003306,0.004418,0.090731,0.004750,0.001163,0.089691,0.040867
N20001361,0.724904,0.017032,0.008564,0.005378,0.100835,0.005317,0.002957,0.091748,0.043265
N20001362,0.743516,0.015229,0.003293,0.004724,0.093760,0.005265,0.001128,0.091106,0.041980
N20001363,0.753408,0.016516,0.004256,0.004804,0.084385,0.005063,0.001363,0.090251,0.039953
N20001364,0.740777,0.010812,0.005791,0.003486,0.099605,0.003525,0.001902,0.091128,0.042973
N20001365,0.711534,0.018270,0.007874,0.004219,0.106334,0.004557,0.003302,0.100345,0.043564
N20001366,0.727935,0.013452,0.004921,0.004020,0.102958,0.004204,0.001819,0.097040,0.043652
N20001367,0.705280,0.014957,0.006037,0.004748,0.115202,0.004791,0.002126,0.100723,0.046135
N20001368,0.759550,0.019687,0.005191,0.006068,0.080357,0.006206,0.001666,0.082569,0.038706
N20001369,0.025085,0.718354,0.041998,0.091202,0.001721,0.108537,0.009549,0.002229,0.001326
N20001370,0.022578,0.717637,0.017392,0.105002,0.001257,0.129486,0.003853,0.001744,0.001051
N20001371,0.129857,0.474167,0.092680,0.131416,0.014963,0.117285,0.023672,0.010117,0.005843
N20001372,0.019436,0.703473,0.015603,0.145877,0.001171,0.108398,0.003577,0.001525,0.000941
N20001373,0.299230,0.379094,0.049573,0.109653,0.027052,0.089522,0.013028,0.021326,0.011522
N20001374,0.784336,0.016174,0.011289,0.005234,0.060125,0.004277,0.003845,0.073951,0.040768
N20001375,0.021472,0.642776,0.029632,0.128284,0.001601,0.168134,0.005961,0.001366,0.000774
N20001376,0.029424,0.688726,0.058066,0.083990,0.001644,0.122521,0.012104,0.002164,0.001361
N20001377,0.053043,0.609613,0.036297,0.113130,0.005723,0.166121,0.008790,0.005049,0.002234
N20001378,0.035805,0.709543,0.040595,0.082616,0.002363,0.113503,0.010692,0.003067,0.001816
N20001379,0.022877,0.707005,0.027987,0.105287,0.001245,0.126270,0.006631,0.001664,0.001033
N20001380,0.010480,0.631207,0.062079,0.104892,0.000965,0.176576,0.012129,0.001090,0.000583
N20001381,0.016446,0.687022,0.024271,0.117399,0.001603,0.146248,0.004891,0.001453,0.000666
N20001382,0.025430,0.630801,0.031811,0.111900,0.002818,0.186608,0.007177,0.002363,0.001091
N20001383,0.027045,0.694985,0.022961,0.094948,0.002588,0.148706,0.005259,0.002435,0.001073
N20001384,0.030298,0.665691,0.034430,0.097416,0.002863,0.157595,0.007960,0.002577,0.001171
N20001385,0.050109,0.638288,0.047780,0.104220,0.007140,0.130691,0.013750,0.005568,0.002454
N20001386,0.019404,0.597161,0.099941,0.109429,0.001956,0.147662,0.021229,0.002095,0.001123
N20001387,0.029940,0.664341,0.019378,0.125317,0.002856,0.149927,0.004357,0.002692,0.001192
N20001388,0.011810,0.650470,0.024980,0.116774,0.000888,0.188789,0.004632,0.001081,0.000577
N20001389,0.043218,0.699424,0.030904,0.070141,0.003391,0.137424,0.008497,0.004833,0.002168
N20001390,0.013875,0.679844,0.018611,0.120055,0.001288,0.161015,0.003558,0.001202,0.000554
N20001391,0.012704,0.645647,0.030085,0.117309,0.001160,0.185277,0.005755,0.001355,0.000708
N20001392,0.010677,0.646496,0.032608,0.133347,0.000923,0.167989,0.006285,0.001097,0.000578
N20001393,0.016138,0.736690,0.022274,0.077697,0.001410,0.138692,0.005067,0.001418,0.000613
N20001394,0.051646,0.635255,0.042950,0.108569,0.005383,0.137951,0.011705,0.004485,0.002055
N20001395,0.021727,0.660766,0.020657,0.127149,0.002008,0.160508,0.004454,0.001884,0.000846
N20001396,0.025397,0.705581,0.018556,0.077847,0.001766,0.162718,0.004239,0.002680,0.001217
N20001397,0.050079,0.660365,0.056310,0.088629,0.005885,0.115756,0.015737,0.005046,0.002193
N20001398,0.022696,0.711861,0.027230,0.080947,0.001765,0.144972,0.006977,0.002417,0.001136
N20001399,0.022833,0.691741,0.024120,0.095456,0.002106,0.155512,0.005279,0.002050,0.000904
N20001400,0.072132,0.609954,0.065523,0.083615,0.008032,0.132658,0.018456,0.006639,0.002991
N20001401,0.026036,0.655554,0.082005,0.086103,0.002289,0.122901,0.020934,0.002801,0.001378
N20001402,0.029761,0.655101,0.069123,0.089289,0.003251,0.129076,0.018994,0.003613,0.001791
N20001403,0.022286,0.706777,0.026785,0.086543,0.001693,0.146571,0.005961,0.002279,0.001105
N20001404,0.035287,0.628070,0.081686,0.088119,0.004532,0.136234,0.020781,0.003655,0.001636
N20001405,0.015738,0.718648,0.019875,0.087635,0.001198,0.150121,0.004336,0.001658,0.000793
N20001406,0.025400,0.718208,0.017622,0.068351,0.001717,0.160675,0.004183,0.002653,0.001191
N20001407,0.027458,0.696586,0.023948,0.094359,0.002165,0.144644,0.006390,0.003061,0.001388
N20001408,0.009340,0.765742,0.013914,0.063383,0.000546,0.142968,0.002825,0.000871,0.000411
N20001409,0.017890,0.716681,0.025011,0.090787,0.001222,0.140450,0.005407,0.001722,0.000830
N20001410,0.009981,0.711940,0.009893,0.107052,0.000629,0.157020,0.002034,0.000993,0.000458
N20001411,0.012663,0.739364,0.040525,0.070340,0.000952,0.125698,0.008531,0.001291,0.000634
N20001412,0.025423,0.717240,0.026498,0.071825,0.001767,0.146514,0.006880,0.002650,0.001203
N20001413,0.076547,0.583795,0.044500,0.110388,0.007654,0.157017,0.009910,0.007073,0.003115
N20001414,0.692540,0.098307,0.010853,0.017942,0.046654,0.025649,0.003766,0.074100,0.030188
N20001415,0.011937,0.766089,0.013724,0.060182,0.000742,0.142728,0.002850,0.001201,0.000547
N20001416,0.021040,0.715071,0.012755,0.100010,0.001344,0.144018,0.002843,0.001969,0.000949
N20001417,0.018032,0.743939,0.013022,0.076729,0.001178,0.141611,0.002853,0.001802,0.000834
N20001418,0.301272,0.299054,0.133609,0.038618,0.045555,0.046370,0.067431,0.047757,0.020331
N20001419,0.769660,0.012109,0.003387,0.002620,0.066385,0.003075,0.001440,0.103087,0.038237
N20001420,0.749753,0.024197,0.008214,0.003961,0.066542,0.005598,0.003535,0.100398,0.037801
N20001421,0.680233,0.073223,0.016247,0.010395,0.066007,0.015242,0.007645,0.095098,0.035909
N20001422,0.569460,0.091475,0.066033,0.015206,0.080350,0.018841,0.029432,0.091458,0.037745
N20001423,0.759846,0.024383,0.007613,0.004114,0.060584,0.005144,0.003160,0.098792,0.036364
N20001424,0.025401,0.724987,0.017328,0.083512,0.001790,0.139034,0.004150,0.002579,0.001218
N20001425,0.609577,0.068706,0.032220,0.010789,0.099506,0.013062,0.020041,0.104537,0.041562
N20001426,0.775633,0.018929,0.005706,0.003572,0.057821,0.004334,0.002259,0.096201,0.035545
N20001427,0.749148,0.017890,0.005322,0.003476,0.071730,0.004221,0.002427,0.106416,0.039369
N20001428,0.740557,0.034379,0.011996,0.005939,0.062685,0.007518,0.005430,0.095419,0.036076
N20001429,0.781359,0.014736,0.003052,0.002703,0.057321,0.003535,0.001263,0.100311,0.035720
N20001430,0.667316,0.025045,0.026327,0.004749,0.102255,0.004778,0.013642,0.111076,0.044811
N20001431,0.762295,0.016796,0.005695,0.002717,0.064369,0.003704,0.002529,0.104520,0.037375
N20001432,0.807044,0.014098,0.003382,0.003051,0.048496,0.003660,0.001215,0.086488,0.032568
N20001433,0.754930,0.017321,0.008778,0.003383,0.067598,0.003979,0.003245,0.102201,0.038564
N20001434,0.781197,0.020216,0.005068,0.004216,0.055923,0.004917,0.002010,0.091728,0.034724
N20001435,0.750479,0.024607,0.008541,0.003741,0.064346,0.004729,0.003908,0.102547,0.037102
N20001436,0.769689,0.012972,0.006521,0.003180,0.065942,0.003446,0.002238,0.097625,0.038386
N20001437,0.783622,0.023620,0.006517,0.004393,0.050777,0.005702,0.002315,0.089679,0.033375
N20001438,0.714090,0.008277,0.011268,0.001565,0.093252,0.001694,0.004720,0.120206,0.044927
N20001439,0.728495,0.046095,0.007805,0.006987,0.064064,0.011198,0.004059,0.095704,0.035591
N20001440,0.793878,0.014090,0.003997,0.003137,0.054119,0.003630,0.001480,0.091112,0.034557
N20001441,0.720280,0.044681,0.010945,0.006886,0.067747,0.009434,0.005914,0.097578,0.036536
N20001442,0.771412,0.018633,0.003931,0.004126,0.060987,0.004913,0.001553,0.097577,0.036869
N20001443,0.731814,0.039554,0.010512,0.006860,0.064068,0.008410,0.004902,0.097509,0.036370
N20001444,0.773354,0.017010,0.006908,0.003483,0.059611,0.003930,0.002544,0.096937,0.036222
N20001445,0.701902,0.052687,0.015617,0.008099,0.070127,0.012063,0.007864,0.095117,0.036524
N20001446,0.157498,0.329262,0.111625,0.194916,0.070809,0.099753,0.010082,0.007303,0.018753
N20001447,0.414489,0.130851,0.115955,0.068855,0.164438,0.028245,0.014660,0.018902,0.043605
N20001448,0.402533,0.180516,0.083383,0.097547,0.130859,0.041578,0.009507,0.016097,0.037980
N20001449,0.422976,0.147569,0.094263,0.079763,0.150478,0.034301,0.010130,0.018314,0.042205
N20001450,0.427928,0.175538,0.072142,0.097721,0.118272,0.049506,0.007012,0.015055,0.036825
N20001451,0.484954,0.140614,0.057708,0.085917,0.134005,0.031087,0.005445,0.018085,0.042185
N20001452,0.419137,0.154805,0.116040,0.088454,0.121503,0.034953,0.012903,0.015362,0.036843
N20001453,0.559699,0.080843,0.053936,0.050814,0.158962,0.021785,0.006111,0.019832,0.048018
N20001454,0.700832,0.013180,0.010159,0.008167,0.179368,0.003733,0.001340,0.026727,0.056495
N20001455,0.610240,0.012603,0.020800,0.008366,0.245323,0.003477,0.003067,0.031230,0.064893
N20001456,0.661495,0.014436,0.012750,0.009552,0.207456,0.004208,0.001733,0.028266,0.060105
N20001457,0.067302,0.470409,0.022329,0.235106,0.017679,0.177029,0.001847,0.002349,0.005951
N20001458,0.514158,0.110508,0.068107,0.074964,0.128825,0.038240,0.006436,0.016896,0.041865
N20001459,0.222534,0.285888,0.126844,0.159378,0.085293,0.074609,0.012479,0.009426,0.023549
N20001460,0.570328,0.046394,0.057591,0.028965,0.195324,0.013423,0.007334,0.024889,0.055753
N20001461,0.197495,0.342069,0.045629,0.219121,0.049335,0.119136,0.003999,0.006605,0.016612
N20001462,0.669308,0.031240,0.031242,0.023475,0.158261,0.010299,0.003277,0.021375,0.051524
N20001463,0.683063,0.027807,0.032935,0.020255,0.151800,0.008738,0.003552,0.021311,0.050538
N20001464,0.056103,0.469542,0.016781,0.272732,0.011776,0.165760,0.001318,0.001651,0.004337
N20001465,0.636187,0.062192,0.020927,0.044814,0.142606,0.021655,0.002216,0.020789,0.048613
N20001466,0.540709,0.153515,0.014122,0.087520,0.094082,0.057899,0.001436,0.015013,0.035705
N20001467,0.031676,0.519987,0.010019,0.302255,0.006197,0.125891,0.000735,0.000903,0.002336
N20001468,0.741360,0.020045,0.005397,0.013334,0.140009,0.006999,0.000648,0.022310,0.049896
N20001469,0.715194,0.012025,0.007252,0.008058,0.170926,0.003794,0.000958,0.026063,0.055730
N20001470,0.740412,0.013273,0.005810,0.007524,0.151056,0.003867,0.000766,0.025150,0.052142
N20001471,0.753805,0.010913,0.002968,0.006434,0.145069,0.003433,0.000427,0.025517,0.051434
N20001472,0.794496,0.013385,0.006265,0.009862,0.107902,0.004732,0.000640,0.018818,0.043900
N20001473,0.759305,0.017573,0.004578,0.011027,0.128748,0.005850,0.000593,0.023365,0.048964
N20001474,0.705474,0.026866,0.013884,0.012726,0.153923,0.006607,0.001931,0.026302,0.052288
N20001475,0.753656,0.014655,0.005259,0.009148,0.136867,0.004714,0.000673,0.024414,0.050614
N20001476,0.687481,0.010950,0.006731,0.007470,0.196587,0.003338,0.000989,0.027724,0.058730
N20001477,0.681796,0.051917,0.013724,0.035069,0.130867,0.017728,0.001509,0.020361,0.047029
N20001478,0.729841,0.045249,0.010568,0.034022,0.102776,0.016354,0.001023,0.017918,0.042250
N20001479,0.715607,0.017586,0.010530,0.011328,0.160184,0.005307,0.001333,0.024606,0.053518
N20001480,0.673366,0.072786,0.010759,0.048402,0.107090,0.026331,0.001131,0.018116,0.042020
N20001481,0.527389,0.074328,0.068898,0.033894,0.204608,0.017332,0.007899,0.022277,0.043375
N20001482,0.356924,0.217571,0.068195,0.112864,0.132112,0.062788,0.006295,0.013796,0.029456
N20001483,0.385545,0.167673,0.126718,0.082377,0.139204,0.042447,0.010494,0.014572,0.030969
N20001484,0.105817,0.441669,0.075497,0.197164,0.051494,0.106181,0.006459,0.005073,0.010646
N20001485,0.078899,0.411343,0.145239,0.194375,0.040076,0.106444,0.011889,0.003679,0.008057
N20001486,0.307900,0.286919,0.057443,0.122922,0.116185,0.063325,0.005772,0.013556,0.025979
N20001487,0.079451,0.466799,0.074666,0.195233,0.037269,0.128740,0.006304,0.003719,0.007820
N20001488,0.223629,0.312419,0.142234,0.088918,0.125720,0.053440,0.017723,0.012560,0.023356
N20001489,0.127560,0.420282,0.076585,0.205320,0.045084,0.103581,0.006275,0.004890,0.010424
N20001490,0.291715,0.281500,0.090105,0.102566,0.129575,0.054455,0.009721,0.013835,0.026527
N20001491,0.218922,0.270580,0.139648,0.130640,0.125039,0.066369,0.013755,0.011460,0.023586
N20001492,0.255498,0.174331,0.235209,0.085101,0.149520,0.035821,0.023971,0.013201,0.027347
N20001493,0.264944,0.340017,0.069000,0.126653,0.086673,0.075150,0.006958,0.010433,0.020172
N20001494,0.311451,0.223106,0.109946,0.111450,0.137228,0.053928,0.010387,0.013981,0.028522
N20001495,0.237749,0.406870,0.053092,0.110124,0.084353,0.071239,0.005732,0.011149,0.019692
N20001496,0.515437,0.099655,0.085677,0.045194,0.167761,0.020051,0.007697,0.019755,0.038773
N20001497,0.218736,0.306700,0.111489,0.138925,0.105272,0.075803,0.011409,0.010388,0.021280
N20001498,0.394865,0.219641,0.073384,0.094762,0.119012,0.048454,0.006300,0.014619,0.028963
N20001499,0.218854,0.403767,0.043190,0.142420,0.077143,0.082431,0.004375,0.009820,0.018000
N20001500,0.480812,0.129373,0.079880,0.051017,0.167557,0.024552,0.008151,0.020567,0.038091
N20001501,0.265134,0.219935,0.165803,0.105188,0.141555,0.045636,0.016497,0.013231,0.027020
N20001502,0.166883,0.465475,0.034941,0.161435,0.044592,0.105912,0.003097,0.006040,0.011624
N20001503,0.297602,0.278217,0.080603,0.143086,0.089718,0.071926,0.006398,0.010437,0.022012
N20001504,0.378921,0.169510,0.137655,0.069619,0.150902,0.031063,0.013382,0.016585,0.032362
N20001505,0.255544,0.317436,0.062525,0.159326,0.088260,0.081149,0.005194,0.009944,0.020622
N20001506,0.174224,0.345590,0.135385,0.141593,0.090369,0.073981,0.012409,0.008754,0.017694
N20001507,0.489365,0.148127,0.058557,0.058919,0.152088,0.031416,0.005570,0.019661,0.036298
N20001508,0.289374,0.258042,0.087714,0.128510,0.126352,0.062476,0.008349,0.012784,0.026399
N20001509,0.493542,0.157422,0.039717,0.068513,0.146130,0.037330,0.003905,0.018239,0.035202
N20001510,0.391749,0.184334,0.078361,0.086477,0.156269,0.045146,0.007517,0.016566,0.033580
N20001511,0.104663,0.436083,0.043266,0.223641,0.029902,0.148177,0.003122,0.003461,0.007687
N20001512,0.712699,0.022581,0.015266,0.012712,0.162399,0.006471,0.001455,0.022992,0.043425
N20001513,0.441275,0.146778,0.049027,0.077836,0.181777,0.041891,0.004963,0.018291,0.038162
N20001514,0.049848,0.420066,0.180901,0.222694,0.026194,0.065498,0.024016,0.002844,0.007941
N20001515,0.059143,0.445132,0.115977,0.251837,0.024545,0.078621,0.013443,0.003015,0.008287
N20001516,0.049954,0.484192,0.047471,0.278622,0.014596,0.112625,0.004853,0.001997,0.005692
N20001517,0.111381,0.386662,0.099618,0.229379,0.038557,0.104650,0.010983,0.004961,0.013809
N20001518,0.061945,0.365695,0.216006,0.198737,0.038963,0.076052,0.027541,0.004003,0.011058
N20001519,0.059864,0.514738,0.027277,0.267021,0.012796,0.107680,0.002805,0.002116,0.005703
N20001520,0.027800,0.505579,0.039185,0.273347,0.008129,0.137841,0.003797,0.001118,0.003204
N20001521,0.081560,0.426355,0.095476,0.249375,0.030070,0.091625,0.011224,0.003761,0.010554
N20001522,0.032357,0.548531,0.037181,0.237425,0.010561,0.124425,0.004109,0.001437,0.003974
N20001523,0.032428,0.568932,0.013509,0.264352,0.007279,0.107688,0.001427,0.001198,0.003187
N20001524,0.054147,0.409806,0.219717,0.177302,0.025187,0.076214,0.026825,0.002884,0.007919
N20001525,0.044169,0.472032,0.094421,0.230678,0.018596,0.121015,0.010677,0.002193,0.006220
N20001526,0.046811,0.467135,0.051867,0.241601,0.013354,0.167323,0.004813,0.001832,0.005265
N20001527,0.030996,0.487458,0.023432,0.274230,0.006460,0.171386,0.002095,0.001000,0.002944
N20001528,0.040461,0.480834,0.052964,0.236801,0.011861,0.165728,0.005121,0.001594,0.004638
N20001529,0.026721,0.478345,0.054544,0.243603,0.008239,0.179228,0.005115,0.001065,0.003140
N20001530,0.145674,0.357660,0.114262,0.203207,0.036728,0.112098,0.011170,0.004733,0.014469
N20001531,0.557452,0.081231,0.049651,0.047596,0.152973,0.021635,0.007165,0.023795,0.058503
N20001532,0.654427,0.057207,0.022268,0.044298,0.126396,0.016987,0.002801,0.020636,0.054980
N20001533,0.033567,0.481876,0.020194,0.269843,0.006622,0.182233,0.001689,0.000970,0.003006
N20001534,0.292044,0.297055,0.027405,0.200673,0.049430,0.098386,0.002803,0.008455,0.023750
N20001535,0.071245,0.507245,0.026748,0.253178,0.011277,0.120315,0.002402,0.001991,0.005600
N20001536,0.054204,0.533089,0.018260,0.214881,0.008524,0.163557,0.001622,0.001547,0.004316
N20001537,0.116322,0.470920,0.029010,0.217350,0.024314,0.123808,0.003265,0.004144,0.010867
N20001538,0.692862,0.053812,0.009975,0.038763,0.112180,0.015898,0.001356,0.021551,0.053602
N20001539,0.386931,0.218310,0.051120,0.126040,0.090776,0.068947,0.006143,0.014104,0.037629
N20001540,0.674439,0.036173,0.020236,0.016946,0.154153,0.007333,0.003868,0.025944,0.060908
N20001541,0.627142,0.052980,0.041788,0.032584,0.148031,0.011748,0.006143,0.022015,0.057570
N20001542,0.502514,0.145022,0.029485,0.101975,0.105620,0.048910,0.003413,0.017209,0.045852
N20001543,0.614272,0.087576,0.032621,0.051210,0.117208,0.020539,0.004408,0.020482,0.051683
N20001544,0.358107,0.243057,0.031489,0.160867,0.068550,0.092073,0.003246,0.011412,0.031199
N20001545,0.623707,0.039966,0.034300,0.030314,0.166256,0.012714,0.004372,0.024393,0.063977
N20001546,0.721845,0.021379,0.007583,0.016505,0.140408,0.006102,0.001177,0.024350,0.060650
N20001547,0.052348,0.592902,0.069355,0.162905,0.019178,0.088011,0.006068,0.004832,0.004402
N20001548,0.131629,0.297404,0.262415,0.102031,0.089217,0.051538,0.033900,0.016867,0.014998
N20001549,0.053738,0.513107,0.102549,0.181339,0.029616,0.097961,0.009783,0.006213,0.005694
N20001550,0.102844,0.542400,0.063704,0.145946,0.038860,0.080300,0.006835,0.010368,0.008744
N20001551,0.078384,0.483345,0.154250,0.149162,0.032378,0.074283,0.013710,0.007457,0.007032
N20001552,0.074724,0.512821,0.056529,0.207716,0.031367,0.097670,0.005168,0.007286,0.006719
N20001553,0.073200,0.598665,0.051251,0.145785,0.026542,0.085781,0.005072,0.007488,0.006215
N20001554,0.056175,0.616823,0.032040,0.173866,0.018142,0.090531,0.002912,0.005082,0.004428
N20001555,0.093634,0.400359,0.177842,0.151539,0.059480,0.076498,0.018543,0.011520,0.010586
N20001556,0.059552,0.425989,0.202038,0.174802,0.036606,0.067245,0.020697,0.006532,0.006539
N20001557,0.058938,0.516679,0.085533,0.193534,0.022218,0.106178,0.006698,0.005217,0.005005
N20001558,0.056381,0.283558,0.366587,0.137029,0.046260,0.064154,0.031449,0.007212,0.007371
N20001559,0.103537,0.538779,0.044618,0.164860,0.039361,0.084893,0.004629,0.010520,0.008804
N20001560,0.073288,0.376549,0.214331,0.178680,0.045311,0.075832,0.019113,0.008659,0.008237
N20001561,0.068282,0.541093,0.093408,0.168065,0.025125,0.083974,0.008412,0.006065,0.005577
N20001562,0.090226,0.475821,0.139042,0.139917,0.040387,0.082844,0.014456,0.009105,0.008201
N20001563,0.075476,0.565556,0.026555,0.191944,0.020602,0.106299,0.002188,0.006037,0.005343
N20001564,0.071107,0.562628,0.066989,0.171301,0.024168,0.086152,0.005587,0.006389,0.005677
N20001565,0.076169,0.547485,0.081311,0.152823,0.024150,0.099111,0.007147,0.006132,0.005672
N20001566,0.129245,0.476044,0.060100,0.178033,0.046690,0.081890,0.005482,0.011941,0.010577
N20001567,0.112601,0.499183,0.055736,0.164364,0.044022,0.097796,0.005644,0.011043,0.009611
N20001568,0.237453,0.247631,0.197991,0.092056,0.114022,0.043733,0.021060,0.024044,0.022010
N20001569,0.048707,0.380718,0.264468,0.153578,0.028868,0.093834,0.019378,0.005118,0.005333
N20001570,0.180007,0.271097,0.234486,0.086806,0.114122,0.039792,0.032433,0.021878,0.019379
N20001571,0.194690,0.433230,0.063226,0.130021,0.062094,0.078619,0.006672,0.017070,0.014377
N20001572,0.116097,0.479723,0.083150,0.151215,0.052256,0.085265,0.009385,0.012173,0.010737
N20001573,0.251854,0.299547,0.123220,0.121367,0.092188,0.059325,0.010864,0.021515,0.020120
N20001574,0.336447,0.315399,0.047823,0.093743,0.096624,0.052885,0.006002,0.028210,0.022867
N20001575,0.337238,0.265592,0.077645,0.108242,0.101423,0.050112,0.007221,0.028237,0.024289
N20001576,0.193976,0.355113,0.146736,0.097913,0.090586,0.057927,0.019068,0.021046,0.017635
N20001577,0.125578,0.230350,0.294744,0.111721,0.123461,0.047325,0.029912,0.018720,0.018190
N20001578,0.126624,0.426510,0.140451,0.136481,0.054786,0.077576,0.012920,0.013251,0.011402
N20001579,0.314495,0.320527,0.044718,0.118460,0.089858,0.059032,0.004573,0.026377,0.021959
N20001580,0.129645,0.454596,0.067076,0.178067,0.049602,0.092322,0.005880,0.011849,0.010963
N20001581,0.186309,0.380851,0.090215,0.161807,0.069009,0.071589,0.008147,0.016820,0.015254
N20001582,0.082431,0.453639,0.145778,0.155380,0.048835,0.079095,0.015889,0.009992,0.008961
N20001583,0.040758,0.492486,0.098083,0.213241,0.022314,0.117308,0.007028,0.004419,0.004363
N20001584,0.062120,0.446741,0.138442,0.206859,0.033421,0.087608,0.011703,0.006663,0.006443
N20001585,0.070180,0.424605,0.169191,0.187577,0.038884,0.079488,0.015131,0.007607,0.007337
N20001586,0.117758,0.468361,0.088214,0.161372,0.044810,0.090661,0.008543,0.010601,0.009681
N20001587,0.069034,0.425213,0.200593,0.159205,0.038037,0.074555,0.018575,0.007577,0.007211
N20001588,0.103162,0.401819,0.160869,0.166702,0.052694,0.079807,0.013996,0.010758,0.010193
N20001589,0.056743,0.504630,0.089366,0.212181,0.026015,0.092747,0.007313,0.005643,0.005362
N20001590,0.052434,0.420140,0.193384,0.184159,0.039785,0.078906,0.017446,0.007068,0.006677
N20001591,0.067830,0.418705,0.191862,0.165625,0.042880,0.079719,0.017697,0.008024,0.007658
N20001592,0.088574,0.359785,0.223165,0.166669,0.055903,0.064857,0.021424,0.009859,0.009764
N20001593,0.043995,0.460812,0.155673,0.194538,0.029171,0.091660,0.013679,0.005300,0.005173
N20001594,0.058290,0.456422,0.122501,0.202710,0.037306,0.098497,0.010317,0.007179,0.006777
N20001595,0.035152,0.613611,0.023099,0.191010,0.011849,0.117240,0.001882,0.003279,0.002878
N20001596,0.034343,0.401986,0.259452,0.158053,0.029188,0.083698,0.023789,0.004785,0.004705
N20001597,0.026868,0.433921,0.082062,0.255674,0.008366,0.184082,0.005726,0.001693,0.001609
N20001598,0.031603,0.429884,0.083755,0.292237,0.013056,0.137912,0.006855,0.002434,0.002264
N20001599,0.135953,0.298945,0.232625,0.118970,0.095087,0.056199,0.038704,0.008318,0.015199
N20001600,0.036185,0.539165,0.020343,0.247066,0.006998,0.144833,0.001685,0.002054,0.001671
N20001601,0.018860,0.505251,0.038299,0.282202,0.005194,0.144695,0.003179,0.001235,0.001084
N20001602,0.031445,0.339368,0.263724,0.194459,0.031326,0.107243,0.025678,0.002172,0.004586
N20001603,0.158088,0.316060,0.163131,0.174250,0.077645,0.069907,0.018931,0.007374,0.014614
N20001604,0.067486,0.216614,0.419961,0.103037,0.075709,0.041173,0.060445,0.005366,0.010209
N20001605,0.024711,0.495285,0.013331,0.297271,0.004226,0.161962,0.000944,0.001207,0.001064
N20001606,0.019864,0.475349,0.031334,0.307077,0.005360,0.156313,0.002351,0.001231,0.001121
N20001607,0.115209,0.267198,0.264230,0.145316,0.098246,0.051942,0.035106,0.007738,0.015016
N20001608,0.178109,0.317037,0.149076,0.136660,0.111855,0.056316,0.021114,0.010651,0.019181
N20001609,0.062679,0.290239,0.312381,0.157915,0.052407,0.075941,0.036816,0.003751,0.007871
N20001610,0.061448,0.296783,0.325293,0.139193,0.059411,0.060204,0.044724,0.004375,0.008569
N20001611,0.065242,0.337547,0.239950,0.201255,0.043613,0.073627,0.027854,0.003550,0.007363
N20001612,0.185355,0.303086,0.199772,0.107561,0.099186,0.047178,0.029554,0.010243,0.018065
N20001613,0.034052,0.324194,0.291264,0.203094,0.033199,0.072975,0.033955,0.002380,0.004887
N20001614,0.088283,0.420114,0.113777,0.206526,0.054429,0.088294,0.013893,0.005095,0.009589
N20001615,0.111186,0.294857,0.255325,0.139595,0.083935,0.060923,0.034165,0.006758,0.013256
N20001616,0.116134,0.178975,0.365326,0.101118,0.121554,0.037435,0.054047,0.008682,0.016730
N20001617,0.017132,0.460580,0.065189,0.253855,0.007846,0.187434,0.005632,0.000733,0.001599
N20001618,0.042402,0.213813,0.469069,0.116406,0.045092,0.040524,0.063465,0.003031,0.006199
N20001619,0.025101,0.437083,0.048542,0.273765,0.007411,0.201333,0.003720,0.001561,0.001484
N20001620,0.116632,0.216507,0.347588,0.118268,0.092127,0.042499,0.044769,0.007307,0.014306
N20001621,0.120368,0.221793,0.318679,0.090269,0.124099,0.047506,0.050907,0.009331,0.017047
N20001622,0.158596,0.373668,0.107387,0.175698,0.070909,0.079443,0.012540,0.007666,0.014094
N20001623,0.088044,0.259365,0.303501,0.142371,0.084973,0.064675,0.038701,0.006139,0.012231
N20001624,0.076545,0.213809,0.376783,0.140506,0.077272,0.053258,0.045713,0.005300,0.010815
N20001625,0.179533,0.353604,0.091633,0.188104,0.068436,0.086154,0.010550,0.007519,0.014468
N20001626,0.164303,0.339990,0.142555,0.145880,0.090864,0.072187,0.018804,0.009040,0.016378
N20001627,0.038732,0.466059,0.084285,0.239357,0.019917,0.137317,0.008690,0.001826,0.003819
N20001628,0.129939,0.184353,0.340708,0.095743,0.127285,0.043437,0.051110,0.009487,0.017937
N20001629,0.113499,0.304382,0.223741,0.149309,0.092456,0.063080,0.031630,0.007642,0.014260
N20001630,0.178651,0.195580,0.277563,0.093796,0.140330,0.038635,0.041908,0.011987,0.021550
N20001631,0.107508,0.253628,0.310110,0.121471,0.086868,0.059442,0.040967,0.006797,0.013211
N20001632,0.102048,0.175702,0.390339,0.103650,0.112477,0.040947,0.051647,0.007813,0.015378
N20001633,0.185991,0.151745,0.274238,0.073786,0.198230,0.026579,0.048208,0.014825,0.026399
N20001634,0.060274,0.353237,0.226754,0.171034,0.040088,0.116722,0.021833,0.003272,0.006786
N20001635,0.178529,0.215824,0.229585,0.107023,0.149368,0.048968,0.036550,0.011842,0.022311
N20001636,0.027564,0.420638,0.066658,0.242783,0.008277,0.225523,0.005058,0.001834,0.001666
N20001637,0.095751,0.193487,0.401861,0.102325,0.085445,0.051423,0.050632,0.006395,0.012681
N20001638,0.180066,0.208871,0.230551,0.101122,0.161423,0.044498,0.037956,0.012341,0.023171
N20001639,0.023903,0.453007,0.015367,0.254345,0.004353,0.245745,0.001048,0.001154,0.001079
N20001640,0.040066,0.461034,0.057758,0.224693,0.017883,0.188172,0.004989,0.001762,0.003643
N20001641,0.029331,0.442147,0.066369,0.208811,0.012279,0.231843,0.005365,0.001244,0.002611
N20001642,0.026272,0.519477,0.012302,0.258331,0.005471,0.174349,0.000984,0.001533,0.001280
N20001643,0.045849,0.385221,0.081816,0.249325,0.013980,0.212348,0.005758,0.002941,0.002761
N20001644,0.024633,0.508690,0.039941,0.213408,0.009224,0.197783,0.003286,0.000992,0.002042
N20001645,0.034909,0.436797,0.030721,0.220617,0.006189,0.265447,0.002102,0.001665,0.001552
N20001646,0.031282,0.451689,0.027729,0.240199,0.005326,0.239274,0.001758,0.001405,0.001338
N20001647,0.027486,0.501169,0.032838,0.242344,0.011019,0.178618,0.002994,0.001163,0.002370
N20001648,0.032738,0.414827,0.080120,0.256752,0.007494,0.199233,0.005461,0.001712,0.001662
N20001649,0.046971,0.382184,0.126144,0.211220,0.012961,0.206960,0.008175,0.002730,0.002657
N20001650,0.042902,0.428483,0.017356,0.235510,0.007698,0.262779,0.001224,0.002123,0.001926
N20001651,0.263891,0.029911,0.431150,0.020155,0.134867,0.007358,0.060066,0.030507,0.022095
N20001652,0.402024,0.170176,0.082373,0.141113,0.076661,0.075247,0.005767,0.026561,0.020079
N20001653,0.583455,0.035696,0.063912,0.027901,0.173698,0.016240,0.007300,0.054702,0.037096
N20001654,0.654965,0.043137,0.061919,0.027199,0.113621,0.015145,0.005245,0.047799,0.030971
N20001655,0.639623,0.045338,0.051890,0.034503,0.124061,0.021622,0.004719,0.046244,0.032002
N20001656,0.677750,0.028571,0.034056,0.022893,0.136110,0.012575,0.003274,0.050546,0.034226
N20001657,0.565599,0.036379,0.087514,0.029409,0.168596,0.016470,0.008236,0.051304,0.036493
N20001658,0.082826,0.373986,0.072138,0.254265,0.013679,0.190319,0.004143,0.004729,0.003914
N20001659,0.455769,0.071390,0.166729,0.046953,0.142537,0.026661,0.017070,0.042857,0.030035
N20001660,0.654583,0.035693,0.047506,0.027491,0.132264,0.015275,0.004235,0.049501,0.033452
N20001661,0.653061,0.035712,0.047539,0.024963,0.134124,0.013839,0.004572,0.052361,0.033829
N20001662,0.650320,0.040502,0.059049,0.025635,0.122970,0.014935,0.005381,0.049261,0.031947
N20001663,0.684563,0.031811,0.048158,0.024334,0.116210,0.013319,0.003987,0.046305,0.031313
N20001664,0.539774,0.072979,0.095729,0.058682,0.122613,0.030622,0.007898,0.042020,0.029683
N20001665,0.749797,0.024691,0.028242,0.021594,0.092840,0.012958,0.002133,0.039390,0.028356
N20001666,0.112886,0.340208,0.114033,0.239751,0.019799,0.154353,0.006729,0.006741,0.005501
N20001667,0.674152,0.017697,0.061359,0.015922,0.134878,0.008894,0.005287,0.048001,0.033810
N20001668,0.656746,0.035684,0.050927,0.029968,0.128137,0.017898,0.004304,0.044076,0.032260
N20001669,0.036002,0.445982,0.071712,0.229998,0.005921,0.202641,0.003828,0.002178,0.001739
N20001670,0.123941,0.334736,0.108151,0.228504,0.025141,0.157948,0.007249,0.007882,0.006448
N20001671,0.169548,0.367824,0.046476,0.216359,0.019584,0.162338,0.002653,0.008742,0.006476
N20001672,0.021055,0.450355,0.032013,0.265863,0.003362,0.223553,0.001544,0.001246,0.001009
N20001673,0.710626,0.016454,0.026470,0.015172,0.125511,0.007328,0.002480,0.061487,0.034471
N20001674,0.074934,0.332886,0.106232,0.216615,0.013444,0.243092,0.004966,0.004161,0.003672
N20001675,0.784376,0.015432,0.012214,0.014605,0.084546,0.007566,0.001010,0.051449,0.028801
N20001676,0.479286,0.120506,0.110101,0.095715,0.072072,0.067147,0.006571,0.027591,0.021012
N20001677,0.699078,0.019452,0.022375,0.017824,0.124682,0.006145,0.002081,0.072874,0.035489
N20001678,0.736094,0.026874,0.044505,0.027050,0.085849,0.015373,0.002884,0.034604,0.026767
N20001679,0.749674,0.011875,0.014900,0.012294,0.107720,0.004363,0.001157,0.064677,0.033339
N20001680,0.681581,0.018307,0.018555,0.018241,0.142150,0.006296,0.001828,0.075381,0.037660
N20001681,0.783549,0.014634,0.016507,0.014466,0.092030,0.008164,0.001225,0.040675,0.028750
N20001682,0.705384,0.009136,0.016562,0.008694,0.140445,0.002920,0.001432,0.077526,0.037899
N20001683,0.759080,0.020174,0.017910,0.018861,0.098641,0.011712,0.001326,0.042338,0.029957
N20001684,0.688961,0.013569,0.026471,0.014253,0.139305,0.004838,0.002330,0.072673,0.037600
N20001685,0.062847,0.402614,0.095843,0.235051,0.011885,0.179974,0.005839,0.003152,0.002795
N20001686,0.037824,0.350564,0.197355,0.177231,0.011610,0.208058,0.012307,0.002760,0.002292
N20001687,0.063746,0.450432,0.064875,0.203192,0.010845,0.196355,0.004503,0.003373,0.002678
N20001688,0.050833,0.465831,0.037081,0.224862,0.007094,0.207654,0.002398,0.002346,0.001902
N20001689,0.067495,0.356811,0.135334,0.226735,0.014845,0.183424,0.008169,0.003890,0.003298
N20001690,0.062337,0.446767,0.103783,0.183465,0.010196,0.181140,0.006608,0.003159,0.002545
N20001691,0.065101,0.407294,0.108344,0.197537,0.014989,0.191633,0.007731,0.004098,0.003272
N20001692,0.068414,0.367848,0.167221,0.173055,0.015103,0.190716,0.010331,0.003977,0.003334
N20001693,0.048660,0.547538,0.043320,0.186150,0.007993,0.158290,0.003107,0.002863,0.002079
N20001694,0.083604,0.351539,0.226221,0.197040,0.023520,0.088894,0.018434,0.006006,0.004742
N20001695,0.066132,0.465640,0.044372,0.226433,0.009863,0.178590,0.002951,0.003397,0.002623
N20001696,0.035838,0.386263,0.167081,0.222218,0.009927,0.162916,0.011312,0.002408,0.002037
N20001697,0.061292,0.405447,0.098215,0.246097,0.011129,0.165587,0.006450,0.003124,0.002659
N20001698,0.101298,0.386800,0.187889,0.177770,0.020320,0.100549,0.014853,0.005878,0.004642
N20001699,0.044387,0.372848,0.191545,0.193728,0.012850,0.165496,0.013443,0.003149,0.002554
N20001700,0.068479,0.440011,0.160173,0.167864,0.012319,0.133199,0.011097,0.003850,0.003008
N20001701,0.114744,0.475447,0.058669,0.174625,0.018259,0.141754,0.005259,0.006612,0.004630
N20001702,0.095446,0.337937,0.154414,0.220820,0.017364,0.155643,0.009283,0.004934,0.004159
N20001703,0.287950,0.082490,0.422451,0.048835,0.068887,0.018927,0.038873,0.017643,0.013943
N20001704,0.050174,0.445757,0.047889,0.234235,0.007711,0.206766,0.002989,0.002464,0.002015
N20001705,0.034376,0.456836,0.080561,0.224095,0.007101,0.188239,0.005196,0.001956,0.001641
N20001706,0.058148,0.428147,0.085635,0.188615,0.010536,0.217700,0.005458,0.003195,0.002566
N20001707,0.042592,0.493009,0.037637,0.238528,0.006190,0.175938,0.002326,0.002109,0.001672
N20001708,0.044921,0.432548,0.122015,0.224726,0.009665,0.152930,0.008368,0.002626,0.002201
N20001709,0.064935,0.355404,0.164268,0.211823,0.013577,0.172109,0.011124,0.003685,0.003075
N20001710,0.048392,0.339975,0.173450,0.207220,0.011106,0.204403,0.010142,0.002873,0.002438
N20001711,0.059789,0.363389,0.118043,0.220608,0.016597,0.206213,0.007728,0.004208,0.003426
N20001712,0.050643,0.406565,0.037214,0.184401,0.006346,0.309121,0.001876,0.002059,0.001776
N20001713,0.056982,0.432148,0.120387,0.210210,0.010961,0.156155,0.007436,0.003120,0.002601
N20001714,0.061475,0.394267,0.020376,0.176860,0.007010,0.334573,0.001077,0.002336,0.002027
N20001715,0.379775,0.166406,0.117388,0.148528,0.054798,0.095101,0.007479,0.016504,0.014021
N20001716,0.282622,0.209868,0.128015,0.168147,0.046632,0.131886,0.008469,0.013143,0.011219
N20001717,0.043868,0.390829,0.022576,0.117408,0.004371,0.417057,0.001029,0.001532,0.001331
N20001718,0.806335,0.019882,0.014130,0.015990,0.078473,0.008397,0.001185,0.032521,0.023087
N20001719,0.813323,0.014556,0.008479,0.014052,0.085200,0.006702,0.000750,0.032786,0.024151
N20001720,0.080729,0.373598,0.055573,0.190857,0.010887,0.279158,0.002975,0.003297,0.002927
N20001721,0.216210,0.282424,0.123369,0.185083,0.047992,0.111924,0.009242,0.013244,0.010512
N20001722,0.404073,0.205422,0.039381,0.150890,0.042194,0.128370,0.002366,0.014894,0.012412
N20001723,0.136154,0.357899,0.097764,0.208626,0.026873,0.151788,0.006654,0.007962,0.006281
N20001724,0.789577,0.015636,0.008546,0.013319,0.101499,0.006530,0.000892,0.037469,0.026534
N20001725,0.610477,0.063531,0.048050,0.056310,0.123608,0.033387,0.004017,0.033676,0.026945
N20001726,0.162066,0.319862,0.084077,0.201179,0.031652,0.179104,0.005757,0.008907,0.007396
N20001727,0.506656,0.155559,0.035999,0.112885,0.059140,0.090010,0.002382,0.020786,0.016584
N20001728,0.758141,0.016268,0.014040,0.010077,0.121909,0.006294,0.001486,0.043013,0.028773
N20001729,0.729188,0.059853,0.022828,0.035486,0.074623,0.025528,0.002175,0.029177,0.021142
N20001730,0.113562,0.327995,0.038481,0.143488,0.014701,0.351365,0.001969,0.004484,0.003955
N20001731,0.510169,0.138472,0.048936,0.103685,0.075643,0.074183,0.003427,0.025750,0.019736
N20001732,0.590812,0.014798,0.005627,0.009502,0.258005,0.002628,0.000715,0.076857,0.041055
N20001733,0.578560,0.015622,0.007656,0.011753,0.266250,0.003226,0.000900,0.074118,0.041916
N20001734,0.603919,0.013536,0.011859,0.009187,0.248610,0.002333,0.001223,0.069566,0.039768
N20001735,0.520656,0.018739,0.011779,0.012427,0.311295,0.003167,0.001414,0.077550,0.042973
N20001736,0.633283,0.014539,0.004712,0.009025,0.223282,0.002621,0.000537,0.073121,0.038880
N20001737,0.517870,0.008066,0.007566,0.005046,0.336035,0.001353,0.001013,0.079191,0.043860
N20001738,0.539924,0.012563,0.004625,0.007034,0.306572,0.002136,0.000739,0.083346,0.043061
N20001739,0.660566,0.015205,0.004563,0.009740,0.199517,0.002823,0.000473,0.069701,0.037411
N20001740,0.495669,0.014513,0.014123,0.008915,0.337816,0.002391,0.002071,0.080574,0.043928
N20001741,0.569962,0.015841,0.006105,0.008385,0.272505,0.002371,0.000826,0.082368,0.041638
N20001742,0.618476,0.009086,0.004497,0.005841,0.244179,0.001595,0.000507,0.075381,0.040437
N20001743,0.496881,0.045172,0.020562,0.015830,0.295301,0.005183,0.004003,0.077332,0.039736
N20001744,0.616387,0.018384,0.005432,0.010121,0.229393,0.003095,0.000602,0.077232,0.039354
N20001745,0.554619,0.011005,0.005292,0.005342,0.291947,0.001618,0.000806,0.087007,0.042365
N20001746,0.664459,0.017168,0.006300,0.010935,0.192250,0.003055,0.000604,0.068410,0.036819
N20001747,0.618975,0.011876,0.004125,0.006770,0.237301,0.002036,0.000481,0.078309,0.040127
N20001748,0.569942,0.013830,0.006476,0.008387,0.278234,0.002403,0.000874,0.078087,0.041768
N20001749,0.662371,0.012363,0.002239,0.006487,0.199954,0.002167,0.000265,0.076525,0.037629
N20001750,0.579204,0.024969,0.022718,0.013483,0.244412,0.003684,0.002583,0.070196,0.038752
N20001751,0.651906,0.012657,0.003421,0.007366,0.208951,0.002255,0.000380,0.074843,0.038221
N20001752,0.659550,0.010781,0.002582,0.005768,0.203754,0.001808,0.000295,0.077594,0.037867
N20001753,0.636797,0.012819,0.003898,0.007977,0.220941,0.002285,0.000433,0.075685,0.039163
N20001754,0.034133,0.555339,0.022974,0.291602,0.015981,0.071719,0.001813,0.003875,0.002565
N20001755,0.691325,0.013079,0.002949,0.007663,0.176352,0.002367,0.000300,0.070274,0.035690
N20001756,0.476075,0.024249,0.022325,0.011304,0.336030,0.003062,0.003574,0.080817,0.042565
N20001757,0.639849,0.011702,0.005337,0.006834,0.221686,0.001938,0.000574,0.073263,0.038816
N20001758,0.572398,0.008728,0.004570,0.004936,0.282697,0.001404,0.000601,0.082208,0.042457
N20001759,0.658744,0.011357,0.004142,0.006450,0.207197,0.001987,0.000474,0.072029,0.037618
N20001760,0.616145,0.010226,0.003565,0.006302,0.243230,0.001834,0.000416,0.077940,0.040342
N20001761,0.537239,0.011499,0.006966,0.006266,0.309266,0.001821,0.001062,0.082971,0.042909
N20001762,0.640966,0.012235,0.002965,0.007288,0.218388,0.002215,0.000345,0.076632,0.038965
N20001763,0.633234,0.013563,0.003552,0.008045,0.225027,0.002333,0.000407,0.074828,0.039011
N20001764,0.564880,0.015654,0.008047,0.008825,0.277838,0.002497,0.001085,0.079565,0.041607
N20001765,0.650414,0.013652,0.004311,0.008302,0.210888,0.002462,0.000475,0.071471,0.038025
N20001766,0.622683,0.010008,0.003591,0.005589,0.237465,0.001665,0.000428,0.078458,0.040113
N20001767,0.558967,0.055455,0.019263,0.041899,0.214877,0.011439,0.001700,0.059731,0.036668
N20001768,0.563020,0.038112,0.017170,0.028059,0.235207,0.007598,0.001299,0.070398,0.039139
N20001769,0.496949,0.015991,0.009543,0.011798,0.329942,0.002955,0.001074,0.086801,0.044947
N20001770,0.567895,0.012627,0.005990,0.007960,0.275675,0.002197,0.000620,0.084783,0.042252
N20001771,0.346600,0.015513,0.044026,0.011483,0.444419,0.002618,0.005940,0.083592,0.045807
N20001772,0.351645,0.011170,0.024450,0.008045,0.463174,0.001885,0.003272,0.089076,0.047281
N20001773,0.586491,0.014373,0.004759,0.009036,0.254114,0.002610,0.000471,0.086281,0.041865
N20001774,0.538176,0.011074,0.007618,0.006599,0.299256,0.001780,0.000803,0.090763,0.043930
N20001775,0.546952,0.016438,0.006794,0.009941,0.281917,0.002826,0.000716,0.091076,0.043340
N20001776,0.512735,0.012036,0.004453,0.008657,0.327142,0.002364,0.000560,0.087491,0.044563
N20001777,0.476604,0.016076,0.016823,0.011769,0.341923,0.002873,0.001850,0.086652,0.045430
N20001778,0.542817,0.016602,0.006374,0.011472,0.287965,0.003168,0.000685,0.087301,0.043616
N20001779,0.532779,0.012262,0.007320,0.007129,0.306370,0.002036,0.000873,0.087761,0.043472
N20001780,0.571043,0.014436,0.005707,0.009890,0.269514,0.002798,0.000572,0.083448,0.042592
N20001781,0.480017,0.016847,0.018198,0.012088,0.338740,0.002978,0.002075,0.084163,0.044894
N20001782,0.558897,0.011879,0.005202,0.007126,0.280788,0.001978,0.000553,0.090324,0.043252
N20001783,0.507026,0.013333,0.007326,0.009316,0.328991,0.002504,0.000863,0.085915,0.044725
N20001784,0.399438,0.015590,0.011970,0.009119,0.419502,0.002408,0.001816,0.093824,0.046333
N20001785,0.510234,0.013488,0.007137,0.009972,0.323130,0.002706,0.000823,0.087347,0.045162
N20001786,0.575224,0.013667,0.005588,0.008051,0.266461,0.002338,0.000589,0.085964,0.042118
N20001787,0.529443,0.019122,0.007413,0.011654,0.297584,0.003351,0.000809,0.087244,0.043379
N20001788,0.501843,0.013104,0.006850,0.009992,0.331571,0.002557,0.000751,0.087883,0.045451
N20001789,0.364013,0.024412,0.045396,0.011206,0.412746,0.002821,0.007489,0.088480,0.043437
N20001790,0.331578,0.047905,0.071264,0.029151,0.387932,0.006935,0.009521,0.074648,0.041065
N20001791,0.477208,0.017657,0.010890,0.011158,0.342617,0.002971,0.001276,0.091053,0.045170
N20001792,0.457229,0.015303,0.014216,0.011153,0.365498,0.002941,0.001716,0.086058,0.045885
N20001793,0.341537,0.021355,0.032503,0.009450,0.450578,0.002668,0.005955,0.091580,0.044374
N20001794,0.340597,0.030722,0.051497,0.018076,0.422394,0.003788,0.007083,0.082376,0.043468
N20001795,0.451071,0.025751,0.018766,0.016192,0.351215,0.003882,0.002278,0.086363,0.044482
N20001796,0.491473,0.015874,0.010751,0.010425,0.332521,0.002619,0.001270,0.090160,0.044906
N20001797,0.324218,0.026798,0.033555,0.013498,0.458679,0.003345,0.005840,0.089711,0.044356
N20001798,0.424326,0.014141,0.014874,0.007141,0.391872,0.001938,0.002344,0.097482,0.045881
N20001799,0.500653,0.016082,0.010129,0.009123,0.326444,0.002622,0.001314,0.089646,0.043987
N20001800,0.298343,0.016878,0.049478,0.008658,0.483517,0.002063,0.009545,0.087774,0.043744
N20001801,0.293580,0.015300,0.027345,0.006720,0.514803,0.001867,0.006289,0.090391,0.043705
N20001802,0.419454,0.020642,0.016349,0.008382,0.386751,0.002683,0.002844,0.098210,0.044685
N20001803,0.474820,0.030142,0.025621,0.022163,0.330218,0.005804,0.002802,0.059932,0.048498
N20001804,0.447466,0.023585,0.019753,0.016023,0.369094,0.004333,0.002484,0.066414,0.050849
N20001805,0.464127,0.021995,0.017913,0.015422,0.355317,0.003892,0.002177,0.068213,0.050944
N20001806,0.492331,0.017656,0.010618,0.012468,0.342605,0.003368,0.001281,0.068784,0.050890
N20001807,0.446375,0.023076,0.017022,0.016415,0.371431,0.004359,0.002213,0.067852,0.051257
N20001808,0.468456,0.011021,0.025597,0.007867,0.364139,0.001694,0.002503,0.067833,0.050889
N20001809,0.508535,0.013652,0.008897,0.008029,0.338186,0.002102,0.001145,0.069943,0.049512
N20001810,0.503092,0.016884,0.012910,0.012839,0.336441,0.003312,0.001499,0.063178,0.049845
N20001811,0.565627,0.014404,0.007812,0.008895,0.284080,0.002437,0.000775,0.067815,0.048154
N20001812,0.461012,0.023629,0.013612,0.017105,0.361460,0.005096,0.001646,0.065756,0.050683
N20001813,0.570190,0.017286,0.007695,0.010553,0.278314,0.002931,0.000800,0.065088,0.047144
N20001814,0.507893,0.016073,0.012174,0.012136,0.329015,0.003169,0.001411,0.067551,0.050577
N20001815,0.551705,0.013933,0.010151,0.008587,0.297524,0.002272,0.001061,0.066542,0.048226
N20001816,0.571979,0.019091,0.006444,0.013385,0.275052,0.003849,0.000707,0.062502,0.046989
N20001817,0.571876,0.020952,0.010512,0.013692,0.266726,0.003615,0.000989,0.064676,0.046961
N20001818,0.556989,0.014015,0.005193,0.007731,0.295436,0.002171,0.000607,0.069583,0.048275
N20001819,0.559233,0.012242,0.005744,0.008062,0.292262,0.002103,0.000599,0.070572,0.049184
N20001820,0.488608,0.013833,0.013259,0.010652,0.353961,0.002709,0.001456,0.064489,0.051033
N20001821,0.529760,0.011466,0.004846,0.006689,0.317999,0.001867,0.000614,0.076322,0.050437
N20001822,0.570344,0.012201,0.005715,0.007602,0.285740,0.002132,0.000615,0.067556,0.048095
N20001823,0.562977,0.017702,0.005973,0.010218,0.282572,0.002816,0.000621,0.069077,0.048042
N20001824,0.381391,0.013509,0.026993,0.009736,0.441318,0.002433,0.003851,0.068231,0.052537
N20001825,0.585079,0.018549,0.007866,0.010651,0.260600,0.003234,0.000804,0.066880,0.046337
N20001826,0.584317,0.022880,0.008579,0.014116,0.257773,0.004126,0.000843,0.061683,0.045683
N20001827,0.597411,0.017696,0.006423,0.010512,0.254208,0.002959,0.000686,0.064329,0.045777
N20001828,0.534658,0.015379,0.019070,0.009579,0.303539,0.002405,0.001872,0.065535,0.047963
N20001829,0.534062,0.016132,0.007104,0.010333,0.308731,0.002806,0.000844,0.070492,0.049496
N20001830,0.596478,0.010435,0.003502,0.006260,0.266506,0.001855,0.000394,0.067679,0.046892
N20001831,0.593741,0.017153,0.011761,0.011602,0.254414,0.002853,0.001090,0.061644,0.045743
N20001832,0.575913,0.028187,0.010344,0.014527,0.252375,0.004386,0.000994,0.067128,0.046146
N20001833,0.501940,0.021331,0.015353,0.013154,0.324277,0.003559,0.001678,0.068843,0.049866
N20001834,0.419877,0.013069,0.016026,0.009566,0.415015,0.002490,0.002198,0.069378,0.052382
N20001835,0.608403,0.013774,0.006090,0.008545,0.248678,0.002399,0.000589,0.065326,0.046196
N20001836,0.586930,0.012849,0.007177,0.008197,0.268117,0.002233,0.000743,0.066535,0.047220
N20001837,0.553117,0.012502,0.005201,0.007518,0.299186,0.002104,0.000619,0.070864,0.048890
N20001838,0.541179,0.014620,0.007808,0.008359,0.304673,0.002328,0.000930,0.071175,0.048928
N20001839,0.547794,0.016067,0.006043,0.011704,0.298745,0.003206,0.000677,0.066626,0.049138
N20001840,0.444289,0.021801,0.020600,0.016071,0.372928,0.003874,0.002401,0.067027,0.051007
N20001841,0.559604,0.013342,0.004064,0.007240,0.292415,0.002158,0.000505,0.072155,0.048517
N20001842,0.566497,0.009144,0.005123,0.005655,0.290313,0.001544,0.000538,0.071854,0.049331
N20001843,0.567018,0.014319,0.006144,0.009260,0.284542,0.002447,0.000642,0.067354,0.048273
N20001844,0.476070,0.016334,0.013056,0.011900,0.358126,0.003022,0.001575,0.068640,0.051277
N20001845,0.589840,0.016005,0.006360,0.011142,0.261608,0.002949,0.000610,0.064675,0.046811
N20001846,0.527992,0.014674,0.010518,0.010287,0.313892,0.002772,0.001158,0.068573,0.050136
N20001847,0.490105,0.015170,0.017279,0.010673,0.344945,0.002561,0.001832,0.067003,0.050433
N20001848,0.619507,0.017424,0.005915,0.011629,0.236022,0.003365,0.000581,0.060840,0.044717
N20001849,0.559712,0.017019,0.008475,0.013212,0.287638,0.003239,0.000819,0.061719,0.048167
N20001850,0.169240,0.094784,0.327759,0.079245,0.231341,0.015344,0.033479,0.028236,0.020572
N20001851,0.328767,0.084008,0.103729,0.068217,0.312150,0.014646,0.011250,0.045710,0.031523
N20001852,0.118326,0.333977,0.102975,0.260636,0.098425,0.050716,0.009267,0.014788,0.010890
N20001853,0.040667,0.532328,0.035452,0.292588,0.020247,0.069454,0.002473,0.003963,0.002828
N20001854,0.190654,0.147640,0.212629,0.107876,0.242941,0.021733,0.024494,0.030211,0.021821
N20001855,0.172016,0.239423,0.164385,0.155997,0.172638,0.034777,0.018899,0.024612,0.017254
N20001856,0.020004,0.523309,0.026783,0.347011,0.008431,0.069755,0.001722,0.001718,0.001266
N20001857,0.043542,0.527672,0.039430,0.285841,0.026232,0.065781,0.003134,0.004975,0.003393
N20001858,0.419818,0.071121,0.047229,0.054254,0.302111,0.011874,0.005060,0.053755,0.034779
N20001859,0.235786,0.172949,0.179722,0.135760,0.185000,0.027225,0.015754,0.027663,0.020141
N20001860,0.229488,0.105243,0.193849,0.091871,0.280498,0.016155,0.021652,0.035659,0.025586
N20001861,0.352982,0.033378,0.092367,0.022879,0.389315,0.005112,0.010526,0.056584,0.036857
N20001862,0.059182,0.452162,0.034270,0.325557,0.031249,0.085386,0.002511,0.005470,0.004212
N20001863,0.207845,0.230540,0.124216,0.171933,0.175015,0.032296,0.012366,0.026947,0.018841
N20001864,0.092393,0.448185,0.062793,0.263832,0.052936,0.058335,0.004987,0.009739,0.006799
N20001865,0.077671,0.446882,0.052803,0.288980,0.038512,0.079317,0.003767,0.006858,0.005211
N20001866,0.044853,0.541476,0.056100,0.244115,0.029607,0.070032,0.005244,0.005027,0.003547
N20001867,0.227843,0.227834,0.111310,0.171875,0.168854,0.035654,0.010655,0.026837,0.019137
N20001868,0.039487,0.513782,0.052801,0.298695,0.023393,0.060474,0.004020,0.004332,0.003016
N20001869,0.032297,0.510184,0.041682,0.319208,0.018201,0.069941,0.002775,0.003293,0.002419
N20001870,0.387171,0.114105,0.086287,0.064250,0.248265,0.014624,0.009560,0.046457,0.029280
N20001871,0.162697,0.286152,0.132290,0.204010,0.125717,0.044409,0.012168,0.018598,0.013959
N20001872,0.298586,0.105978,0.108789,0.074020,0.308899,0.015598,0.013785,0.044157,0.030189
N20001873,0.079984,0.443066,0.042216,0.298051,0.046006,0.073193,0.003337,0.008205,0.005942
N20001874,0.434142,0.083341,0.064775,0.040580,0.274378,0.011938,0.007341,0.051468,0.032036
N20001875,0.142819,0.347608,0.077114,0.235690,0.106087,0.054794,0.006719,0.016958,0.012211
N20001876,0.028548,0.485902,0.048003,0.345196,0.016057,0.068168,0.003273,0.002738,0.002114
N20001877,0.360037,0.049634,0.056609,0.027696,0.394813,0.006226,0.009475,0.059424,0.036087
N20001878,0.271813,0.213999,0.085938,0.138891,0.191166,0.036780,0.008085,0.031332,0.021996
N20001879,0.068555,0.351100,0.168349,0.268820,0.061157,0.053938,0.013112,0.008422,0.006548
N20001880,0.066425,0.477775,0.050435,0.277491,0.038702,0.073022,0.003951,0.007154,0.005045
N20001881,0.506221,0.016033,0.014165,0.011702,0.344637,0.002782,0.001887,0.063442,0.039132
N20001882,0.384398,0.119259,0.058134,0.077421,0.260049,0.018003,0.006746,0.046055,0.029936
N20001883,0.416270,0.014574,0.019022,0.008400,0.424741,0.001948,0.003399,0.071451,0.040194
N20001884,0.275693,0.057089,0.104225,0.033921,0.417906,0.006548,0.018099,0.052844,0.033675
N20001885,0.364232,0.188445,0.044893,0.131952,0.175851,0.029158,0.003754,0.037394,0.024322
N20001886,0.346401,0.138008,0.080862,0.098873,0.236683,0.022102,0.007746,0.041600,0.027727
N20001887,0.574586,0.013695,0.008371,0.010403,0.288226,0.002354,0.000916,0.063822,0.037627
N20001888,0.246307,0.110836,0.196424,0.080477,0.266985,0.016265,0.020864,0.036378,0.025465
N20001889,0.449272,0.024838,0.028347,0.019333,0.366435,0.004396,0.003869,0.063736,0.039775
N20001890,0.630497,0.013544,0.003573,0.009536,0.240069,0.002513,0.000401,0.064039,0.035829
N20001891,0.404323,0.087506,0.058201,0.065916,0.283112,0.015063,0.006100,0.047462,0.032318
N20001892,0.570327,0.012170,0.009496,0.009331,0.291971,0.002056,0.000972,0.065258,0.038418
N20001893,0.042498,0.447110,0.059217,0.339598,0.025614,0.074851,0.003796,0.004091,0.003225
N20001894,0.058286,0.431582,0.049988,0.331027,0.033035,0.082783,0.003668,0.005382,0.004248
N20001895,0.458706,0.052683,0.038827,0.046032,0.300245,0.010041,0.003947,0.053655,0.035863
N20001896,0.534778,0.019621,0.014103,0.016564,0.308549,0.003716,0.001599,0.062412,0.038658
N20001897,0.052661,0.443739,0.060662,0.297107,0.031555,0.100951,0.003975,0.005291,0.004059
N20001898,0.043041,0.430894,0.063730,0.335702,0.028032,0.086381,0.004421,0.004336,0.003462
N20001899,0.013137,0.491966,0.024641,0.346435,0.007259,0.112933,0.001407,0.001236,0.000985
N20001900,0.431516,0.044183,0.031610,0.037274,0.347052,0.008125,0.003885,0.058479,0.037877
N20001901,0.529382,0.018915,0.010859,0.015952,0.316402,0.003755,0.001287,0.064237,0.039211
N20001902,0.090322,0.372810,0.111623,0.264717,0.074616,0.057384,0.009476,0.010869,0.008182
N20001903,0.293952,0.275103,0.041025,0.186977,0.115961,0.041377,0.003277,0.025203,0.017124
N20001904,0.487415,0.017807,0.020080,0.015500,0.351857,0.003280,0.002329,0.061897,0.039836
N20001905,0.022028,0.505952,0.014708,0.360789,0.007360,0.085623,0.000757,0.001570,0.001213
N20001906,0.526837,0.010814,0.021229,0.007819,0.329200,0.001660,0.002340,0.061767,0.038335
N20001907,0.151753,0.309291,0.108872,0.212431,0.122189,0.052935,0.009753,0.019113,0.013663
N20001908,0.291631,0.188577,0.093378,0.161708,0.171590,0.035999,0.006125,0.029362,0.021630
N20001909,0.541143,0.021508,0.030521,0.015156,0.289553,0.003354,0.002572,0.059269,0.036924
N20001910,0.490461,0.045165,0.042657,0.035088,0.286622,0.007494,0.003524,0.053384,0.035604
N20001911,0.522126,0.030997,0.019234,0.018938,0.304193,0.004888,0.002174,0.060530,0.036919
N20001912,0.516080,0.030330,0.024966,0.020615,0.304050,0.004901,0.002604,0.059291,0.037162
N20001913,0.363190,0.030119,0.081566,0.020609,0.394799,0.004525,0.010183,0.057699,0.037309
N20001914,0.385844,0.104475,0.091698,0.078772,0.232817,0.021248,0.007156,0.040734,0.037257
N20001915,0.277818,0.135709,0.159780,0.105153,0.225745,0.021615,0.012902,0.036320,0.024957
N20001916,0.288007,0.115609,0.161811,0.092934,0.238011,0.022430,0.015268,0.033196,0.032733
N20001917,0.166639,0.158285,0.283041,0.128878,0.163137,0.033813,0.024053,0.020679,0.021476
N20001918,0.295365,0.194909,0.083837,0.153741,0.166630,0.042941,0.006822,0.028250,0.027506
N20001919,0.305964,0.117327,0.166461,0.089059,0.215367,0.025923,0.013946,0.033624,0.032329
N20001920,0.267537,0.127783,0.173835,0.097916,0.225114,0.027910,0.015484,0.032836,0.031586
N20001921,0.343484,0.123494,0.092084,0.090420,0.250462,0.020308,0.007746,0.043079,0.028922
N20001922,0.092117,0.396514,0.071529,0.265339,0.061077,0.090997,0.004706,0.010137,0.007584
N20001923,0.547552,0.046621,0.034544,0.035624,0.237548,0.016600,0.003464,0.030425,0.047623
N20001924,0.620240,0.016693,0.012290,0.012174,0.235745,0.003718,0.001181,0.053031,0.044929
N20001925,0.518514,0.026012,0.019294,0.018405,0.309092,0.004665,0.002074,0.063693,0.038251
N20001926,0.375520,0.035132,0.058405,0.026376,0.393306,0.005890,0.006800,0.060258,0.038313
N20001927,0.512492,0.056352,0.060302,0.046426,0.225917,0.020835,0.005249,0.027345,0.045082
N20001928,0.212422,0.124277,0.215785,0.088441,0.260606,0.016871,0.022807,0.034633,0.024159
N20001929,0.242433,0.246712,0.098531,0.174193,0.121468,0.068697,0.007217,0.022595,0.018154
N20001930,0.033111,0.475831,0.044953,0.344923,0.017758,0.075356,0.002455,0.003204,0.002410
N20001931,0.020079,0.510519,0.041097,0.339046,0.011553,0.071779,0.002333,0.002058,0.001536
N20001932,0.010400,0.493018,0.013400,0.389647,0.005516,0.085517,0.000728,0.001006,0.000769
N20001933,0.014638,0.530801,0.013788,0.353529,0.006810,0.077295,0.000763,0.001376,0.001000
N20001934,0.021225,0.494800,0.033102,0.356141,0.011559,0.077679,0.001917,0.002017,0.001562
N20001935,0.246762,0.278103,0.049102,0.219064,0.093759,0.074604,0.003567,0.019457,0.015582
N20001936,0.368929,0.158692,0.054788,0.112464,0.188825,0.052124,0.005051,0.022744,0.036383
N20001937,0.419434,0.090947,0.051859,0.065199,0.263472,0.029416,0.005555,0.028373,0.045744
N20001938,0.586935,0.049512,0.017210,0.038354,0.209930,0.013549,0.001671,0.048033,0.034805
N20001939,0.031240,0.460233,0.068729,0.234842,0.010939,0.185051,0.006109,0.001246,0.001611
N20001940,0.018101,0.473260,0.038831,0.335704,0.008702,0.120021,0.002493,0.001542,0.001345
N20001941,0.015374,0.445179,0.015379,0.229248,0.004343,0.288007,0.001223,0.000537,0.000708
N20001942,0.564797,0.029719,0.021386,0.023624,0.262032,0.009550,0.002448,0.034800,0.051644
N20001943,0.529750,0.078595,0.047945,0.047340,0.198743,0.021078,0.004647,0.028907,0.042994
N20001944,0.550350,0.062708,0.022347,0.042936,0.220687,0.019892,0.002311,0.031928,0.046840
N20001945,0.098725,0.372048,0.056338,0.172168,0.026246,0.261733,0.005000,0.003449,0.004293
N20001946,0.439680,0.186267,0.041231,0.087172,0.152559,0.045875,0.003533,0.018524,0.025159
N20001947,0.078501,0.464137,0.088598,0.161777,0.023196,0.170997,0.007332,0.002303,0.003158
N20001948,0.043888,0.527793,0.022198,0.167726,0.010403,0.223376,0.001881,0.001170,0.001565
N20001949,0.525378,0.150345,0.018244,0.073801,0.141171,0.044919,0.001453,0.018808,0.025881
N20001950,0.079898,0.489403,0.037792,0.165530,0.018695,0.200586,0.003149,0.002109,0.002837
N20001951,0.300630,0.273929,0.105353,0.105921,0.075061,0.110970,0.009741,0.007804,0.010591
N20001952,0.057333,0.562056,0.017346,0.179667,0.013615,0.164713,0.001615,0.001606,0.002048
N20001953,0.696431,0.019067,0.010351,0.010603,0.196235,0.005400,0.000961,0.026592,0.034361
N20001954,0.498012,0.115633,0.039512,0.060942,0.199834,0.030141,0.003345,0.021975,0.030606
N20001955,0.038568,0.523470,0.030662,0.193878,0.007964,0.201035,0.002280,0.000883,0.001261
N20001956,0.695016,0.028114,0.008036,0.015036,0.187485,0.008686,0.000784,0.024123,0.032718
N20001957,0.288379,0.315832,0.099167,0.110543,0.074950,0.082889,0.009408,0.008350,0.010483
N20001958,0.110933,0.427808,0.132572,0.140678,0.044459,0.120306,0.013818,0.004079,0.005347
N20001959,0.523047,0.147323,0.055380,0.055727,0.121371,0.059177,0.005628,0.014431,0.017916
N20001960,0.662942,0.046944,0.030301,0.019008,0.175863,0.015688,0.003882,0.021225,0.024148
N20001961,0.445815,0.169983,0.085252,0.065782,0.131958,0.060638,0.009277,0.013861,0.017434
N20001962,0.674201,0.034429,0.025764,0.014422,0.188080,0.011923,0.003341,0.022430,0.025409
N20001963,0.636323,0.032137,0.039194,0.012052,0.214066,0.009909,0.005828,0.024093,0.026397
N20001964,0.698775,0.022908,0.018625,0.008606,0.191542,0.007364,0.002783,0.023713,0.025684
N20001965,0.676583,0.033269,0.024481,0.009290,0.194367,0.009718,0.004574,0.023161,0.024557
N20001966,0.722740,0.026944,0.016082,0.010894,0.166023,0.009518,0.002114,0.021541,0.024144
N20001967,0.735653,0.019459,0.011243,0.007503,0.170873,0.006619,0.001621,0.022586,0.024442
N20001968,0.739752,0.032637,0.018237,0.014733,0.140482,0.012377,0.002075,0.017890,0.021817
N20001969,0.677163,0.020897,0.020652,0.005865,0.212992,0.005184,0.003779,0.026820,0.026646
N20001970,0.651465,0.012634,0.016631,0.005400,0.251041,0.004215,0.002694,0.026728,0.029191
N20001971,0.601507,0.085417,0.051223,0.032773,0.152299,0.032652,0.006063,0.016983,0.021083
N20001972,0.736289,0.017740,0.010836,0.005637,0.173886,0.005306,0.001694,0.024011,0.024601
N20001973,0.742572,0.019454,0.015478,0.006167,0.161910,0.005792,0.002125,0.022769,0.023733
N20001974,0.717346,0.022495,0.020086,0.009314,0.174168,0.007750,0.002736,0.021679,0.024425
N20001975,0.740778,0.013602,0.008955,0.004427,0.176257,0.004170,0.001356,0.025326,0.025129
N20001976,0.707021,0.014861,0.016524,0.005459,0.198240,0.004456,0.002421,0.024853,0.026166
N20001977,0.711851,0.022545,0.021221,0.006914,0.178413,0.006324,0.003120,0.024651,0.024961
N20001978,0.742049,0.013572,0.010385,0.004551,0.174274,0.004125,0.001548,0.024577,0.024918
N20001979,0.696557,0.016435,0.019462,0.005917,0.202604,0.004835,0.002832,0.025004,0.026354
N20001980,0.628177,0.022982,0.036520,0.008663,0.237541,0.006637,0.005514,0.026003,0.027964
N20001981,0.781891,0.016423,0.007827,0.007236,0.138408,0.006648,0.001003,0.018712,0.021852
N20001982,0.772904,0.017198,0.005186,0.005086,0.145669,0.005217,0.000784,0.024646,0.023310
N20001983,0.700759,0.012074,0.014918,0.004232,0.209662,0.003522,0.002223,0.025749,0.026861
N20001984,0.718032,0.016407,0.016806,0.005714,0.186118,0.004784,0.002357,0.024332,0.025451
N20001985,0.760408,0.040237,0.007459,0.009525,0.128127,0.011485,0.001334,0.020855,0.020570
N20001986,0.718152,0.017651,0.015078,0.007148,0.185161,0.006110,0.002220,0.023139,0.025340
N20001987,0.681959,0.018553,0.018870,0.007265,0.212671,0.006120,0.002922,0.024689,0.026952
N20001988,0.564800,0.109109,0.041245,0.045109,0.156224,0.040417,0.005111,0.017038,0.020947
N20001989,0.630827,0.083726,0.034317,0.035715,0.143391,0.029886,0.003999,0.017150,0.020989
N20001990,0.547761,0.153006,0.033701,0.054949,0.111865,0.063531,0.003833,0.014127,0.017228
N20001991,0.583385,0.128852,0.033528,0.048931,0.118472,0.050168,0.003737,0.014774,0.018153
N20001992,0.555254,0.088532,0.077896,0.032048,0.166245,0.032285,0.008681,0.017476,0.021582
N20001993,0.716237,0.053508,0.030309,0.021145,0.120236,0.018581,0.003312,0.016815,0.019857
N20001994,0.704126,0.016103,0.010185,0.008910,0.202764,0.006251,0.002130,0.023133,0.026398
N20001995,0.697871,0.022381,0.027779,0.013421,0.180450,0.008356,0.004665,0.020427,0.024651
N20001996,0.727583,0.011037,0.010343,0.006906,0.190313,0.004505,0.001839,0.021676,0.025798
N20001997,0.733219,0.020409,0.013530,0.012569,0.165115,0.008540,0.002361,0.020151,0.024106
N20001998,0.703961,0.021269,0.022327,0.012970,0.182509,0.008446,0.003563,0.020041,0.024915
N20001999,0.794192,0.012142,0.003591,0.007134,0.135288,0.005428,0.000624,0.019433,0.022168
N20002000,0.521648,0.132351,0.059486,0.077589,0.121645,0.048783,0.008033,0.013048,0.017417
N20002001,0.568967,0.066020,0.072574,0.037256,0.178438,0.024906,0.011290,0.017926,0.022623
N20002002,0.609681,0.083164,0.059785,0.048237,0.127730,0.029821,0.007908,0.014565,0.019109
N20002003,0.786682,0.013334,0.011934,0.007198,0.134085,0.004965,0.001857,0.018319,0.021625
N20002004,0.663309,0.049152,0.037234,0.028429,0.157633,0.019132,0.005620,0.017312,0.022179
N20002005,0.714422,0.041578,0.021057,0.029765,0.134879,0.018864,0.002954,0.015540,0.020941
N20002006,0.531635,0.093190,0.085301,0.056178,0.148743,0.039962,0.011074,0.014184,0.019732
N20002007,0.173182,0.368458,0.070650,0.191968,0.041114,0.135814,0.008338,0.004371,0.006105
N20002008,0.126629,0.384706,0.026180,0.239812,0.021578,0.192237,0.002737,0.002463,0.003658
N20002009,0.602898,0.108882,0.026600,0.055114,0.128973,0.038487,0.004264,0.015533,0.019248
N20002010,0.254195,0.346538,0.033407,0.173944,0.050021,0.123637,0.004140,0.006124,0.007994
N20002011,0.467464,0.147603,0.090807,0.077431,0.122650,0.051692,0.012151,0.013107,0.017096
N20002012,0.762874,0.022538,0.013178,0.011290,0.138244,0.008161,0.002067,0.019523,0.022124
N20002013,0.383406,0.232948,0.058729,0.131230,0.078880,0.086795,0.006966,0.008902,0.012145
N20002014,0.743007,0.031833,0.014088,0.017218,0.139042,0.012251,0.002285,0.018424,0.021851
N20002015,0.079052,0.465070,0.013763,0.195531,0.010746,0.231161,0.001336,0.001352,0.001988
N20002016,0.434073,0.178631,0.080911,0.089175,0.120585,0.055374,0.012840,0.012402,0.016009
N20002017,0.222888,0.327492,0.062461,0.179073,0.056297,0.129839,0.008167,0.005711,0.008073
N20002018,0.730902,0.053938,0.015437,0.032614,0.108689,0.022510,0.002162,0.014815,0.018933
N20002019,0.509044,0.186897,0.017824,0.113282,0.056949,0.094801,0.001970,0.007963,0.011271
N20002020,0.314366,0.305225,0.045109,0.140628,0.066272,0.104222,0.005991,0.007981,0.010207
N20002021,0.199158,0.363112,0.070936,0.193338,0.048295,0.103763,0.009134,0.005226,0.007039
N20002022,0.034477,0.465549,0.032402,0.273573,0.006556,0.182604,0.003066,0.000699,0.001074
N20002023,0.733644,0.033335,0.013389,0.022429,0.141720,0.014400,0.002134,0.017130,0.021819
N20002024,0.036152,0.449050,0.019211,0.272439,0.006158,0.213378,0.001838,0.000700,0.001074
N20002025,0.115070,0.420861,0.023619,0.189144,0.024582,0.217653,0.002720,0.002589,0.003761
N20002026,0.798753,0.031154,0.009034,0.021285,0.091673,0.016607,0.001117,0.012892,0.017485
N20002027,0.063401,0.469056,0.024953,0.258492,0.008528,0.170426,0.002452,0.001102,0.001592
N20002028,0.053054,0.488512,0.014972,0.186730,0.006564,0.246649,0.001400,0.000857,0.001262
N20002029,0.132270,0.380304,0.033813,0.313649,0.016155,0.113752,0.005040,0.000955,0.004062
N20002030,0.050905,0.445211,0.037892,0.313477,0.007059,0.138401,0.004950,0.000394,0.001710
N20002031,0.468932,0.190638,0.042073,0.145130,0.066524,0.061165,0.006127,0.003814,0.015598
N20002032,0.081802,0.389121,0.052677,0.332996,0.008930,0.125396,0.006164,0.000535,0.002379
N20002033,0.069141,0.413942,0.059343,0.284151,0.011049,0.151547,0.007745,0.000567,0.002516
N20002034,0.327817,0.267910,0.054164,0.228260,0.038800,0.062812,0.007811,0.002487,0.009937
N20002035,0.309922,0.284004,0.056602,0.223312,0.041695,0.062696,0.009302,0.002469,0.009998
N20002036,0.350782,0.232425,0.076928,0.183946,0.072999,0.050037,0.014488,0.003771,0.014624
N20002037,0.773019,0.035697,0.015510,0.033136,0.098120,0.011290,0.002701,0.006440,0.024088
N20002038,0.856798,0.014056,0.002370,0.013612,0.078698,0.005104,0.000456,0.006472,0.022434
N20002039,0.217383,0.299890,0.048723,0.311292,0.026594,0.081257,0.006644,0.001530,0.006686
N20002040,0.738313,0.048084,0.015569,0.042998,0.107333,0.013224,0.003172,0.006671,0.024637
N20002041,0.394527,0.239630,0.021269,0.211351,0.041400,0.074948,0.003051,0.002703,0.011121
N20002042,0.762529,0.028859,0.022825,0.021964,0.118400,0.006872,0.004528,0.007658,0.026366
N20002043,0.750618,0.048710,0.024663,0.037346,0.092630,0.012393,0.004816,0.006239,0.022585
N20002044,0.711423,0.077198,0.009784,0.081222,0.070920,0.023146,0.001525,0.005188,0.019593
N20002045,0.764128,0.044690,0.018619,0.036061,0.092864,0.010553,0.003371,0.006540,0.023173
N20002046,0.604536,0.080831,0.045977,0.077174,0.130025,0.018919,0.009713,0.006999,0.025827
N20002047,0.665138,0.069988,0.041495,0.070236,0.099865,0.017234,0.007336,0.005933,0.022775
N20002048,0.814659,0.018209,0.007571,0.018563,0.102140,0.005857,0.001419,0.006701,0.024881
N20002049,0.816173,0.023271,0.006899,0.019315,0.094918,0.006372,0.001398,0.007242,0.024412
N20002050,0.637306,0.105606,0.021617,0.096351,0.078511,0.032261,0.003478,0.005130,0.019741
N20002051,0.690623,0.067680,0.024229,0.065109,0.098421,0.020380,0.004268,0.006095,0.023194
N20002052,0.492989,0.162373,0.039829,0.142755,0.087807,0.043436,0.007436,0.004762,0.018613
N20002053,0.782272,0.037259,0.015278,0.036588,0.086709,0.010610,0.002541,0.006114,0.022628
N20002054,0.808286,0.015448,0.011241,0.013066,0.111556,0.004208,0.002251,0.007627,0.026316
N20002055,0.712359,0.062805,0.017193,0.065544,0.091967,0.018734,0.003008,0.005857,0.022533
N20002056,0.739898,0.045644,0.016463,0.047581,0.103231,0.013190,0.003154,0.006510,0.024329
N20002057,0.365871,0.182130,0.080015,0.229135,0.064328,0.049784,0.012397,0.003077,0.013263
N20002058,0.764355,0.025450,0.014778,0.031072,0.120993,0.008540,0.002859,0.006427,0.025526
N20002059,0.776904,0.022976,0.012286,0.025131,0.119926,0.007520,0.002506,0.006880,0.025871
N20002060,0.776997,0.032372,0.013423,0.039897,0.096322,0.010412,0.002400,0.005660,0.022516
N20002061,0.244705,0.223909,0.126264,0.251611,0.055125,0.063585,0.022318,0.002283,0.010201
N20002062,0.615997,0.061412,0.042206,0.072611,0.148919,0.016450,0.009456,0.006558,0.026391
N20002063,0.686904,0.051375,0.026694,0.059473,0.123918,0.015368,0.005157,0.006206,0.024906
N20002064,0.584923,0.089576,0.051636,0.114248,0.097536,0.028357,0.008428,0.004838,0.020458
N20002065,0.098102,0.297507,0.093589,0.393427,0.019694,0.079103,0.013953,0.000812,0.003813
N20002066,0.727466,0.011913,0.015249,0.015372,0.182826,0.003649,0.003355,0.008249,0.031921
N20002067,0.621005,0.070259,0.040687,0.097965,0.112368,0.023810,0.006633,0.005029,0.022243
N20002068,0.378366,0.169755,0.092920,0.192911,0.084926,0.044579,0.017063,0.003776,0.015703
N20002069,0.549279,0.093663,0.060955,0.123658,0.108361,0.027825,0.010233,0.004974,0.021051
N20002070,0.400230,0.130863,0.112074,0.164953,0.113787,0.033147,0.020990,0.004666,0.019289
N20002071,0.388067,0.165346,0.069202,0.237042,0.068456,0.043262,0.011397,0.003219,0.014010
N20002072,0.473283,0.137672,0.046936,0.179426,0.092355,0.039926,0.008507,0.004077,0.017817
N20002073,0.315306,0.214508,0.044292,0.285788,0.065520,0.051133,0.007581,0.003075,0.012797
N20002074,0.790472,0.017084,0.006889,0.022145,0.122079,0.006441,0.001390,0.006993,0.026507
N20002075,0.682160,0.070634,0.018906,0.084890,0.090932,0.022682,0.003603,0.005304,0.020888
N20002076,0.764488,0.030770,0.008835,0.038619,0.113393,0.011052,0.001769,0.006350,0.024725
N20002077,0.764798,0.027520,0.013965,0.025101,0.124372,0.008688,0.003517,0.006793,0.025246
N20002078,0.698015,0.052084,0.021701,0.072619,0.105840,0.017290,0.003789,0.005591,0.023071
N20002079,0.805284,0.017308,0.005519,0.021661,0.111357,0.006172,0.001155,0.006525,0.025019
N20002080,0.586380,0.105245,0.016653,0.141591,0.086884,0.036961,0.002796,0.004530,0.018960
N20002081,0.231238,0.270050,0.108520,0.227085,0.054589,0.076954,0.017867,0.002763,0.010933
N20002082,0.030263,0.410544,0.095874,0.322883,0.006300,0.119928,0.012541,0.000313,0.001352
N20002083,0.073858,0.380242,0.098442,0.299564,0.014582,0.115478,0.013937,0.000746,0.003150
N20002084,0.118655,0.354163,0.132809,0.240837,0.027862,0.095676,0.023095,0.001374,0.005530
N20002085,0.517759,0.138029,0.055355,0.105726,0.102768,0.040610,0.011331,0.006312,0.022111
N20002086,0.724567,0.033833,0.026536,0.020118,0.140582,0.008827,0.006891,0.009265,0.029380
N20002087,0.400711,0.166503,0.104910,0.125248,0.104876,0.048925,0.023397,0.005470,0.019962
N20002088,0.558143,0.095963,0.062179,0.074486,0.133943,0.027117,0.014793,0.007325,0.026051
N20002089,0.663917,0.041971,0.064492,0.029794,0.138325,0.010401,0.013959,0.008592,0.028549
N20002090,0.348502,0.157828,0.167967,0.136024,0.091557,0.042686,0.033548,0.004554,0.017334
N20002091,0.683718,0.029479,0.062257,0.023998,0.142275,0.008398,0.012916,0.008064,0.028894
N20002092,0.524966,0.160824,0.050368,0.094805,0.089480,0.042024,0.012003,0.005784,0.019746
N20002093,0.339275,0.210790,0.129156,0.160290,0.067455,0.049949,0.025182,0.003750,0.014152
N20002094,0.549739,0.054621,0.094061,0.051017,0.175328,0.015081,0.022339,0.007968,0.029847
N20002095,0.742068,0.018560,0.019373,0.013427,0.155014,0.005198,0.004820,0.009817,0.031723
N20002096,0.677986,0.045019,0.048908,0.031560,0.137084,0.011414,0.010467,0.008681,0.028881
N20002097,0.287372,0.214248,0.147132,0.180078,0.070046,0.056173,0.027618,0.003583,0.013750
N20002098,0.584721,0.106404,0.066758,0.057173,0.110960,0.025748,0.017964,0.006956,0.023316
N20002099,0.479587,0.091531,0.126260,0.083498,0.132618,0.028887,0.026271,0.006694,0.024653
N20002100,0.391070,0.164256,0.093595,0.178309,0.083214,0.052027,0.016053,0.004296,0.017180
N20002101,0.597426,0.063134,0.091795,0.041582,0.135233,0.015388,0.021594,0.007593,0.026255
N20002102,0.416253,0.118577,0.137258,0.076185,0.150355,0.027625,0.043247,0.006624,0.023876
N20002103,0.647216,0.081317,0.045080,0.061267,0.104419,0.020413,0.009414,0.006903,0.023970
N20002104,0.514386,0.165944,0.057545,0.105687,0.072576,0.050128,0.011757,0.004698,0.017279
N20002105,0.320069,0.144644,0.217000,0.096632,0.112691,0.028997,0.056508,0.005079,0.018380
N20002106,0.475542,0.178505,0.063834,0.128875,0.071915,0.047805,0.012074,0.004564,0.016886
N20002107,0.488865,0.122005,0.111065,0.065352,0.126750,0.025098,0.030655,0.006843,0.023367
N20002108,0.262276,0.319054,0.051608,0.223716,0.042232,0.078723,0.010135,0.002576,0.009682
N20002109,0.184156,0.254034,0.147946,0.257760,0.036078,0.088472,0.021879,0.001855,0.007820
N20002110,0.183466,0.368568,0.073334,0.227913,0.037980,0.083854,0.014875,0.002115,0.007897
N20002111,0.258653,0.147712,0.247262,0.144313,0.093749,0.036412,0.052340,0.003986,0.015574
N20002112,0.493226,0.092411,0.088679,0.080816,0.162044,0.023530,0.023488,0.007894,0.027912
N20002113,0.326284,0.160618,0.146185,0.160541,0.106863,0.044033,0.031941,0.004900,0.018634
N20002114,0.549084,0.054178,0.079835,0.045440,0.194742,0.015095,0.019944,0.009252,0.032429
N20002115,0.591814,0.030917,0.073304,0.031207,0.202224,0.008802,0.019219,0.009133,0.033380
N20002116,0.593360,0.082578,0.068019,0.063161,0.125699,0.019484,0.015109,0.007138,0.025452
N20002117,0.027592,0.422671,0.047438,0.365198,0.004579,0.125036,0.006150,0.000259,0.001078
N20002118,0.050015,0.353395,0.100085,0.371893,0.011009,0.098059,0.012691,0.000529,0.002324
N20002119,0.039935,0.391855,0.067700,0.369092,0.008540,0.111223,0.009411,0.000433,0.001811
N20002120,0.152434,0.284485,0.141204,0.279181,0.038709,0.071112,0.023594,0.001809,0.007472
N20002121,0.228230,0.255579,0.049973,0.337175,0.043724,0.067372,0.007207,0.001999,0.008739
N20002122,0.185859,0.303917,0.039424,0.339777,0.030104,0.088126,0.004851,0.001449,0.006494
N20002123,0.094290,0.379358,0.024066,0.378613,0.017226,0.099026,0.003080,0.000807,0.003535
N20002124,0.701974,0.025005,0.026183,0.029671,0.167404,0.007776,0.004570,0.007573,0.029844
N20002125,0.452422,0.146551,0.058196,0.161701,0.106108,0.040811,0.010407,0.004636,0.019168
N20002126,0.110020,0.361193,0.066766,0.346742,0.025414,0.074075,0.010059,0.001076,0.004655
N20002127,0.064679,0.385971,0.064062,0.362505,0.016219,0.094440,0.008529,0.000659,0.002937
N20002128,0.767493,0.012998,0.006955,0.013743,0.154482,0.004364,0.001445,0.008535,0.029984
N20002129,0.447205,0.166277,0.034664,0.190980,0.083309,0.051072,0.005486,0.004139,0.016869
N20002130,0.086839,0.329136,0.042076,0.430936,0.021318,0.079347,0.005609,0.000854,0.003886
N20002131,0.752979,0.014415,0.012507,0.013762,0.160437,0.004203,0.002818,0.008788,0.030093
N20002132,0.618952,0.047469,0.049665,0.058298,0.167577,0.013477,0.008970,0.007125,0.028467
N20002133,0.567081,0.050417,0.075063,0.056016,0.187137,0.012966,0.014964,0.007359,0.028998
N20002134,0.665675,0.038568,0.062241,0.044206,0.136405,0.010146,0.009783,0.006750,0.026226
N20002135,0.463160,0.111061,0.086193,0.134631,0.132566,0.029625,0.015200,0.005386,0.022179
N20002136,0.525184,0.119722,0.075567,0.104045,0.107071,0.029158,0.013208,0.005423,0.020621
N20002137,0.734370,0.017235,0.010544,0.017951,0.172683,0.005391,0.002265,0.008564,0.030997
N20002138,0.678688,0.040646,0.042095,0.033744,0.150988,0.009616,0.008526,0.007863,0.027833
N20002139,0.123871,0.296316,0.061765,0.388660,0.031381,0.082114,0.008913,0.001291,0.005689
N20002140,0.017018,0.395201,0.023810,0.474365,0.003723,0.082172,0.002819,0.000165,0.000728
N20002141,0.019513,0.400058,0.037438,0.444968,0.005075,0.087088,0.004724,0.000210,0.000926
N20002142,0.383550,0.193504,0.044949,0.221096,0.064847,0.068911,0.006207,0.003232,0.013703
N20002143,0.013627,0.407040,0.058944,0.414240,0.003602,0.094170,0.007592,0.000142,0.000642
N20002144,0.649968,0.045665,0.036953,0.056045,0.154381,0.015893,0.006022,0.006981,0.028092
N20002145,0.182922,0.234528,0.146851,0.281588,0.047830,0.076905,0.019148,0.001857,0.008371
N20002146,0.632293,0.070325,0.030365,0.084959,0.126399,0.019483,0.005139,0.006413,0.024624
N20002147,0.066779,0.378482,0.022322,0.347926,0.007992,0.171717,0.002348,0.000443,0.001992
N20002148,0.209812,0.246356,0.083833,0.310505,0.050356,0.076342,0.011431,0.002125,0.009241
N20002149,0.550511,0.077114,0.075581,0.065680,0.164492,0.017285,0.015981,0.007015,0.026341
N20002150,0.058805,0.477425,0.066166,0.184012,0.017582,0.185227,0.006857,0.001430,0.002496
N20002151,0.319892,0.260104,0.068163,0.136678,0.071686,0.118069,0.007428,0.006615,0.011365
N20002152,0.472632,0.148389,0.093302,0.075284,0.117499,0.054698,0.010641,0.010260,0.017296
N20002153,0.112731,0.401995,0.064883,0.192674,0.027924,0.187004,0.006112,0.002388,0.004288
N20002154,0.625055,0.068200,0.095450,0.029143,0.116854,0.025076,0.010285,0.011189,0.018750
N20002155,0.528796,0.139602,0.075556,0.071207,0.096451,0.055754,0.007483,0.009146,0.016004
N20002156,0.466814,0.132397,0.097680,0.068326,0.137886,0.053559,0.012072,0.011918,0.019349
N20002157,0.617205,0.054137,0.059023,0.031319,0.170563,0.021885,0.008017,0.014216,0.023636
N20002158,0.268076,0.255020,0.153981,0.112467,0.073568,0.103991,0.016274,0.006074,0.010549
N20002159,0.660583,0.025163,0.050541,0.014465,0.190801,0.010860,0.006881,0.015249,0.025458
N20002160,0.681561,0.042864,0.037660,0.024290,0.153797,0.016904,0.004639,0.014769,0.023516
N20002161,0.453488,0.173080,0.088797,0.078390,0.101232,0.069495,0.011089,0.009007,0.015423
N20002162,0.710718,0.055743,0.022774,0.026347,0.122560,0.024529,0.002748,0.013443,0.021137
N20002163,0.672986,0.056918,0.025187,0.029380,0.151717,0.022338,0.003507,0.014843,0.023123
N20002164,0.388882,0.205362,0.106949,0.083369,0.092881,0.088617,0.011733,0.008263,0.013944
N20002165,0.244302,0.315819,0.091754,0.130709,0.041182,0.157406,0.007880,0.003844,0.007104
N20002166,0.746110,0.048097,0.014226,0.018382,0.117370,0.019833,0.002100,0.013544,0.020338
N20002167,0.736395,0.033919,0.024053,0.011028,0.140968,0.011322,0.003999,0.015947,0.022369
N20002168,0.419619,0.205591,0.062101,0.094868,0.089225,0.099667,0.007050,0.007925,0.013955
N20002169,0.597623,0.099178,0.049890,0.035669,0.139459,0.036623,0.007051,0.013670,0.020837
N20002170,0.669842,0.042808,0.062212,0.017916,0.147965,0.013748,0.008154,0.014840,0.022515
N20002171,0.601743,0.085028,0.064537,0.037807,0.136798,0.032078,0.008206,0.013164,0.020638
N20002172,0.662256,0.086704,0.036525,0.036889,0.110148,0.030848,0.004508,0.012903,0.019218
N20002173,0.693572,0.060804,0.029647,0.033182,0.118442,0.028222,0.003555,0.012326,0.020250
N20002174,0.573100,0.139742,0.031904,0.063934,0.098395,0.061772,0.003857,0.010424,0.016873
N20002175,0.607365,0.079702,0.058462,0.043143,0.139789,0.030356,0.007508,0.012680,0.020994
N20002176,0.611501,0.115805,0.033014,0.053865,0.102213,0.050906,0.003866,0.011025,0.017805
N20002177,0.618566,0.102569,0.051356,0.047302,0.099505,0.046966,0.005660,0.010604,0.017471
N20002178,0.718084,0.051657,0.031696,0.027697,0.113846,0.020709,0.003954,0.012356,0.020000
N20002179,0.732394,0.056397,0.024043,0.028235,0.098489,0.027278,0.002707,0.011692,0.018764
N20002180,0.220949,0.373338,0.053239,0.159689,0.030929,0.148096,0.004870,0.003141,0.005750
N20002181,0.312212,0.245730,0.139448,0.111990,0.080318,0.072882,0.017383,0.007668,0.012370
N20002182,0.611021,0.073285,0.079464,0.036031,0.129890,0.024902,0.009768,0.014076,0.021563
N20002183,0.725055,0.024706,0.032333,0.007922,0.153474,0.007042,0.005217,0.019143,0.025109
N20002184,0.557686,0.087413,0.131958,0.028298,0.120316,0.022991,0.019236,0.012894,0.019209
N20002185,0.706063,0.040435,0.044326,0.017455,0.134014,0.013788,0.006091,0.015247,0.022581
N20002186,0.487710,0.071781,0.191801,0.039541,0.132336,0.024403,0.020475,0.012074,0.019878
N20002187,0.635522,0.021634,0.054433,0.011113,0.211490,0.007622,0.008689,0.020262,0.029236
N20002188,0.727303,0.055250,0.044310,0.019108,0.098464,0.016883,0.005650,0.013695,0.019336
N20002189,0.413959,0.137437,0.161839,0.066279,0.125350,0.043747,0.021705,0.011630,0.018054
N20002190,0.625883,0.019723,0.090681,0.009629,0.190494,0.006013,0.012818,0.017949,0.026811
N20002191,0.692745,0.023316,0.054401,0.009470,0.161629,0.006850,0.007653,0.018453,0.025484
N20002192,0.507948,0.134098,0.112277,0.048921,0.112520,0.039416,0.014463,0.012119,0.018239
N20002193,0.634092,0.049785,0.069032,0.022516,0.158548,0.015790,0.010267,0.015988,0.023984
N20002194,0.692595,0.022060,0.062769,0.010492,0.155015,0.007305,0.008113,0.016947,0.024704
N20002195,0.508153,0.169826,0.090522,0.043896,0.099480,0.043472,0.015760,0.012239,0.016651
N20002196,0.365742,0.160920,0.175695,0.069665,0.124752,0.048825,0.025679,0.011381,0.017342
N20002197,0.136667,0.432492,0.114317,0.136282,0.031005,0.127622,0.013310,0.003247,0.005059
N20002198,0.636234,0.053884,0.081382,0.015189,0.145522,0.014796,0.014823,0.015928,0.022243
N20002199,0.508270,0.139997,0.128486,0.036115,0.101734,0.035606,0.021638,0.011624,0.016530
N20002200,0.035858,0.572419,0.047293,0.174639,0.007241,0.155597,0.004852,0.000817,0.001284
N20002201,0.076731,0.488637,0.053903,0.196247,0.017747,0.156200,0.005912,0.001705,0.002917
N20002202,0.662275,0.029261,0.071621,0.011626,0.163888,0.008425,0.010865,0.017256,0.024783
N20002203,0.766172,0.021077,0.044412,0.010556,0.110153,0.007487,0.004792,0.014096,0.021253
N20002204,0.729804,0.017390,0.027554,0.006202,0.163360,0.005053,0.004375,0.020015,0.026247
N20002205,0.668781,0.026113,0.078296,0.009892,0.156369,0.008422,0.011299,0.016835,0.023995
N20002206,0.077083,0.500423,0.116139,0.131668,0.018046,0.137203,0.014709,0.001858,0.002870
N20002207,0.356378,0.255044,0.099841,0.101371,0.071112,0.083957,0.011713,0.008201,0.012383
N20002208,0.602470,0.097060,0.071678,0.036241,0.120274,0.027625,0.010915,0.013777,0.019960
N20002209,0.101503,0.417671,0.144365,0.159336,0.022046,0.134159,0.014853,0.002294,0.003773
N20002210,0.758804,0.021171,0.023209,0.011308,0.134347,0.008291,0.002987,0.016120,0.023762
N20002211,0.459599,0.134420,0.104054,0.057226,0.151472,0.042943,0.015061,0.013989,0.021237
N20002212,0.679514,0.037882,0.070299,0.012464,0.138434,0.012411,0.010608,0.016036,0.022353
N20002213,0.565155,0.053089,0.118750,0.024212,0.165784,0.017250,0.017273,0.015136,0.023351
N20002214,0.683127,0.021184,0.052375,0.009820,0.174645,0.007317,0.007507,0.017815,0.026210
N20002215,0.714398,0.036800,0.041936,0.017716,0.132574,0.013253,0.005570,0.014967,0.022787
N20002216,0.600715,0.045777,0.087752,0.021963,0.174305,0.015063,0.012054,0.017047,0.025324
N20002217,0.028513,0.510009,0.067036,0.207149,0.007537,0.171418,0.006428,0.000696,0.001214
N20002218,0.506952,0.109626,0.125000,0.045554,0.126123,0.039834,0.015569,0.011957,0.019385
N20002219,0.601365,0.036701,0.074587,0.016210,0.202413,0.011596,0.013143,0.017474,0.026512
N20002220,0.407246,0.099896,0.196787,0.050304,0.152124,0.032498,0.028241,0.012781,0.020122
N20002221,0.668776,0.094347,0.024030,0.053902,0.091530,0.035867,0.003159,0.010883,0.017506
N20002222,0.293707,0.311653,0.049722,0.134779,0.052037,0.137115,0.006108,0.005661,0.009218
N20002223,0.798608,0.018481,0.010466,0.010381,0.116839,0.007678,0.001558,0.014462,0.021528
N20002224,0.812011,0.013122,0.004364,0.007559,0.118639,0.006192,0.000714,0.015327,0.022072
N20002225,0.755477,0.032076,0.020653,0.018987,0.121041,0.013302,0.002960,0.013937,0.021567
N20002226,0.419442,0.200666,0.071405,0.118272,0.077384,0.083313,0.008458,0.007770,0.013290
N20002227,0.184111,0.356047,0.059743,0.182945,0.041230,0.158736,0.006992,0.003675,0.006520
N20002228,0.797359,0.016037,0.010276,0.009999,0.120938,0.007221,0.001503,0.014603,0.022064
N20002229,0.731242,0.018797,0.032764,0.011947,0.153701,0.007447,0.004774,0.015225,0.024103
N20002230,0.490063,0.062844,0.177635,0.037273,0.151344,0.025061,0.023280,0.012000,0.020500
N20002231,0.806678,0.018543,0.009372,0.011454,0.108621,0.008654,0.001290,0.014221,0.021168
N20002232,0.459386,0.176900,0.068603,0.104843,0.086120,0.072573,0.008254,0.008742,0.014579
N20002233,0.599091,0.057655,0.077697,0.030945,0.165798,0.019443,0.011932,0.014368,0.023070
N20002234,0.625446,0.062494,0.082079,0.041059,0.122531,0.023752,0.010162,0.012246,0.020230
N20002235,0.781595,0.028064,0.010105,0.015178,0.114664,0.012361,0.001522,0.014919,0.021593
N20002236,0.632895,0.058807,0.059054,0.027343,0.154199,0.019954,0.010150,0.014925,0.022674
N20002237,0.810403,0.018345,0.007706,0.009344,0.109310,0.008682,0.001176,0.014152,0.020882
N20002238,0.701932,0.021425,0.045588,0.012064,0.163082,0.007625,0.007210,0.016331,0.024743
N20002239,0.736706,0.029146,0.012513,0.016392,0.149473,0.012388,0.002163,0.016762,0.024457
N20002240,0.801824,0.017504,0.007249,0.009846,0.117549,0.008504,0.001078,0.014637,0.021808
N20002241,0.793468,0.026291,0.007840,0.011151,0.112263,0.010940,0.001337,0.015495,0.021215
N20002242,0.593550,0.090276,0.069709,0.054507,0.117929,0.033557,0.008594,0.012189,0.019687
N20002243,0.710673,0.067507,0.014720,0.031126,0.109370,0.031762,0.002030,0.012910,0.019902
N20002244,0.586443,0.133707,0.033369,0.057469,0.097871,0.057676,0.004457,0.011483,0.017525
N20002245,0.327232,0.232720,0.127019,0.116446,0.074190,0.088273,0.015731,0.006766,0.011624
N20002246,0.124677,0.426697,0.056381,0.181838,0.025316,0.172463,0.005897,0.002459,0.004271
N20002247,0.605030,0.114515,0.050128,0.051575,0.101053,0.042185,0.006732,0.011073,0.017709
N20002248,0.792597,0.022136,0.009816,0.011751,0.115537,0.010230,0.001460,0.014753,0.021720
N20002249,0.300733,0.272415,0.089147,0.103777,0.068923,0.137834,0.009931,0.006383,0.010856
N20002250,0.550979,0.130396,0.058341,0.064927,0.096278,0.065542,0.006599,0.010122,0.016816
N20002251,0.783862,0.017298,0.010621,0.010422,0.130991,0.007249,0.001649,0.015145,0.022763
N20002252,0.054540,0.421508,0.244111,0.168759,0.034884,0.056970,0.010722,0.004861,0.003645
N20002253,0.048426,0.454043,0.191646,0.182895,0.032414,0.075174,0.008025,0.004122,0.003254
N20002254,0.033272,0.471352,0.177721,0.203066,0.021030,0.081416,0.007057,0.002848,0.002238
N20002255,0.063583,0.375456,0.274953,0.179004,0.039094,0.045920,0.012340,0.005491,0.004159
N20002256,0.040650,0.349418,0.321589,0.177533,0.032835,0.059037,0.011894,0.003891,0.003153
N20002257,0.086001,0.177728,0.456677,0.113032,0.097275,0.029226,0.021463,0.010487,0.008110
N20002258,0.020613,0.484128,0.105362,0.287831,0.010151,0.085928,0.003337,0.001443,0.001206
N20002259,0.013803,0.387156,0.280185,0.226273,0.011992,0.068802,0.009320,0.001332,0.001137
N20002260,0.025043,0.404014,0.216539,0.239476,0.021211,0.081508,0.007750,0.002427,0.002032
N20002261,0.020633,0.373276,0.240253,0.271394,0.020033,0.061697,0.008781,0.002119,0.001815
N20002262,0.019974,0.285524,0.408269,0.202953,0.021535,0.041431,0.016315,0.002171,0.001827
N20002263,0.027370,0.180269,0.581224,0.109504,0.040310,0.026832,0.027773,0.003735,0.002983
N20002264,0.036099,0.330817,0.281716,0.240865,0.033358,0.060550,0.009860,0.003685,0.003049
N20002265,0.038819,0.410104,0.196559,0.249498,0.029005,0.061169,0.008329,0.003661,0.002857
N20002266,0.014907,0.121361,0.703954,0.088034,0.022124,0.018475,0.027588,0.001907,0.001650
N20002267,0.048784,0.345530,0.282337,0.219992,0.038225,0.045262,0.011475,0.004708,0.003687
N20002268,0.030830,0.386327,0.232138,0.243016,0.021298,0.074060,0.007564,0.002591,0.002177
N20002269,0.023488,0.396201,0.261199,0.226743,0.016707,0.062371,0.009489,0.002090,0.001712
N20002270,0.059399,0.327128,0.286398,0.208574,0.049430,0.045042,0.013258,0.006085,0.004686
N20002271,0.021612,0.123566,0.683915,0.091690,0.029392,0.017349,0.027632,0.002584,0.002259
N20002272,0.027308,0.178693,0.585310,0.107745,0.038492,0.025418,0.030461,0.003675,0.002900
N20002273,0.027172,0.185770,0.569857,0.125644,0.032852,0.028751,0.024004,0.003273,0.002677
N20002274,0.012510,0.160680,0.632345,0.120554,0.021128,0.024502,0.025077,0.001700,0.001503
N20002275,0.024120,0.202377,0.540597,0.139965,0.032804,0.030596,0.023912,0.003090,0.002539
N20002276,0.049717,0.391965,0.178550,0.258638,0.034553,0.072093,0.006455,0.004467,0.003561
N20002277,0.015250,0.330079,0.386531,0.160263,0.014761,0.077746,0.012490,0.001552,0.001329
N20002278,0.018100,0.428277,0.180535,0.268007,0.015721,0.079664,0.006405,0.001792,0.001499
N20002279,0.025229,0.212609,0.525636,0.121606,0.046992,0.032865,0.028030,0.003881,0.003151
N20002280,0.009681,0.164299,0.649423,0.108538,0.015225,0.026632,0.023787,0.001293,0.001123
N20002281,0.010472,0.124364,0.708359,0.081288,0.022611,0.018669,0.031059,0.001718,0.001460
N20002282,0.028785,0.363763,0.294375,0.211449,0.025572,0.058849,0.011885,0.002932,0.002389
N20002283,0.016804,0.106828,0.718277,0.071566,0.035423,0.014191,0.031874,0.002732,0.002305
N20002284,0.014455,0.352609,0.315224,0.213528,0.011729,0.080838,0.009213,0.001272,0.001133
N20002285,0.015174,0.373204,0.281999,0.221750,0.016124,0.079110,0.009621,0.001617,0.001402
N20002286,0.023508,0.342743,0.322684,0.186386,0.021038,0.089903,0.009513,0.002251,0.001974
N20002287,0.283037,0.221325,0.120787,0.178500,0.091018,0.061029,0.015139,0.011696,0.017468
N20002288,0.723723,0.016681,0.011315,0.015788,0.161986,0.004927,0.001679,0.028112,0.035788
N20002289,0.569620,0.106747,0.038214,0.090610,0.109834,0.036401,0.004221,0.018152,0.026201
N20002290,0.624991,0.015876,0.038661,0.016245,0.225134,0.004484,0.005663,0.028839,0.040108
N20002291,0.686507,0.027187,0.041506,0.025864,0.150602,0.007301,0.005040,0.023186,0.032808
N20002292,0.698711,0.011856,0.015246,0.012609,0.188321,0.003548,0.002095,0.029031,0.038583
N20002293,0.451210,0.079064,0.187889,0.077435,0.120478,0.023524,0.020196,0.015624,0.024580
N20002294,0.218883,0.197368,0.224958,0.206421,0.056831,0.059179,0.017765,0.006781,0.011814
N20002295,0.414179,0.062270,0.238841,0.058156,0.140955,0.016406,0.028159,0.015815,0.025219
N20002296,0.196985,0.298765,0.116632,0.228110,0.050034,0.080609,0.011379,0.006851,0.010633
N20002297,0.187202,0.307443,0.140654,0.205275,0.068920,0.062067,0.006670,0.012281,0.009488
N20002298,0.077989,0.318020,0.217133,0.254165,0.028360,0.083215,0.012527,0.004560,0.004032
N20002299,0.091603,0.171275,0.473114,0.134365,0.058041,0.036682,0.021086,0.007515,0.006319
N20002300,0.044878,0.251532,0.443192,0.169526,0.026505,0.037177,0.020521,0.003637,0.003032
N20002301,0.024567,0.454403,0.069899,0.328513,0.006257,0.110402,0.003766,0.001153,0.001039
N20002302,0.038359,0.423432,0.140021,0.265798,0.012180,0.108760,0.007509,0.002084,0.001858
N20002303,0.038417,0.254825,0.472801,0.147313,0.019602,0.040826,0.021093,0.002772,0.002351
N20002304,0.032965,0.352111,0.313065,0.206704,0.021231,0.054399,0.014304,0.002866,0.002354
N20002305,0.209219,0.127773,0.353811,0.094717,0.134235,0.022870,0.022074,0.020400,0.014900
N20002306,0.228862,0.134952,0.299798,0.095082,0.158276,0.021908,0.021441,0.022982,0.016699
N20002307,0.160460,0.184725,0.332499,0.128147,0.108807,0.037457,0.019689,0.016248,0.011968
N20002308,0.298792,0.099216,0.249142,0.070918,0.197174,0.016403,0.017730,0.029472,0.021153
N20002309,0.224657,0.203850,0.224291,0.132319,0.129657,0.035198,0.013735,0.021219,0.015075
N20002310,0.124845,0.156731,0.443093,0.109753,0.090590,0.029384,0.023833,0.012258,0.009511
N20002311,0.022469,0.300572,0.409753,0.165170,0.014478,0.067778,0.016381,0.001810,0.001588
N20002312,0.135681,0.157442,0.444530,0.117211,0.076496,0.025636,0.022616,0.011513,0.008876
N20002313,0.020789,0.459208,0.111744,0.312058,0.007984,0.081536,0.004174,0.001373,0.001133
N20002314,0.025420,0.470994,0.144298,0.266348,0.010032,0.073672,0.006096,0.001748,0.001392
N20002315,0.025120,0.460891,0.172214,0.252046,0.009029,0.070495,0.007295,0.001620,0.001289
N20002316,0.016653,0.511604,0.098013,0.278402,0.006802,0.082030,0.004333,0.001216,0.000947
N20002317,0.033828,0.389265,0.208851,0.265268,0.014955,0.075074,0.008420,0.002387,0.001952
N20002318,0.140072,0.198988,0.363991,0.111229,0.099538,0.035024,0.026573,0.014245,0.010341
N20002319,0.040234,0.398757,0.248639,0.215409,0.019525,0.060651,0.011401,0.002972,0.002412
N20002320,0.022357,0.338547,0.350971,0.192679,0.013551,0.062770,0.015701,0.001875,0.001551
N20002321,0.011730,0.317815,0.420211,0.152295,0.005133,0.077215,0.014127,0.000793,0.000682
N20002322,0.015611,0.458205,0.178759,0.246267,0.007298,0.084328,0.007410,0.001174,0.000947
N20002323,0.018671,0.432777,0.215446,0.229383,0.006813,0.086341,0.008471,0.001137,0.000961
N20002324,0.012712,0.496338,0.099013,0.281635,0.004032,0.101571,0.003378,0.000711,0.000609
N20002325,0.014931,0.458848,0.149363,0.281872,0.005267,0.082419,0.005598,0.000935,0.000768
N20002326,0.034409,0.262558,0.383186,0.207838,0.040727,0.044951,0.018771,0.004047,0.003513
N20002327,0.013672,0.359756,0.264883,0.269775,0.015115,0.063069,0.010813,0.001544,0.001372
N20002328,0.017460,0.465887,0.112669,0.305762,0.013310,0.077082,0.004744,0.001672,0.001413
N20002329,0.020826,0.510383,0.165234,0.210215,0.011725,0.072247,0.006309,0.001649,0.001414
N20002330,0.024639,0.290522,0.384841,0.192458,0.034963,0.046070,0.020483,0.003239,0.002784
N20002331,0.275792,0.210674,0.164701,0.097425,0.168030,0.028658,0.009991,0.025859,0.018870
N20002332,0.016958,0.585469,0.060835,0.239438,0.008160,0.084267,0.002512,0.001296,0.001065
N20002333,0.021018,0.326806,0.312043,0.248241,0.019721,0.054838,0.013338,0.002105,0.001891
N20002334,0.024225,0.600234,0.048894,0.220462,0.010141,0.090843,0.002006,0.001791,0.001403
N20002335,0.084605,0.475162,0.116207,0.189386,0.047470,0.068019,0.005974,0.007476,0.005701
N20002336,0.023637,0.321478,0.347816,0.214757,0.023520,0.049379,0.014777,0.002456,0.002180
N20002337,0.012676,0.368510,0.276368,0.241105,0.013505,0.074751,0.010454,0.001386,0.001245
N20002338,0.023852,0.177660,0.569604,0.119678,0.043034,0.027589,0.031791,0.003645,0.003149
N20002339,0.016968,0.428519,0.200101,0.255604,0.014235,0.073058,0.008410,0.001664,0.001440
N20002340,0.029274,0.517789,0.061158,0.284749,0.014349,0.086059,0.002469,0.002316,0.001837
N20002341,0.031715,0.454783,0.158617,0.237406,0.021004,0.084167,0.007215,0.002765,0.002329
N20002342,0.042945,0.281303,0.401060,0.158818,0.046608,0.037447,0.022752,0.004925,0.004141
N20002343,0.023988,0.361596,0.293424,0.224508,0.019976,0.058915,0.013243,0.002345,0.002004
N20002344,0.039456,0.415387,0.186852,0.243973,0.031864,0.066230,0.009219,0.003806,0.003214
N20002345,0.044957,0.489109,0.101610,0.242824,0.023392,0.087302,0.004421,0.003527,0.002857
N20002346,0.055021,0.376613,0.214757,0.231894,0.041227,0.060394,0.010489,0.005316,0.004289
N20002347,0.038055,0.497337,0.111816,0.238603,0.027740,0.073891,0.005813,0.003784,0.002960
N20002348,0.061143,0.383244,0.213535,0.207894,0.049394,0.063145,0.010488,0.006150,0.005007
N20002349,0.039759,0.292111,0.410702,0.143180,0.037635,0.048588,0.020417,0.004104,0.003504
N20002350,0.054176,0.336827,0.263409,0.205664,0.055976,0.059120,0.013619,0.006167,0.005043
N20002351,0.079922,0.281573,0.350190,0.127238,0.082757,0.036692,0.024838,0.009425,0.007366
N20002352,0.044601,0.380009,0.190509,0.263393,0.037995,0.067337,0.007989,0.004432,0.003735
N20002353,0.075558,0.359200,0.215061,0.210516,0.057364,0.058677,0.010469,0.007218,0.005936
N20002354,0.086201,0.369082,0.202218,0.214106,0.047011,0.060339,0.008539,0.006936,0.005568
N20002355,0.207462,0.203520,0.247305,0.136800,0.128766,0.033047,0.011566,0.017460,0.014074
N20002356,0.217492,0.292013,0.134918,0.150629,0.116824,0.049892,0.007588,0.017184,0.013461
N20002357,0.137655,0.282475,0.242110,0.154996,0.100412,0.046025,0.013157,0.012890,0.010279
N20002358,0.122417,0.269969,0.238877,0.157203,0.124116,0.049304,0.012625,0.014194,0.011294
N20002359,0.177857,0.225753,0.261748,0.117762,0.136335,0.035730,0.014230,0.017120,0.013464
N20002360,0.062903,0.337400,0.264682,0.186962,0.067260,0.053056,0.014297,0.007432,0.006007
N20002361,0.292619,0.188096,0.138271,0.103561,0.190275,0.032543,0.007513,0.026668,0.020455
N20002362,0.092060,0.392808,0.156970,0.224177,0.052906,0.059590,0.008034,0.007424,0.006031
N20002363,0.099144,0.401348,0.140388,0.213488,0.062878,0.059875,0.007188,0.008773,0.006918
N20002364,0.172821,0.225567,0.277618,0.111144,0.135024,0.031704,0.014402,0.017990,0.013732
N20002365,0.075338,0.431997,0.201763,0.164300,0.048393,0.055846,0.009977,0.006953,0.005432
N20002366,0.053046,0.462838,0.138485,0.226638,0.040160,0.061761,0.007599,0.005321,0.004153
N20002367,0.148706,0.293293,0.214451,0.169327,0.094682,0.046129,0.010099,0.012849,0.010464
N20002368,0.044005,0.534925,0.113860,0.205968,0.025045,0.063184,0.006220,0.003836,0.002957
N20002369,0.041285,0.478415,0.127755,0.235191,0.025281,0.079772,0.005913,0.003528,0.002860
N20002370,0.028493,0.577467,0.089617,0.211876,0.014573,0.069379,0.004481,0.002300,0.001814
N20002371,0.032407,0.544454,0.156807,0.167302,0.020691,0.065309,0.007630,0.003039,0.002362
N20002372,0.038792,0.251655,0.432228,0.159565,0.048874,0.039838,0.020256,0.004700,0.004092
N20002373,0.097153,0.396716,0.166271,0.194219,0.065979,0.054638,0.008690,0.009222,0.007111
N20002374,0.040628,0.527317,0.118031,0.210689,0.024500,0.066383,0.005940,0.003671,0.002842
N20002375,0.040717,0.542632,0.109744,0.208293,0.021205,0.066093,0.005356,0.003339,0.002623
N20002376,0.093914,0.405273,0.171533,0.192856,0.048580,0.065009,0.009528,0.007376,0.005930
N20002377,0.445154,0.104472,0.085451,0.046115,0.202645,0.026287,0.012584,0.049555,0.027736
N20002378,0.322705,0.104079,0.177039,0.062065,0.214373,0.029107,0.023934,0.041536,0.025161
N20002379,0.025785,0.549768,0.080969,0.223761,0.011351,0.101174,0.003888,0.001811,0.001494
N20002380,0.026835,0.528754,0.075771,0.261794,0.010818,0.089316,0.003480,0.001745,0.001487
N20002381,0.231903,0.247871,0.186874,0.128660,0.096086,0.053310,0.019461,0.021993,0.013841
N20002382,0.024818,0.521481,0.121034,0.225089,0.012955,0.085096,0.006108,0.001846,0.001573
N20002383,0.191223,0.275589,0.209125,0.082807,0.114378,0.056891,0.032146,0.024061,0.013781
N20002384,0.066809,0.497368,0.116454,0.180945,0.019696,0.099690,0.010806,0.004953,0.003279
N20002385,0.377369,0.044586,0.121833,0.025519,0.307534,0.011966,0.020405,0.057934,0.032853
N20002386,0.022725,0.491285,0.166979,0.208371,0.012703,0.086563,0.008102,0.001751,0.001520
N20002387,0.140354,0.300979,0.247102,0.093095,0.089784,0.062148,0.037661,0.018235,0.010641
N20002388,0.029537,0.523766,0.113953,0.222708,0.015576,0.084574,0.005567,0.002392,0.001927
N20002389,0.249816,0.059607,0.279298,0.046510,0.278794,0.011519,0.021533,0.029452,0.023471
N20002390,0.237371,0.181268,0.169013,0.168780,0.146648,0.051683,0.008878,0.019948,0.016410
N20002391,0.228452,0.240045,0.110800,0.220774,0.111583,0.051993,0.005607,0.016828,0.013918
N20002392,0.233887,0.063588,0.283025,0.060234,0.273856,0.012680,0.020723,0.028771,0.023237
N20002393,0.091468,0.201427,0.380118,0.151365,0.099038,0.035407,0.021587,0.010641,0.008948
N20002394,0.053805,0.439652,0.129841,0.255535,0.029887,0.077136,0.006408,0.004192,0.003544
N20002395,0.336024,0.041476,0.126390,0.036347,0.367821,0.008526,0.009731,0.041632,0.032055
N20002396,0.085339,0.254076,0.336171,0.163741,0.076393,0.049826,0.018391,0.008710,0.007354
N20002397,0.080065,0.166650,0.435989,0.117982,0.120682,0.024168,0.034081,0.011141,0.009241
N20002398,0.162573,0.185835,0.335281,0.123554,0.117550,0.028224,0.019523,0.015160,0.012301
N20002399,0.083830,0.149621,0.454883,0.120037,0.116317,0.026559,0.028471,0.010942,0.009339
N20002400,0.052141,0.267031,0.370812,0.184331,0.045618,0.053458,0.017083,0.005035,0.004491
N20002401,0.041925,0.182007,0.525708,0.125911,0.047303,0.040995,0.027352,0.004643,0.004155
N20002402,0.112031,0.399015,0.132940,0.195386,0.060719,0.076570,0.007651,0.008597,0.007089
N20002403,0.044648,0.144169,0.583007,0.106351,0.055787,0.023056,0.033176,0.005197,0.004609
N20002404,0.036034,0.294618,0.429302,0.120486,0.037341,0.041490,0.033345,0.004050,0.003334
N20002405,0.092596,0.283657,0.297983,0.167492,0.066637,0.060134,0.016484,0.008069,0.006949
N20002406,0.057422,0.117751,0.557296,0.094692,0.098562,0.020119,0.038328,0.008539,0.007290
N20002407,0.024115,0.500269,0.149614,0.228268,0.012327,0.074793,0.007278,0.001816,0.001521
N20002408,0.058744,0.325904,0.229899,0.252625,0.048246,0.062441,0.011835,0.005472,0.004834
N20002409,0.060601,0.426214,0.159386,0.234496,0.034283,0.067686,0.008417,0.004883,0.004034
N20002410,0.030531,0.179353,0.556789,0.122447,0.039476,0.035479,0.029062,0.003591,0.003273
N20002411,0.054795,0.284735,0.381274,0.160459,0.045261,0.041375,0.022109,0.005478,0.004515
N20002412,0.080617,0.235105,0.380018,0.155815,0.069414,0.042217,0.021929,0.008058,0.006826
N20002413,0.030268,0.176957,0.564615,0.119498,0.036854,0.030591,0.034399,0.003671,0.003147
N20002414,0.073584,0.338947,0.275938,0.179807,0.055266,0.046925,0.016797,0.007028,0.005708
N20002415,0.056634,0.412021,0.198120,0.217344,0.036898,0.058969,0.011037,0.004939,0.004038
N20002416,0.025529,0.345530,0.301570,0.224638,0.024862,0.056363,0.016438,0.002718,0.002351
N20002417,0.015236,0.150574,0.619728,0.116704,0.031060,0.026639,0.035526,0.002364,0.002169
N20002418,0.065537,0.314666,0.348187,0.150083,0.046966,0.042541,0.021444,0.005785,0.004791
N20002419,0.056263,0.292629,0.405904,0.123781,0.042628,0.043623,0.025859,0.005086,0.004226
N20002420,0.062498,0.470712,0.111599,0.244024,0.030582,0.065881,0.006112,0.004795,0.003798
N20002421,0.114335,0.303098,0.267924,0.136750,0.095256,0.043290,0.018505,0.011631,0.009212
N20002422,0.065232,0.356241,0.296010,0.151332,0.053102,0.046475,0.019413,0.006906,0.005290
N20002423,0.097089,0.443333,0.114926,0.206791,0.055757,0.060176,0.007269,0.008274,0.006384
N20002424,0.023742,0.072576,0.708103,0.051522,0.071333,0.009919,0.055478,0.003662,0.003666
N20002425,0.026763,0.219808,0.512025,0.121236,0.046452,0.037511,0.030037,0.003098,0.003069
N20002426,0.021561,0.147066,0.608320,0.096798,0.057054,0.021955,0.040785,0.003248,0.003214
N20002427,0.030258,0.257322,0.430996,0.170608,0.042015,0.039718,0.021449,0.004102,0.003533
N20002428,0.029503,0.525576,0.104772,0.229786,0.015277,0.086334,0.004522,0.002297,0.001933
N20002429,0.029869,0.549615,0.147653,0.181761,0.016447,0.061966,0.008039,0.002603,0.002046
N20002430,0.037562,0.157487,0.565183,0.094032,0.071713,0.026464,0.038208,0.004745,0.004605
N20002431,0.028763,0.590266,0.103899,0.179451,0.014664,0.073186,0.005461,0.002437,0.001876
N20002432,0.042266,0.544351,0.116879,0.190794,0.024455,0.067757,0.006673,0.003884,0.002940
N20002433,0.031754,0.299776,0.354941,0.170028,0.051357,0.063662,0.021273,0.003619,0.003590
N20002434,0.027027,0.516337,0.064358,0.248812,0.026234,0.109043,0.003519,0.002408,0.002262
N20002435,0.017861,0.134425,0.671714,0.082853,0.031125,0.022167,0.034894,0.002633,0.002328
N20002436,0.015955,0.263232,0.464658,0.157292,0.022078,0.050469,0.022350,0.002125,0.001841
N20002437,0.022330,0.162671,0.604023,0.101872,0.041262,0.028372,0.032980,0.003451,0.003038
N20002438,0.009977,0.373815,0.345435,0.170066,0.010769,0.073475,0.014339,0.001121,0.001003
N20002439,0.027453,0.345640,0.305591,0.204937,0.023885,0.075767,0.011683,0.002619,0.002425
N20002440,0.013486,0.466437,0.162447,0.230498,0.010986,0.107583,0.006133,0.001275,0.001154
N20002441,0.016507,0.339564,0.305128,0.245797,0.018978,0.056396,0.013970,0.001929,0.001731
N20002442,0.013807,0.258890,0.493547,0.139137,0.020551,0.047657,0.022953,0.001805,0.001653
N20002443,0.009455,0.156415,0.653293,0.101336,0.019129,0.024167,0.033465,0.001400,0.001340
N20002444,0.021203,0.362135,0.289921,0.206298,0.024018,0.079180,0.012632,0.002418,0.002195
N20002445,0.025825,0.329500,0.324202,0.209092,0.030678,0.059115,0.015839,0.003015,0.002734
N20002446,0.012074,0.393096,0.258774,0.224531,0.011401,0.088612,0.009207,0.001187,0.001117
N20002447,0.015968,0.424169,0.203083,0.229044,0.014463,0.102097,0.008088,0.001632,0.001456
N20002448,0.027917,0.408469,0.231844,0.216429,0.021654,0.079023,0.009861,0.002542,0.002260
N20002449,0.011893,0.396270,0.229362,0.235519,0.012323,0.103703,0.008509,0.001248,0.001173
N20002450,0.020776,0.350459,0.302390,0.211112,0.025462,0.070726,0.014246,0.002568,0.002261
N20002451,0.014050,0.498353,0.080114,0.221144,0.007098,0.174843,0.002513,0.000978,0.000905
N20002452,0.026747,0.357761,0.290102,0.191399,0.023698,0.093869,0.011396,0.002629,0.002399
N20002453,0.040895,0.369272,0.238543,0.220464,0.030070,0.084729,0.009366,0.003458,0.003202
N20002454,0.062668,0.432758,0.126822,0.225446,0.033591,0.104967,0.004929,0.004712,0.004107
N20002455,0.094724,0.395148,0.143559,0.213731,0.039003,0.096952,0.009891,0.001732,0.005260
N20002456,0.237197,0.060188,0.330441,0.038970,0.210987,0.014975,0.067386,0.017808,0.022049
N20002457,0.170292,0.099328,0.370195,0.051377,0.169884,0.024395,0.083485,0.014083,0.016961
N20002458,0.175571,0.070111,0.370059,0.048309,0.204869,0.018753,0.076899,0.015828,0.019600
N20002459,0.172358,0.145536,0.361522,0.082984,0.114785,0.040530,0.057358,0.011118,0.013809
N20002460,0.218480,0.156218,0.266247,0.064601,0.161013,0.035474,0.064141,0.015691,0.018136
N20002461,0.146653,0.104361,0.404129,0.051789,0.156942,0.021316,0.086533,0.012781,0.015496
N20002462,0.098829,0.317881,0.267639,0.128498,0.061436,0.067627,0.044209,0.006183,0.007699
N20002463,0.277105,0.081699,0.254260,0.053545,0.220919,0.021918,0.045333,0.020276,0.024945
N20002464,0.100272,0.106144,0.482083,0.058745,0.109549,0.024687,0.099389,0.008465,0.010667
N20002465,0.222675,0.142391,0.282834,0.085825,0.146474,0.039251,0.048291,0.014379,0.017879
N20002466,0.198124,0.174208,0.302306,0.080289,0.121368,0.040680,0.055924,0.012179,0.014921
N20002467,0.160633,0.146454,0.352553,0.094887,0.122925,0.039316,0.058011,0.011093,0.014128
N20002468,0.193028,0.103403,0.294679,0.058207,0.218374,0.026498,0.066946,0.017880,0.020984
N20002469,0.174432,0.076209,0.424009,0.047585,0.154204,0.020653,0.073429,0.012989,0.016490
N20002470,0.146942,0.080218,0.416570,0.046646,0.171059,0.018739,0.090219,0.013246,0.016360
N20002471,0.189732,0.089264,0.350065,0.052980,0.187843,0.024057,0.072549,0.014760,0.018749
N20002472,0.132808,0.170906,0.375993,0.097423,0.088626,0.053999,0.061069,0.008391,0.010786
N20002473,0.241542,0.094602,0.252664,0.055331,0.233079,0.026499,0.052422,0.019933,0.023928
N20002474,0.125088,0.089186,0.447022,0.053868,0.146787,0.022229,0.090851,0.011029,0.013941
N20002475,0.128357,0.086379,0.460627,0.057724,0.139407,0.022581,0.080370,0.010729,0.013824
N20002476,0.220855,0.083505,0.307804,0.049732,0.210568,0.023383,0.065296,0.017360,0.021497
N20002477,0.125507,0.168436,0.355648,0.096369,0.121069,0.043067,0.067087,0.010218,0.012601
N20002478,0.134843,0.039702,0.481097,0.027043,0.178503,0.009995,0.100193,0.012541,0.016083
N20002479,0.334666,0.083057,0.200962,0.048324,0.220912,0.022982,0.040824,0.022017,0.026257
N20002480,0.196268,0.055983,0.394230,0.035895,0.191716,0.015316,0.076011,0.014998,0.019584
N20002481,0.163339,0.270143,0.216811,0.133869,0.090506,0.068618,0.034943,0.009787,0.011984
N20002482,0.200232,0.037332,0.367721,0.020344,0.236516,0.010056,0.088200,0.017830,0.021768
N20002483,0.209297,0.078223,0.339485,0.050424,0.196955,0.023181,0.065479,0.016391,0.020566
N20002484,0.205856,0.147274,0.290816,0.076398,0.152040,0.040083,0.055522,0.014413,0.017598
N20002485,0.313118,0.021281,0.163978,0.014943,0.378533,0.005667,0.040173,0.028215,0.034092
N20002486,0.333654,0.126873,0.159915,0.074748,0.185303,0.050887,0.024527,0.019820,0.024274
N20002487,0.345586,0.046613,0.171941,0.029956,0.296725,0.014401,0.034751,0.027748,0.032279
N20002488,0.278513,0.070694,0.274791,0.048999,0.215918,0.021712,0.045657,0.019320,0.024396
N20002489,0.257389,0.164391,0.184415,0.099971,0.173301,0.054252,0.028469,0.016831,0.020983
N20002490,0.161686,0.206797,0.287430,0.127745,0.089619,0.066488,0.039357,0.009039,0.011839
N20002491,0.170088,0.130124,0.356394,0.076194,0.142098,0.036863,0.061155,0.011777,0.015307
N20002492,0.048239,0.334921,0.302015,0.138100,0.038727,0.098558,0.028609,0.005906,0.004926
N20002493,0.085949,0.447367,0.095687,0.207497,0.034518,0.106349,0.012899,0.004387,0.005347
N20002494,0.270103,0.050196,0.246300,0.027217,0.288647,0.013690,0.053819,0.022454,0.027574
N20002495,0.327700,0.060332,0.177596,0.038459,0.285286,0.018165,0.036486,0.025524,0.030450
N20002496,0.289897,0.145076,0.207348,0.088361,0.154336,0.047500,0.030297,0.016620,0.020566
N20002497,0.418393,0.103880,0.126840,0.060468,0.187411,0.033787,0.019968,0.022548,0.026705
N20002498,0.040826,0.344130,0.245445,0.161216,0.038472,0.139195,0.020676,0.005392,0.004649
N20002499,0.085322,0.181738,0.407590,0.099847,0.093869,0.067366,0.041472,0.012363,0.010433
N20002500,0.008516,0.452213,0.279818,0.125762,0.002803,0.107653,0.020288,0.002070,0.000877
N20002501,0.007715,0.503163,0.202351,0.153949,0.002378,0.111685,0.016151,0.001837,0.000770
N20002502,0.015977,0.462580,0.213682,0.152914,0.004227,0.129506,0.016286,0.003415,0.001412
N20002503,0.014245,0.361851,0.371951,0.139850,0.005230,0.068178,0.033657,0.003526,0.001512
N20002504,0.028302,0.558587,0.098070,0.171834,0.005197,0.122558,0.008455,0.004990,0.002006
N20002505,0.008164,0.324231,0.443624,0.107287,0.003398,0.071838,0.038328,0.002185,0.000946
N20002506,0.019852,0.495076,0.188377,0.165883,0.004824,0.105171,0.015090,0.004049,0.001678
N20002507,0.021952,0.462039,0.213743,0.160951,0.006272,0.111622,0.016497,0.004901,0.002022
N20002508,0.028181,0.271068,0.494438,0.079550,0.011691,0.048911,0.055239,0.007808,0.003115
N20002509,0.012077,0.307435,0.472266,0.095632,0.005172,0.060279,0.042332,0.003379,0.001428
N20002510,0.014392,0.643637,0.083051,0.134151,0.002370,0.112314,0.006613,0.002487,0.000985
N20002511,0.012483,0.609411,0.103812,0.131320,0.001896,0.130547,0.007686,0.002030,0.000814
N20002512,0.020826,0.579354,0.169629,0.108125,0.004676,0.094854,0.016536,0.004322,0.001677
N20002513,0.018411,0.558027,0.158259,0.128135,0.005241,0.110653,0.014978,0.004576,0.001721
N20002514,0.029184,0.612544,0.076301,0.153702,0.005390,0.108300,0.007006,0.005466,0.002106
N20002515,0.014738,0.296387,0.479377,0.099056,0.005730,0.058645,0.040672,0.003766,0.001629
N20002516,0.024377,0.389574,0.333435,0.121019,0.009546,0.081376,0.031237,0.006742,0.002694
N20002517,0.013834,0.661124,0.052241,0.145966,0.002232,0.116801,0.004382,0.002474,0.000947
N20002518,0.012812,0.306571,0.469082,0.098281,0.006272,0.056663,0.044779,0.003922,0.001618
N20002519,0.011730,0.389969,0.332355,0.133702,0.004056,0.099124,0.024996,0.002844,0.001224
N20002520,0.021452,0.385616,0.331922,0.124598,0.008279,0.090402,0.029469,0.005893,0.002368
N20002521,0.015326,0.635392,0.120614,0.111705,0.002949,0.098616,0.011317,0.002943,0.001138
N20002522,0.012187,0.642050,0.076156,0.158748,0.002173,0.099327,0.006254,0.002226,0.000880
N20002523,0.019036,0.664836,0.062437,0.135583,0.003533,0.103614,0.005704,0.003840,0.001418
N20002524,0.024526,0.495452,0.189911,0.151822,0.006504,0.107210,0.017029,0.005371,0.002174
N20002525,0.012220,0.509195,0.234029,0.136048,0.003358,0.080594,0.020630,0.002787,0.001140
N20002526,0.015788,0.341999,0.442959,0.086825,0.006805,0.054134,0.044955,0.004670,0.001866
N20002527,0.019024,0.620107,0.106716,0.144049,0.003745,0.091964,0.009145,0.003797,0.001453
N20002528,0.014832,0.254135,0.545778,0.068661,0.007363,0.040767,0.062122,0.004476,0.001867
N20002529,0.012583,0.671586,0.061893,0.143484,0.002127,0.099715,0.005479,0.002257,0.000876
N20002530,0.013231,0.657764,0.043794,0.153755,0.002188,0.122566,0.003429,0.002355,0.000917
N20002531,0.021935,0.314518,0.435160,0.102852,0.012912,0.056412,0.045638,0.007505,0.003068
N20002532,0.012741,0.343556,0.419699,0.115271,0.004990,0.057557,0.041403,0.003369,0.001414
N20002533,0.020631,0.626008,0.071673,0.151099,0.004054,0.114760,0.006126,0.004097,0.001553
N20002534,0.020409,0.502058,0.214173,0.135711,0.004973,0.098888,0.017842,0.004242,0.001703
N20002535,0.012162,0.511484,0.190289,0.176038,0.004200,0.084636,0.016795,0.003115,0.001281
N20002536,0.010370,0.302729,0.471513,0.105412,0.003986,0.065804,0.036434,0.002608,0.001144
N20002537,0.010971,0.384285,0.339306,0.153205,0.005978,0.072060,0.029151,0.003534,0.001510
N20002538,0.014293,0.401455,0.343861,0.124897,0.005017,0.073933,0.031473,0.003564,0.001508
N20002539,0.007237,0.234719,0.586476,0.074329,0.003139,0.038619,0.052672,0.001953,0.000855
N20002540,0.012921,0.384275,0.356197,0.119170,0.006146,0.085943,0.030022,0.003715,0.001611
N20002541,0.011189,0.269802,0.522438,0.088905,0.005601,0.050170,0.047250,0.003218,0.001427
N20002542,0.009847,0.395247,0.319453,0.153070,0.016488,0.080656,0.022095,0.001690,0.001454
N20002543,0.025487,0.464946,0.154395,0.185650,0.030706,0.122680,0.009514,0.003568,0.003052
N20002544,0.013154,0.578003,0.065735,0.174576,0.008397,0.154039,0.003711,0.001285,0.001100
N20002545,0.009492,0.479276,0.162512,0.188199,0.010509,0.139111,0.008546,0.001247,0.001107
N20002546,0.007602,0.471420,0.206990,0.158844,0.009448,0.132449,0.011228,0.001076,0.000944
N20002547,0.020265,0.391418,0.288108,0.142769,0.024061,0.111596,0.016624,0.002754,0.002406
N20002548,0.076731,0.296844,0.044297,0.159913,0.011924,0.401116,0.002459,0.003632,0.003083
N20002549,0.017927,0.326435,0.033621,0.161111,0.002348,0.455521,0.001626,0.000752,0.000660
N20002550,0.030445,0.343879,0.034864,0.122384,0.003840,0.460631,0.001628,0.001242,0.001087
N20002551,0.020579,0.316824,0.067206,0.142924,0.003405,0.443806,0.003445,0.000963,0.000847
N20002552,0.226987,0.244996,0.086263,0.158202,0.045818,0.208290,0.005832,0.013055,0.010557
N20002553,0.252797,0.257939,0.053547,0.142163,0.045388,0.219180,0.003945,0.014061,0.010981
N20002554,0.032747,0.392184,0.095019,0.191046,0.005778,0.273994,0.006003,0.001795,0.001434
N20002555,0.012568,0.328507,0.103010,0.141544,0.002315,0.405588,0.005184,0.000700,0.000584
N20002556,0.035063,0.418729,0.055679,0.187394,0.005858,0.290174,0.003625,0.001966,0.001510
N20002557,0.011583,0.362242,0.035642,0.210744,0.002228,0.374299,0.002036,0.000670,0.000555
N20002558,0.027437,0.365829,0.139440,0.149741,0.005617,0.300180,0.008758,0.001678,0.001320
N20002559,0.029709,0.386409,0.070927,0.203683,0.005890,0.295566,0.004599,0.001791,0.001427
N20002560,0.307662,0.230847,0.089072,0.138952,0.050269,0.147820,0.006411,0.016448,0.012520
N20002561,0.625378,0.086071,0.033695,0.054730,0.085169,0.059037,0.003085,0.030727,0.022106
N20002562,0.449413,0.128375,0.085835,0.075428,0.106578,0.095492,0.007740,0.029134,0.022005
N20002563,0.024032,0.351920,0.027740,0.133423,0.003369,0.456231,0.001309,0.001055,0.000922
N20002564,0.027792,0.328174,0.035432,0.150818,0.004556,0.448747,0.001908,0.001402,0.001171
N20002565,0.023874,0.286371,0.290393,0.178976,0.010804,0.186563,0.018999,0.002169,0.001850
N20002566,0.023445,0.389477,0.102387,0.214111,0.004781,0.257433,0.005913,0.001328,0.001127
N20002567,0.030174,0.407253,0.074822,0.213522,0.007246,0.258628,0.004744,0.002000,0.001611
N20002568,0.033900,0.397439,0.084309,0.208884,0.007605,0.258556,0.005305,0.002236,0.001767
N20002569,0.017835,0.310559,0.259292,0.171394,0.008528,0.211552,0.017638,0.001768,0.001435
N20002570,0.035317,0.186571,0.471566,0.136667,0.019449,0.111304,0.032477,0.003609,0.003039
N20002571,0.014531,0.314168,0.047506,0.127678,0.002588,0.489863,0.002244,0.000770,0.000652
N20002572,0.019929,0.350697,0.032129,0.167791,0.003536,0.422189,0.001727,0.001101,0.000902
N20002573,0.013260,0.315735,0.242701,0.157218,0.004365,0.251953,0.012918,0.001002,0.000849
N20002574,0.019501,0.325944,0.053711,0.149134,0.003558,0.443635,0.002589,0.001039,0.000889
N20002575,0.042642,0.432221,0.034375,0.187625,0.007467,0.288834,0.002372,0.002572,0.001892
N20002576,0.025634,0.433930,0.030905,0.198466,0.004076,0.302798,0.001747,0.001360,0.001085
N20002577,0.424437,0.165572,0.045780,0.109486,0.065766,0.146183,0.003376,0.022458,0.016942
N20002578,0.019928,0.387092,0.142686,0.179246,0.005213,0.254884,0.008460,0.001365,0.001126
N20002579,0.022352,0.411343,0.075578,0.213293,0.005177,0.265087,0.004565,0.001430,0.001177
N20002580,0.050802,0.324061,0.065955,0.154253,0.009608,0.386640,0.003631,0.002733,0.002317
N20002581,0.103846,0.308375,0.098508,0.182612,0.022049,0.267220,0.006260,0.006101,0.005030
N20002582,0.032007,0.361925,0.106440,0.184966,0.008125,0.296478,0.006242,0.002063,0.001754
N20002583,0.555711,0.085177,0.069777,0.058844,0.101043,0.068315,0.005636,0.031689,0.023809
N20002584,0.090626,0.325046,0.110088,0.159827,0.021388,0.275814,0.006833,0.005720,0.004658
N20002585,0.733647,0.017915,0.019377,0.015766,0.126793,0.013611,0.001814,0.041121,0.029956
N20002586,0.070830,0.344801,0.087624,0.157624,0.014730,0.311887,0.005107,0.004050,0.003348
N20002587,0.408315,0.154855,0.135679,0.072229,0.110117,0.057087,0.014365,0.027174,0.020177
N20002588,0.479712,0.122120,0.076600,0.043760,0.160276,0.040099,0.011806,0.039372,0.026255
N20002589,0.522952,0.069495,0.109947,0.038539,0.155259,0.028466,0.010752,0.037248,0.027342
N20002590,0.389312,0.064861,0.186856,0.058569,0.189602,0.029960,0.019382,0.034062,0.027397
N20002591,0.202960,0.217240,0.157764,0.170178,0.086420,0.123117,0.012746,0.015988,0.013588
N20002592,0.349692,0.164741,0.127560,0.113912,0.115422,0.072213,0.013669,0.023624,0.019167
N20002593,0.394056,0.075819,0.166499,0.055053,0.194096,0.031910,0.018862,0.036138,0.027567
N20002594,0.354527,0.201491,0.118501,0.082879,0.106233,0.077985,0.012538,0.026853,0.018993
N20002595,0.091899,0.266465,0.260603,0.171443,0.045061,0.127935,0.021623,0.008221,0.006750
N20002596,0.363019,0.195910,0.105805,0.089000,0.112000,0.077427,0.011910,0.025871,0.019057
N20002597,0.217657,0.247059,0.130260,0.138307,0.101287,0.116430,0.013821,0.019996,0.015184
N20002598,0.421457,0.048413,0.172796,0.042284,0.206918,0.020735,0.018735,0.038731,0.029931
N20002599,0.080051,0.276857,0.233746,0.191283,0.031223,0.159423,0.016461,0.005841,0.005114
N20002600,0.036360,0.367782,0.087362,0.253115,0.015806,0.228021,0.005986,0.002991,0.002577
N20002601,0.308548,0.246671,0.098478,0.109699,0.090793,0.097357,0.010268,0.022125,0.016061
N20002602,0.393718,0.102263,0.164961,0.060754,0.160031,0.043118,0.018465,0.032268,0.024420
N20002603,0.062411,0.238389,0.323792,0.166538,0.043491,0.128270,0.024838,0.006602,0.005669
N20002604,0.476279,0.086426,0.089466,0.049350,0.182867,0.036753,0.010644,0.039526,0.028689
N20002605,0.317660,0.199435,0.152221,0.083202,0.103511,0.087834,0.016674,0.022654,0.016809
N20002606,0.114367,0.296325,0.196230,0.165331,0.046248,0.146602,0.018258,0.009340,0.007299
N20002607,0.038702,0.361977,0.132259,0.262601,0.020924,0.164974,0.011600,0.003825,0.003137
N20002608,0.229664,0.168155,0.279253,0.095943,0.107537,0.051368,0.031256,0.021087,0.015736
N20002609,0.045546,0.328911,0.166053,0.240364,0.025695,0.172299,0.013032,0.004380,0.003719
N20002610,0.084175,0.316918,0.164295,0.188941,0.030245,0.191440,0.012759,0.006156,0.005070
N20002611,0.177293,0.238853,0.259050,0.078539,0.074241,0.112975,0.032752,0.015400,0.010896
N20002612,0.410925,0.136913,0.099223,0.072267,0.150841,0.061513,0.010794,0.033439,0.024084
N20002613,0.112249,0.369036,0.157914,0.122889,0.046243,0.152631,0.022155,0.009859,0.007023
N20002614,0.216200,0.293634,0.104286,0.146246,0.063713,0.139572,0.009388,0.015493,0.011469
N20002615,0.101062,0.392230,0.181840,0.098698,0.041540,0.139316,0.029977,0.009162,0.006174
N20002616,0.213460,0.297214,0.135309,0.125177,0.066834,0.120275,0.013941,0.016058,0.011733
N20002617,0.099400,0.384271,0.225894,0.067913,0.047240,0.104910,0.054036,0.009963,0.006373
N20002618,0.034753,0.321146,0.151350,0.233963,0.017776,0.224332,0.010770,0.003195,0.002714
N20002619,0.044624,0.512485,0.062593,0.160514,0.011660,0.197784,0.004679,0.003255,0.002407
N20002620,0.098336,0.389301,0.161755,0.113464,0.045393,0.152928,0.022768,0.009472,0.006584
N20002621,0.020212,0.174275,0.499628,0.161707,0.018355,0.085142,0.036017,0.002445,0.002219
N20002622,0.033821,0.524799,0.035723,0.161599,0.007621,0.229966,0.002561,0.002227,0.001682
N20002623,0.022799,0.333188,0.162764,0.244760,0.013377,0.207067,0.011898,0.002210,0.001937
N20002624,0.049954,0.197187,0.416352,0.157399,0.032380,0.103057,0.034424,0.004921,0.004326
N20002625,0.037642,0.533325,0.131397,0.115687,0.012870,0.150421,0.013276,0.003110,0.002272
N20002626,0.020466,0.507372,0.032956,0.185945,0.005004,0.243683,0.002139,0.001356,0.001080
N20002627,0.037724,0.521900,0.067264,0.154405,0.012855,0.195096,0.005277,0.003115,0.002362
N20002628,0.049655,0.391013,0.209521,0.112612,0.019706,0.187600,0.022823,0.004037,0.003033
N20002629,0.036490,0.514021,0.039334,0.177419,0.008793,0.216964,0.002848,0.002296,0.001835
N20002630,0.054907,0.343193,0.173992,0.196771,0.022217,0.188002,0.013270,0.004074,0.003574
N20002631,0.033145,0.478138,0.032657,0.204680,0.007622,0.237837,0.002231,0.002044,0.001647
N20002632,0.025284,0.472846,0.058562,0.207222,0.008533,0.219547,0.004492,0.001941,0.001573
N20002633,0.041821,0.330764,0.229086,0.185520,0.021572,0.166785,0.017463,0.003781,0.003207
N20002634,0.042078,0.339839,0.239124,0.177582,0.025181,0.144911,0.023531,0.004266,0.003489
N20002635,0.028835,0.361675,0.147745,0.199495,0.013290,0.234496,0.009919,0.002441,0.002102
N20002636,0.040046,0.322381,0.265105,0.175158,0.020061,0.151280,0.019485,0.003481,0.003003
N20002637,0.022471,0.363821,0.179930,0.218689,0.012296,0.185230,0.013585,0.002152,0.001826
N20002638,0.049809,0.418138,0.112184,0.181586,0.017740,0.204133,0.009752,0.003671,0.002986
N20002639,0.250659,0.247767,0.061054,0.196465,0.046362,0.168778,0.003568,0.014652,0.010695
N20002640,0.655006,0.014730,0.050581,0.014499,0.172443,0.005847,0.004502,0.050003,0.032391
N20002641,0.660032,0.021384,0.064079,0.023908,0.142243,0.010141,0.005033,0.043616,0.029565
N20002642,0.437421,0.084476,0.157699,0.083767,0.128586,0.039941,0.010839,0.033319,0.023951
N20002643,0.377768,0.179679,0.051530,0.169570,0.066185,0.115075,0.003167,0.021469,0.015557
N20002644,0.021944,0.410202,0.025347,0.246479,0.004155,0.288144,0.001504,0.001203,0.001021
N20002645,0.020478,0.383983,0.050674,0.210270,0.004723,0.324747,0.002804,0.001251,0.001069
N20002646,0.221225,0.229028,0.117779,0.193490,0.049699,0.156748,0.006957,0.014515,0.010558
N20002647,0.029213,0.367904,0.079827,0.253827,0.008173,0.252430,0.004892,0.002021,0.001712
N20002648,0.020095,0.391098,0.081745,0.258649,0.004931,0.236982,0.004111,0.001337,0.001051
N20002649,0.090682,0.334517,0.081109,0.229917,0.019984,0.229531,0.004123,0.005777,0.004359
N20002650,0.047090,0.343084,0.111310,0.242098,0.012219,0.232208,0.006425,0.002978,0.002589
N20002651,0.026198,0.393321,0.065394,0.273662,0.007619,0.226601,0.003699,0.001996,0.001511
N20002652,0.030447,0.439086,0.087891,0.227164,0.009503,0.195251,0.006433,0.002353,0.001872
N20002653,0.024526,0.359464,0.100974,0.238637,0.006758,0.260805,0.005792,0.001643,0.001402
N20002654,0.014965,0.412279,0.066074,0.249969,0.004762,0.245610,0.004229,0.001159,0.000954
N20002655,0.227958,0.222166,0.199740,0.142648,0.063528,0.096756,0.018904,0.016018,0.012283
N20002656,0.025487,0.440479,0.032654,0.237840,0.005405,0.253376,0.001974,0.001538,0.001248
N20002657,0.034844,0.435162,0.026108,0.263192,0.006697,0.228666,0.001651,0.002054,0.001626
N20002658,0.099490,0.291738,0.201298,0.178157,0.025616,0.179545,0.012680,0.006210,0.005265
N20002659,0.031542,0.421065,0.129578,0.208769,0.008745,0.188077,0.008202,0.002224,0.001798
N20002660,0.015780,0.383201,0.091170,0.214208,0.005403,0.282534,0.005392,0.001268,0.001044
N20002661,0.035282,0.414999,0.059837,0.255983,0.007683,0.218527,0.003766,0.002157,0.001765
N20002662,0.028899,0.411537,0.035096,0.234724,0.005646,0.279362,0.001750,0.001676,0.001309
N20002663,0.052553,0.338763,0.155591,0.197326,0.013284,0.228791,0.007572,0.003428,0.002693
N20002664,0.072725,0.348728,0.118108,0.241768,0.019981,0.182345,0.007143,0.005236,0.003965
N20002665,0.029583,0.564945,0.022753,0.160898,0.004998,0.211835,0.001829,0.001858,0.001299
N20002666,0.045005,0.570404,0.052575,0.129473,0.008482,0.184400,0.004721,0.002922,0.002018
N20002667,0.047025,0.453810,0.037832,0.186634,0.007330,0.260441,0.002660,0.002378,0.001889
N20002668,0.037396,0.390919,0.098187,0.268562,0.008966,0.185146,0.005778,0.002929,0.002118
N20002669,0.043277,0.532555,0.090881,0.128952,0.009877,0.182091,0.007152,0.003004,0.002210
N20002670,0.029120,0.437343,0.049140,0.184333,0.006376,0.287380,0.003042,0.001809,0.001457
N20002671,0.041858,0.520669,0.129045,0.129721,0.008874,0.154982,0.009949,0.002843,0.002058
N20002672,0.030086,0.422639,0.096491,0.168854,0.006588,0.266370,0.005727,0.001765,0.001480
N20002673,0.037776,0.545999,0.061880,0.167259,0.007937,0.170086,0.004604,0.002577,0.001883
N20002674,0.055009,0.339788,0.116539,0.258745,0.015117,0.201718,0.006132,0.003933,0.003019
N20002675,0.020227,0.386443,0.073531,0.265135,0.004978,0.243758,0.003479,0.001379,0.001070
N20002676,0.028846,0.364432,0.164648,0.207781,0.009049,0.212878,0.008426,0.002220,0.001719
N20002677,0.021972,0.411649,0.096472,0.198256,0.006384,0.257779,0.004602,0.001625,0.001260
N20002678,0.031595,0.359997,0.175729,0.196258,0.011939,0.208489,0.011261,0.002553,0.002179
N20002679,0.027105,0.405454,0.081624,0.245643,0.009454,0.222305,0.004408,0.002264,0.001744
N20002680,0.032930,0.511855,0.026239,0.212650,0.006210,0.204736,0.001870,0.001990,0.001521
N20002681,0.025307,0.451003,0.082561,0.234508,0.006607,0.191396,0.005499,0.001703,0.001415
N20002682,0.023141,0.480063,0.063851,0.220265,0.005676,0.199973,0.004248,0.001535,0.001248
N20002683,0.022108,0.455374,0.105716,0.206058,0.006446,0.194236,0.007150,0.001591,0.001320
N20002684,0.025679,0.403148,0.071825,0.238384,0.006679,0.246828,0.004401,0.001636,0.001421
N20002685,0.381975,0.170011,0.136583,0.144558,0.068305,0.048734,0.007699,0.025982,0.016154
N20002686,0.632347,0.042277,0.082160,0.034625,0.118010,0.010942,0.005008,0.047565,0.027065
N20002687,0.676022,0.023636,0.030931,0.020421,0.151171,0.006337,0.002336,0.057403,0.031743
N20002688,0.684081,0.023848,0.026321,0.019755,0.147704,0.006826,0.001903,0.057836,0.031727
N20002689,0.166741,0.230541,0.312283,0.130615,0.056416,0.054984,0.020731,0.017410,0.010280
N20002690,0.334803,0.222691,0.099056,0.182455,0.047305,0.078561,0.004528,0.018380,0.012222
N20002691,0.265603,0.205386,0.194014,0.148968,0.078697,0.055862,0.012178,0.024029,0.015262
N20002692,0.072306,0.226352,0.404622,0.169479,0.032322,0.055621,0.025472,0.008407,0.005420
N20002693,0.033314,0.218700,0.482442,0.160335,0.022225,0.043857,0.031244,0.004719,0.003164
N20002694,0.102179,0.356829,0.137933,0.261760,0.019774,0.103025,0.006862,0.006966,0.004673
N20002695,0.045049,0.256224,0.390632,0.195022,0.019276,0.062938,0.022490,0.005064,0.003305
N20002696,0.100056,0.259242,0.314084,0.189632,0.037480,0.064855,0.017584,0.010399,0.006668
N20002697,0.084862,0.250801,0.327575,0.198705,0.036634,0.066236,0.019274,0.009706,0.006206
N20002698,0.299879,0.235265,0.158796,0.123666,0.076339,0.052543,0.010642,0.027249,0.015621
N20002699,0.067936,0.332477,0.237348,0.227551,0.020364,0.091483,0.012718,0.006112,0.004011
N20002700,0.042913,0.282453,0.389518,0.163678,0.013416,0.084403,0.017045,0.003943,0.002632
N20002701,0.217452,0.272063,0.158354,0.159756,0.077445,0.065911,0.010292,0.024488,0.014239
N20002702,0.060357,0.474033,0.097037,0.234971,0.012151,0.108531,0.005289,0.004750,0.002881
N20002703,0.063715,0.396459,0.207114,0.207086,0.015863,0.090750,0.010207,0.005393,0.003412
N20002704,0.058661,0.480527,0.059911,0.258070,0.009845,0.123289,0.003063,0.004121,0.002514
N20002705,0.064491,0.378959,0.192359,0.227148,0.021408,0.093493,0.011812,0.006301,0.004030
N20002706,0.082514,0.384938,0.124607,0.260063,0.019912,0.110568,0.006290,0.006773,0.004335
N20002707,0.070858,0.435842,0.084682,0.262948,0.012358,0.121945,0.003846,0.004470,0.003051
N20002708,0.055485,0.505801,0.077413,0.221536,0.009813,0.119381,0.004052,0.004071,0.002448
N20002709,0.038492,0.543399,0.037212,0.236251,0.007743,0.129750,0.002101,0.003190,0.001862
N20002710,0.061455,0.502214,0.076275,0.231361,0.012188,0.104242,0.004371,0.004972,0.002920
N20002711,0.079556,0.437682,0.134160,0.222100,0.015430,0.094478,0.006724,0.006151,0.003720
N20002712,0.076248,0.451852,0.118930,0.226515,0.015726,0.094567,0.006494,0.006002,0.003666
N20002713,0.049284,0.319834,0.262820,0.247989,0.016570,0.081652,0.013926,0.004779,0.003146
N20002714,0.067191,0.480421,0.111979,0.204433,0.017616,0.101490,0.006745,0.006403,0.003721
N20002715,0.109275,0.344493,0.167360,0.236596,0.027043,0.091915,0.008825,0.008733,0.005761
N20002716,0.071751,0.324121,0.272494,0.210064,0.023559,0.070058,0.016455,0.007031,0.004469
N20002717,0.216051,0.307284,0.155893,0.151482,0.057796,0.068657,0.010403,0.020627,0.011806
N20002718,0.152159,0.319249,0.201739,0.188268,0.035810,0.070251,0.012323,0.012499,0.007703
N20002719,0.086398,0.500885,0.065633,0.202679,0.016122,0.113910,0.003654,0.006780,0.003940
N20002720,0.227468,0.202045,0.267562,0.136131,0.066090,0.050268,0.016047,0.021396,0.012993
N20002721,0.274186,0.288072,0.093423,0.171952,0.057668,0.072889,0.006109,0.022667,0.013034
N20002722,0.056059,0.377946,0.187312,0.243026,0.019469,0.096444,0.010405,0.005728,0.003609
N20002723,0.065563,0.469625,0.160588,0.190616,0.015009,0.079539,0.010245,0.005510,0.003304
N20002724,0.128949,0.292792,0.275584,0.155260,0.042381,0.065527,0.018216,0.013361,0.007931
N20002725,0.045240,0.358136,0.215788,0.246427,0.014762,0.098918,0.012945,0.004822,0.002962
N20002726,0.070154,0.268429,0.259116,0.264285,0.034671,0.071706,0.016193,0.009519,0.005926
N20002727,0.172755,0.301423,0.173593,0.178414,0.056031,0.073907,0.014008,0.018975,0.010895
N20002728,0.056370,0.183931,0.457520,0.183258,0.034645,0.038770,0.031614,0.008567,0.005324
N20002729,0.125781,0.378328,0.111671,0.220819,0.029574,0.108044,0.006466,0.012435,0.006883
N20002730,0.040913,0.346891,0.174254,0.313373,0.012256,0.096341,0.009501,0.003899,0.002571
N20002731,0.050447,0.281154,0.337976,0.213414,0.020854,0.064960,0.021387,0.006005,0.003804
N20002732,0.071895,0.367892,0.140968,0.271770,0.021618,0.105203,0.008701,0.007415,0.004538
N20002733,0.081970,0.234331,0.344777,0.197278,0.038653,0.063644,0.022608,0.010131,0.006607
N20002734,0.056568,0.432806,0.130508,0.245661,0.012438,0.106463,0.007754,0.004884,0.002918
N20002735,0.063386,0.351679,0.223405,0.229637,0.020042,0.086598,0.014456,0.006732,0.004064
N20002736,0.031216,0.354192,0.198676,0.280532,0.010999,0.108360,0.010497,0.003348,0.002181
N20002737,0.088249,0.310669,0.214916,0.229800,0.038554,0.084424,0.015606,0.011006,0.006774
N20002738,0.058459,0.329837,0.242427,0.244355,0.023578,0.073504,0.016381,0.007108,0.004349
N20002739,0.032429,0.374184,0.170413,0.299726,0.013943,0.091349,0.011350,0.004046,0.002561
N20002740,0.035207,0.415950,0.094319,0.324681,0.010107,0.108724,0.005288,0.003524,0.002199
N20002741,0.021922,0.444288,0.081285,0.321366,0.006271,0.117015,0.004297,0.002180,0.001376
N20002742,0.026884,0.415409,0.080534,0.316276,0.008093,0.144125,0.004312,0.002645,0.001723
N20002743,0.016671,0.331979,0.267918,0.276737,0.006991,0.081434,0.015079,0.001900,0.001290
N20002744,0.022869,0.420242,0.091636,0.312487,0.007683,0.135892,0.005193,0.002429,0.001568
N20002745,0.025408,0.395499,0.138492,0.319428,0.009117,0.099303,0.008226,0.002732,0.001796
N20002746,0.013919,0.412197,0.082436,0.328016,0.004241,0.152985,0.003945,0.001353,0.000908
N20002747,0.020636,0.434160,0.049116,0.345539,0.005840,0.138809,0.002616,0.001990,0.001294
N20002748,0.037813,0.318627,0.304665,0.228534,0.013996,0.070869,0.018725,0.004097,0.002674
N20002749,0.020397,0.288527,0.368183,0.210784,0.010129,0.076187,0.021332,0.002706,0.001754
N20002750,0.018351,0.397911,0.126532,0.314520,0.005359,0.128159,0.006277,0.001733,0.001158
N20002751,0.019834,0.298514,0.324309,0.252653,0.010218,0.071336,0.018825,0.002586,0.001726
N20002752,0.018847,0.420418,0.134862,0.285972,0.006091,0.123416,0.007111,0.002003,0.001279
N20002753,0.021293,0.387033,0.172845,0.281464,0.008278,0.115266,0.009745,0.002483,0.001594
N20002754,0.025356,0.199093,0.562423,0.120265,0.012723,0.034927,0.039826,0.003274,0.002112
N20002755,0.015590,0.205453,0.491554,0.197402,0.010695,0.045016,0.030276,0.002422,0.001593
N20002756,0.061913,0.406667,0.178664,0.238691,0.018307,0.073058,0.012329,0.006526,0.003843
N20002757,0.051364,0.294552,0.295462,0.238897,0.025420,0.061833,0.021382,0.006819,0.004271
N20002758,0.019769,0.255204,0.439214,0.189714,0.010227,0.054196,0.027388,0.002578,0.001710
N20002759,0.048321,0.367159,0.228308,0.249481,0.015588,0.066630,0.015996,0.005358,0.003158
N20002760,0.048905,0.244667,0.455830,0.138047,0.022452,0.043660,0.036188,0.006377,0.003875
N20002761,0.024736,0.164678,0.571115,0.132973,0.019885,0.029961,0.049766,0.004219,0.002667
N20002762,0.019912,0.090399,0.712029,0.075148,0.020526,0.015328,0.060118,0.004002,0.002538
N20002763,0.015723,0.390006,0.203017,0.268954,0.007980,0.098398,0.012240,0.002281,0.001402
N20002764,0.015460,0.321569,0.339759,0.228845,0.006761,0.065654,0.018677,0.002026,0.001248
N20002765,0.019623,0.404933,0.182682,0.278778,0.007128,0.092886,0.010247,0.002302,0.001421
N20002766,0.006540,0.277911,0.469204,0.160130,0.004430,0.049728,0.030222,0.001146,0.000689
N20002767,0.022939,0.356796,0.250164,0.252747,0.008135,0.090772,0.014228,0.002606,0.001612
N20002768,0.011399,0.355431,0.246632,0.270861,0.004394,0.096428,0.012652,0.001354,0.000850
N20002769,0.010635,0.278616,0.439316,0.180108,0.005715,0.057088,0.026021,0.001538,0.000963
N20002770,0.019043,0.363645,0.239718,0.250305,0.008852,0.100256,0.013962,0.002627,0.001592
N20002771,0.020007,0.295582,0.375875,0.201478,0.010091,0.067848,0.024547,0.002839,0.001734
N20002772,0.019678,0.561006,0.115621,0.195063,0.004930,0.092805,0.007532,0.002197,0.001169
N20002773,0.015375,0.475070,0.096735,0.298978,0.004509,0.101179,0.005515,0.001651,0.000989
N20002774,0.016609,0.249589,0.468965,0.167624,0.009091,0.054506,0.029654,0.002448,0.001516
N20002775,0.015249,0.365438,0.218715,0.279660,0.006985,0.098642,0.012015,0.002038,0.001258
N20002776,0.016156,0.484166,0.160535,0.231342,0.005077,0.090640,0.009159,0.001842,0.001082
N20002777,0.013593,0.393893,0.191897,0.285649,0.005289,0.096101,0.010858,0.001693,0.001026
N20002778,0.028018,0.402226,0.162163,0.270568,0.009275,0.113157,0.009521,0.003171,0.001901
N20002779,0.033732,0.420938,0.149714,0.268023,0.010352,0.101701,0.009554,0.003794,0.002192
N20002780,0.025224,0.485213,0.149256,0.231716,0.007882,0.086603,0.009418,0.003010,0.001678
N20002781,0.028398,0.562654,0.079926,0.207598,0.007127,0.104344,0.005181,0.003104,0.001667
N20002782,0.023967,0.435502,0.129167,0.286364,0.008265,0.104709,0.007468,0.002864,0.001694
N20002783,0.015684,0.348828,0.260456,0.257187,0.006734,0.093716,0.014156,0.001997,0.001242
N20002784,0.027839,0.405117,0.177205,0.272826,0.010437,0.088420,0.012673,0.003462,0.002020
N20002785,0.019533,0.438864,0.132905,0.270036,0.006584,0.120932,0.007523,0.002275,0.001349
N20002786,0.015664,0.366697,0.246726,0.264052,0.006823,0.082805,0.013852,0.002117,0.001265
N20002787,0.032041,0.382720,0.233810,0.239787,0.011700,0.077837,0.015847,0.003973,0.002284
N20002788,0.019687,0.429448,0.122883,0.289130,0.005055,0.124482,0.006272,0.001882,0.001161
N20002789,0.031977,0.343011,0.235608,0.276908,0.013253,0.076952,0.015752,0.004099,0.002441
N20002790,0.033345,0.317892,0.341503,0.194337,0.017465,0.059460,0.028060,0.005036,0.002903
N20002791,0.025756,0.403816,0.183650,0.273530,0.007633,0.090105,0.011115,0.002761,0.001633
N20002792,0.039876,0.440021,0.125324,0.260528,0.009882,0.111023,0.007129,0.003967,0.002248
N20002793,0.031744,0.448578,0.083946,0.299530,0.008441,0.117606,0.004972,0.003303,0.001881
N20002794,0.044463,0.394988,0.204256,0.240338,0.015637,0.077394,0.014369,0.005459,0.003095
N20002795,0.032923,0.369267,0.262872,0.221917,0.012815,0.076896,0.016509,0.004350,0.002451
N20002796,0.067690,0.412509,0.205383,0.194392,0.019810,0.072157,0.016288,0.007613,0.004157
N20002797,0.049097,0.422536,0.199855,0.212994,0.016615,0.073007,0.016615,0.005976,0.003305
N20002798,0.064578,0.281604,0.391052,0.136526,0.028848,0.044355,0.038995,0.009088,0.004955
N20002799,0.069906,0.355736,0.195682,0.243301,0.023369,0.085546,0.013526,0.008231,0.004705
N20002800,0.033635,0.358771,0.261995,0.229211,0.013674,0.078052,0.017634,0.004477,0.002550
N20002801,0.033876,0.424449,0.119263,0.267295,0.014200,0.125459,0.008130,0.004719,0.002608
N20002802,0.011962,0.439786,0.095249,0.288704,0.003329,0.154387,0.004735,0.001093,0.000756
N20002803,0.024122,0.374804,0.169105,0.311173,0.008800,0.095838,0.011722,0.002681,0.001755
N20002804,0.011845,0.375664,0.180276,0.312231,0.004488,0.102307,0.010961,0.001331,0.000895
N20002805,0.015932,0.423348,0.127424,0.313477,0.004619,0.105233,0.007442,0.001514,0.001011
N20002806,0.021843,0.374715,0.238610,0.251575,0.010658,0.080306,0.017399,0.002988,0.001906
N20002807,0.013865,0.443561,0.057604,0.358400,0.003203,0.118182,0.003235,0.001176,0.000774
N20002808,0.016738,0.418924,0.104559,0.322524,0.005786,0.121901,0.006513,0.001858,0.001196
N20002809,0.017170,0.413836,0.124951,0.303559,0.005801,0.124343,0.007385,0.001761,0.001195
N20002810,0.018531,0.418073,0.149036,0.297878,0.005825,0.097981,0.009595,0.001852,0.001230
N20002811,0.021210,0.541075,0.079451,0.244319,0.004483,0.101587,0.004871,0.001860,0.001145
N20002812,0.017053,0.448588,0.197779,0.217538,0.006166,0.095535,0.014202,0.001908,0.001232
N20002813,0.027377,0.550918,0.095524,0.219082,0.006478,0.089460,0.006931,0.002660,0.001570
N20002814,0.020149,0.401877,0.149042,0.322646,0.006108,0.087434,0.009453,0.001988,0.001303
N20002815,0.024564,0.552971,0.090467,0.226805,0.005601,0.089208,0.006707,0.002301,0.001377
N20002816,0.024676,0.494811,0.142866,0.239452,0.005708,0.078928,0.010018,0.002165,0.001377
N20002817,0.027745,0.501089,0.112778,0.254753,0.007702,0.082726,0.008617,0.002863,0.001727
N20002818,0.036699,0.536541,0.076148,0.241154,0.007925,0.090416,0.005708,0.003432,0.001977
N20002819,0.029577,0.518147,0.072944,0.260810,0.007358,0.101179,0.005285,0.002961,0.001740
N20002820,0.026131,0.461243,0.100584,0.287613,0.008137,0.104597,0.007094,0.002841,0.001760
N20002821,0.027593,0.534944,0.108638,0.222189,0.006984,0.087210,0.008078,0.002729,0.001633
N20002822,0.017556,0.469917,0.165940,0.232824,0.004469,0.095209,0.011508,0.001556,0.001020
N20002823,0.014047,0.278348,0.438014,0.170351,0.008793,0.054150,0.032725,0.002156,0.001415
N20002824,0.045527,0.357044,0.245121,0.225678,0.021160,0.072917,0.022757,0.006038,0.003757
N20002825,0.017431,0.189267,0.539386,0.157570,0.011518,0.042997,0.037434,0.002606,0.001790
N20002826,0.008626,0.158518,0.615883,0.126890,0.007368,0.032616,0.047604,0.001476,0.001019
N20002827,0.009687,0.088143,0.757714,0.062976,0.008247,0.018132,0.052299,0.001660,0.001141
N20002828,0.008943,0.103336,0.743795,0.064071,0.006176,0.014466,0.056920,0.001367,0.000924
N20002829,0.021586,0.450204,0.226597,0.205029,0.006647,0.070334,0.015895,0.002299,0.001411
N20002830,0.026769,0.224576,0.492112,0.153727,0.014641,0.042374,0.039682,0.003712,0.002407
N20002831,0.034405,0.454143,0.165729,0.244270,0.010169,0.071759,0.013686,0.003668,0.002172
N20002832,0.010982,0.130150,0.675327,0.095332,0.009187,0.027382,0.048429,0.001918,0.001294
N20002833,0.030417,0.482556,0.152879,0.231456,0.007835,0.078603,0.011480,0.002984,0.001790
N20002834,0.017368,0.525422,0.103436,0.248520,0.005086,0.089959,0.007190,0.001897,0.001124
N20002835,0.033080,0.318660,0.367673,0.172926,0.013435,0.058736,0.029041,0.003962,0.002486
N20002836,0.028945,0.192091,0.521685,0.142979,0.020670,0.037906,0.047813,0.004834,0.003077
N20002837,0.608519,0.118315,0.034139,0.042473,0.099453,0.054081,0.003370,0.008129,0.031522
N20002838,0.519585,0.148934,0.047753,0.060819,0.109691,0.069087,0.005280,0.007728,0.031121
N20002839,0.661816,0.080392,0.020636,0.035293,0.119010,0.034560,0.002330,0.009566,0.036398
N20002840,0.307216,0.307066,0.031776,0.127215,0.054102,0.148540,0.003042,0.004096,0.016948
N20002841,0.808287,0.016546,0.004142,0.008462,0.107635,0.006927,0.000523,0.010392,0.037087
N20002842,0.801658,0.016175,0.006031,0.008227,0.113153,0.006633,0.000737,0.010113,0.037273
N20002843,0.571484,0.148939,0.022085,0.064857,0.099018,0.052120,0.002436,0.008214,0.030848
N20002844,0.305320,0.314058,0.067876,0.097779,0.055022,0.132902,0.006074,0.004051,0.016918
N20002845,0.724663,0.026511,0.010147,0.012543,0.157264,0.010217,0.001495,0.012732,0.044428
N20002846,0.055509,0.503924,0.015293,0.171687,0.009592,0.238894,0.001248,0.000737,0.003116
N20002847,0.811191,0.013688,0.003899,0.007186,0.109816,0.005528,0.000500,0.010721,0.037470
N20002848,0.714794,0.047519,0.015910,0.023911,0.128031,0.020182,0.001917,0.009660,0.038076
N20002849,0.672053,0.040032,0.030463,0.017817,0.165637,0.013047,0.004032,0.012590,0.044330
N20002850,0.748211,0.031381,0.010887,0.012882,0.133439,0.009935,0.001606,0.011658,0.040001
N20002851,0.680862,0.033241,0.025534,0.016785,0.171838,0.011208,0.003485,0.012222,0.044827
N20002852,0.738897,0.018539,0.010683,0.008332,0.158271,0.006309,0.001718,0.012987,0.044264
N20002853,0.096158,0.440126,0.019893,0.153707,0.015774,0.266368,0.001578,0.001195,0.005201
N20002854,0.776457,0.019281,0.010090,0.008126,0.127664,0.005825,0.001347,0.011696,0.039514
N20002855,0.458701,0.253056,0.019286,0.082608,0.079494,0.072692,0.002470,0.006978,0.024715
N20002856,0.739957,0.027266,0.014091,0.013609,0.140720,0.009901,0.001935,0.011362,0.041159
N20002857,0.221035,0.393003,0.057155,0.139984,0.047974,0.118019,0.006041,0.003295,0.013493
N20002858,0.754724,0.037791,0.017949,0.013600,0.115099,0.011356,0.002378,0.010546,0.036559
N20002859,0.783359,0.015542,0.005536,0.008546,0.129305,0.006256,0.000735,0.010802,0.039918
N20002860,0.727224,0.024621,0.012783,0.011830,0.156622,0.008811,0.001785,0.012294,0.044030
N20002861,0.722286,0.016624,0.021690,0.008490,0.165693,0.005873,0.002762,0.012103,0.044480
N20002862,0.767663,0.018269,0.005441,0.008806,0.139027,0.007044,0.000792,0.011626,0.041331
N20002863,0.755476,0.020043,0.012318,0.010660,0.140141,0.007564,0.001521,0.010994,0.041284
N20002864,0.815500,0.015953,0.005683,0.008707,0.101698,0.006737,0.000675,0.009612,0.035433
N20002865,0.776193,0.022554,0.006806,0.011900,0.124822,0.008194,0.000931,0.010570,0.038029
N20002866,0.756407,0.022695,0.011577,0.013354,0.135727,0.008312,0.001534,0.010694,0.039700
N20002867,0.036125,0.501400,0.026743,0.156252,0.006907,0.268000,0.002122,0.000452,0.001998
N20002868,0.652856,0.067460,0.026852,0.033952,0.142722,0.024238,0.003537,0.009995,0.038387
N20002869,0.801215,0.022164,0.007828,0.010715,0.105269,0.007224,0.001044,0.009824,0.034715
N20002870,0.751544,0.027199,0.012982,0.014095,0.133817,0.008831,0.001811,0.010756,0.038964
N20002871,0.461365,0.186702,0.050715,0.082852,0.107964,0.068478,0.006101,0.007121,0.028702
N20002872,0.100986,0.473342,0.029058,0.176680,0.017356,0.193333,0.002669,0.001272,0.005305
N20002873,0.781777,0.016707,0.005951,0.008467,0.129962,0.005806,0.000949,0.011338,0.039043
N20002874,0.745378,0.020856,0.014449,0.011245,0.146646,0.006934,0.002108,0.011337,0.041047
N20002875,0.769371,0.023914,0.015837,0.010577,0.123758,0.007011,0.002278,0.010346,0.036907
N20002876,0.136158,0.447999,0.054867,0.133430,0.025221,0.188857,0.004627,0.001598,0.007243
N20002877,0.492461,0.164767,0.048732,0.075624,0.115944,0.058442,0.006077,0.007539,0.030414
N20002878,0.786912,0.017487,0.010393,0.007805,0.122414,0.005347,0.001461,0.010709,0.037473
N20002879,0.310668,0.281330,0.091009,0.105227,0.079679,0.096974,0.010201,0.004842,0.020069
N20002880,0.457711,0.191869,0.073472,0.067010,0.106051,0.059467,0.009462,0.007128,0.027830
N20002881,0.180965,0.402030,0.079299,0.147665,0.041624,0.126318,0.008278,0.002667,0.011153
N20002882,0.689954,0.042104,0.028485,0.023111,0.148347,0.014774,0.003723,0.010006,0.039496
N20002883,0.313534,0.268205,0.111682,0.104182,0.086119,0.076457,0.013610,0.005188,0.021023
N20002884,0.433234,0.210415,0.084448,0.082738,0.084683,0.065702,0.009387,0.005675,0.023718
N20002885,0.778363,0.017665,0.006793,0.008521,0.131574,0.006087,0.001064,0.011023,0.038910
N20002886,0.320522,0.302309,0.058487,0.103346,0.062319,0.125233,0.005948,0.004314,0.017521
N20002887,0.719670,0.019820,0.025358,0.011274,0.160780,0.006279,0.003476,0.011190,0.042154
N20002888,0.774668,0.026523,0.026631,0.017204,0.101233,0.009503,0.002796,0.008189,0.033253
N20002889,0.223674,0.377745,0.047159,0.129950,0.044992,0.155997,0.004601,0.003032,0.012849
N20002890,0.805117,0.028938,0.007284,0.014886,0.090471,0.012042,0.000850,0.008471,0.031941
N20002891,0.352491,0.292124,0.058084,0.098660,0.062653,0.106917,0.006421,0.004385,0.018265
N20002892,0.747514,0.041484,0.010333,0.016213,0.120910,0.015904,0.001443,0.009865,0.036335
N20002893,0.677982,0.079011,0.035972,0.037295,0.099133,0.027491,0.004023,0.007839,0.031253
N20002894,0.615504,0.053890,0.043820,0.023264,0.192357,0.018535,0.006039,0.011038,0.035552
N20002895,0.602353,0.099034,0.046245,0.026728,0.149856,0.028301,0.007345,0.010057,0.030080
N20002896,0.338740,0.117180,0.250820,0.040021,0.156409,0.034144,0.030849,0.007204,0.024634
N20002897,0.583480,0.146815,0.027612,0.039616,0.124846,0.037408,0.004572,0.009068,0.026585
N20002898,0.452168,0.156000,0.117489,0.048913,0.132025,0.044301,0.016303,0.007792,0.025008
N20002899,0.395720,0.316252,0.044214,0.069244,0.063579,0.085410,0.005329,0.004874,0.015377
N20002900,0.500555,0.058408,0.081440,0.026087,0.252967,0.017783,0.013823,0.011333,0.037605
N20002901,0.534406,0.162274,0.046328,0.035567,0.141289,0.034306,0.009785,0.009378,0.026665
N20002902,0.412628,0.229929,0.109316,0.052807,0.095088,0.061620,0.013068,0.006014,0.019530
N20002903,0.530917,0.099562,0.067899,0.035145,0.183807,0.030404,0.010013,0.010089,0.032164
N20002904,0.531302,0.211976,0.041833,0.042881,0.084836,0.054622,0.006158,0.006437,0.019957
N20002905,0.380568,0.258490,0.101782,0.064911,0.082140,0.077445,0.012258,0.005120,0.017286
N20002906,0.716344,0.033657,0.019017,0.010609,0.162706,0.009042,0.002980,0.011835,0.033810
N20002907,0.156256,0.534998,0.036673,0.084922,0.021886,0.154380,0.003505,0.001713,0.005668
N20002908,0.495072,0.195757,0.068951,0.053170,0.092664,0.059058,0.007872,0.006388,0.021069
N20002909,0.418006,0.207692,0.109989,0.060399,0.100184,0.063562,0.013119,0.006314,0.020734
N20002910,0.384023,0.131943,0.169912,0.049685,0.166135,0.040800,0.022644,0.007942,0.026916
N20002911,0.564231,0.126209,0.038159,0.047345,0.134015,0.049291,0.004374,0.008318,0.028058
N20002912,0.388492,0.212583,0.104593,0.068185,0.117942,0.068304,0.011597,0.006419,0.021885
N20002913,0.063769,0.535908,0.027339,0.120649,0.012127,0.234408,0.002132,0.000789,0.002879
N20002914,0.204269,0.400990,0.071792,0.091275,0.042831,0.170450,0.006347,0.002600,0.009446
N20002915,0.174461,0.431526,0.056028,0.117203,0.040232,0.164612,0.004935,0.002370,0.008632
N20002916,0.732885,0.033600,0.018727,0.014194,0.144271,0.012052,0.002293,0.009970,0.032008
N20002917,0.550331,0.150197,0.047140,0.055400,0.106057,0.054979,0.004735,0.007008,0.024154
N20002918,0.609225,0.103301,0.033095,0.045467,0.130224,0.037461,0.003755,0.008712,0.028759
N20002919,0.473874,0.200407,0.034795,0.085841,0.100668,0.070810,0.003821,0.007006,0.022778
N20002920,0.191654,0.409394,0.042087,0.147544,0.034208,0.161037,0.003639,0.002231,0.008206
N20002921,0.145533,0.410366,0.097955,0.164683,0.041231,0.120472,0.009442,0.002251,0.008067
N20002922,0.311086,0.301310,0.083469,0.117891,0.074997,0.081975,0.008658,0.004772,0.015843
N20002923,0.382532,0.249547,0.076444,0.087037,0.099540,0.070066,0.009097,0.006014,0.019723
N20002924,0.249057,0.369048,0.075148,0.126393,0.058536,0.097071,0.008619,0.003751,0.012376
N20002925,0.522251,0.212679,0.015206,0.071221,0.072722,0.079674,0.001605,0.005632,0.019011
N20002926,0.089708,0.517539,0.030651,0.141525,0.017440,0.195332,0.002504,0.001171,0.004130
N20002927,0.742015,0.040063,0.013774,0.020432,0.127848,0.015299,0.001600,0.009010,0.029958
N20002928,0.229924,0.347811,0.085113,0.131853,0.057221,0.124766,0.007908,0.003365,0.012039
N20002929,0.799171,0.011652,0.006899,0.008009,0.127317,0.004868,0.000885,0.010059,0.031138
N20002930,0.737564,0.047623,0.017671,0.029742,0.107867,0.020419,0.001944,0.008928,0.028240
N20002931,0.112913,0.449601,0.032784,0.205738,0.024370,0.163960,0.003317,0.001684,0.005632
N20002932,0.098783,0.445373,0.107692,0.162543,0.029720,0.136387,0.011863,0.001764,0.005875
N20002933,0.709496,0.041156,0.020278,0.025781,0.141934,0.014980,0.002583,0.010992,0.032800
N20002934,0.052315,0.522973,0.056246,0.183410,0.011580,0.164716,0.005308,0.000794,0.002658
N20002935,0.028322,0.558161,0.029671,0.209631,0.005490,0.164465,0.002504,0.000407,0.001350
N20002936,0.785111,0.012423,0.005739,0.007846,0.138047,0.004830,0.000845,0.011770,0.033389
N20002937,0.177219,0.388513,0.100771,0.152166,0.047576,0.108315,0.012502,0.003107,0.009831
N20002938,0.037270,0.591699,0.033943,0.195972,0.007603,0.127543,0.003578,0.000578,0.001814
N20002939,0.040519,0.526374,0.056025,0.223937,0.007944,0.137726,0.005046,0.000534,0.001894
N20002940,0.191485,0.498869,0.061491,0.097609,0.038572,0.087541,0.012863,0.003082,0.008489
N20002941,0.457625,0.207897,0.068978,0.085087,0.085311,0.059676,0.009448,0.006275,0.019702
N20002942,0.271590,0.295290,0.069005,0.164295,0.052225,0.125385,0.006221,0.003598,0.012390
N20002943,0.497533,0.154073,0.082021,0.056522,0.121304,0.042704,0.012968,0.008114,0.024761
N20002944,0.074867,0.478463,0.049606,0.193737,0.017131,0.176746,0.004426,0.001138,0.003886
N20002945,0.637594,0.029486,0.058567,0.011073,0.196624,0.006432,0.010063,0.013484,0.036678
N20002946,0.607429,0.122271,0.066503,0.034943,0.098221,0.027893,0.011152,0.008208,0.023380
N20002947,0.321869,0.301787,0.135302,0.064799,0.070151,0.061601,0.024924,0.005003,0.014564
N20002948,0.763077,0.017679,0.012332,0.012169,0.145959,0.006769,0.001554,0.010693,0.029768
N20002949,0.600354,0.108509,0.053581,0.045315,0.116948,0.032124,0.007664,0.008869,0.026636
N20002950,0.481724,0.262488,0.038415,0.050461,0.083339,0.047389,0.010220,0.007179,0.018785
N20002951,0.292753,0.264775,0.109297,0.146752,0.052933,0.108007,0.009071,0.003619,0.012794
N20002952,0.065957,0.503679,0.054853,0.184333,0.013290,0.169183,0.004619,0.000938,0.003147
N20002953,0.543946,0.102071,0.062415,0.050432,0.159298,0.030931,0.009435,0.010253,0.031220
N20002954,0.621153,0.103177,0.040507,0.048770,0.113375,0.031776,0.005564,0.008949,0.026729
N20002955,0.622660,0.045428,0.049087,0.024759,0.189424,0.012884,0.007871,0.011991,0.035896
N20002956,0.757020,0.018971,0.012718,0.009136,0.148435,0.005609,0.002074,0.012363,0.033674
N20002957,0.654272,0.067350,0.062163,0.025393,0.126147,0.016804,0.010235,0.009560,0.028077
N20002958,0.650752,0.080336,0.070335,0.035890,0.099107,0.022375,0.008196,0.008116,0.024893
N20002959,0.664494,0.072204,0.026059,0.038694,0.125953,0.029830,0.003027,0.009847,0.029892
N20002960,0.102209,0.515149,0.064226,0.152627,0.020045,0.132730,0.006733,0.001511,0.004770
N20002961,0.613917,0.064520,0.070409,0.028117,0.152936,0.017241,0.012078,0.010126,0.030656
N20002962,0.593503,0.125055,0.062983,0.041666,0.103104,0.031512,0.009319,0.008418,0.024440
N20002963,0.574992,0.071732,0.088943,0.037082,0.153899,0.020601,0.012079,0.009869,0.030804
N20002964,0.528559,0.164677,0.054225,0.069899,0.099434,0.045521,0.007638,0.007381,0.022664
N20002965,0.588868,0.098487,0.054610,0.045689,0.137763,0.027406,0.008611,0.009601,0.028965
N20002966,0.767960,0.031613,0.011458,0.020221,0.118971,0.012385,0.001312,0.009448,0.026631
N20002967,0.083400,0.457961,0.057036,0.227103,0.018941,0.144495,0.005549,0.001239,0.004276
N20002968,0.057112,0.495843,0.051154,0.199899,0.014865,0.172143,0.004881,0.000939,0.003165
N20002969,0.092382,0.449302,0.098340,0.176570,0.023009,0.143804,0.010238,0.001448,0.004907
N20002970,0.752329,0.018612,0.011984,0.011824,0.155478,0.006558,0.001624,0.011098,0.030494
N20002971,0.531580,0.141097,0.036959,0.079016,0.119983,0.052270,0.004572,0.008220,0.026303
N20002972,0.764626,0.018521,0.009873,0.009800,0.148420,0.006353,0.001488,0.011336,0.029583
N20002973,0.673559,0.061944,0.026534,0.042428,0.132123,0.024183,0.002893,0.009225,0.027110
N20002974,0.556392,0.138895,0.042199,0.093027,0.084867,0.054945,0.003934,0.006352,0.019388
N20002975,0.774278,0.010677,0.010887,0.007578,0.145314,0.004236,0.001345,0.011337,0.034348
N20002976,0.799806,0.012314,0.007268,0.007848,0.123061,0.004745,0.000866,0.011558,0.032534
N20002977,0.753658,0.012771,0.013921,0.009186,0.155643,0.004857,0.001722,0.012183,0.036057
N20002978,0.722372,0.010000,0.014847,0.006493,0.187757,0.003450,0.001992,0.013739,0.039350
N20002979,0.045837,0.506692,0.037950,0.160155,0.008792,0.235175,0.002534,0.000654,0.002211
N20002980,0.760238,0.016822,0.020602,0.011331,0.137282,0.006227,0.002359,0.011303,0.033835
N20002981,0.041025,0.509904,0.036664,0.222248,0.008912,0.175364,0.003137,0.000618,0.002129
N20002982,0.714449,0.032536,0.029568,0.019166,0.142879,0.011849,0.003396,0.011652,0.034504
N20002983,0.686796,0.068764,0.032330,0.035602,0.112525,0.021309,0.003652,0.009957,0.029066
N20002984,0.653703,0.091103,0.035260,0.048251,0.100762,0.031313,0.003595,0.008913,0.027101
N20002985,0.027575,0.516126,0.027054,0.219697,0.005517,0.200337,0.001940,0.000385,0.001368
N20002986,0.540702,0.109968,0.087762,0.065795,0.111393,0.041744,0.007770,0.008268,0.026598
N20002987,0.280428,0.307471,0.049501,0.162083,0.066933,0.107511,0.005300,0.005146,0.015628
N20002988,0.577409,0.118556,0.030390,0.059814,0.124185,0.046723,0.003523,0.010061,0.029339
N20002989,0.704988,0.023409,0.020448,0.014783,0.174288,0.008534,0.002603,0.012857,0.038092
N20002990,0.789074,0.041330,0.005824,0.024342,0.086140,0.016467,0.000681,0.009398,0.026744
N20002991,0.770431,0.017518,0.008507,0.009652,0.139314,0.006253,0.001189,0.012724,0.034412
N20002992,0.497328,0.162671,0.038645,0.098871,0.104952,0.060983,0.004238,0.007781,0.024531
N20002993,0.752596,0.023933,0.014928,0.015242,0.136053,0.009304,0.001773,0.011987,0.034184
N20002994,0.070361,0.518841,0.065793,0.170842,0.013656,0.150404,0.005669,0.001036,0.003398
N20002995,0.734667,0.023026,0.016784,0.011157,0.155684,0.007224,0.002613,0.013278,0.035567
N20002996,0.410378,0.220961,0.042268,0.107498,0.107674,0.075005,0.005095,0.007766,0.023353
N20002997,0.738789,0.020168,0.018882,0.011684,0.151698,0.007004,0.002520,0.013203,0.036051
N20002998,0.769451,0.028523,0.008308,0.017071,0.119787,0.011144,0.001023,0.012069,0.032625
N20002999,0.763430,0.019553,0.007272,0.008574,0.145685,0.006228,0.001274,0.013389,0.034595
N20003000,0.735713,0.010147,0.012895,0.006877,0.176303,0.003768,0.001706,0.013698,0.038894
N20003001,0.780589,0.015634,0.008169,0.006420,0.135342,0.004635,0.001372,0.013849,0.033990
N20003002,0.633708,0.024256,0.030482,0.008614,0.231001,0.005559,0.007049,0.017348,0.041984
N20003003,0.755259,0.026848,0.016095,0.011362,0.135441,0.007688,0.002589,0.012115,0.032603
N20003004,0.169933,0.411628,0.055028,0.185828,0.031340,0.130925,0.005037,0.002402,0.007880
N20003005,0.752962,0.033285,0.017353,0.013617,0.127164,0.009362,0.002695,0.011951,0.031610
N20003006,0.746944,0.042807,0.015830,0.016507,0.120607,0.012557,0.002708,0.011577,0.030463
N20003007,0.653851,0.031238,0.036174,0.017201,0.192476,0.009793,0.005301,0.014428,0.039539
N20003008,0.700031,0.046451,0.040677,0.018521,0.133263,0.012016,0.006261,0.011369,0.031412
N20003009,0.692082,0.040223,0.031750,0.022212,0.149966,0.012854,0.004241,0.012083,0.034590
N20003010,0.770799,0.025081,0.010344,0.009642,0.129638,0.007372,0.001713,0.012931,0.032479
N20003011,0.743060,0.023570,0.011524,0.010813,0.152565,0.007191,0.001849,0.013860,0.035568
N20003012,0.764418,0.016875,0.006600,0.008585,0.148329,0.005850,0.001086,0.013130,0.035127
N20003013,0.751567,0.035836,0.013537,0.016686,0.124859,0.011470,0.001950,0.012104,0.031991
N20003014,0.701518,0.024502,0.034089,0.012606,0.166346,0.007095,0.005077,0.012823,0.035944
N20003015,0.757781,0.011569,0.004685,0.007402,0.161431,0.004477,0.000693,0.014233,0.037727
N20003016,0.750997,0.011985,0.008181,0.007958,0.164667,0.004677,0.001177,0.013068,0.037290
N20003017,0.780309,0.014500,0.006803,0.008929,0.135197,0.005669,0.000937,0.012871,0.034784
N20003018,0.682488,0.087804,0.022087,0.027083,0.122350,0.018286,0.003232,0.010281,0.026390
N20003019,0.484958,0.220449,0.039941,0.084983,0.088398,0.049096,0.004394,0.007005,0.020777
N20003020,0.707259,0.093981,0.022896,0.026754,0.097771,0.014496,0.007233,0.007366,0.022245
N20003021,0.723027,0.061335,0.013315,0.024185,0.119853,0.017327,0.001566,0.010307,0.029086
N20003022,0.717183,0.079051,0.024043,0.029101,0.099924,0.013997,0.005937,0.007434,0.023331
N20003023,0.741961,0.035827,0.016114,0.015334,0.141737,0.006243,0.004088,0.009544,0.029151
N20003024,0.342591,0.218178,0.127094,0.121371,0.101306,0.047412,0.019277,0.004692,0.018079
N20003025,0.679483,0.036186,0.038795,0.019222,0.168692,0.006949,0.008465,0.010098,0.032110
N20003026,0.731654,0.048855,0.026918,0.015161,0.127281,0.007109,0.007350,0.008987,0.026686
N20003027,0.181074,0.521693,0.042247,0.132969,0.023070,0.083551,0.008244,0.001568,0.005585
N20003028,0.712827,0.082092,0.026665,0.024644,0.102973,0.012794,0.006903,0.007785,0.023317
N20003029,0.709440,0.080949,0.029461,0.025128,0.103947,0.011702,0.007825,0.008005,0.023543
N20003030,0.720402,0.052731,0.022390,0.019504,0.133066,0.008778,0.005565,0.009467,0.028098
N20003031,0.619259,0.094483,0.049525,0.040793,0.133173,0.016850,0.010903,0.008316,0.026698
N20003032,0.704292,0.101305,0.024238,0.024206,0.094453,0.014382,0.008049,0.007406,0.021669
N20003033,0.789160,0.044140,0.009600,0.013017,0.101409,0.006686,0.002777,0.008797,0.024414
N20003034,0.573318,0.152801,0.059802,0.048310,0.099284,0.023001,0.015528,0.006827,0.021129
N20003035,0.791715,0.046716,0.007789,0.015096,0.096660,0.007916,0.002176,0.008305,0.023628
N20003036,0.317970,0.318862,0.048234,0.164179,0.056710,0.070260,0.006208,0.003689,0.013887
N20003037,0.634946,0.169586,0.028177,0.029439,0.081535,0.019988,0.010791,0.006887,0.018651
N20003038,0.487127,0.265042,0.055159,0.047537,0.075418,0.028268,0.019349,0.005787,0.016313
N20003039,0.323816,0.378669,0.059615,0.095459,0.056624,0.053350,0.016899,0.003755,0.011812
N20003040,0.196922,0.483957,0.047245,0.147964,0.027741,0.078489,0.009224,0.001927,0.006531
N20003041,0.759094,0.069085,0.011160,0.015472,0.099661,0.009316,0.003771,0.008991,0.023449
N20003042,0.721767,0.065970,0.021124,0.018287,0.122189,0.009518,0.006378,0.008976,0.025792
N20003043,0.318748,0.394757,0.044324,0.118804,0.041413,0.059472,0.009238,0.003140,0.010105
N20003044,0.318440,0.378662,0.053043,0.097529,0.065827,0.054228,0.015104,0.004195,0.012973
N20003045,0.247439,0.473389,0.032789,0.123503,0.035825,0.067956,0.008385,0.002541,0.008173
N20003046,0.338489,0.391218,0.035205,0.109935,0.047192,0.054232,0.009337,0.003469,0.010924
N20003047,0.388759,0.337245,0.048765,0.088693,0.058946,0.047088,0.013118,0.004213,0.013174
N20003048,0.025164,0.626030,0.037376,0.189555,0.004995,0.110628,0.004793,0.000295,0.001165
N20003049,0.174615,0.492218,0.055972,0.150135,0.023566,0.085604,0.010589,0.001629,0.005673
N20003050,0.391530,0.252322,0.068475,0.110261,0.091712,0.049245,0.013925,0.004934,0.017596
N20003051,0.203838,0.516370,0.036958,0.120532,0.023710,0.082582,0.008288,0.001792,0.005931
N20003052,0.035668,0.565973,0.027023,0.252235,0.007363,0.106147,0.003543,0.000436,0.001611
N20003053,0.014945,0.588451,0.023207,0.244829,0.002122,0.123641,0.002136,0.000133,0.000537
N20003054,0.174956,0.452735,0.093469,0.137525,0.032723,0.085828,0.013162,0.002013,0.007588
N20003055,0.096246,0.463786,0.113539,0.184568,0.024293,0.097776,0.013445,0.001254,0.005094
N20003056,0.192976,0.386182,0.104048,0.155576,0.048938,0.086035,0.013567,0.002528,0.010151
N20003057,0.286407,0.325227,0.082371,0.139680,0.044632,0.098464,0.009934,0.002758,0.010527
N20003058,0.657025,0.083217,0.033410,0.035197,0.132460,0.015722,0.007933,0.008343,0.026693
N20003059,0.607037,0.114075,0.047324,0.038554,0.127689,0.019799,0.012050,0.008171,0.025301
N20003060,0.649749,0.087281,0.020295,0.040277,0.143717,0.015618,0.004887,0.009432,0.028745
N20003061,0.726162,0.039931,0.019547,0.020083,0.142400,0.008390,0.004518,0.009364,0.029604
N20003062,0.631490,0.106008,0.035680,0.053386,0.109328,0.027493,0.005748,0.006788,0.024080
N20003063,0.783076,0.015840,0.004441,0.008170,0.140765,0.005184,0.000659,0.011529,0.030338
N20003064,0.694358,0.033486,0.016226,0.015200,0.178061,0.011010,0.002472,0.012632,0.036556
N20003065,0.532376,0.142509,0.030491,0.070542,0.135881,0.047119,0.003790,0.008938,0.028355
N20003066,0.300518,0.273304,0.101948,0.156824,0.075525,0.056718,0.017341,0.003750,0.014073
N20003067,0.710681,0.050794,0.016487,0.032354,0.136934,0.013105,0.003416,0.008243,0.027985
N20003068,0.779131,0.030113,0.010570,0.020129,0.115922,0.008010,0.001944,0.007816,0.026365
N20003069,0.332476,0.290978,0.048851,0.169039,0.060823,0.073819,0.007464,0.003457,0.013092
N20003070,0.270309,0.300349,0.055711,0.201605,0.053021,0.097406,0.007646,0.002843,0.011112
N20003071,0.427750,0.193491,0.050330,0.137683,0.099230,0.059103,0.007921,0.005096,0.019396
N20003072,0.248051,0.396060,0.054701,0.156506,0.046660,0.075571,0.010144,0.002681,0.009627
N20003073,0.692481,0.051817,0.022370,0.035550,0.140906,0.017403,0.003660,0.007533,0.028281
N20003074,0.343110,0.262450,0.055915,0.160552,0.061956,0.091841,0.007551,0.003293,0.013332
N20003075,0.731005,0.065681,0.015386,0.045647,0.091317,0.019906,0.002383,0.006167,0.022508
N20003076,0.715980,0.047983,0.028610,0.031040,0.125286,0.011817,0.005766,0.007430,0.026087
N20003077,0.435995,0.194790,0.057636,0.120685,0.096669,0.060625,0.009128,0.005162,0.019310
N20003078,0.649855,0.049319,0.046197,0.037556,0.157908,0.013139,0.008262,0.008194,0.029571
N20003079,0.627683,0.114343,0.015277,0.081110,0.095634,0.034986,0.002540,0.006171,0.022256
N20003080,0.225447,0.359042,0.025818,0.207573,0.029722,0.140318,0.002949,0.001783,0.007350
N20003081,0.360569,0.291032,0.033359,0.134175,0.059241,0.100340,0.004863,0.003360,0.013060
N20003082,0.670191,0.092328,0.014161,0.049046,0.109747,0.031080,0.002602,0.006810,0.024035
N20003083,0.397155,0.273317,0.021276,0.144508,0.063631,0.078063,0.003674,0.003993,0.014384
N20003084,0.112888,0.433978,0.037591,0.233864,0.022590,0.148640,0.004571,0.001152,0.004725
N20003085,0.391812,0.246398,0.045569,0.142193,0.065489,0.084865,0.005510,0.003622,0.014543
N20003086,0.469132,0.226359,0.023384,0.113309,0.059876,0.086307,0.003219,0.003769,0.014646
N20003087,0.452636,0.210915,0.037465,0.133680,0.081783,0.054893,0.006267,0.004760,0.017602
N20003088,0.394451,0.292061,0.023023,0.148199,0.056286,0.064896,0.004182,0.003723,0.013180
N20003089,0.505627,0.186409,0.034809,0.122129,0.073669,0.050400,0.005197,0.004585,0.017175
N20003090,0.297966,0.377043,0.022732,0.159561,0.037848,0.088952,0.004210,0.002526,0.009162
N20003091,0.385660,0.260038,0.040885,0.153165,0.071738,0.062693,0.006475,0.004122,0.015225
N20003092,0.307684,0.324092,0.024585,0.173869,0.037717,0.116929,0.003110,0.002427,0.009589
N20003093,0.267271,0.329543,0.044098,0.209675,0.036605,0.096436,0.005339,0.002188,0.008844
N20003094,0.038320,0.491161,0.030846,0.314681,0.005690,0.114382,0.003285,0.000300,0.001335
N20003095,0.079668,0.452733,0.035582,0.290787,0.015295,0.117260,0.004563,0.000804,0.003306
N20003096,0.767672,0.025220,0.008079,0.021077,0.132276,0.007754,0.001474,0.008054,0.028395
N20003097,0.047790,0.568765,0.022793,0.235609,0.006977,0.112648,0.003386,0.000416,0.001616
N20003098,0.283090,0.323103,0.110738,0.130223,0.062885,0.053016,0.021602,0.003356,0.011986
N20003099,0.043855,0.509199,0.062131,0.259743,0.008608,0.106202,0.008034,0.000431,0.001796
N20003100,0.325858,0.311577,0.064127,0.120221,0.068452,0.081965,0.010668,0.003627,0.013504
N20003101,0.461276,0.122739,0.028542,0.144538,0.117147,0.089871,0.001848,0.014357,0.019682
N20003102,0.157161,0.259905,0.072780,0.279038,0.045514,0.169000,0.004268,0.004972,0.007362
N20003103,0.481603,0.125912,0.028939,0.125990,0.082259,0.125942,0.001482,0.011568,0.016306
N20003104,0.387876,0.217985,0.051396,0.125540,0.086159,0.099245,0.004438,0.012404,0.014957
N20003105,0.206051,0.241005,0.043844,0.240936,0.042972,0.209722,0.002237,0.005342,0.007892
N20003106,0.663677,0.009864,0.012363,0.012650,0.236120,0.005044,0.001161,0.026413,0.032707
N20003107,0.690522,0.032117,0.016449,0.042248,0.152713,0.017540,0.001213,0.020513,0.026685
N20003108,0.428709,0.119747,0.070784,0.153474,0.127964,0.059595,0.005228,0.014657,0.019841
N20003109,0.519985,0.075410,0.064164,0.065482,0.195368,0.022019,0.006360,0.023607,0.027605
N20003110,0.603424,0.047030,0.030021,0.056284,0.187570,0.021720,0.002775,0.022774,0.028401
N20003111,0.660153,0.015836,0.022131,0.019398,0.214846,0.006986,0.001908,0.026805,0.031936
N20003112,0.605855,0.015510,0.024973,0.016774,0.262935,0.006542,0.002720,0.030103,0.034588
N20003113,0.640572,0.041618,0.034587,0.044068,0.169447,0.016603,0.002872,0.022761,0.027471
N20003114,0.692809,0.015713,0.015227,0.017739,0.191925,0.008227,0.001281,0.026462,0.030618
N20003115,0.694266,0.014998,0.017762,0.018960,0.190651,0.007240,0.001593,0.024515,0.030016
N20003116,0.704997,0.015429,0.011628,0.020328,0.183982,0.007163,0.000996,0.025392,0.030084
N20003117,0.739201,0.016511,0.008982,0.017514,0.156447,0.007039,0.000784,0.025434,0.028088
N20003118,0.738050,0.017122,0.012353,0.014943,0.157063,0.006824,0.001144,0.024952,0.027549
N20003119,0.675385,0.034553,0.018001,0.028466,0.176564,0.013639,0.001915,0.023785,0.027692
N20003120,0.685937,0.013736,0.024410,0.013904,0.197544,0.005145,0.002363,0.026631,0.030330
N20003121,0.724453,0.015902,0.012216,0.022743,0.164121,0.008620,0.000979,0.022532,0.028434
N20003122,0.696175,0.008227,0.007723,0.009978,0.212225,0.003895,0.000763,0.028656,0.032358
N20003123,0.710636,0.013277,0.013853,0.016795,0.182978,0.006764,0.001181,0.024727,0.029789
N20003124,0.755550,0.009499,0.006064,0.011899,0.159072,0.004920,0.000519,0.024202,0.028273
N20003125,0.173505,0.228448,0.032897,0.147848,0.022475,0.385048,0.001429,0.003363,0.004988
N20003126,0.724891,0.012205,0.007904,0.014555,0.178449,0.006301,0.000710,0.025297,0.029687
N20003127,0.729493,0.015750,0.008712,0.019812,0.165311,0.007979,0.000769,0.023673,0.028501
N20003128,0.703467,0.028242,0.011485,0.035262,0.157837,0.014419,0.001004,0.021282,0.027002
N20003129,0.740176,0.009954,0.006616,0.013315,0.169498,0.005360,0.000566,0.025011,0.029503
N20003130,0.707992,0.010013,0.008888,0.013032,0.196481,0.005177,0.000871,0.026342,0.031204
N20003131,0.745295,0.014075,0.006061,0.017183,0.156994,0.008571,0.000521,0.023308,0.027993
N20003132,0.762063,0.012820,0.005070,0.011629,0.148857,0.005269,0.000523,0.026179,0.027588
N20003133,0.758544,0.010302,0.005049,0.013627,0.154004,0.005602,0.000424,0.024188,0.028261
N20003134,0.689576,0.011166,0.011800,0.012778,0.210456,0.005293,0.001214,0.026411,0.031306
N20003135,0.661694,0.009486,0.011047,0.011711,0.237751,0.004457,0.001249,0.029004,0.033601
N20003136,0.716199,0.012580,0.013890,0.015190,0.180545,0.005957,0.001295,0.024649,0.029695
N20003137,0.736163,0.011034,0.006489,0.013653,0.171570,0.005572,0.000591,0.025533,0.029397
N20003138,0.700044,0.010400,0.007211,0.012159,0.204385,0.005071,0.000752,0.028207,0.031770
N20003139,0.728263,0.009515,0.007835,0.011913,0.180776,0.004570,0.000696,0.026275,0.030158
N20003140,0.754653,0.008641,0.004329,0.011244,0.162927,0.004698,0.000395,0.024492,0.028620
N20003141,0.777012,0.011894,0.006330,0.014552,0.134712,0.006268,0.000536,0.022442,0.026253
N20003142,0.728824,0.009702,0.006123,0.011999,0.181325,0.004806,0.000571,0.026390,0.030261
N20003143,0.739031,0.007526,0.003884,0.008264,0.178829,0.003428,0.000390,0.028368,0.030282
N20003144,0.763229,0.012469,0.004911,0.015220,0.145984,0.006705,0.000423,0.023721,0.027339
N20003145,0.756721,0.010000,0.004582,0.010951,0.159475,0.004815,0.000442,0.024959,0.028055
N20003146,0.721820,0.009653,0.004876,0.009527,0.190229,0.004293,0.000524,0.028599,0.030480
N20003147,0.745963,0.015916,0.004885,0.016580,0.156079,0.007708,0.000488,0.024704,0.027677
N20003148,0.763965,0.010205,0.004379,0.013499,0.149979,0.005635,0.000362,0.024146,0.027831
N20003149,0.705594,0.010133,0.007609,0.012177,0.198758,0.004971,0.000773,0.028215,0.031769
N20003150,0.760157,0.010941,0.004331,0.010916,0.153277,0.004894,0.000407,0.026914,0.028163
N20003151,0.784635,0.010788,0.004625,0.014316,0.131655,0.006354,0.000359,0.021386,0.025883
N20003152,0.797237,0.010891,0.002683,0.013230,0.122640,0.006124,0.000234,0.021840,0.025121
N20003153,0.754717,0.011317,0.004063,0.013596,0.155720,0.006139,0.000377,0.025554,0.028516
N20003154,0.387512,0.179981,0.126588,0.101625,0.091968,0.065641,0.005400,0.027185,0.014101
N20003155,0.577215,0.032013,0.056011,0.018512,0.247882,0.011042,0.006077,0.019662,0.031585
N20003156,0.468262,0.016750,0.121478,0.012286,0.310539,0.006072,0.012290,0.019148,0.033175
N20003157,0.658215,0.020638,0.021628,0.011857,0.191116,0.008021,0.001418,0.060565,0.026541
N20003158,0.568102,0.050489,0.070972,0.027578,0.185104,0.017221,0.004897,0.051507,0.024131
N20003159,0.740548,0.024310,0.013407,0.011340,0.128641,0.009663,0.000818,0.049573,0.021701
N20003160,0.642236,0.022077,0.033635,0.013189,0.225902,0.007849,0.003485,0.019954,0.031673
N20003161,0.616185,0.041622,0.052237,0.025852,0.170219,0.015288,0.002948,0.051351,0.024299
N20003162,0.683854,0.019229,0.032215,0.010909,0.164628,0.006758,0.001785,0.055835,0.024788
N20003163,0.492773,0.026296,0.105871,0.020374,0.250540,0.010032,0.006587,0.059291,0.028236
N20003164,0.711527,0.021637,0.020960,0.012664,0.148955,0.008000,0.001196,0.051686,0.023374
N20003165,0.473069,0.009653,0.057184,0.006945,0.341202,0.003685,0.004293,0.071239,0.032730
N20003166,0.744575,0.013929,0.012499,0.008305,0.137154,0.005331,0.000642,0.054200,0.023365
N20003167,0.731769,0.012344,0.015124,0.007781,0.148756,0.004901,0.000812,0.054347,0.024166
N20003168,0.618400,0.032024,0.049036,0.020591,0.184568,0.012628,0.003012,0.054339,0.025402
N20003169,0.618679,0.019853,0.032648,0.014410,0.213855,0.008648,0.001990,0.061655,0.028262
N20003170,0.624437,0.017543,0.042598,0.007937,0.208182,0.004990,0.003000,0.064328,0.026985
N20003171,0.636168,0.029139,0.037996,0.012484,0.187289,0.009089,0.002738,0.059710,0.025387
N20003172,0.624622,0.039392,0.047628,0.015873,0.178063,0.012204,0.003544,0.054824,0.023849
N20003173,0.693423,0.013242,0.010913,0.007099,0.178116,0.004655,0.000705,0.065460,0.026387
N20003174,0.601229,0.028142,0.042340,0.011040,0.214962,0.008276,0.003455,0.064004,0.026552
N20003175,0.643931,0.019155,0.022743,0.010806,0.203308,0.006598,0.001528,0.064564,0.027368
N20003176,0.672346,0.024795,0.024506,0.012195,0.173756,0.008647,0.001750,0.057091,0.024913
N20003177,0.706460,0.025846,0.019750,0.013290,0.146070,0.009279,0.001183,0.054687,0.023433
N20003178,0.578812,0.045279,0.051164,0.016373,0.203468,0.012687,0.004472,0.062389,0.025356
N20003179,0.561380,0.068110,0.063759,0.021464,0.181581,0.020655,0.005563,0.054490,0.022998
N20003180,0.646795,0.026560,0.027718,0.015976,0.186969,0.010558,0.001700,0.057726,0.025998
N20003181,0.636579,0.019478,0.043145,0.010875,0.196952,0.006526,0.002719,0.057586,0.026140
N20003182,0.716144,0.024179,0.020703,0.012806,0.138870,0.009197,0.001117,0.053887,0.023097
N20003183,0.644334,0.010016,0.017338,0.005452,0.221034,0.003369,0.001252,0.068712,0.028493
N20003184,0.681027,0.013462,0.017969,0.009183,0.185801,0.005500,0.001048,0.059450,0.026560
N20003185,0.654998,0.025287,0.027535,0.011625,0.184340,0.008335,0.001927,0.060360,0.025594
N20003186,0.706194,0.017616,0.016016,0.008396,0.160099,0.006083,0.001064,0.059974,0.024558
N20003187,0.658521,0.026855,0.021828,0.011817,0.183087,0.008588,0.001642,0.062179,0.025483
N20003188,0.686193,0.016836,0.016953,0.011282,0.176861,0.006797,0.001036,0.058081,0.025962
N20003189,0.673249,0.022249,0.024673,0.013987,0.174213,0.008355,0.001453,0.056418,0.025403
N20003190,0.556622,0.071005,0.062891,0.021818,0.187515,0.017955,0.006759,0.052759,0.022677
N20003191,0.653453,0.018532,0.023442,0.012426,0.194987,0.007791,0.001512,0.060538,0.027318
N20003192,0.659901,0.012423,0.019951,0.007485,0.206384,0.004550,0.001254,0.060738,0.027314
N20003193,0.630693,0.028888,0.026761,0.015613,0.198842,0.010639,0.001883,0.060136,0.026546
N20003194,0.656979,0.012498,0.015371,0.009313,0.209953,0.005256,0.000973,0.061541,0.028116
N20003195,0.698598,0.019267,0.021772,0.009829,0.161567,0.006514,0.001389,0.056662,0.024402
N20003196,0.640279,0.034664,0.029895,0.018036,0.181055,0.012235,0.002267,0.056477,0.025092
N20003197,0.679539,0.019239,0.021470,0.011748,0.175484,0.007407,0.001323,0.058055,0.025733
N20003198,0.625459,0.021221,0.037492,0.015755,0.203909,0.008817,0.002230,0.057838,0.027278
N20003199,0.662638,0.022138,0.023531,0.011471,0.184051,0.007864,0.001490,0.060830,0.025986
N20003200,0.698283,0.015658,0.013302,0.011741,0.170678,0.007132,0.000774,0.056530,0.025902
N20003201,0.726871,0.012624,0.008629,0.007743,0.155745,0.005223,0.000522,0.057831,0.024812
N20003202,0.715325,0.014463,0.008567,0.010305,0.160551,0.006972,0.000488,0.057775,0.025553
N20003203,0.680585,0.009804,0.013016,0.007234,0.197032,0.004240,0.000768,0.059952,0.027370
N20003204,0.723384,0.014765,0.008673,0.011321,0.153907,0.007056,0.000479,0.055316,0.025100
N20003205,0.714171,0.012968,0.010535,0.009476,0.163284,0.006094,0.000576,0.057251,0.025644
N20003206,0.688560,0.007566,0.007200,0.004807,0.193422,0.003051,0.000436,0.067015,0.027942
N20003207,0.614528,0.027466,0.030387,0.016863,0.255289,0.009260,0.003791,0.012176,0.030241
N20003208,0.215053,0.263692,0.123674,0.128542,0.089112,0.156612,0.009025,0.003510,0.010780
N20003209,0.299822,0.219458,0.145717,0.094334,0.108354,0.102439,0.011214,0.004851,0.013811
N20003210,0.560359,0.084092,0.052797,0.051258,0.182286,0.030322,0.005219,0.009292,0.024374
N20003211,0.627446,0.025450,0.033102,0.017612,0.242994,0.008556,0.003643,0.011534,0.029662
N20003212,0.586794,0.070153,0.036108,0.043641,0.199188,0.024226,0.003815,0.010060,0.026015
N20003213,0.478296,0.169226,0.036329,0.089606,0.114792,0.085338,0.002942,0.006147,0.017324
N20003214,0.546838,0.088165,0.060969,0.046604,0.187744,0.029514,0.006342,0.009413,0.024411
N20003215,0.512287,0.108965,0.070412,0.063080,0.171849,0.034878,0.006942,0.008793,0.022793
N20003216,0.655795,0.049997,0.030782,0.035223,0.172098,0.018805,0.002856,0.009418,0.025026
N20003217,0.684610,0.018309,0.016961,0.011065,0.220246,0.005267,0.002076,0.012413,0.029054
N20003218,0.608902,0.011532,0.026860,0.007743,0.292272,0.003421,0.003249,0.013276,0.032745
N20003219,0.674965,0.036539,0.025838,0.024247,0.185609,0.013678,0.002494,0.010249,0.026379
N20003220,0.726800,0.015133,0.007423,0.009157,0.195765,0.005119,0.000877,0.011964,0.027762
N20003221,0.660353,0.020284,0.022381,0.011479,0.234957,0.005686,0.002830,0.012518,0.029512
N20003222,0.676817,0.029730,0.032275,0.020081,0.189962,0.011011,0.003102,0.010281,0.026741
N20003223,0.621609,0.013851,0.018766,0.008598,0.284147,0.004091,0.002447,0.013865,0.032627
N20003224,0.723898,0.015308,0.010527,0.009938,0.194695,0.004872,0.001167,0.011788,0.027807
N20003225,0.740361,0.020083,0.014848,0.015948,0.164978,0.007448,0.001371,0.009630,0.025333
N20003226,0.677750,0.014355,0.018658,0.009635,0.231434,0.004735,0.002197,0.011784,0.029452
N20003227,0.690637,0.015477,0.012898,0.010562,0.221706,0.005206,0.001536,0.012434,0.029545
N20003228,0.507107,0.013347,0.044581,0.008116,0.367660,0.003751,0.006819,0.014287,0.034331
N20003229,0.611532,0.028948,0.042489,0.019075,0.242033,0.009283,0.004763,0.012012,0.029866
N20003230,0.699086,0.020378,0.020146,0.013855,0.198239,0.007171,0.002123,0.011176,0.027827
N20003231,0.680571,0.017123,0.018988,0.011029,0.222765,0.005401,0.002348,0.012361,0.029413
N20003232,0.676285,0.024511,0.036078,0.019048,0.195092,0.008239,0.003482,0.010256,0.027008
N20003233,0.573537,0.015714,0.022775,0.009324,0.321842,0.004561,0.003436,0.014750,0.034061
N20003234,0.594875,0.015557,0.024153,0.010079,0.300916,0.005204,0.003241,0.013272,0.032704
N20003235,0.664794,0.033972,0.022049,0.020755,0.206253,0.011106,0.002582,0.011032,0.027457
N20003236,0.563793,0.019797,0.045711,0.011785,0.302387,0.005447,0.006268,0.013058,0.031755
N20003237,0.547129,0.027903,0.053181,0.018722,0.293907,0.008602,0.006381,0.012772,0.031402
N20003238,0.591957,0.033411,0.030705,0.016716,0.269534,0.008782,0.004723,0.013504,0.030669
N20003239,0.629362,0.017392,0.021582,0.009222,0.268901,0.004760,0.003168,0.014022,0.031590
N20003240,0.525863,0.018879,0.048217,0.012381,0.335228,0.005162,0.006639,0.013959,0.033671
N20003241,0.613596,0.029582,0.037437,0.014457,0.250348,0.007507,0.005351,0.012523,0.029199
N20003242,0.532814,0.025840,0.065999,0.011456,0.303852,0.005530,0.010079,0.013511,0.030920
N20003243,0.638029,0.021348,0.029735,0.011422,0.248015,0.005631,0.003980,0.012346,0.029494
N20003244,0.712565,0.014894,0.012751,0.008710,0.204698,0.004380,0.001525,0.012246,0.028231
N20003245,0.645436,0.010344,0.021117,0.005595,0.267359,0.002559,0.003023,0.013686,0.030881
N20003246,0.664827,0.027466,0.031207,0.011239,0.214087,0.006189,0.004579,0.012688,0.027716
N20003247,0.575467,0.032854,0.048869,0.016991,0.268330,0.008016,0.007181,0.012565,0.029728
N20003248,0.664624,0.029005,0.027973,0.012948,0.214539,0.007098,0.003820,0.012310,0.027685
N20003249,0.667619,0.035222,0.031486,0.015796,0.198953,0.008169,0.004000,0.011892,0.026864
N20003250,0.485114,0.016756,0.058027,0.009927,0.368855,0.004293,0.009180,0.014143,0.033706
N20003251,0.582528,0.023820,0.043403,0.010428,0.282929,0.005401,0.007139,0.013653,0.030699
N20003252,0.659668,0.017841,0.021291,0.009942,0.240171,0.004936,0.002658,0.013202,0.030291
N20003253,0.497364,0.035489,0.090271,0.017496,0.294895,0.008497,0.013799,0.012469,0.029722
N20003254,0.529132,0.019366,0.043703,0.010364,0.338278,0.004786,0.007475,0.013967,0.032929
N20003255,0.541683,0.060474,0.063269,0.021493,0.249490,0.011768,0.011885,0.012400,0.027539
N20003256,0.409596,0.034156,0.111135,0.015437,0.358328,0.008134,0.019212,0.013228,0.030775
N20003257,0.564779,0.058737,0.048519,0.025799,0.241767,0.016532,0.005851,0.010550,0.027466
N20003258,0.664011,0.018698,0.025657,0.007683,0.235531,0.004651,0.003186,0.011898,0.028686
N20003259,0.389452,0.097789,0.187166,0.036127,0.214912,0.021930,0.021757,0.008618,0.022249
N20003260,0.749199,0.018970,0.008382,0.007664,0.172738,0.005217,0.001035,0.011215,0.025580
N20003261,0.570354,0.137471,0.029366,0.059346,0.125583,0.048119,0.002669,0.007554,0.019538
N20003262,0.517348,0.060675,0.098222,0.025493,0.237122,0.013712,0.011609,0.009944,0.025877
N20003263,0.551464,0.034225,0.094586,0.011810,0.250315,0.006442,0.011436,0.011837,0.027885
N20003264,0.426510,0.053110,0.136822,0.023097,0.291263,0.013398,0.018201,0.010467,0.027130
N20003265,0.606408,0.033761,0.059411,0.013670,0.234600,0.007197,0.006781,0.010959,0.027214
N20003266,0.477515,0.074036,0.126279,0.031648,0.225567,0.016419,0.015211,0.009185,0.024141
N20003267,0.572019,0.034129,0.074030,0.012936,0.251852,0.007235,0.008525,0.011307,0.027967
N20003268,0.251713,0.062212,0.319989,0.027476,0.250162,0.013761,0.047587,0.007289,0.019811
N20003269,0.546324,0.030289,0.105255,0.011696,0.250090,0.006025,0.012941,0.010611,0.026770
N20003270,0.420321,0.076659,0.176544,0.033385,0.223157,0.017637,0.020021,0.008963,0.023314
N20003271,0.372910,0.044748,0.233425,0.015225,0.260011,0.008451,0.032586,0.009257,0.023387
N20003272,0.438304,0.038291,0.148840,0.016356,0.291854,0.007704,0.020889,0.010532,0.027229
N20003273,0.459079,0.089517,0.124109,0.033317,0.223414,0.020772,0.015893,0.009623,0.024275
N20003274,0.340864,0.040130,0.267561,0.018304,0.260729,0.008022,0.033068,0.008409,0.022914
N20003275,0.456942,0.089059,0.145173,0.037394,0.200032,0.025778,0.014351,0.008484,0.022788
N20003276,0.674169,0.029981,0.021470,0.014265,0.210394,0.008264,0.002512,0.011344,0.027601
N20003277,0.337860,0.076455,0.241133,0.030744,0.237423,0.015175,0.030661,0.008503,0.022046
N20003278,0.290652,0.143931,0.290148,0.046540,0.142994,0.027830,0.037010,0.005725,0.015170
N20003279,0.406226,0.058168,0.195827,0.021500,0.246426,0.010898,0.027361,0.009511,0.024084
N20003280,0.727040,0.018835,0.014611,0.009067,0.186780,0.005700,0.001717,0.010370,0.025880
N20003281,0.446575,0.218819,0.055504,0.060308,0.114128,0.078084,0.004795,0.005761,0.016027
N20003282,0.610179,0.105342,0.040510,0.035162,0.138683,0.039167,0.003257,0.007249,0.020450
N20003283,0.644472,0.092631,0.025117,0.038417,0.135191,0.033758,0.002190,0.007524,0.020701
N20003284,0.639512,0.051186,0.068233,0.019909,0.170208,0.012463,0.006579,0.008847,0.023062
N20003285,0.086454,0.516482,0.056038,0.149059,0.026739,0.155975,0.004515,0.001217,0.003522
N20003286,0.026612,0.573257,0.031601,0.177660,0.007630,0.179586,0.002205,0.000366,0.001082
N20003287,0.020406,0.597942,0.025109,0.172878,0.005290,0.175557,0.001793,0.000255,0.000771
N20003288,0.149197,0.466754,0.023962,0.083488,0.027345,0.241594,0.001598,0.001548,0.004512
N20003289,0.457419,0.196469,0.068738,0.055042,0.116851,0.077847,0.005557,0.005744,0.016333
N20003290,0.480333,0.117870,0.121870,0.052320,0.154257,0.035803,0.011314,0.006768,0.019465
N20003291,0.552760,0.131270,0.046774,0.057287,0.132749,0.048910,0.004032,0.006840,0.019378
N20003292,0.084537,0.509161,0.015140,0.065386,0.013260,0.308572,0.000908,0.000743,0.002292
N20003293,0.248188,0.378294,0.026464,0.117890,0.060018,0.154918,0.002179,0.003148,0.008901
N20003294,0.509471,0.166574,0.029863,0.056491,0.145977,0.062075,0.002853,0.007115,0.019581
N20003295,0.556661,0.032116,0.049942,0.012871,0.290995,0.008096,0.007254,0.012017,0.030049
N20003296,0.444360,0.228790,0.044923,0.060168,0.108505,0.088193,0.003630,0.005779,0.015652
N20003297,0.219183,0.422763,0.060070,0.094878,0.055988,0.130969,0.005384,0.002845,0.007921
N20003298,0.026789,0.588016,0.014691,0.135695,0.006187,0.226338,0.000982,0.000334,0.000968
N20003299,0.657572,0.061711,0.028642,0.019063,0.180881,0.014019,0.003582,0.010172,0.024359
N20003300,0.043644,0.569404,0.015036,0.110433,0.009438,0.249003,0.001048,0.000509,0.001485
N20003301,0.111865,0.520575,0.096049,0.095361,0.038870,0.120398,0.010208,0.001855,0.004820
N20003302,0.700686,0.026062,0.030784,0.009068,0.187698,0.005880,0.003646,0.010750,0.025425
N20003303,0.373672,0.225671,0.138535,0.050591,0.129211,0.043509,0.016165,0.006613,0.016033
N20003304,0.451448,0.214086,0.083743,0.061528,0.108550,0.051373,0.007591,0.005895,0.015786
N20003305,0.074801,0.575696,0.043855,0.134224,0.025027,0.137513,0.004350,0.001242,0.003290
N20003306,0.053656,0.575361,0.052736,0.135909,0.018539,0.155630,0.004906,0.000875,0.002387
N20003307,0.050034,0.571793,0.020163,0.157667,0.013832,0.182127,0.001675,0.000723,0.001986
N20003308,0.263107,0.363335,0.069186,0.102188,0.076002,0.105238,0.006622,0.003940,0.010383
N20003309,0.394870,0.234499,0.065252,0.090879,0.110472,0.077735,0.005943,0.005325,0.015026
N20003310,0.401239,0.228747,0.049638,0.088398,0.121253,0.084055,0.004410,0.005850,0.016410
N20003311,0.110213,0.307861,0.322905,0.102825,0.051475,0.066418,0.028730,0.002141,0.007433
N20003312,0.021589,0.425980,0.288676,0.129384,0.012064,0.095825,0.024377,0.000451,0.001653
N20003313,0.352348,0.128550,0.239979,0.066798,0.131182,0.033767,0.021244,0.005684,0.020448
N20003314,0.023911,0.265841,0.510711,0.080088,0.016940,0.058489,0.041360,0.000561,0.002098
N20003315,0.547193,0.034488,0.144537,0.018146,0.193314,0.009288,0.013498,0.009233,0.030304
N20003316,0.022332,0.538540,0.086256,0.185080,0.009139,0.150081,0.006838,0.000389,0.001344
N20003317,0.237000,0.104342,0.399098,0.045499,0.129777,0.025109,0.036727,0.004993,0.017456
N20003318,0.633459,0.034514,0.108091,0.017995,0.151708,0.008591,0.009159,0.008486,0.027997
N20003319,0.542754,0.031564,0.105397,0.015857,0.239043,0.008052,0.013213,0.010267,0.033854
N20003320,0.322512,0.149011,0.223847,0.063867,0.158129,0.030410,0.025662,0.006367,0.020195
N20003321,0.457613,0.082455,0.175960,0.033702,0.178851,0.020088,0.018768,0.007881,0.024682
N20003322,0.276901,0.134708,0.343851,0.061154,0.101420,0.032331,0.031241,0.004090,0.014302
N20003323,0.389567,0.216625,0.118867,0.071567,0.088797,0.085413,0.009343,0.004526,0.015295
N20003324,0.500307,0.060145,0.120835,0.026817,0.225077,0.014041,0.014003,0.009543,0.029231
N20003325,0.592153,0.078448,0.069003,0.033675,0.164639,0.020688,0.007123,0.008358,0.025913
N20003326,0.546127,0.078683,0.088932,0.034678,0.185424,0.021056,0.009427,0.008616,0.027057
N20003327,0.655853,0.074969,0.039028,0.034953,0.135876,0.023141,0.003711,0.007924,0.024546
N20003328,0.493938,0.105005,0.123737,0.043454,0.163162,0.026406,0.012659,0.007601,0.024037
N20003329,0.275914,0.259668,0.145017,0.083726,0.133279,0.063129,0.016353,0.005760,0.017154
N20003330,0.244892,0.304729,0.144822,0.104731,0.090209,0.078948,0.014368,0.004213,0.013088
N20003331,0.383734,0.242745,0.071301,0.080006,0.110064,0.081841,0.007176,0.005622,0.017512
N20003332,0.576972,0.019169,0.041961,0.008087,0.295099,0.004602,0.006245,0.012464,0.035403
N20003333,0.509458,0.148850,0.063426,0.058405,0.138571,0.044839,0.006479,0.007425,0.022547
N20003334,0.587321,0.060753,0.073930,0.026140,0.189086,0.015695,0.008648,0.009896,0.028530
N20003335,0.498536,0.044399,0.160241,0.020169,0.212457,0.009306,0.017548,0.009267,0.028076
N20003336,0.727483,0.019515,0.017101,0.009276,0.179122,0.005640,0.001952,0.010210,0.029701
N20003337,0.354938,0.197915,0.156681,0.082040,0.114375,0.056279,0.014872,0.005476,0.017424
N20003338,0.394935,0.106671,0.186330,0.039217,0.194552,0.020239,0.026142,0.007924,0.023989
N20003339,0.479168,0.083479,0.116096,0.030554,0.221476,0.015366,0.015521,0.010084,0.028256
N20003340,0.259463,0.130875,0.309183,0.047885,0.164462,0.021767,0.041411,0.006243,0.018711
N20003341,0.669842,0.041492,0.031142,0.014961,0.188694,0.009316,0.004343,0.010774,0.029437
N20003342,0.662134,0.015322,0.028826,0.006864,0.234342,0.003633,0.003784,0.011947,0.033148
N20003343,0.606074,0.061596,0.075588,0.026023,0.171164,0.015354,0.007849,0.009186,0.027167
N20003344,0.709901,0.021940,0.022361,0.009449,0.186578,0.005240,0.002866,0.011299,0.030366
N20003345,0.722810,0.016002,0.010774,0.006798,0.194943,0.004179,0.001499,0.011692,0.031301
N20003346,0.708639,0.014978,0.011242,0.005812,0.208769,0.003504,0.001643,0.012883,0.032530
N20003347,0.026596,0.317202,0.306910,0.189999,0.040409,0.099830,0.013185,0.002931,0.002939
N20003348,0.052591,0.093220,0.559311,0.053553,0.162124,0.022028,0.039270,0.009396,0.008507
N20003349,0.071634,0.211874,0.375756,0.110732,0.126919,0.062053,0.023205,0.009403,0.008424
N20003350,0.070067,0.328365,0.222988,0.165948,0.095662,0.088665,0.012948,0.008182,0.007174
N20003351,0.026226,0.212856,0.464408,0.113953,0.086490,0.056169,0.030472,0.004906,0.004522
N20003352,0.111642,0.270299,0.269216,0.121310,0.105815,0.085973,0.014692,0.011020,0.010032
N20003353,0.061070,0.326210,0.259151,0.168393,0.065415,0.096638,0.012230,0.005604,0.005288
N20003354,0.028673,0.312161,0.319825,0.161025,0.051362,0.103079,0.016508,0.003848,0.003518
N20003355,0.032161,0.087863,0.660111,0.053443,0.090892,0.022668,0.042623,0.005279,0.004960
N20003356,0.017322,0.300703,0.417614,0.130384,0.027510,0.079073,0.022841,0.002352,0.002202
N20003357,0.260476,0.097683,0.241314,0.057595,0.248832,0.028886,0.014626,0.027029,0.023559
N20003358,0.021351,0.309159,0.394664,0.136135,0.030583,0.081618,0.021363,0.002602,0.002525
N20003359,0.035690,0.445584,0.124920,0.206973,0.025047,0.150260,0.005742,0.002980,0.002805
N20003360,0.036850,0.225727,0.492389,0.102436,0.053285,0.052674,0.027676,0.004608,0.004355
N20003361,0.056613,0.335369,0.271123,0.135442,0.055153,0.121688,0.013831,0.005564,0.005218
N20003362,0.016555,0.415883,0.255510,0.157695,0.016582,0.123902,0.010552,0.001720,0.001600
N20003363,0.025973,0.376599,0.273599,0.161643,0.032127,0.110844,0.013350,0.003017,0.002849
N20003364,0.270046,0.164854,0.166753,0.070981,0.225554,0.039836,0.011945,0.027751,0.022281
N20003365,0.109757,0.299508,0.199989,0.153016,0.116647,0.086746,0.011914,0.011804,0.010620
N20003366,0.017091,0.547712,0.081338,0.198738,0.011537,0.137082,0.003726,0.001450,0.001324
N20003367,0.091204,0.295336,0.287129,0.110953,0.112224,0.065208,0.016638,0.011530,0.009777
N20003368,0.175691,0.345096,0.120615,0.141864,0.110275,0.071173,0.007663,0.015106,0.012516
N20003369,0.015204,0.630658,0.036062,0.174590,0.007547,0.132117,0.001670,0.001166,0.000985
N20003370,0.016260,0.400311,0.311577,0.134586,0.019508,0.098864,0.015233,0.001907,0.001753
N20003371,0.046582,0.263974,0.388781,0.125925,0.074070,0.064330,0.024664,0.006009,0.005666
N20003372,0.105269,0.331920,0.221732,0.140746,0.102900,0.061645,0.014427,0.011584,0.009778
N20003373,0.116530,0.266040,0.274242,0.121954,0.118953,0.062988,0.016390,0.012011,0.010891
N20003374,0.089340,0.387238,0.187461,0.147197,0.082365,0.075363,0.013224,0.009788,0.008026
N20003375,0.058659,0.214221,0.462090,0.105159,0.077395,0.036766,0.032125,0.007177,0.006408
N20003376,0.102261,0.339352,0.213438,0.141443,0.098818,0.070017,0.013844,0.011348,0.009481
N20003377,0.225349,0.201395,0.162057,0.094628,0.215187,0.045714,0.009707,0.025299,0.020662
N20003378,0.116499,0.383033,0.170640,0.131665,0.080973,0.087829,0.010264,0.010327,0.008771
N20003379,0.255224,0.077728,0.317474,0.033610,0.231480,0.013629,0.021743,0.027151,0.021962
N20003380,0.370314,0.079277,0.130048,0.041345,0.287438,0.017717,0.008551,0.036098,0.029212
N20003381,0.147471,0.292514,0.162731,0.158130,0.128713,0.073337,0.009379,0.014778,0.012947
N20003382,0.129443,0.260909,0.287440,0.090655,0.131577,0.053706,0.019468,0.014640,0.012162
N20003383,0.320696,0.195532,0.135602,0.097154,0.164196,0.056122,0.009499,0.005079,0.016119
N20003384,0.404463,0.048995,0.112446,0.024823,0.350914,0.011130,0.010874,0.009309,0.027048
N20003385,0.197335,0.190970,0.197353,0.083936,0.230070,0.043147,0.014830,0.022818,0.019542
N20003386,0.138448,0.344553,0.134002,0.172901,0.097264,0.081719,0.008499,0.012067,0.010546
N20003387,0.107522,0.281509,0.237719,0.129239,0.124099,0.082436,0.014377,0.012211,0.010887
N20003388,0.459285,0.076568,0.108698,0.035735,0.259791,0.018700,0.009140,0.008093,0.023989
N20003389,0.124950,0.320254,0.195086,0.155084,0.090491,0.082947,0.011096,0.010520,0.009572
N20003390,0.296623,0.034380,0.219495,0.020643,0.368707,0.008389,0.020014,0.007546,0.024203
N20003391,0.376813,0.037920,0.213306,0.026068,0.275569,0.009337,0.023359,0.009629,0.027999
N20003392,0.189815,0.131307,0.362548,0.084789,0.142843,0.037226,0.032344,0.004571,0.014557
N20003393,0.420442,0.033576,0.145124,0.023476,0.311002,0.009340,0.017275,0.009518,0.030247
N20003394,0.520656,0.017175,0.051004,0.012893,0.338550,0.005516,0.006117,0.012530,0.035559
N20003395,0.225107,0.081466,0.407639,0.058797,0.149915,0.024149,0.032195,0.004811,0.015920
N20003396,0.410312,0.051192,0.213116,0.036758,0.220264,0.014112,0.020255,0.008466,0.025525
N20003397,0.295574,0.065978,0.275892,0.040603,0.245046,0.016312,0.031366,0.007836,0.021392
N20003398,0.420883,0.021145,0.160081,0.014072,0.320693,0.006124,0.018109,0.010428,0.028464
N20003399,0.459315,0.021725,0.090668,0.014014,0.352800,0.005974,0.011432,0.012435,0.031637
N20003400,0.513112,0.026758,0.090383,0.017282,0.291804,0.007825,0.010007,0.012263,0.030565
N20003401,0.497114,0.059322,0.099822,0.027190,0.251839,0.015701,0.012082,0.010682,0.026248
N20003402,0.477388,0.031855,0.122634,0.020744,0.285240,0.008882,0.013860,0.010904,0.028493
N20003403,0.463055,0.026038,0.099065,0.010631,0.338460,0.005384,0.013443,0.013084,0.030840
N20003404,0.417901,0.167925,0.106111,0.064909,0.166587,0.037029,0.011654,0.008132,0.019753
N20003405,0.533352,0.020697,0.072435,0.014275,0.301730,0.006013,0.007831,0.012406,0.031260
N20003406,0.547379,0.057358,0.076598,0.020314,0.237344,0.012437,0.009635,0.012012,0.026923
N20003407,0.531254,0.043640,0.070724,0.017398,0.276038,0.010327,0.009472,0.012406,0.028740
N20003408,0.469879,0.057903,0.150689,0.019500,0.235878,0.011208,0.019520,0.010626,0.024797
N20003409,0.517845,0.011222,0.045372,0.006618,0.363779,0.003027,0.005491,0.013374,0.033273
N20003410,0.488656,0.020947,0.104977,0.009674,0.315822,0.004747,0.012791,0.012464,0.029922
N20003411,0.493202,0.028841,0.076226,0.017331,0.323986,0.008131,0.009085,0.012194,0.031005
N20003412,0.551441,0.019798,0.048663,0.012360,0.312179,0.006006,0.005505,0.012495,0.031552
N20003413,0.576110,0.021491,0.065085,0.012326,0.271242,0.005619,0.006869,0.011751,0.029508
N20003414,0.532645,0.027477,0.065991,0.020746,0.292797,0.008595,0.006750,0.011532,0.033467
N20003415,0.540593,0.016872,0.050590,0.009543,0.326406,0.004613,0.005656,0.013346,0.032382
N20003416,0.617756,0.019405,0.034157,0.008512,0.267194,0.004757,0.004414,0.013603,0.030201
N20003417,0.641576,0.024426,0.047179,0.013018,0.223305,0.006836,0.004517,0.011291,0.027851
N20003418,0.611285,0.013759,0.031550,0.008764,0.283343,0.004278,0.003429,0.012446,0.031147
N20003419,0.595524,0.013799,0.053152,0.007058,0.277943,0.003393,0.005633,0.012943,0.030556
N20003420,0.515289,0.028947,0.130257,0.018675,0.245436,0.008147,0.013282,0.010345,0.029622
N20003421,0.574584,0.014640,0.045357,0.010439,0.301419,0.004451,0.004827,0.012537,0.031747
N20003422,0.465607,0.046942,0.163753,0.032617,0.228927,0.014044,0.014443,0.008836,0.024831
N20003423,0.587709,0.025546,0.062278,0.019730,0.249047,0.008497,0.005906,0.010270,0.031018
N20003424,0.400848,0.052588,0.152736,0.030535,0.293943,0.014459,0.017953,0.010132,0.026807
N20003425,0.620573,0.021760,0.065382,0.012757,0.229040,0.005850,0.006194,0.010857,0.027587
N20003426,0.644599,0.016451,0.014319,0.007879,0.266015,0.004642,0.001707,0.013538,0.030849
N20003427,0.520989,0.019469,0.054540,0.009972,0.337280,0.004759,0.007284,0.013402,0.032305
N20003428,0.607735,0.025774,0.066621,0.015391,0.232249,0.007390,0.006445,0.010716,0.027677
N20003429,0.506064,0.058177,0.122024,0.039548,0.212294,0.018352,0.010330,0.008722,0.024489
N20003430,0.593673,0.018337,0.035969,0.010105,0.288276,0.005131,0.004274,0.012871,0.031365
N20003431,0.625988,0.017291,0.020331,0.008953,0.275039,0.004787,0.002574,0.013693,0.031345
N20003432,0.014313,0.435638,0.208164,0.196650,0.016786,0.110003,0.013697,0.002667,0.002082
N20003433,0.010776,0.453070,0.228233,0.166079,0.009730,0.114827,0.014379,0.001586,0.001320
N20003434,0.019879,0.451912,0.153641,0.215392,0.012229,0.134466,0.008224,0.002303,0.001954
N20003435,0.017691,0.464637,0.156055,0.225405,0.012743,0.109084,0.010188,0.002297,0.001900
N20003436,0.024954,0.516022,0.086182,0.210445,0.011891,0.140606,0.005162,0.002635,0.002104
N20003437,0.013935,0.462793,0.167514,0.228399,0.011002,0.101857,0.011043,0.001885,0.001572
N20003438,0.014614,0.535485,0.053238,0.240873,0.007756,0.141781,0.003215,0.001705,0.001333
N20003439,0.014364,0.492161,0.087529,0.251277,0.009310,0.137151,0.004867,0.001854,0.001487
N20003440,0.029353,0.569578,0.115654,0.159475,0.016685,0.093828,0.008934,0.003772,0.002723
N20003441,0.015721,0.577288,0.108449,0.175708,0.007936,0.104723,0.007001,0.001806,0.001369
N20003442,0.015030,0.423103,0.235260,0.187731,0.016878,0.100728,0.016573,0.002597,0.002101
N20003443,0.022928,0.372355,0.362346,0.126134,0.020624,0.060119,0.029265,0.003493,0.002737
N20003444,0.040826,0.542700,0.138729,0.147416,0.024735,0.084859,0.011129,0.005642,0.003965
N20003445,0.029447,0.537430,0.133828,0.168853,0.017426,0.097596,0.008910,0.003693,0.002816
N20003446,0.025618,0.474601,0.196755,0.185331,0.014396,0.084128,0.013875,0.002962,0.002334
N20003447,0.015940,0.376120,0.311118,0.167715,0.014494,0.089074,0.021239,0.002348,0.001951
N20003448,0.011354,0.473709,0.130413,0.257552,0.007873,0.109012,0.007484,0.001404,0.001198
N20003449,0.026189,0.414737,0.269448,0.173488,0.022203,0.066288,0.020836,0.003784,0.003026
N20003450,0.018291,0.549771,0.100210,0.187253,0.009749,0.125108,0.005885,0.002084,0.001648
N20003451,0.015395,0.335749,0.387380,0.142759,0.020092,0.060024,0.033424,0.002882,0.002296
N20003452,0.011852,0.380728,0.298970,0.191922,0.010549,0.085306,0.017572,0.001667,0.001435
N20003453,0.005261,0.176097,0.628245,0.098025,0.011907,0.032224,0.045825,0.001308,0.001107
N20003454,0.008613,0.315011,0.416674,0.153757,0.011794,0.061025,0.030174,0.001604,0.001348
N20003455,0.003698,0.062543,0.809972,0.032736,0.010057,0.010128,0.069054,0.000966,0.000846
N20003456,0.020096,0.409630,0.241393,0.187602,0.019698,0.099593,0.016368,0.003046,0.002574
N20003457,0.014011,0.368238,0.324015,0.170949,0.012666,0.086166,0.020428,0.001860,0.001667
N20003458,0.013699,0.468583,0.122981,0.235055,0.010245,0.139302,0.006781,0.001821,0.001535
N20003459,0.017431,0.428879,0.220173,0.187942,0.017063,0.109676,0.013973,0.002639,0.002224
N20003460,0.009801,0.418739,0.225171,0.223991,0.008582,0.098567,0.012630,0.001344,0.001175
N20003461,0.012325,0.467403,0.133158,0.230445,0.008487,0.138340,0.007070,0.001478,0.001294
N20003462,0.009552,0.407972,0.288951,0.155088,0.008438,0.111096,0.016458,0.001297,0.001148
N20003463,0.010934,0.513748,0.115954,0.199632,0.006225,0.145106,0.006172,0.001201,0.001029
N20003464,0.016922,0.366121,0.326003,0.166861,0.017579,0.079090,0.022529,0.002655,0.002240
N20003465,0.035388,0.541424,0.065071,0.187947,0.015297,0.144508,0.004052,0.003523,0.002790
N20003466,0.010779,0.520914,0.105094,0.212681,0.007336,0.134586,0.006118,0.001360,0.001133
N20003467,0.012136,0.296904,0.445167,0.137383,0.014261,0.059205,0.031299,0.001943,0.001704
N20003468,0.012209,0.299899,0.454600,0.130174,0.011858,0.056821,0.031109,0.001796,0.001534
N20003469,0.012359,0.148331,0.659636,0.071314,0.024800,0.024716,0.053775,0.002720,0.002348
N20003470,0.015519,0.374254,0.293731,0.191689,0.013538,0.088954,0.018392,0.002091,0.001832
N20003471,0.054320,0.425630,0.106879,0.240531,0.024153,0.133083,0.005961,0.005108,0.004338
N20003472,0.023399,0.368544,0.302349,0.176228,0.029970,0.068509,0.023173,0.004317,0.003510
N20003473,0.011499,0.279720,0.471027,0.132877,0.012866,0.058766,0.029882,0.001788,0.001575
N20003474,0.011306,0.217936,0.555606,0.109115,0.015214,0.046266,0.040716,0.002104,0.001739
N20003475,0.011651,0.331792,0.384801,0.141743,0.012586,0.085513,0.028330,0.001993,0.001591
N20003476,0.011924,0.385430,0.300091,0.158793,0.011152,0.110725,0.018493,0.001893,0.001499
N20003477,0.008788,0.341465,0.400181,0.136151,0.009021,0.073174,0.028565,0.001479,0.001175
N20003478,0.007994,0.337951,0.374012,0.147399,0.008834,0.098059,0.023282,0.001358,0.001111
N20003479,0.009049,0.331503,0.415814,0.134080,0.008622,0.071482,0.026818,0.001469,0.001162
N20003480,0.014246,0.423956,0.280406,0.160446,0.011944,0.084756,0.020303,0.002239,0.001703
N20003481,0.009248,0.275801,0.489471,0.123809,0.009531,0.059488,0.029897,0.001522,0.001233
N20003482,0.014508,0.302329,0.447312,0.121916,0.013355,0.064961,0.031552,0.002270,0.001797
N20003483,0.011332,0.334921,0.374491,0.154730,0.012875,0.081902,0.026065,0.002070,0.001615
N20003484,0.010752,0.428027,0.296292,0.142510,0.009336,0.090419,0.019672,0.001686,0.001306
N20003485,0.018362,0.509707,0.267899,0.101142,0.009811,0.070703,0.018317,0.002356,0.001704
N20003486,0.035523,0.508641,0.231033,0.108378,0.019746,0.069099,0.019501,0.004771,0.003307
N20003487,0.012395,0.457192,0.217270,0.185286,0.011037,0.098281,0.015015,0.002004,0.001520
N20003488,0.013872,0.404125,0.296281,0.164489,0.012330,0.084230,0.020747,0.002221,0.001704
N20003489,0.018156,0.374594,0.344773,0.140091,0.016874,0.073928,0.026436,0.002895,0.002253
N20003490,0.016040,0.426995,0.238497,0.179943,0.014013,0.103058,0.016932,0.002582,0.001939
N20003491,0.017503,0.499457,0.157540,0.187307,0.012148,0.110760,0.010898,0.002522,0.001865
N20003492,0.016755,0.402540,0.294099,0.163671,0.012832,0.086924,0.018970,0.002335,0.001874
N20003493,0.038705,0.505386,0.208023,0.129102,0.021518,0.070798,0.017869,0.005039,0.003560
N20003494,0.015089,0.393174,0.272381,0.177153,0.016597,0.100565,0.020198,0.002737,0.002106
N20003495,0.030748,0.499554,0.213553,0.136084,0.020701,0.073758,0.017800,0.004582,0.003220
N20003496,0.016448,0.424400,0.265552,0.168636,0.013721,0.087944,0.018892,0.002478,0.001929
N20003497,0.010748,0.528354,0.135399,0.172594,0.006157,0.137048,0.007365,0.001305,0.001028
N20003498,0.030988,0.478880,0.153164,0.193073,0.022753,0.100994,0.012446,0.004401,0.003300
N20003499,0.062592,0.436704,0.241232,0.114783,0.039305,0.068221,0.022084,0.008964,0.006113
N20003500,0.043151,0.491109,0.150883,0.166212,0.033085,0.090978,0.013052,0.006753,0.004777
N20003501,0.016709,0.462821,0.165179,0.212141,0.016607,0.110113,0.011264,0.002956,0.002209
N20003502,0.018647,0.459563,0.237295,0.160972,0.013330,0.089109,0.016417,0.002650,0.002017
N20003503,0.045814,0.337527,0.384978,0.098036,0.033015,0.058744,0.030431,0.006629,0.004827
N20003504,0.043753,0.458299,0.239947,0.123879,0.028656,0.072093,0.022795,0.006228,0.004350
N20003505,0.019691,0.496254,0.213458,0.143117,0.011134,0.097022,0.015041,0.002450,0.001834
N20003506,0.029918,0.561320,0.093509,0.164789,0.018224,0.117852,0.007059,0.004350,0.002978
N20003507,0.009343,0.330300,0.425196,0.133149,0.007104,0.068081,0.024508,0.001268,0.001051
N20003508,0.007419,0.314186,0.435943,0.121720,0.008646,0.079573,0.030086,0.001353,0.001074
N20003509,0.031107,0.516706,0.222037,0.106045,0.017106,0.080904,0.019240,0.004006,0.002849
N20003510,0.041596,0.596397,0.074959,0.142310,0.023968,0.103775,0.006638,0.006357,0.004000
N20003511,0.015844,0.517982,0.167545,0.160013,0.009989,0.114251,0.010693,0.002091,0.001591
N20003512,0.021056,0.629399,0.070848,0.138719,0.008761,0.122347,0.004748,0.002431,0.001692
N20003513,0.041003,0.446422,0.256803,0.126539,0.027297,0.068161,0.023946,0.005720,0.004109
N20003514,0.015642,0.437278,0.206494,0.212378,0.013481,0.096137,0.014168,0.002508,0.001914
N20003515,0.040381,0.568033,0.096813,0.157379,0.020522,0.099528,0.008627,0.005167,0.003549
N20003516,0.028535,0.509621,0.182542,0.158095,0.017405,0.082884,0.014373,0.003780,0.002766
N20003517,0.019883,0.619951,0.067855,0.143268,0.008362,0.132715,0.004142,0.002222,0.001603
N20003518,0.047974,0.494352,0.172460,0.141933,0.029152,0.088324,0.014555,0.006610,0.004641
N20003519,0.024914,0.500237,0.174868,0.170534,0.016069,0.093912,0.013638,0.003330,0.002496
N20003520,0.036618,0.505376,0.202576,0.131866,0.019542,0.079354,0.016741,0.004647,0.003278
N20003521,0.024610,0.542934,0.172835,0.131076,0.013165,0.097468,0.012442,0.003215,0.002256
N20003522,0.027430,0.515192,0.190637,0.141569,0.016007,0.088489,0.014644,0.003466,0.002567
N20003523,0.012313,0.355893,0.363169,0.135155,0.012304,0.094769,0.022793,0.001999,0.001606
N20003524,0.026069,0.556623,0.151877,0.135545,0.013494,0.098896,0.011895,0.003283,0.002318
N20003525,0.011130,0.433076,0.284639,0.156693,0.009590,0.080610,0.021141,0.001777,0.001345
N20003526,0.023767,0.598239,0.069175,0.168925,0.010249,0.120170,0.004887,0.002670,0.001918
N20003527,0.044147,0.490161,0.191720,0.140618,0.029069,0.076921,0.016336,0.006503,0.004525
N20003528,0.007502,0.328666,0.401479,0.155031,0.009667,0.069027,0.026011,0.001454,0.001163
N20003529,0.045847,0.502723,0.176215,0.142122,0.026921,0.078944,0.017191,0.005818,0.004221
N20003530,0.006331,0.547350,0.203250,0.132209,0.004179,0.092827,0.012314,0.000865,0.000675
N20003531,0.021863,0.656245,0.043573,0.143763,0.007091,0.121003,0.002782,0.002171,0.001508
N20003532,0.023489,0.628982,0.101107,0.129575,0.011023,0.093219,0.007577,0.003002,0.002026
N20003533,0.019664,0.651000,0.074039,0.125103,0.008794,0.111961,0.005347,0.002429,0.001661
N20003534,0.027214,0.603237,0.121155,0.128590,0.012725,0.091899,0.009517,0.003346,0.002316
N20003535,0.013717,0.413345,0.265665,0.175142,0.010419,0.101033,0.017255,0.001902,0.001524
N20003536,0.012633,0.466432,0.202898,0.186657,0.008080,0.107962,0.012499,0.001571,0.001268
N20003537,0.016854,0.160385,0.567563,0.075904,0.020563,0.019084,0.132826,0.003482,0.003339
N20003538,0.012813,0.136930,0.606910,0.067754,0.015042,0.015304,0.140334,0.002480,0.002432
N20003539,0.030238,0.107068,0.620569,0.063135,0.028336,0.016087,0.124707,0.004915,0.004946
N20003540,0.023626,0.177609,0.524423,0.090913,0.032522,0.020345,0.120368,0.005197,0.004998
N20003541,0.010343,0.286677,0.400320,0.170548,0.010505,0.042056,0.075860,0.001852,0.001840
N20003542,0.008598,0.163684,0.593782,0.094381,0.009181,0.021533,0.105720,0.001548,0.001573
N20003543,0.016577,0.400054,0.220515,0.244742,0.010909,0.066197,0.036320,0.002370,0.002317
N20003544,0.018776,0.186138,0.536456,0.106059,0.015107,0.030326,0.101416,0.002855,0.002868
N20003545,0.019699,0.277091,0.427618,0.105975,0.014276,0.037494,0.112083,0.002979,0.002785
N20003546,0.035594,0.447423,0.216402,0.167306,0.017989,0.066825,0.039727,0.004537,0.004198
N20003547,0.015185,0.147751,0.603842,0.064761,0.015621,0.018583,0.128843,0.002723,0.002691
N20003548,0.014815,0.140373,0.597578,0.074440,0.016694,0.017112,0.133433,0.002804,0.002752
N20003549,0.021192,0.095914,0.633954,0.056163,0.030922,0.013107,0.139469,0.004708,0.004570
N20003550,0.020879,0.145929,0.574147,0.078762,0.023380,0.017159,0.131733,0.004136,0.003875
N20003551,0.025456,0.143189,0.566805,0.084568,0.027127,0.019122,0.124725,0.004552,0.004455
N20003552,0.117648,0.371187,0.177312,0.150277,0.064579,0.045779,0.042482,0.016623,0.014113
N20003553,0.028654,0.102631,0.618245,0.062327,0.030234,0.013369,0.134188,0.005276,0.005074
N20003554,0.015541,0.306734,0.401743,0.143742,0.010287,0.052733,0.064863,0.002198,0.002159
N20003555,0.017968,0.094943,0.645326,0.051159,0.022227,0.011134,0.150202,0.003567,0.003472
N20003556,0.023964,0.358908,0.334606,0.147725,0.012581,0.058049,0.058348,0.002964,0.002855
N20003557,0.023742,0.374887,0.315176,0.150230,0.013080,0.059053,0.057994,0.002952,0.002887
N20003558,0.098728,0.211383,0.383656,0.092575,0.067184,0.023790,0.094830,0.014672,0.013182
N20003559,0.048224,0.123127,0.534831,0.059358,0.048185,0.014920,0.154617,0.008692,0.008045
N20003560,0.026384,0.135816,0.577323,0.083147,0.025234,0.017342,0.125721,0.004562,0.004471
N20003561,0.087124,0.159978,0.434905,0.070544,0.070509,0.017523,0.132785,0.014035,0.012597
N20003562,0.010540,0.390243,0.276248,0.181816,0.006484,0.089860,0.041901,0.001470,0.001437
N20003563,0.080896,0.324599,0.274062,0.136957,0.051434,0.044327,0.065272,0.011949,0.010504
N20003564,0.064864,0.139944,0.530654,0.068282,0.042951,0.016827,0.119377,0.008632,0.008468
N20003565,0.016444,0.094871,0.631765,0.052924,0.023031,0.012011,0.161994,0.003560,0.003399
N20003566,0.021617,0.101422,0.598656,0.045557,0.030517,0.011606,0.181450,0.004740,0.004434
N20003567,0.032802,0.218825,0.460156,0.123442,0.025181,0.030654,0.099052,0.005060,0.004829
N20003568,0.015655,0.443799,0.196993,0.207266,0.008700,0.094097,0.029383,0.002097,0.002009
N20003569,0.020983,0.290050,0.395194,0.162246,0.012879,0.051570,0.061544,0.002750,0.002783
N20003570,0.088295,0.468323,0.134014,0.169797,0.035192,0.055013,0.029780,0.010634,0.008954
N20003571,0.040527,0.421227,0.271050,0.131658,0.020656,0.051081,0.053507,0.005536,0.004758
N20003572,0.028494,0.510182,0.117349,0.201636,0.011078,0.106852,0.018332,0.003142,0.002934
N20003573,0.091459,0.431295,0.167378,0.165269,0.035675,0.056642,0.032891,0.010344,0.009046
N20003574,0.077483,0.316648,0.284715,0.169221,0.040332,0.040202,0.052175,0.010054,0.009170
N20003575,0.016210,0.129818,0.599582,0.078243,0.019239,0.015502,0.135093,0.003205,0.003108
N20003576,0.058233,0.480232,0.203964,0.115715,0.020549,0.058245,0.051972,0.005822,0.005269
N20003577,0.094518,0.426260,0.151535,0.170025,0.042106,0.063850,0.030891,0.010836,0.009978
N20003578,0.005953,0.060338,0.696876,0.029024,0.011925,0.006955,0.185756,0.001544,0.001629
N20003579,0.017043,0.220595,0.498688,0.101312,0.014541,0.028526,0.113625,0.002801,0.002869
N20003580,0.031226,0.227257,0.463365,0.123005,0.021534,0.035471,0.089199,0.004309,0.004635
N20003581,0.020226,0.096344,0.613082,0.048237,0.026770,0.011528,0.175336,0.004164,0.004314
N20003582,0.039873,0.320270,0.315933,0.173943,0.027600,0.045894,0.064877,0.005706,0.005903
N20003583,0.039890,0.104259,0.589865,0.058268,0.036622,0.011996,0.145763,0.006574,0.006764
N20003584,0.053165,0.261244,0.366016,0.157425,0.033226,0.041536,0.072926,0.007084,0.007379
N20003585,0.019002,0.347406,0.318962,0.185134,0.011835,0.057784,0.054606,0.002570,0.002701
N20003586,0.071773,0.170325,0.476951,0.081674,0.047519,0.019774,0.111841,0.010035,0.010108
N20003587,0.024954,0.310920,0.366507,0.152182,0.018126,0.038752,0.081098,0.003687,0.003773
N20003588,0.018996,0.316946,0.379188,0.146844,0.014209,0.044493,0.073498,0.002860,0.002964
N20003589,0.032292,0.285713,0.393589,0.146340,0.019118,0.040128,0.074368,0.004107,0.004344
N20003590,0.041862,0.239878,0.449422,0.090697,0.025696,0.027693,0.113578,0.005598,0.005576
N20003591,0.018759,0.372118,0.275177,0.207257,0.013061,0.055996,0.052086,0.002716,0.002832
N20003592,0.038728,0.357714,0.353460,0.112675,0.014812,0.040899,0.073720,0.004005,0.003985
N20003593,0.045260,0.497074,0.177441,0.147780,0.018932,0.064448,0.038800,0.005357,0.004906
N20003594,0.020070,0.419148,0.255793,0.183516,0.010496,0.057877,0.047988,0.002527,0.002586
N20003595,0.023273,0.403412,0.256891,0.186202,0.015254,0.055962,0.052209,0.003386,0.003410
N20003596,0.028118,0.342231,0.370976,0.117654,0.014539,0.039841,0.079648,0.003500,0.003493
N20003597,0.029300,0.364646,0.341886,0.116446,0.016048,0.044140,0.079892,0.003876,0.003765
N20003598,0.026259,0.451386,0.178946,0.215820,0.015284,0.072664,0.032497,0.003555,0.003589
N20003599,0.056312,0.378994,0.293451,0.125685,0.024367,0.041499,0.067012,0.006465,0.006216
N20003600,0.023327,0.440027,0.192210,0.225484,0.012951,0.064919,0.034978,0.003012,0.003093
N20003601,0.040656,0.486007,0.157579,0.182611,0.016588,0.077496,0.030250,0.004392,0.004422
N20003602,0.050755,0.479532,0.139027,0.207826,0.018371,0.068881,0.025282,0.005174,0.005152
N20003603,0.035257,0.537249,0.130027,0.170174,0.012452,0.081681,0.025878,0.003720,0.003562
N20003604,0.013364,0.448012,0.207273,0.220311,0.006554,0.064813,0.036408,0.001609,0.001657
N20003605,0.035232,0.403455,0.285425,0.143255,0.015225,0.056640,0.052883,0.003928,0.003958
N20003606,0.038950,0.477020,0.164674,0.191735,0.018353,0.068026,0.031788,0.004796,0.004660
N20003607,0.027620,0.611491,0.062068,0.191654,0.009252,0.080820,0.011350,0.002957,0.002789
N20003608,0.052535,0.526292,0.122852,0.177001,0.019161,0.065596,0.025469,0.005694,0.005400
N20003609,0.035339,0.618035,0.074650,0.172940,0.009717,0.067805,0.014936,0.003438,0.003139
N20003610,0.051961,0.581872,0.114132,0.124987,0.015681,0.072495,0.028919,0.005260,0.004692
N20003611,0.039467,0.485788,0.163718,0.197020,0.013533,0.062065,0.030699,0.003836,0.003873
N20003612,0.045698,0.344316,0.328382,0.137887,0.023457,0.044117,0.064785,0.005698,0.005660
N20003613,0.023212,0.552209,0.123334,0.182281,0.007128,0.087909,0.019569,0.002169,0.002188
N20003614,0.037496,0.462870,0.200461,0.167731,0.014538,0.073287,0.035543,0.004080,0.003995
N20003615,0.018992,0.428223,0.244710,0.182933,0.010822,0.065792,0.043491,0.002485,0.002553
N20003616,0.024956,0.605782,0.096509,0.171083,0.006649,0.074328,0.016301,0.002219,0.002174
N20003617,0.028579,0.629522,0.100710,0.133084,0.007993,0.076792,0.017946,0.002784,0.002590
N20003618,0.026769,0.575670,0.149913,0.143262,0.008794,0.062597,0.027577,0.002763,0.002655
N20003619,0.036649,0.374502,0.309333,0.137464,0.019658,0.049634,0.063429,0.004652,0.004680
N20003620,0.034107,0.494754,0.168347,0.174078,0.013167,0.076327,0.032047,0.003568,0.003605
N20003621,0.008054,0.143872,0.632314,0.075068,0.009824,0.016972,0.110410,0.001918,0.001568
N20003622,0.006210,0.146057,0.633064,0.079309,0.007060,0.017744,0.107946,0.001438,0.001172
N20003623,0.013177,0.220396,0.527303,0.104474,0.012349,0.025648,0.091697,0.002754,0.002202
N20003624,0.047325,0.210724,0.484437,0.067245,0.037328,0.019775,0.116950,0.009417,0.006799
N20003625,0.010748,0.239174,0.501279,0.123074,0.010363,0.033632,0.077597,0.002288,0.001844
N20003626,0.008482,0.094497,0.689204,0.052504,0.012985,0.011211,0.126918,0.002327,0.001873
N20003627,0.014240,0.248100,0.473086,0.140499,0.013040,0.031945,0.073812,0.002922,0.002355
N20003628,0.031287,0.141204,0.580424,0.067943,0.031677,0.017494,0.117433,0.007140,0.005399
N20003629,0.009423,0.108798,0.667314,0.058887,0.012549,0.011186,0.127547,0.002384,0.001913
N20003630,0.006737,0.073930,0.723615,0.037991,0.009721,0.007772,0.137038,0.001777,0.001419
N20003631,0.040615,0.148325,0.557785,0.063153,0.034317,0.013991,0.127495,0.008192,0.006126
N20003632,0.069415,0.164993,0.494760,0.057267,0.054213,0.018025,0.117680,0.013759,0.009887
N20003633,0.030261,0.521165,0.147128,0.176668,0.010636,0.088943,0.018280,0.004043,0.002875
N20003634,0.013019,0.207032,0.542676,0.119279,0.008666,0.024002,0.081490,0.002086,0.001750
N20003635,0.023154,0.428525,0.252149,0.177894,0.012399,0.059917,0.039289,0.003853,0.002821
N20003636,0.020507,0.077796,0.670804,0.029837,0.024502,0.007751,0.160077,0.004976,0.003750
N20003637,0.018441,0.167250,0.581860,0.082643,0.019046,0.021367,0.101969,0.004181,0.003242
N20003638,0.016656,0.149918,0.620454,0.066675,0.014032,0.018276,0.108164,0.003245,0.002580
N20003639,0.013947,0.118084,0.664300,0.064597,0.014813,0.014797,0.104039,0.002953,0.002469
N20003640,0.131571,0.349068,0.213830,0.111900,0.061276,0.048542,0.050445,0.019748,0.013619
N20003641,0.032080,0.225569,0.497529,0.097522,0.021673,0.027430,0.088286,0.005573,0.004338
N20003642,0.075171,0.334653,0.306895,0.117527,0.035579,0.038693,0.071872,0.011586,0.008024
N20003643,0.015614,0.480098,0.162796,0.226030,0.007579,0.080838,0.022897,0.002333,0.001814
N20003644,0.028301,0.391334,0.272456,0.185404,0.018167,0.050767,0.044464,0.005285,0.003822
N20003645,0.015958,0.262011,0.459367,0.144405,0.011795,0.032134,0.069148,0.002871,0.002311
N20003646,0.011037,0.301734,0.433020,0.138152,0.009736,0.041691,0.060485,0.002326,0.001818
N20003647,0.011342,0.111651,0.679775,0.057589,0.011770,0.012903,0.110493,0.002471,0.002005
N20003648,0.022767,0.360361,0.307806,0.189356,0.015282,0.051771,0.045315,0.004131,0.003211
N20003649,0.036528,0.263997,0.448337,0.111881,0.020316,0.035097,0.073902,0.005547,0.004395
N20003650,0.020327,0.380502,0.312222,0.170448,0.012594,0.050965,0.046961,0.003334,0.002647
N20003651,0.030352,0.505931,0.244959,0.118045,0.010463,0.048058,0.035447,0.003891,0.002854
N20003652,0.018853,0.435003,0.235814,0.198850,0.008754,0.066088,0.031802,0.002718,0.002118
N20003653,0.042320,0.610589,0.094627,0.146526,0.013494,0.067609,0.015357,0.005629,0.003849
N20003654,0.045812,0.489022,0.187646,0.155830,0.018613,0.061227,0.030241,0.006866,0.004745
N20003655,0.016141,0.488639,0.221892,0.155066,0.009583,0.068922,0.034747,0.002902,0.002108
N20003656,0.030651,0.655742,0.053219,0.159916,0.007921,0.078244,0.008175,0.003642,0.002489
N20003657,0.035907,0.563808,0.116201,0.181149,0.011992,0.064428,0.018616,0.004577,0.003321
N20003658,0.011917,0.460867,0.216649,0.203350,0.006988,0.067469,0.029252,0.001977,0.001531
N20003659,0.031734,0.615191,0.069139,0.178321,0.009529,0.078379,0.010928,0.003997,0.002780
N20003660,0.047554,0.582059,0.108977,0.149531,0.016232,0.066998,0.017562,0.006559,0.004528
N20003661,0.046179,0.493778,0.173057,0.160353,0.018879,0.063452,0.033396,0.006311,0.004594
N20003662,0.036091,0.586188,0.059070,0.203539,0.011824,0.086476,0.008667,0.004801,0.003344
N20003663,0.038112,0.508945,0.187781,0.139987,0.014784,0.071639,0.029379,0.005544,0.003828
N20003664,0.019447,0.564954,0.119867,0.186104,0.006340,0.083232,0.015846,0.002415,0.001795
N20003665,0.030181,0.547111,0.143136,0.170659,0.009956,0.071304,0.020869,0.003996,0.002788
N20003666,0.027739,0.566474,0.114858,0.174676,0.008184,0.087978,0.014266,0.003408,0.002416
N20003667,0.023530,0.448203,0.212107,0.199825,0.010031,0.071524,0.029019,0.003249,0.002513
N20003668,0.027166,0.582504,0.119234,0.156474,0.008643,0.083180,0.016804,0.003522,0.002472
N20003669,0.019154,0.331447,0.376515,0.148559,0.013470,0.049892,0.054604,0.003594,0.002766
N20003670,0.026773,0.453739,0.261863,0.139824,0.012236,0.051897,0.046630,0.004080,0.002958
N20003671,0.022421,0.368546,0.359970,0.127590,0.012214,0.049282,0.053531,0.003683,0.002762
N20003672,0.026783,0.413379,0.251184,0.184464,0.014244,0.066188,0.036193,0.004261,0.003304
N20003673,0.013047,0.473328,0.249954,0.150859,0.006120,0.069840,0.033423,0.001931,0.001499
N20003674,0.014861,0.412039,0.290194,0.172570,0.007867,0.059842,0.038489,0.002315,0.001824
N20003675,0.008923,0.365315,0.362970,0.143326,0.005531,0.063070,0.048098,0.001557,0.001211
N20003676,0.016113,0.401113,0.333291,0.138196,0.008026,0.050445,0.048442,0.002473,0.001900
N20003677,0.026575,0.625332,0.057076,0.175665,0.007144,0.094700,0.008123,0.003173,0.002212
N20003678,0.023395,0.321697,0.395742,0.134115,0.015435,0.040266,0.062112,0.004042,0.003196
N20003679,0.024144,0.472270,0.071478,0.323195,0.006465,0.090860,0.007387,0.002273,0.001927
N20003680,0.020527,0.307616,0.365103,0.187309,0.016733,0.037786,0.057983,0.003832,0.003112
N20003681,0.009086,0.259246,0.440612,0.171921,0.008377,0.036589,0.070847,0.001810,0.001513
N20003682,0.023635,0.460299,0.141774,0.272170,0.011903,0.065900,0.018065,0.003499,0.002755
N20003683,0.014892,0.334401,0.332958,0.210721,0.007505,0.054990,0.040879,0.001959,0.001696
N20003684,0.011622,0.268306,0.412218,0.198913,0.009953,0.038266,0.056737,0.002149,0.001836
N20003685,0.015644,0.294040,0.372445,0.209019,0.011111,0.044310,0.048727,0.002500,0.002205
N20003686,0.024812,0.386442,0.212068,0.268072,0.011607,0.065579,0.025439,0.003235,0.002747
N20003687,0.021269,0.382789,0.259400,0.218265,0.011884,0.066059,0.034624,0.003112,0.002598
N20003688,0.010530,0.323827,0.327626,0.235202,0.008381,0.046312,0.044594,0.001921,0.001607
N20003689,0.016360,0.349701,0.325441,0.206651,0.008171,0.045697,0.043810,0.002283,0.001885
N20003690,0.015201,0.408959,0.203802,0.269421,0.007575,0.066262,0.024929,0.002092,0.001759
N20003691,0.016705,0.383921,0.236480,0.253605,0.006285,0.076045,0.023486,0.001849,0.001624
N20003692,0.014660,0.444666,0.167440,0.261294,0.007651,0.078754,0.021631,0.002154,0.001750
N20003693,0.006300,0.175373,0.573650,0.126325,0.008271,0.021227,0.086064,0.001516,0.001275
N20003694,0.027550,0.402655,0.193570,0.265708,0.012565,0.065925,0.025444,0.003597,0.002985
N20003695,0.015601,0.351182,0.287152,0.238000,0.007451,0.063047,0.033758,0.002065,0.001745
N20003696,0.014687,0.311637,0.347940,0.209250,0.009477,0.060260,0.042436,0.002349,0.001965
N20003697,0.011334,0.285190,0.383597,0.204639,0.010596,0.040120,0.060289,0.002322,0.001912
N20003698,0.020159,0.412717,0.210789,0.254028,0.009752,0.061086,0.026356,0.002820,0.002292
N20003699,0.026041,0.447096,0.178473,0.235762,0.010087,0.073825,0.022986,0.003160,0.002569
N20003700,0.017238,0.350549,0.299250,0.225263,0.010978,0.051091,0.040600,0.002746,0.002286
N20003701,0.017348,0.381695,0.218982,0.265940,0.010584,0.072300,0.028152,0.002719,0.002281
N20003702,0.015334,0.378982,0.232139,0.269873,0.008170,0.059994,0.031447,0.002214,0.001846
N20003703,0.030814,0.314346,0.373634,0.160394,0.016982,0.039201,0.056309,0.004618,0.003702
N20003704,0.009595,0.223359,0.491705,0.162379,0.009930,0.029985,0.069397,0.001954,0.001696
N20003705,0.020566,0.390129,0.233373,0.248924,0.011611,0.057147,0.032596,0.003106,0.002547
N20003706,0.015679,0.301029,0.355156,0.211967,0.012112,0.049489,0.049500,0.002736,0.002331
N20003707,0.017138,0.450839,0.189865,0.242224,0.008368,0.062320,0.024806,0.002463,0.001978
N20003708,0.024753,0.321822,0.324447,0.217661,0.013832,0.047331,0.043487,0.003639,0.003028
N20003709,0.026807,0.381804,0.258691,0.217951,0.014630,0.056748,0.036151,0.003992,0.003226
N20003710,0.024138,0.336930,0.322479,0.207442,0.010189,0.054411,0.039016,0.002907,0.002486
N20003711,0.028646,0.525150,0.068140,0.283190,0.009539,0.070029,0.009376,0.003331,0.002600
N20003712,0.022869,0.309218,0.358417,0.194262,0.016203,0.043323,0.048567,0.003907,0.003234
N20003713,0.016854,0.431993,0.239151,0.215310,0.009037,0.050945,0.032030,0.002623,0.002057
N20003714,0.012014,0.401131,0.242305,0.235746,0.006826,0.067545,0.031148,0.001780,0.001505
N20003715,0.017649,0.397906,0.288927,0.187827,0.010087,0.051592,0.041012,0.002783,0.002218
N20003716,0.018307,0.430292,0.223110,0.221926,0.009053,0.059694,0.032910,0.002613,0.002095
N20003717,0.008948,0.233160,0.504458,0.131520,0.007374,0.035416,0.076100,0.001633,0.001392
N20003718,0.017705,0.436392,0.208917,0.237654,0.007064,0.061637,0.026677,0.002156,0.001798
N20003719,0.010026,0.269350,0.430736,0.177207,0.007579,0.039475,0.062419,0.001738,0.001471
N20003720,0.029276,0.594632,0.032412,0.241296,0.006176,0.087188,0.004194,0.002763,0.002064
N20003721,0.027609,0.279300,0.367663,0.194417,0.025905,0.040662,0.054438,0.005394,0.004613
N20003722,0.019377,0.367650,0.287554,0.215971,0.012963,0.051317,0.039214,0.003291,0.002662
N20003723,0.021510,0.556789,0.052258,0.275753,0.005808,0.077033,0.006853,0.002243,0.001752
N20003724,0.011293,0.494602,0.062030,0.339757,0.003579,0.080254,0.006298,0.001180,0.001006
N20003725,0.020748,0.448676,0.188697,0.231745,0.009268,0.071218,0.024809,0.002625,0.002214
N20003726,0.015437,0.414165,0.236004,0.227637,0.007337,0.066656,0.028999,0.002028,0.001737
N20003727,0.020670,0.482822,0.101773,0.285823,0.008128,0.084786,0.011429,0.002477,0.002092
N20003728,0.014856,0.395896,0.228455,0.260199,0.008881,0.057332,0.030197,0.002267,0.001918
N20003729,0.017132,0.398488,0.244960,0.233282,0.008558,0.060467,0.032878,0.002281,0.001955
N20003730,0.011938,0.497724,0.218610,0.170473,0.008917,0.068243,0.021590,0.001205,0.001298
N20003731,0.012351,0.459825,0.210562,0.164821,0.013194,0.121945,0.014229,0.001558,0.001515
N20003732,0.018614,0.605699,0.119970,0.152500,0.012535,0.073309,0.013434,0.002013,0.001926
N20003733,0.012276,0.598223,0.139103,0.137329,0.007912,0.090345,0.012333,0.001232,0.001247
N20003734,0.009000,0.645846,0.083688,0.153956,0.004995,0.093123,0.007690,0.000848,0.000854
N20003735,0.014948,0.681862,0.030225,0.157482,0.006592,0.103383,0.002911,0.001351,0.001245
N20003736,0.009519,0.536986,0.228394,0.115411,0.005871,0.081572,0.020378,0.000922,0.000947
N20003737,0.010937,0.517040,0.171216,0.147166,0.013324,0.124434,0.012786,0.001631,0.001465
N20003738,0.009365,0.492444,0.222823,0.152920,0.007603,0.099188,0.013641,0.001041,0.000976
N20003739,0.009356,0.428005,0.324382,0.120550,0.010907,0.078717,0.025545,0.001325,0.001214
N20003740,0.012099,0.386164,0.338563,0.127867,0.014541,0.095632,0.021963,0.001603,0.001568
N20003741,0.018376,0.527556,0.114758,0.183175,0.013978,0.131087,0.007227,0.002002,0.001842
N20003742,0.013494,0.538046,0.136005,0.185580,0.012171,0.102170,0.009331,0.001687,0.001514
N20003743,0.013500,0.470396,0.192380,0.187681,0.013288,0.106350,0.013238,0.001599,0.001569
N20003744,0.023945,0.323734,0.390056,0.131490,0.030602,0.065428,0.028146,0.003381,0.003218
N20003745,0.014114,0.529935,0.114588,0.187191,0.010903,0.132984,0.007288,0.001560,0.001437
N20003746,0.019038,0.379979,0.316668,0.141248,0.026686,0.087967,0.022816,0.002878,0.002720
N20003747,0.013251,0.402473,0.291969,0.146125,0.015349,0.108766,0.018657,0.001727,0.001684
N20003748,0.007017,0.538334,0.123131,0.177992,0.007015,0.137643,0.007135,0.000890,0.000843
N20003749,0.021658,0.483027,0.214052,0.145510,0.024983,0.088307,0.016707,0.003025,0.002730
N20003750,0.016775,0.604596,0.032936,0.202154,0.007873,0.130859,0.002128,0.001411,0.001267
N20003751,0.014290,0.598695,0.078765,0.172931,0.008283,0.119089,0.005360,0.001362,0.001224
N20003752,0.021631,0.497823,0.130887,0.200654,0.017568,0.118704,0.008176,0.002314,0.002243
N20003753,0.017497,0.559741,0.126956,0.164415,0.013858,0.104544,0.009205,0.001991,0.001793
N20003754,0.016967,0.545069,0.121356,0.187401,0.013089,0.104513,0.007998,0.001896,0.001711
N20003755,0.015541,0.369558,0.360305,0.118326,0.021087,0.083463,0.027285,0.002296,0.002138
N20003756,0.184352,0.172400,0.307759,0.069836,0.164846,0.033135,0.026971,0.021606,0.019094
N20003757,0.017869,0.572650,0.137288,0.140451,0.013470,0.103960,0.010539,0.002003,0.001770
N20003758,0.012850,0.570436,0.158274,0.134902,0.010099,0.099613,0.011024,0.001486,0.001315
N20003759,0.346077,0.147440,0.151079,0.059872,0.192765,0.032438,0.012325,0.031142,0.026863
N20003760,0.250300,0.130642,0.215274,0.070834,0.231108,0.025339,0.018765,0.031060,0.026678
N20003761,0.047352,0.437350,0.200697,0.159023,0.036685,0.094334,0.014964,0.004973,0.004622
N20003762,0.010879,0.655664,0.075224,0.084603,0.006177,0.160770,0.004800,0.000982,0.000902
N20003763,0.217460,0.210999,0.205698,0.085860,0.169906,0.049430,0.016027,0.023604,0.021017
N20003764,0.007898,0.641764,0.009804,0.078014,0.002541,0.258509,0.000493,0.000505,0.000471
N20003765,0.019604,0.649468,0.024487,0.072367,0.005939,0.224464,0.001356,0.001209,0.001106
N20003766,0.015112,0.628593,0.045055,0.109080,0.006866,0.190400,0.002610,0.001181,0.001103
N20003767,0.031645,0.565476,0.086340,0.148373,0.019336,0.137225,0.005925,0.002963,0.002716
N20003768,0.011637,0.635577,0.036650,0.084951,0.004766,0.222908,0.001869,0.000845,0.000796
N20003769,0.102631,0.408874,0.158789,0.136076,0.060766,0.103815,0.011046,0.009393,0.008610
N20003770,0.036899,0.481974,0.172849,0.161960,0.028546,0.095850,0.014171,0.004098,0.003652
N20003771,0.149805,0.140187,0.390005,0.074522,0.150078,0.029773,0.031495,0.017536,0.016600
N20003772,0.084705,0.426582,0.165848,0.137142,0.054996,0.102872,0.011730,0.008550,0.007575
N20003773,0.273173,0.078754,0.235596,0.042733,0.268074,0.017871,0.020713,0.033213,0.029873
N20003774,0.279871,0.117529,0.195937,0.058450,0.241978,0.028697,0.016918,0.032098,0.028521
N20003775,0.438586,0.040507,0.124380,0.021556,0.277041,0.008940,0.010310,0.042457,0.036224
N20003776,0.525440,0.043289,0.036251,0.024524,0.269307,0.011443,0.003119,0.047596,0.039031
N20003777,0.435372,0.020380,0.077172,0.009773,0.350330,0.004293,0.007123,0.053365,0.042190
N20003778,0.400842,0.036194,0.155273,0.020618,0.290080,0.007992,0.012873,0.040526,0.035602
N20003779,0.362646,0.034805,0.139343,0.016290,0.341429,0.006789,0.014260,0.046337,0.038101
N20003780,0.310216,0.122712,0.173098,0.063916,0.226728,0.029039,0.013851,0.031814,0.028625
