code,Sinn Féin,DUP,Alliance,UUP,SDLP,TUV,Green,PBP,Aontú
N20000001,0.040428,0.419293,0.091909,0.252472,0.011677,0.173158,0.006744,0.001412,0.002906
N20000002,0.017799,0.435109,0.094293,0.276320,0.006089,0.161458,0.006782,0.000712,0.001438
N20000003,0.048332,0.452999,0.037619,0.241892,0.013081,0.197901,0.003114,0.001739,0.003324
N20000004,0.265936,0.142308,0.255854,0.109907,0.116975,0.048671,0.024971,0.012130,0.023247
N20000005,0.026296,0.405845,0.081876,0.313531,0.007879,0.155774,0.005903,0.000943,0.001953
N20000006,0.236391,0.239959,0.131903,0.172989,0.085371,0.092978,0.011995,0.009750,0.018664
N20000007,0.742118,0.025822,0.014573,0.027905,0.122021,0.009971,0.001404,0.020410,0.035776
N20000008,0.412113,0.133253,0.119237,0.124197,0.110223,0.050828,0.010205,0.013376,0.026568
N20000009,0.066047,0.400706,0.063455,0.270267,0.019649,0.167477,0.005139,0.002449,0.004809
N20000010,0.023316,0.373758,0.196121,0.259848,0.010044,0.117850,0.015870,0.001054,0.002138
N20000011,0.096324,0.491774,0.042410,0.216193,0.018309,0.122351,0.004310,0.003053,0.005275
N20000012,0.069869,0.413039,0.113849,0.245169,0.018867,0.122397,0.009783,0.002367,0.004660
N20000013,0.131593,0.332089,0.090895,0.268217,0.030980,0.126340,0.007537,0.004144,0.008206
N20000014,0.164493,0.261841,0.233140,0.166885,0.059080,0.072536,0.022241,0.006878,0.012905
N20000015,0.763081,0.013550,0.012257,0.012858,0.131076,0.003981,0.001377,0.024084,0.037736
N20000016,0.350692,0.105073,0.178843,0.081834,0.179882,0.025426,0.026825,0.018930,0.032496
N20000017,0.713904,0.026416,0.023729,0.023463,0.141281,0.007354,0.003007,0.023004,0.037842
N20000018,0.598371,0.021409,0.052829,0.022646,0.219018,0.005873,0.006783,0.027285,0.045787
N20000019,0.283866,0.326387,0.086209,0.128561,0.059594,0.079421,0.010888,0.009460,0.015614
N20000020,0.419303,0.162533,0.107813,0.108242,0.105520,0.044352,0.011000,0.014997,0.026240
N20000021,0.546630,0.032613,0.098643,0.035801,0.199536,0.009119,0.011596,0.024145,0.041918
N20000022,0.734040,0.009700,0.004907,0.009686,0.168642,0.003587,0.000713,0.026491,0.042233
N20000023,0.427816,0.090858,0.146560,0.081815,0.160365,0.023989,0.017051,0.018257,0.033288
N20000024,0.736143,0.030286,0.010147,0.027176,0.126050,0.012649,0.001065,0.020540,0.035945
N20000025,0.269847,0.179314,0.179436,0.158519,0.108745,0.050900,0.018162,0.012401,0.022676
N20000026,0.021940,0.397803,0.120498,0.306114,0.008156,0.133754,0.008990,0.000895,0.001850
N20000027,0.210997,0.140562,0.338806,0.108897,0.096578,0.037355,0.038206,0.010038,0.018560
N20000028,0.541795,0.095888,0.038226,0.092621,0.136158,0.038199,0.004090,0.019011,0.034011
N20000029,0.447463,0.099258,0.107526,0.095244,0.156775,0.027384,0.012774,0.019407,0.034168
N20000030,0.040133,0.312490,0.246133,0.258536,0.022171,0.092705,0.021477,0.002132,0.004225
N20000031,0.015804,0.326802,0.305845,0.228920,0.008120,0.085257,0.026853,0.000794,0.001604
N20000032,0.623918,0.020503,0.043153,0.024688,0.206954,0.006229,0.005792,0.024789,0.043974
N20000033,0.739543,0.016801,0.008406,0.019363,0.146583,0.006451,0.000969,0.022656,0.039227
N20000034,0.677947,0.022311,0.028026,0.025473,0.169517,0.007402,0.003404,0.024351,0.041569
N20000035,0.267449,0.184875,0.200933,0.139627,0.113984,0.044885,0.020426,0.011088,0.016733
N20000036,0.332277,0.198211,0.140521,0.119189,0.122037,0.038766,0.017075,0.013151,0.018774
N20000037,0.332036,0.246815,0.131054,0.112690,0.086320,0.049066,0.015306,0.011232,0.015482
N20000038,0.114606,0.153660,0.454036,0.107010,0.076145,0.032952,0.046204,0.005984,0.009403
N20000039,0.155569,0.141201,0.379785,0.122995,0.111842,0.033941,0.032560,0.008470,0.013638
N20000040,0.444380,0.168830,0.086447,0.082387,0.135916,0.030190,0.013232,0.016652,0.021965
N20000041,0.178798,0.248964,0.195790,0.194545,0.084021,0.059617,0.018068,0.007929,0.012269
N20000042,0.115214,0.228999,0.363431,0.123211,0.065208,0.052354,0.037395,0.005656,0.008532
N20000043,0.170056,0.267812,0.220697,0.160134,0.080541,0.057206,0.024425,0.007656,0.011473
N20000044,0.187366,0.226834,0.199984,0.186245,0.103513,0.052043,0.020361,0.009394,0.014259
N20000045,0.268031,0.090868,0.292305,0.096112,0.170370,0.021327,0.026214,0.013299,0.021473
N20000046,0.090989,0.436227,0.084560,0.243844,0.029012,0.099850,0.007128,0.003336,0.005055
N20000047,0.110985,0.276787,0.237864,0.229118,0.043625,0.072311,0.018224,0.004181,0.006904
N20000048,0.295870,0.140282,0.195863,0.122437,0.157085,0.034915,0.017610,0.014202,0.021737
N20000049,0.388667,0.106062,0.178187,0.085296,0.159490,0.025234,0.016471,0.016514,0.024079
N20000050,0.080540,0.381692,0.183170,0.218939,0.033182,0.077525,0.016223,0.003488,0.005240
N20000051,0.542784,0.056459,0.101060,0.040875,0.185094,0.012901,0.011130,0.020472,0.029223
N20000052,0.157448,0.357204,0.121951,0.211763,0.049162,0.078103,0.009775,0.005861,0.008734
N20000053,0.275858,0.142359,0.278773,0.108811,0.111868,0.028449,0.025659,0.011301,0.016922
N20000054,0.099467,0.393241,0.123536,0.248753,0.033947,0.080699,0.010860,0.003741,0.005757
N20000055,0.103481,0.396271,0.140749,0.224422,0.035228,0.077705,0.012070,0.004044,0.006030
N20000056,0.188890,0.301557,0.203399,0.151982,0.057615,0.061819,0.018035,0.006712,0.009990
N20000057,0.265269,0.154454,0.220753,0.139487,0.129940,0.039299,0.021260,0.011452,0.018086
N20000058,0.113122,0.405156,0.141435,0.198633,0.034400,0.086442,0.010792,0.003917,0.006102
N20000059,0.331833,0.077804,0.281622,0.050742,0.173094,0.013642,0.031349,0.016423,0.023490
N20000060,0.196539,0.219735,0.202448,0.206299,0.076145,0.064345,0.015147,0.007356,0.011986
N20000061,0.115117,0.368739,0.166894,0.197638,0.044580,0.080816,0.014441,0.004654,0.007122
N20000062,0.097369,0.454945,0.099024,0.202564,0.030446,0.098476,0.008111,0.003658,0.005408
N20000063,0.229617,0.206929,0.245776,0.125729,0.098715,0.040492,0.029136,0.009395,0.014212
N20000064,0.159399,0.245965,0.203627,0.216136,0.075261,0.064458,0.017012,0.007067,0.011075
N20000065,0.214966,0.174237,0.242275,0.171257,0.104380,0.049630,0.019259,0.009051,0.014946
N20000066,0.359725,0.090079,0.274472,0.061186,0.134654,0.019200,0.025341,0.014323,0.021021
N20000067,0.332209,0.167957,0.205230,0.111026,0.101403,0.034785,0.017452,0.012215,0.017722
N20000068,0.267766,0.256390,0.097340,0.182099,0.091779,0.070645,0.007909,0.010598,0.015474
N20000069,0.154732,0.256702,0.189525,0.236600,0.057298,0.077047,0.013741,0.005290,0.009065
N20000070,0.125903,0.241688,0.217023,0.265092,0.058289,0.062412,0.015647,0.005259,0.008687
N20000071,0.236686,0.148611,0.269092,0.120032,0.137782,0.030166,0.027993,0.011733,0.017905
N20000072,0.077850,0.175856,0.434379,0.161897,0.057337,0.046613,0.034952,0.004138,0.006978
N20000073,0.078107,0.407045,0.113455,0.258631,0.026736,0.100916,0.007620,0.002859,0.004632
N20000074,0.077908,0.438125,0.075718,0.255420,0.024522,0.115138,0.005982,0.002834,0.004352
N20000075,0.151843,0.283711,0.177607,0.216854,0.064882,0.073377,0.015768,0.006204,0.009753
N20000076,0.240737,0.138740,0.298750,0.106102,0.124489,0.031631,0.031603,0.011022,0.016926
N20000077,0.149483,0.314547,0.148816,0.225983,0.054898,0.079616,0.011881,0.005768,0.009009
N20000078,0.116704,0.388564,0.101557,0.249043,0.038726,0.085892,0.008517,0.004290,0.006706
N20000079,0.040904,0.473339,0.067441,0.283546,0.010441,0.116525,0.004432,0.001296,0.002075
N20000080,0.081350,0.273919,0.262914,0.233480,0.045400,0.070613,0.022121,0.003886,0.006317
N20000081,0.124941,0.354995,0.117258,0.249943,0.041372,0.090621,0.009373,0.004487,0.007010
N20000082,0.056647,0.466960,0.072381,0.254028,0.015120,0.125147,0.004897,0.001891,0.002930
N20000083,0.154242,0.320155,0.111924,0.257787,0.043121,0.092069,0.007747,0.004973,0.007983
N20000084,0.211185,0.234735,0.147850,0.209663,0.092540,0.069074,0.011460,0.009228,0.014265
N20000085,0.071831,0.259141,0.283201,0.257766,0.034492,0.064300,0.021223,0.002982,0.005065
N20000086,0.010259,0.348138,0.207750,0.295550,0.004991,0.114896,0.017007,0.000506,0.000902
N20000087,0.015467,0.323007,0.226871,0.259151,0.007042,0.149369,0.017070,0.000720,0.001303
N20000088,0.013130,0.317436,0.284804,0.234310,0.007746,0.116223,0.024344,0.000733,0.001273
N20000089,0.013827,0.341796,0.241890,0.243730,0.006753,0.131084,0.019031,0.000690,0.001200
N20000090,0.017184,0.306186,0.258918,0.279972,0.008489,0.104026,0.022865,0.000856,0.001504
N20000091,0.014239,0.336532,0.235552,0.256541,0.005943,0.131143,0.018321,0.000610,0.001119
N20000092,0.017816,0.338280,0.203985,0.294570,0.008494,0.115715,0.018713,0.000897,0.001530
N20000093,0.023242,0.440277,0.060057,0.344939,0.006694,0.116926,0.005396,0.000957,0.001510
N20000094,0.005480,0.120106,0.670997,0.098797,0.003459,0.047076,0.053245,0.000294,0.000546
N20000095,0.050096,0.482266,0.073786,0.260038,0.014019,0.106585,0.007909,0.002122,0.003180
N20000096,0.020663,0.404709,0.092769,0.334263,0.005725,0.132285,0.007541,0.000744,0.001301
N20000097,0.014607,0.316447,0.248529,0.284437,0.005851,0.107962,0.020396,0.000641,0.001130
N20000098,0.016901,0.423446,0.102667,0.312202,0.005769,0.128146,0.008924,0.000730,0.001215
N20000099,0.018386,0.376566,0.114091,0.342292,0.006387,0.131423,0.008789,0.000733,0.001334
N20000100,0.013467,0.350376,0.147393,0.338891,0.005578,0.131371,0.011267,0.000588,0.001068
N20000101,0.007837,0.317196,0.285503,0.250285,0.003824,0.111389,0.022891,0.000388,0.000688
N20000102,0.030827,0.341419,0.226153,0.266981,0.013541,0.094998,0.022130,0.001458,0.002493
N20000103,0.036856,0.433329,0.113884,0.283732,0.012429,0.104116,0.011484,0.001578,0.002592
N20000104,0.035466,0.457568,0.147840,0.238400,0.011504,0.090281,0.014908,0.001583,0.002450
N20000105,0.037910,0.419525,0.160070,0.259912,0.011992,0.091138,0.015370,0.001539,0.002546
N20000106,0.017784,0.348644,0.206999,0.301761,0.008425,0.094628,0.019315,0.000915,0.001529
N20000107,0.033604,0.438474,0.123977,0.256073,0.012073,0.118087,0.013693,0.001588,0.002432
N20000108,0.045065,0.448957,0.122233,0.257481,0.013474,0.095643,0.012351,0.001860,0.002935
N20000109,0.012283,0.344417,0.168574,0.327330,0.005578,0.126187,0.014017,0.000583,0.001031
N20000110,0.012534,0.368821,0.118224,0.365873,0.004388,0.119266,0.009462,0.000519,0.000913
N20000111,0.022991,0.373937,0.120620,0.344352,0.009573,0.115033,0.010566,0.001090,0.001838
N20000112,0.026950,0.462715,0.037185,0.338040,0.005853,0.123678,0.003220,0.000893,0.001467
N20000113,0.019617,0.335456,0.255586,0.241005,0.008410,0.116124,0.021296,0.000926,0.001580
N20000114,0.015696,0.356174,0.185295,0.302803,0.006962,0.114814,0.016211,0.000747,0.001297
N20000115,0.020080,0.389894,0.102594,0.325059,0.008102,0.142732,0.009043,0.000929,0.001568
N20000116,0.026151,0.387559,0.150924,0.302579,0.009795,0.105252,0.014692,0.001125,0.001924
N20000117,0.015381,0.377283,0.125250,0.355305,0.007132,0.107000,0.010570,0.000756,0.001323
N20000118,0.014745,0.373874,0.167328,0.318375,0.006342,0.102401,0.015005,0.000720,0.001210
N20000119,0.023211,0.350387,0.205301,0.298951,0.011295,0.088115,0.019552,0.001173,0.002016
N20000120,0.020282,0.375902,0.120295,0.324108,0.009933,0.135914,0.010761,0.001029,0.001778
N20000121,0.026113,0.363949,0.167777,0.270212,0.012095,0.142177,0.014186,0.001287,0.002205
N20000122,0.014742,0.337091,0.200990,0.299763,0.009630,0.116935,0.018421,0.000892,0.001536
N20000123,0.010732,0.361153,0.163735,0.320284,0.006211,0.121494,0.014718,0.000624,0.001050
N20000124,0.023216,0.341663,0.316684,0.203866,0.011327,0.078328,0.021923,0.001146,0.001846
N20000125,0.022463,0.411219,0.124114,0.290535,0.008587,0.133396,0.007133,0.000941,0.001613
N20000126,0.019031,0.143787,0.629950,0.119032,0.012744,0.028467,0.042271,0.002868,0.001850
N20000127,0.023633,0.507797,0.069017,0.268998,0.006242,0.117668,0.004473,0.000846,0.001325
N20000128,0.019035,0.273908,0.413098,0.191006,0.010804,0.060795,0.026772,0.002850,0.001732
N20000129,0.050857,0.509833,0.078184,0.247054,0.012221,0.090971,0.006372,0.001852,0.002656
N20000130,0.021661,0.352486,0.275401,0.240712,0.008816,0.077697,0.020718,0.000973,0.001535
N20000131,0.058219,0.489403,0.050566,0.278093,0.013455,0.101271,0.004047,0.001986,0.002962
N20000132,0.016799,0.056874,0.773685,0.047172,0.019994,0.009558,0.069937,0.003706,0.002275
N20000133,0.016019,0.350227,0.302592,0.218167,0.006387,0.085922,0.017576,0.001927,0.001184
N20000134,0.031562,0.157912,0.576655,0.126425,0.020535,0.035027,0.043954,0.004936,0.002993
N20000135,0.032946,0.339420,0.229299,0.280144,0.013202,0.084856,0.016474,0.001386,0.002274
N20000136,0.027741,0.366400,0.185803,0.304133,0.012835,0.085352,0.014310,0.001323,0.002103
N20000137,0.022355,0.315865,0.293339,0.264048,0.007609,0.074866,0.018344,0.002223,0.001351
N20000138,0.017902,0.468527,0.100609,0.286350,0.003908,0.114528,0.005831,0.001484,0.000860
N20000139,0.025443,0.341241,0.217087,0.303004,0.009962,0.085882,0.014574,0.001059,0.001748
N20000140,0.035030,0.090670,0.679930,0.052936,0.032897,0.014720,0.083119,0.006787,0.003911
N20000141,0.042307,0.224208,0.463978,0.150503,0.024693,0.045897,0.042586,0.002235,0.003593
N20000142,0.028128,0.582114,0.086220,0.195518,0.006400,0.092680,0.006459,0.001015,0.001465
N20000143,0.025076,0.134379,0.613105,0.126016,0.020649,0.023878,0.049922,0.004278,0.002697
N20000144,0.045640,0.395829,0.139799,0.309639,0.013617,0.079130,0.012074,0.001655,0.002618
N20000145,0.033662,0.550908,0.083478,0.223879,0.008640,0.089623,0.006572,0.001351,0.001887
N20000146,0.043720,0.548398,0.117937,0.183739,0.009129,0.083262,0.007564,0.004018,0.002232
N20000147,0.051013,0.523063,0.056126,0.255387,0.013219,0.091461,0.004937,0.001975,0.002818
N20000148,0.040793,0.426649,0.085759,0.313649,0.013131,0.109875,0.006051,0.001573,0.002520
N20000149,0.030802,0.178638,0.543538,0.145249,0.019733,0.031322,0.043016,0.004800,0.002902
N20000150,0.019509,0.583484,0.112654,0.181522,0.004013,0.090012,0.005976,0.001816,0.001015
N20000151,0.049297,0.420797,0.103715,0.308634,0.015028,0.089955,0.007690,0.001914,0.002969
N20000152,0.054973,0.196200,0.475350,0.138488,0.040028,0.034670,0.044859,0.009833,0.005599
N20000153,0.026594,0.513735,0.069739,0.270714,0.005280,0.106421,0.003938,0.002269,0.001310
N20000154,0.038871,0.539560,0.059611,0.246862,0.009046,0.098022,0.004615,0.001384,0.002028
N20000155,0.031629,0.529107,0.124884,0.217644,0.006703,0.077712,0.007843,0.002856,0.001622
N20000156,0.039377,0.372260,0.226713,0.243892,0.013944,0.082151,0.017478,0.001623,0.002562
N20000157,0.067514,0.380012,0.139387,0.279740,0.021085,0.095284,0.010386,0.002541,0.004050
N20000158,0.022137,0.134419,0.631575,0.107671,0.018168,0.023002,0.056758,0.003886,0.002385
N20000159,0.019430,0.633211,0.058614,0.194386,0.003733,0.083845,0.003963,0.001847,0.000970
N20000160,0.044637,0.203054,0.466355,0.162589,0.030287,0.047168,0.034361,0.007180,0.004368
N20000161,0.073031,0.218219,0.463274,0.122428,0.029116,0.043788,0.036778,0.008310,0.005056
N20000162,0.030789,0.194200,0.519715,0.150317,0.020458,0.039248,0.037549,0.004757,0.002968
N20000163,0.069879,0.396656,0.194055,0.205435,0.021114,0.086437,0.014918,0.007316,0.004189
N20000164,0.074278,0.235739,0.387554,0.139746,0.018458,0.053495,0.081178,0.005128,0.004423
N20000165,0.025963,0.444566,0.196580,0.199123,0.004100,0.093112,0.034042,0.001333,0.001180
N20000166,0.028735,0.090005,0.681320,0.079995,0.029285,0.016291,0.065847,0.005035,0.003487
N20000167,0.019347,0.075334,0.742674,0.065721,0.015742,0.015211,0.060964,0.002935,0.002070
N20000168,0.027447,0.519584,0.095976,0.235072,0.003569,0.098767,0.017082,0.001355,0.001148
N20000169,0.461432,0.097857,0.126157,0.075604,0.133387,0.020436,0.012104,0.046606,0.026416
N20000170,0.029179,0.490555,0.202751,0.153153,0.004669,0.075770,0.040889,0.001662,0.001371
N20000171,0.044078,0.420665,0.216610,0.208563,0.008487,0.074717,0.021747,0.002831,0.002301
N20000172,0.185344,0.121108,0.418107,0.083610,0.086679,0.021760,0.047601,0.022075,0.013717
N20000173,0.248789,0.147185,0.312109,0.103416,0.058760,0.035422,0.064063,0.016234,0.014023
N20000174,0.027593,0.618548,0.052792,0.161593,0.002280,0.127530,0.007661,0.001091,0.000911
N20000175,0.118538,0.441976,0.145455,0.147137,0.018370,0.079963,0.036772,0.006563,0.005226
N20000176,0.046028,0.496054,0.145822,0.186222,0.005915,0.089896,0.025979,0.002186,0.001897
N20000177,0.145044,0.089708,0.509256,0.065059,0.085331,0.016419,0.056786,0.020068,0.012329
N20000178,0.506471,0.130652,0.131722,0.066819,0.063840,0.027138,0.029688,0.024355,0.019314
N20000179,0.050167,0.468549,0.174394,0.176161,0.007036,0.086611,0.032360,0.002583,0.002139
N20000180,0.024069,0.625796,0.049569,0.168930,0.002279,0.119710,0.007730,0.001056,0.000860
N20000181,0.033254,0.592137,0.084610,0.179496,0.003300,0.090496,0.014015,0.001488,0.001205
N20000182,0.033021,0.608982,0.066830,0.169442,0.003140,0.104245,0.011699,0.001470,0.001170
N20000183,0.027914,0.603929,0.095120,0.153021,0.003232,0.098822,0.015509,0.001335,0.001117
N20000184,0.036315,0.586862,0.107165,0.163868,0.004311,0.076947,0.021220,0.001852,0.001460
N20000185,0.045058,0.492254,0.161669,0.163833,0.006110,0.095411,0.031576,0.002226,0.001864
N20000186,0.142767,0.326824,0.226175,0.150025,0.022986,0.067934,0.048814,0.008038,0.006438
N20000187,0.029065,0.631356,0.046276,0.179946,0.002212,0.101480,0.007626,0.001133,0.000907
N20000188,0.051397,0.229016,0.428901,0.135603,0.014317,0.045108,0.088638,0.003750,0.003271
N20000189,0.027791,0.618828,0.050758,0.180004,0.002504,0.109431,0.008488,0.001236,0.000961
N20000190,0.032981,0.581745,0.069667,0.181356,0.003783,0.115330,0.012212,0.001622,0.001304
N20000191,0.035685,0.510241,0.140205,0.174433,0.005506,0.105386,0.024939,0.001986,0.001620
N20000192,0.030613,0.506680,0.146654,0.191730,0.003045,0.097498,0.021382,0.001291,0.001107
N20000193,0.039306,0.591440,0.052774,0.190389,0.003891,0.109398,0.009483,0.001889,0.001430
N20000194,0.027290,0.630503,0.098605,0.132082,0.002928,0.088682,0.017505,0.001364,0.001041
N20000195,0.032349,0.604659,0.052451,0.184628,0.003168,0.110872,0.009149,0.001547,0.001177
N20000196,0.027908,0.574986,0.087607,0.182675,0.002906,0.107713,0.013883,0.001283,0.001040
N20000197,0.021338,0.559539,0.117940,0.197354,0.002385,0.078785,0.020809,0.001025,0.000827
N20000198,0.024248,0.530651,0.171168,0.160099,0.003473,0.080193,0.027766,0.001314,0.001087
N20000199,0.030263,0.599771,0.061024,0.184787,0.002801,0.108701,0.010250,0.001344,0.001058
N20000200,0.017319,0.538740,0.136709,0.194037,0.002291,0.086043,0.023233,0.000887,0.000740
N20000201,0.372597,0.266774,0.091144,0.108027,0.049465,0.054967,0.021118,0.020657,0.015251
N20000202,0.024527,0.603249,0.071996,0.199971,0.002527,0.082381,0.013281,0.001162,0.000906
N20000203,0.192854,0.221470,0.308010,0.095013,0.042175,0.036045,0.081514,0.012732,0.010185
N20000204,0.178902,0.247523,0.291678,0.099493,0.038051,0.042269,0.080820,0.011892,0.009371
N20000205,0.089753,0.332484,0.287755,0.149705,0.016510,0.053975,0.059808,0.005525,0.004485
N20000206,0.112522,0.345054,0.225218,0.169726,0.018500,0.073503,0.044140,0.006171,0.005166
N20000207,0.810906,0.016716,0.014870,0.009871,0.076120,0.004325,0.003209,0.037761,0.026222
N20000208,0.761557,0.021833,0.018708,0.011335,0.101489,0.004809,0.005292,0.045053,0.029926
N20000209,0.800808,0.026481,0.016011,0.015801,0.070150,0.007338,0.003720,0.034896,0.024795
N20000210,0.808293,0.018724,0.011472,0.009971,0.076964,0.004652,0.002768,0.040585,0.026571
N20000211,0.081093,0.165574,0.464893,0.132810,0.039885,0.036089,0.068196,0.004355,0.007104
N20000212,0.056671,0.468930,0.122029,0.220649,0.012515,0.097753,0.016044,0.002151,0.003257
N20000213,0.064615,0.427939,0.158117,0.217812,0.012391,0.094808,0.018865,0.002097,0.003356
N20000214,0.027115,0.455857,0.045236,0.316574,0.004804,0.143931,0.004297,0.000812,0.001374
N20000215,0.068740,0.332325,0.258276,0.196489,0.019148,0.079536,0.036987,0.003340,0.005160
N20000216,0.048611,0.422150,0.098460,0.301281,0.012316,0.101160,0.011165,0.001859,0.002997
N20000217,0.068877,0.330877,0.214886,0.239755,0.024468,0.085799,0.027132,0.003061,0.005145
N20000218,0.065570,0.377166,0.171278,0.243735,0.018715,0.095927,0.020649,0.002672,0.004289
N20000219,0.183100,0.096847,0.466295,0.068304,0.062610,0.023105,0.075172,0.009652,0.014915
N20000220,0.071469,0.307222,0.221624,0.262004,0.021777,0.085557,0.022647,0.002843,0.004857
N20000221,0.044337,0.417569,0.157133,0.253371,0.010914,0.094609,0.017712,0.001665,0.002692
N20000222,0.090627,0.433222,0.164521,0.156657,0.013071,0.100343,0.032818,0.004723,0.004017
N20000223,0.108689,0.367779,0.123690,0.269370,0.020476,0.085640,0.015401,0.003437,0.005517
N20000224,0.185800,0.258570,0.168540,0.230611,0.049265,0.068908,0.019414,0.007292,0.011599
N20000225,0.073446,0.473856,0.154238,0.158474,0.013802,0.086613,0.031731,0.004363,0.003478
N20000226,0.110829,0.261656,0.291960,0.193824,0.036339,0.054324,0.038595,0.004776,0.007698
N20000227,0.129682,0.292633,0.258172,0.142479,0.027849,0.073235,0.060284,0.008490,0.007176
N20000228,0.057604,0.507710,0.139576,0.148579,0.008410,0.104399,0.027934,0.003172,0.002616
N20000229,0.054164,0.531778,0.133993,0.145738,0.007153,0.091284,0.030662,0.002934,0.002295
N20000230,0.151995,0.391815,0.151377,0.149224,0.021385,0.086385,0.033539,0.007774,0.006506
N20000231,0.330795,0.137870,0.234954,0.070790,0.087046,0.032714,0.060640,0.024822,0.020369
N20000232,0.123705,0.092008,0.526217,0.042804,0.041237,0.020255,0.134703,0.010432,0.008639
N20000233,0.424057,0.147538,0.155789,0.071361,0.079005,0.037187,0.036632,0.027004,0.021426
N20000234,0.372152,0.108483,0.231003,0.049877,0.097926,0.025275,0.064977,0.028041,0.022265
N20000235,0.350710,0.184125,0.186888,0.086953,0.065273,0.042597,0.046081,0.020333,0.017041
N20000236,0.248406,0.230712,0.245090,0.087922,0.047871,0.049879,0.061977,0.015615,0.012527
N20000237,0.222673,0.308665,0.171398,0.125038,0.039021,0.065625,0.043580,0.013278,0.010722
N20000238,0.530979,0.053850,0.150622,0.029477,0.117923,0.013332,0.038166,0.036693,0.028957
N20000239,0.305169,0.251349,0.146883,0.117451,0.047773,0.070104,0.030162,0.017118,0.013991
N20000240,0.480814,0.120220,0.153170,0.056110,0.074230,0.029288,0.038992,0.026112,0.021063
N20000241,0.138175,0.415420,0.136134,0.140004,0.021273,0.102855,0.032006,0.007854,0.006278
N20000242,0.127764,0.450614,0.117723,0.152697,0.018134,0.091645,0.029283,0.006699,0.005441
N20000243,0.598494,0.036980,0.106909,0.018547,0.127385,0.009051,0.030306,0.041014,0.031314
N20000244,0.634613,0.036042,0.063638,0.020187,0.137454,0.009617,0.018683,0.045710,0.034055
N20000245,0.793612,0.021225,0.018185,0.012026,0.080103,0.006574,0.004462,0.036656,0.027157
N20000246,0.673665,0.028515,0.055022,0.015140,0.127799,0.007775,0.016953,0.042704,0.032427
N20000247,0.611660,0.044848,0.095621,0.021731,0.117541,0.010965,0.026862,0.040455,0.030317
N20000248,0.123925,0.334374,0.216210,0.176837,0.024301,0.081142,0.030725,0.005051,0.007435
N20000249,0.742717,0.033157,0.040404,0.020322,0.082187,0.009985,0.008953,0.035188,0.027088
N20000250,0.717616,0.024260,0.031059,0.014253,0.119369,0.007090,0.008645,0.044758,0.032950
N20000251,0.745004,0.024129,0.020438,0.018154,0.115095,0.007562,0.003542,0.028615,0.037463
N20000252,0.743541,0.031313,0.028250,0.018909,0.094721,0.009719,0.007113,0.037618,0.028816
N20000253,0.611263,0.037252,0.076139,0.022504,0.141336,0.010607,0.021472,0.045272,0.034157
N20000254,0.565670,0.024014,0.101736,0.015172,0.172448,0.006822,0.030027,0.047465,0.036648
N20000255,0.666266,0.019715,0.041963,0.010350,0.154720,0.006179,0.013080,0.050807,0.036920
N20000256,0.690795,0.027445,0.040276,0.015371,0.127913,0.007890,0.011714,0.044908,0.033688
N20000257,0.103710,0.236871,0.277993,0.212268,0.064264,0.061506,0.029209,0.005241,0.008938
N20000258,0.045781,0.249104,0.357541,0.209989,0.023070,0.079447,0.029522,0.001990,0.003555
N20000259,0.051455,0.351959,0.185945,0.277843,0.020704,0.090062,0.016372,0.002114,0.003546
N20000260,0.038478,0.253277,0.369696,0.216092,0.023383,0.058153,0.035584,0.001958,0.003379
N20000261,0.039833,0.342856,0.186877,0.278946,0.019760,0.111388,0.015432,0.001791,0.003117
N20000262,0.026018,0.250267,0.403945,0.200057,0.012871,0.073164,0.030551,0.001132,0.001995
N20000263,0.052030,0.286082,0.293567,0.226664,0.026309,0.080235,0.028707,0.002356,0.004049
N20000264,0.113644,0.200889,0.384865,0.141389,0.050916,0.051589,0.044200,0.004696,0.007811
N20000265,0.140443,0.144726,0.413363,0.125181,0.079239,0.036109,0.042590,0.006981,0.011369
N20000266,0.049506,0.303937,0.264715,0.239151,0.023547,0.090490,0.022869,0.002122,0.003664
N20000267,0.382323,0.067573,0.219017,0.070575,0.174694,0.017582,0.024210,0.017173,0.026852
N20000268,0.136322,0.207692,0.288195,0.200827,0.067393,0.055046,0.028385,0.005971,0.010168
N20000269,0.064920,0.311060,0.232065,0.253611,0.029778,0.080733,0.020202,0.002878,0.004755
N20000270,0.608091,0.053699,0.051212,0.049091,0.163449,0.015447,0.006089,0.021802,0.031119
N20000271,0.345901,0.057539,0.227986,0.052970,0.221957,0.014891,0.030249,0.019223,0.029285
N20000272,0.453370,0.055773,0.112025,0.049515,0.239194,0.013497,0.018179,0.024157,0.034290
N20000273,0.623294,0.026974,0.037478,0.027588,0.209492,0.007120,0.005052,0.026449,0.036553
N20000274,0.037158,0.342426,0.178978,0.280655,0.015879,0.126720,0.014111,0.001454,0.002619
N20000275,0.374346,0.063111,0.206686,0.061360,0.201963,0.014820,0.030343,0.018976,0.028394
N20000276,0.562034,0.063138,0.066684,0.056487,0.172369,0.017537,0.008911,0.021658,0.031183
N20000277,0.656170,0.016773,0.022449,0.019082,0.214113,0.004882,0.002906,0.026262,0.037363
N20000278,0.055951,0.350019,0.164603,0.274189,0.020727,0.115278,0.013446,0.002140,0.003648
N20000279,0.161924,0.322970,0.201816,0.146044,0.062634,0.057212,0.030372,0.006769,0.010260
N20000280,0.056066,0.356970,0.160498,0.266687,0.022483,0.117157,0.014091,0.002243,0.003805
N20000281,0.192882,0.269178,0.136409,0.238046,0.053133,0.081139,0.012467,0.006410,0.010336
N20000282,0.506564,0.090468,0.065742,0.092023,0.164904,0.026370,0.007686,0.017786,0.028457
N20000283,0.591183,0.031480,0.046497,0.030900,0.221645,0.008033,0.006501,0.026853,0.036908
N20000284,0.629841,0.017052,0.018182,0.016784,0.242398,0.004764,0.002926,0.029024,0.039028
N20000285,0.221582,0.276893,0.078896,0.237390,0.052132,0.109310,0.006586,0.006378,0.010831
N20000286,0.653194,0.015867,0.016629,0.016711,0.223572,0.004578,0.002343,0.028485,0.038620
N20000287,0.698330,0.015388,0.010292,0.016333,0.190182,0.004840,0.001368,0.027053,0.036214
N20000288,0.599721,0.080548,0.034480,0.073272,0.138659,0.021446,0.003985,0.019633,0.028255
N20000289,0.661996,0.026992,0.034030,0.025374,0.182328,0.006868,0.004085,0.024214,0.034112
N20000290,0.651606,0.028512,0.030968,0.025298,0.192456,0.007687,0.003806,0.024873,0.034795
N20000291,0.633277,0.025789,0.017801,0.029262,0.221267,0.007441,0.002187,0.025690,0.037285
N20000292,0.702507,0.012556,0.008606,0.012928,0.195535,0.003808,0.001264,0.026694,0.036102
N20000293,0.405890,0.073926,0.190285,0.086188,0.161725,0.019635,0.019763,0.016280,0.026308
N20000294,0.708970,0.010407,0.008259,0.010850,0.194110,0.003081,0.001188,0.027104,0.036030
N20000295,0.501321,0.120754,0.046030,0.101464,0.145420,0.037390,0.004787,0.020612,0.022222
N20000296,0.418259,0.175670,0.059331,0.144595,0.101119,0.064493,0.004838,0.014785,0.016911
N20000297,0.740014,0.038034,0.015423,0.022309,0.122829,0.013344,0.001728,0.023388,0.022930
N20000298,0.720300,0.014187,0.009690,0.012457,0.180108,0.005273,0.001069,0.028122,0.028793
N20000299,0.695708,0.053368,0.015321,0.048046,0.121980,0.021718,0.001386,0.019925,0.022550
N20000300,0.719945,0.026146,0.014868,0.023079,0.153074,0.009734,0.001455,0.025236,0.026464
N20000301,0.668731,0.032382,0.026452,0.026944,0.176734,0.013147,0.002715,0.025471,0.027423
N20000302,0.551324,0.120104,0.033616,0.100066,0.110749,0.044132,0.002876,0.017437,0.019695
N20000303,0.687398,0.014835,0.018706,0.011046,0.198566,0.005393,0.001743,0.033236,0.029074
N20000304,0.479093,0.113128,0.074608,0.067952,0.174451,0.034824,0.007179,0.025353,0.023412
N20000305,0.097766,0.383632,0.062971,0.251874,0.025210,0.166564,0.004535,0.003337,0.004112
N20000306,0.369740,0.130214,0.102544,0.106464,0.185461,0.051334,0.008735,0.022940,0.022569
N20000307,0.294638,0.170359,0.143934,0.137223,0.143914,0.062700,0.012134,0.017517,0.017583
N20000308,0.326509,0.291070,0.098013,0.088332,0.076726,0.084079,0.010680,0.012842,0.011748
N20000309,0.629822,0.040564,0.032497,0.022652,0.198651,0.013213,0.003616,0.031476,0.027509
N20000310,0.491251,0.146598,0.050212,0.121651,0.094164,0.059699,0.003904,0.015208,0.017312
N20000311,0.412158,0.054135,0.142076,0.043174,0.259860,0.020133,0.013161,0.027744,0.027558
N20000312,0.577171,0.029768,0.038301,0.021056,0.254575,0.010260,0.004387,0.033624,0.030859
N20000313,0.573629,0.080682,0.058221,0.027758,0.175293,0.022303,0.008273,0.029782,0.024060
N20000314,0.141215,0.360833,0.142845,0.189430,0.044838,0.095534,0.013033,0.005982,0.006290
N20000315,0.210870,0.164325,0.304572,0.068995,0.141878,0.035606,0.043617,0.015709,0.014427
N20000316,0.645781,0.035906,0.032628,0.017053,0.192427,0.010033,0.003589,0.034785,0.027798
N20000317,0.677575,0.031353,0.026178,0.018739,0.176807,0.010457,0.002830,0.029718,0.026343
N20000318,0.708453,0.027916,0.014722,0.016473,0.164631,0.009736,0.001571,0.030358,0.026140
N20000319,0.567095,0.097470,0.049892,0.036519,0.162637,0.028770,0.006056,0.028274,0.023289
N20000320,0.114907,0.423362,0.164271,0.131094,0.037287,0.101050,0.017292,0.005571,0.005165
N20000321,0.688551,0.010923,0.011615,0.007031,0.210686,0.003945,0.001237,0.036086,0.029926
N20000322,0.715163,0.014080,0.009565,0.008424,0.184440,0.004766,0.001062,0.034423,0.028077
N20000323,0.611273,0.044182,0.037427,0.018179,0.209658,0.013505,0.005093,0.033196,0.027486
N20000324,0.301496,0.301381,0.096000,0.099282,0.088538,0.075058,0.011580,0.014098,0.012567
N20000325,0.253341,0.255483,0.132917,0.131874,0.098233,0.089275,0.012533,0.013431,0.012913
N20000326,0.042793,0.563655,0.041367,0.209970,0.011246,0.123829,0.003578,0.001803,0.001759
N20000327,0.729627,0.013800,0.008225,0.009215,0.170969,0.005062,0.000750,0.034390,0.027962
N20000328,0.412076,0.163548,0.096749,0.077136,0.147463,0.052472,0.010795,0.020456,0.019305
N20000329,0.709749,0.021006,0.011596,0.014494,0.175438,0.008377,0.001208,0.030835,0.027298
N20000330,0.680456,0.032307,0.025673,0.023252,0.168217,0.012005,0.002362,0.029198,0.026530
N20000331,0.572677,0.025864,0.045809,0.022596,0.253384,0.010668,0.004372,0.033270,0.031360
N20000332,0.481154,0.095798,0.075831,0.073709,0.182745,0.034334,0.006618,0.025191,0.024620
N20000333,0.311089,0.262194,0.073377,0.151450,0.085586,0.084154,0.005823,0.013297,0.013028
N20000334,0.301759,0.123650,0.229081,0.088705,0.159153,0.042235,0.018544,0.018307,0.018566
N20000335,0.636903,0.026689,0.016597,0.020741,0.220770,0.010093,0.001800,0.035562,0.030845
N20000336,0.539260,0.067117,0.048238,0.054573,0.203251,0.027843,0.004328,0.028217,0.027172
N20000337,0.501538,0.062881,0.063116,0.051868,0.234570,0.022893,0.006230,0.028733,0.028171
N20000338,0.095932,0.348232,0.044012,0.225727,0.024852,0.251541,0.002131,0.003545,0.004029
N20000339,0.531995,0.099311,0.057385,0.068910,0.151727,0.038608,0.004941,0.024228,0.022895
N20000340,0.126627,0.355026,0.018381,0.262261,0.020344,0.208817,0.000983,0.003568,0.003993
N20000341,0.552499,0.070009,0.051237,0.058036,0.179296,0.032122,0.004105,0.026787,0.025909
N20000342,0.687390,0.018047,0.012480,0.013362,0.196602,0.008492,0.001084,0.033160,0.029384
N20000343,0.408886,0.182975,0.043662,0.141060,0.084235,0.107847,0.002621,0.013895,0.014816
N20000344,0.492385,0.139717,0.033962,0.111014,0.099300,0.088203,0.002002,0.016052,0.017364
N20000345,0.703963,0.050129,0.016472,0.039755,0.111810,0.033747,0.001019,0.021616,0.021489
N20000346,0.545661,0.106863,0.043027,0.080367,0.120670,0.059600,0.002812,0.020444,0.020556
N20000347,0.729028,0.029182,0.007586,0.022944,0.142090,0.016121,0.000615,0.027327,0.025108
N20000348,0.685668,0.021073,0.012446,0.013773,0.196109,0.008501,0.001329,0.032658,0.028443
N20000349,0.697147,0.024235,0.013210,0.015066,0.179936,0.008487,0.001388,0.032821,0.027708
N20000350,0.701043,0.014913,0.010242,0.010652,0.193713,0.005474,0.001032,0.033893,0.029038
N20000351,0.693751,0.033892,0.014457,0.017130,0.168777,0.010725,0.001645,0.033115,0.026509
N20000352,0.696536,0.029050,0.022142,0.016945,0.166906,0.009308,0.002216,0.030598,0.026298
N20000353,0.753302,0.032508,0.008971,0.025230,0.115209,0.017088,0.000652,0.024384,0.022656
N20000354,0.680548,0.037836,0.023000,0.033805,0.153534,0.019880,0.001674,0.024685,0.025039
N20000355,0.674384,0.008867,0.011710,0.008393,0.227730,0.004061,0.001105,0.032844,0.030905
N20000356,0.434657,0.236095,0.036335,0.120410,0.082280,0.052269,0.002386,0.020444,0.015122
N20000357,0.013965,0.622684,0.007781,0.195255,0.001546,0.157518,0.000696,0.000105,0.000450
N20000358,0.158662,0.448604,0.037010,0.201750,0.024902,0.115506,0.002022,0.006520,0.005025
N20000359,0.014646,0.657289,0.030161,0.152481,0.002678,0.140074,0.001538,0.000622,0.000511
N20000360,0.278838,0.323104,0.076531,0.168724,0.049580,0.077914,0.004352,0.011647,0.009310
N20000361,0.543847,0.112088,0.063772,0.063143,0.142624,0.029417,0.009424,0.007577,0.028109
N20000362,0.053855,0.571262,0.021773,0.174752,0.007527,0.166320,0.002071,0.000474,0.001965
N20000363,0.055773,0.518030,0.054087,0.216774,0.009974,0.138744,0.002899,0.001684,0.002036
N20000364,0.130673,0.433646,0.074027,0.220367,0.030340,0.094785,0.004268,0.006672,0.005223
N20000365,0.043278,0.542169,0.040669,0.242832,0.006991,0.118667,0.002254,0.001736,0.001404
N20000366,0.054845,0.514086,0.061430,0.219432,0.010247,0.132772,0.002918,0.002340,0.001930
N20000367,0.185356,0.390248,0.077807,0.176529,0.030913,0.123027,0.004302,0.005410,0.006407
N20000368,0.072021,0.604393,0.054484,0.141879,0.013329,0.102976,0.005049,0.003460,0.002409
N20000369,0.088945,0.498039,0.050322,0.160036,0.012700,0.182285,0.002548,0.002312,0.002814
N20000370,0.711009,0.022424,0.023653,0.014296,0.155267,0.004736,0.002057,0.040304,0.026255
N20000371,0.699389,0.020615,0.024577,0.011248,0.168272,0.003703,0.002403,0.042794,0.026999
N20000372,0.716813,0.022513,0.020652,0.014558,0.155815,0.005231,0.001914,0.036799,0.025705
N20000373,0.754212,0.020445,0.009774,0.010008,0.136115,0.003904,0.001032,0.040072,0.024439
N20000374,0.665759,0.021286,0.042476,0.010497,0.181200,0.003796,0.004153,0.043342,0.027491
N20000375,0.700353,0.032523,0.020058,0.010685,0.157243,0.004722,0.002689,0.046186,0.025542
N20000376,0.699722,0.054648,0.037236,0.018314,0.118194,0.008800,0.003760,0.037514,0.021811
N20000377,0.123770,0.489990,0.131401,0.132588,0.027543,0.067990,0.015672,0.006581,0.004465
N20000378,0.752769,0.016708,0.015217,0.010723,0.137561,0.003635,0.001299,0.037315,0.024773
N20000379,0.634036,0.055020,0.054993,0.018850,0.156588,0.008068,0.006394,0.041651,0.024398
N20000380,0.664645,0.039180,0.029447,0.021816,0.166450,0.007385,0.002761,0.041467,0.026850
N20000381,0.724587,0.058494,0.015229,0.020257,0.111752,0.009650,0.001838,0.036735,0.021457
N20000382,0.636884,0.102752,0.041786,0.023765,0.119536,0.013721,0.006409,0.035015,0.020133
N20000383,0.085531,0.462736,0.064388,0.243048,0.018102,0.115240,0.003670,0.004066,0.003219
N20000384,0.026148,0.430043,0.285967,0.150729,0.009713,0.075957,0.018452,0.001642,0.001349
N20000385,0.028616,0.679420,0.079781,0.117113,0.005630,0.080541,0.006357,0.001513,0.001031
N20000386,0.664071,0.090417,0.028330,0.020823,0.120948,0.012719,0.004548,0.037431,0.020713
N20000387,0.028470,0.615127,0.056392,0.200958,0.004871,0.088238,0.003750,0.001254,0.000941
N20000388,0.023691,0.707769,0.045582,0.133574,0.003892,0.079752,0.003850,0.001125,0.000764
N20000389,0.057896,0.621638,0.054032,0.164264,0.009776,0.083041,0.004867,0.002637,0.001851
N20000390,0.061977,0.650011,0.055180,0.136391,0.010378,0.076051,0.005066,0.002951,0.001995
N20000391,0.061342,0.642695,0.055970,0.141405,0.012415,0.075140,0.005483,0.003353,0.002197
N20000392,0.038342,0.618802,0.056522,0.181129,0.006868,0.091295,0.003952,0.001784,0.001307
N20000393,0.085172,0.527669,0.116956,0.161328,0.016493,0.074098,0.011371,0.004045,0.002867
N20000394,0.028362,0.681098,0.041740,0.143568,0.004858,0.095155,0.002961,0.001314,0.000944
N20000395,0.255211,0.449214,0.088714,0.073428,0.040612,0.060231,0.013495,0.011901,0.007195
N20000396,0.033576,0.644043,0.051363,0.174190,0.005988,0.083895,0.004166,0.001647,0.001134
N20000397,0.016371,0.581371,0.065498,0.217929,0.004031,0.109533,0.003731,0.000848,0.000687
N20000398,0.157954,0.499575,0.108486,0.109691,0.038685,0.056002,0.014543,0.009117,0.005947
N20000399,0.055054,0.631424,0.047114,0.162738,0.008378,0.087571,0.003633,0.002412,0.001677
N20000400,0.235579,0.405368,0.147257,0.073859,0.051635,0.041743,0.022874,0.013482,0.008202
N20000401,0.633123,0.092711,0.043144,0.043990,0.111728,0.030240,0.003019,0.020092,0.021955
N20000402,0.053586,0.604849,0.065811,0.162047,0.010111,0.093747,0.005413,0.002588,0.001849
N20000403,0.253038,0.464456,0.073836,0.079183,0.046402,0.050789,0.011042,0.013285,0.007969
N20000404,0.042141,0.589051,0.065200,0.190588,0.007242,0.098012,0.004511,0.001874,0.001381
N20000405,0.076814,0.495244,0.126084,0.182537,0.016451,0.086513,0.009858,0.003696,0.002802
N20000406,0.016391,0.583596,0.030211,0.241982,0.002915,0.121785,0.001794,0.000755,0.000571
N20000407,0.035455,0.596114,0.057502,0.194954,0.007447,0.101271,0.004160,0.001786,0.001312
N20000408,0.057416,0.522873,0.072980,0.223467,0.017916,0.094502,0.005318,0.002599,0.002929
N20000409,0.022733,0.562535,0.044620,0.245727,0.003373,0.117106,0.002315,0.000890,0.000700
N20000410,0.064514,0.558271,0.073642,0.181470,0.010125,0.101804,0.005515,0.002691,0.001967
N20000411,0.188675,0.402393,0.170105,0.099707,0.053023,0.044513,0.022111,0.011723,0.007749
N20000412,0.056669,0.548847,0.057091,0.191732,0.010536,0.126416,0.004196,0.002593,0.001920
N20000413,0.072840,0.562322,0.094360,0.150359,0.014508,0.091334,0.008037,0.003659,0.002581
N20000414,0.038722,0.487390,0.102032,0.262870,0.009590,0.089642,0.006142,0.001996,0.001614
N20000415,0.043947,0.556362,0.063169,0.214064,0.008446,0.106270,0.004134,0.002045,0.001562
N20000416,0.118008,0.341797,0.200231,0.195595,0.030378,0.092960,0.011303,0.004412,0.005315
N20000417,0.022634,0.569442,0.067146,0.234508,0.005451,0.094424,0.004263,0.001198,0.000933
N20000418,0.199173,0.370622,0.100833,0.123426,0.041113,0.144634,0.005646,0.006719,0.007835
N20000419,0.043951,0.479866,0.077998,0.247647,0.008710,0.134228,0.004009,0.001989,0.001603
N20000420,0.026176,0.490926,0.086210,0.246638,0.006089,0.137508,0.004157,0.001245,0.001050
N20000421,0.616073,0.086922,0.050469,0.051132,0.112613,0.025198,0.003750,0.031881,0.021962
N20000422,0.681026,0.063780,0.042823,0.034628,0.101481,0.023508,0.002740,0.028862,0.021152
N20000423,0.744344,0.018289,0.018893,0.014293,0.133399,0.004944,0.001544,0.038340,0.025956
N20000424,0.698013,0.032418,0.036881,0.021877,0.136131,0.008974,0.002926,0.037147,0.025634
N20000425,0.665574,0.027362,0.032114,0.014849,0.175242,0.005766,0.003759,0.046630,0.028704
N20000426,0.782721,0.015806,0.009291,0.012130,0.114026,0.004417,0.000768,0.036677,0.024164
N20000427,0.659277,0.011795,0.039090,0.009210,0.197006,0.002838,0.003535,0.046287,0.030960
N20000428,0.719818,0.020923,0.025351,0.015102,0.144225,0.004990,0.002192,0.040805,0.026593
N20000429,0.733721,0.020533,0.018134,0.012380,0.140071,0.004925,0.001718,0.042219,0.026300
N20000430,0.042265,0.515210,0.089687,0.163782,0.006077,0.174920,0.005081,0.001669,0.001309
N20000431,0.773803,0.016429,0.012411,0.008305,0.118387,0.003477,0.001174,0.041484,0.024531
N20000432,0.772467,0.013288,0.011868,0.006680,0.123147,0.002770,0.001121,0.043431,0.025229
N20000433,0.468979,0.124475,0.163143,0.047709,0.110981,0.021205,0.019206,0.026047,0.018254
N20000434,0.446535,0.179601,0.128194,0.063644,0.096193,0.027446,0.014704,0.026773,0.016910
N20000435,0.593843,0.038308,0.092903,0.019279,0.171575,0.007106,0.011168,0.039648,0.026169
N20000436,0.438710,0.182730,0.125840,0.073284,0.095417,0.028844,0.015159,0.023716,0.016300
N20000437,0.465853,0.092331,0.153054,0.035993,0.159215,0.016138,0.018479,0.035983,0.022952
N20000438,0.342616,0.232208,0.173429,0.089927,0.075630,0.034616,0.020808,0.017996,0.012771
N20000439,0.740915,0.019488,0.023117,0.009979,0.132265,0.003933,0.002361,0.042479,0.025464
N20000440,0.128314,0.549130,0.074007,0.101901,0.019396,0.110650,0.006739,0.005872,0.003991
N20000441,0.655628,0.068009,0.047839,0.027750,0.124880,0.013813,0.005422,0.034152,0.022507
N20000442,0.684767,0.073796,0.040515,0.030642,0.098662,0.014308,0.003864,0.032729,0.020716
N20000443,0.110759,0.380541,0.265170,0.110739,0.029845,0.065914,0.025433,0.006777,0.004822
N20000444,0.345249,0.341578,0.094695,0.070955,0.056280,0.049636,0.014286,0.016752,0.010569
N20000445,0.494960,0.040900,0.158544,0.017692,0.193625,0.006229,0.021227,0.040798,0.026027
N20000446,0.131405,0.430148,0.131327,0.176890,0.024477,0.084265,0.010559,0.006263,0.004666
N20000447,0.266545,0.243492,0.235350,0.084270,0.076122,0.036916,0.028593,0.016952,0.011760
N20000448,0.728009,0.028755,0.029627,0.017338,0.126387,0.006772,0.002775,0.036184,0.024154
N20000449,0.692692,0.044716,0.038929,0.021745,0.128647,0.008567,0.004133,0.036803,0.023767
N20000450,0.024456,0.501359,0.093627,0.260670,0.005612,0.105940,0.005985,0.001319,0.001030
N20000451,0.075231,0.439949,0.181683,0.157088,0.021222,0.102023,0.014726,0.004667,0.003412
N20000452,0.713959,0.031099,0.039596,0.017247,0.126672,0.006293,0.004020,0.036965,0.024150
N20000453,0.686316,0.042511,0.044770,0.023083,0.130639,0.008627,0.004452,0.035684,0.023918
N20000454,0.725396,0.031690,0.019631,0.017549,0.132661,0.006448,0.001983,0.039637,0.025005
N20000455,0.049566,0.423985,0.227635,0.182995,0.014615,0.078274,0.017602,0.002979,0.002350
N20000456,0.044678,0.422318,0.208225,0.207889,0.012564,0.084620,0.014997,0.002636,0.002073
N20000457,0.040550,0.478909,0.162542,0.172892,0.009868,0.119569,0.011711,0.002239,0.001719
N20000458,0.288932,0.258543,0.146028,0.155302,0.059085,0.056955,0.010269,0.013986,0.010900
N20000459,0.055605,0.440583,0.192162,0.182724,0.013347,0.095915,0.014149,0.003179,0.002336
N20000460,0.050412,0.397985,0.249842,0.167160,0.014111,0.096256,0.018929,0.003006,0.002298
N20000461,0.037454,0.469460,0.182118,0.163123,0.009853,0.121399,0.012723,0.002197,0.001673
N20000462,0.017798,0.458122,0.180728,0.211570,0.005827,0.112462,0.011406,0.001162,0.000925
N20000463,0.020529,0.484533,0.157764,0.190380,0.004306,0.132314,0.008338,0.001014,0.000822
N20000464,0.017771,0.325218,0.394400,0.145477,0.006342,0.083962,0.024704,0.001164,0.000962
N20000465,0.297198,0.276958,0.115275,0.170046,0.052184,0.056308,0.007318,0.014187,0.010526
N20000466,0.038056,0.612817,0.051896,0.157116,0.004768,0.129239,0.003472,0.001533,0.001104
N20000467,0.334665,0.160113,0.227280,0.093663,0.095595,0.036900,0.017240,0.019526,0.015018
N20000468,0.076800,0.548699,0.104158,0.143107,0.014262,0.096432,0.009949,0.003887,0.002706
N20000469,0.023172,0.515693,0.091682,0.244572,0.004797,0.113027,0.005007,0.001124,0.000927
N20000470,0.019457,0.527860,0.088616,0.190050,0.003374,0.164557,0.004538,0.000855,0.000695
N20000471,0.012269,0.490954,0.150050,0.207230,0.003276,0.126134,0.008807,0.000709,0.000571
N20000472,0.035871,0.550498,0.073828,0.174065,0.007008,0.150515,0.005054,0.001808,0.001352
N20000473,0.115568,0.352598,0.206841,0.177984,0.034959,0.084120,0.014800,0.007494,0.005637
N20000474,0.033015,0.524112,0.076122,0.211986,0.005914,0.142284,0.003900,0.001464,0.001203
N20000475,0.016543,0.516726,0.119074,0.206716,0.003888,0.128705,0.006784,0.000851,0.000713
N20000476,0.611275,0.057004,0.085105,0.056013,0.110128,0.015211,0.004484,0.038547,0.022234
N20000477,0.722939,0.016179,0.022563,0.015059,0.141556,0.004349,0.001379,0.048931,0.027045
N20000478,0.571526,0.043310,0.122407,0.044770,0.134480,0.012405,0.006539,0.040573,0.023989
N20000479,0.768006,0.017860,0.024670,0.016685,0.102343,0.004805,0.001294,0.041367,0.022970
N20000480,0.694348,0.013539,0.035435,0.014360,0.156635,0.003669,0.002050,0.051535,0.028429
N20000481,0.722320,0.019102,0.033312,0.018380,0.127475,0.005174,0.001907,0.046531,0.025798
N20000482,0.312084,0.088917,0.338952,0.084963,0.096201,0.020625,0.017148,0.025475,0.015635
N20000483,0.630155,0.012699,0.030539,0.011938,0.212722,0.003259,0.002370,0.063453,0.032866
N20000484,0.652528,0.013738,0.034914,0.012599,0.190775,0.003303,0.002548,0.058780,0.030815
N20000485,0.703177,0.011745,0.014556,0.010109,0.166028,0.002944,0.001041,0.060461,0.029939
N20000486,0.702987,0.013157,0.017004,0.011232,0.165680,0.003462,0.001230,0.055992,0.029257
N20000487,0.736869,0.012541,0.020452,0.009770,0.144743,0.003420,0.001781,0.042076,0.028349
N20000488,0.280228,0.103460,0.333610,0.073571,0.120287,0.024057,0.021804,0.026646,0.016337
N20000489,0.791912,0.015462,0.011704,0.011614,0.103554,0.004101,0.000932,0.036697,0.024023
N20000490,0.790713,0.012154,0.010106,0.006228,0.109820,0.002646,0.000952,0.042579,0.024802
N20000491,0.806412,0.014063,0.011816,0.008628,0.094890,0.003410,0.000995,0.036850,0.022936
N20000492,0.788728,0.011897,0.007291,0.007562,0.113604,0.002914,0.000698,0.041928,0.025379
N20000493,0.627739,0.009994,0.040147,0.007037,0.222940,0.002258,0.004881,0.051697,0.033308
N20000494,0.805740,0.010359,0.004858,0.005624,0.104766,0.002572,0.000473,0.041433,0.024176
N20000495,0.735095,0.013287,0.018405,0.009049,0.146806,0.003355,0.001808,0.043850,0.028346
N20000496,0.692860,0.018568,0.034772,0.010809,0.160976,0.003762,0.003870,0.045566,0.028818
N20000497,0.715560,0.011504,0.018868,0.008561,0.164846,0.002999,0.001867,0.045726,0.030068
N20000498,0.626916,0.069463,0.067183,0.019080,0.129754,0.012981,0.009588,0.041486,0.023549
N20000499,0.793886,0.012153,0.008963,0.008403,0.108924,0.003243,0.000786,0.038893,0.024749
N20000500,0.704859,0.037743,0.048005,0.017120,0.117807,0.008201,0.005191,0.037383,0.023691
N20000501,0.036751,0.212431,0.524405,0.134674,0.016459,0.046201,0.023308,0.003451,0.002320
N20000502,0.076543,0.279222,0.335920,0.206768,0.025449,0.048795,0.016800,0.006437,0.004067
N20000503,0.770075,0.015541,0.013327,0.010473,0.118451,0.003730,0.001208,0.041318,0.025877
N20000504,0.707466,0.075419,0.033871,0.021446,0.088909,0.014842,0.004414,0.033819,0.019813
N20000505,0.770897,0.018683,0.012968,0.008714,0.116298,0.003565,0.001486,0.042460,0.024929
N20000506,0.716086,0.039345,0.029194,0.013228,0.124528,0.006694,0.004021,0.042350,0.024555
N20000507,0.098395,0.353339,0.249685,0.176402,0.026743,0.070676,0.012315,0.007813,0.004630
N20000508,0.759321,0.027123,0.021353,0.011620,0.109583,0.005933,0.002237,0.039217,0.023613
N20000509,0.688985,0.037993,0.048687,0.012538,0.131714,0.006550,0.006270,0.042528,0.024734
N20000510,0.039276,0.350189,0.313603,0.174726,0.013375,0.088949,0.014498,0.003279,0.002105
N20000511,0.783506,0.011506,0.009810,0.007095,0.117971,0.002772,0.000953,0.040969,0.025416
N20000512,0.732181,0.059514,0.020082,0.019707,0.096824,0.010815,0.002514,0.036636,0.021726
N20000513,0.095179,0.232797,0.391661,0.165950,0.032828,0.048474,0.019698,0.008248,0.005165
N20000514,0.051354,0.458761,0.214216,0.166120,0.009992,0.079558,0.015463,0.002547,0.001989
N20000515,0.249193,0.424332,0.097694,0.097165,0.037969,0.061483,0.011516,0.012567,0.008081
N20000516,0.717212,0.014855,0.024610,0.007399,0.155073,0.002803,0.002620,0.046828,0.028600
N20000517,0.020957,0.526281,0.069139,0.237872,0.003290,0.138033,0.002519,0.001174,0.000734
N20000518,0.014519,0.402459,0.229390,0.238291,0.004556,0.099809,0.009054,0.001152,0.000770
N20000519,0.070565,0.597453,0.052019,0.172335,0.008688,0.089624,0.004214,0.002983,0.002119
N20000520,0.016651,0.424939,0.205447,0.230013,0.004246,0.108831,0.007928,0.001168,0.000776
N20000521,0.117206,0.347948,0.203032,0.184774,0.030430,0.093444,0.009403,0.008453,0.005310
N20000522,0.798972,0.014388,0.008185,0.009060,0.102937,0.003696,0.000752,0.038024,0.023986
N20000523,0.041867,0.547484,0.091830,0.193060,0.006440,0.110165,0.005881,0.001842,0.001431
N20000524,0.688648,0.040023,0.050922,0.018129,0.124763,0.006842,0.005166,0.040561,0.024945
N20000525,0.473291,0.196495,0.097081,0.076211,0.075770,0.031986,0.009240,0.024104,0.015822
N20000526,0.096430,0.477766,0.202103,0.107134,0.018741,0.067908,0.021074,0.005205,0.003639
N20000527,0.161343,0.500289,0.120739,0.104455,0.022869,0.064107,0.013568,0.007597,0.005033
N20000528,0.788701,0.017609,0.009413,0.009291,0.104929,0.004055,0.000907,0.040921,0.024173
N20000529,0.062469,0.547873,0.126945,0.141157,0.010181,0.096381,0.009729,0.003066,0.002200
N20000530,0.741631,0.019006,0.022819,0.012266,0.131336,0.004664,0.002126,0.039963,0.026190
N20000531,0.022944,0.458172,0.246188,0.156293,0.006352,0.091860,0.015626,0.001438,0.001127
N20000532,0.758726,0.018089,0.020448,0.007931,0.120365,0.003929,0.002259,0.043149,0.025105
N20000533,0.046779,0.529559,0.158592,0.152944,0.008126,0.087758,0.012332,0.002222,0.001689
N20000534,0.081000,0.575308,0.090569,0.146148,0.011817,0.080671,0.008007,0.003815,0.002666
N20000535,0.758080,0.020615,0.013642,0.011202,0.124742,0.004675,0.001487,0.040042,0.025515
N20000536,0.740835,0.028593,0.022028,0.014686,0.121448,0.006378,0.002385,0.038889,0.024758
N20000537,0.048657,0.512937,0.124001,0.176879,0.009256,0.115325,0.008640,0.002445,0.001860
N20000538,0.744666,0.016013,0.020998,0.010051,0.133691,0.003675,0.001962,0.042113,0.026831
N20000539,0.048698,0.650015,0.047433,0.143380,0.005805,0.097543,0.003611,0.002077,0.001438
N20000540,0.063849,0.647300,0.051131,0.122942,0.006599,0.099742,0.004218,0.002499,0.001721
N20000541,0.797402,0.013961,0.007797,0.007873,0.105441,0.003337,0.000762,0.039442,0.023984
N20000542,0.045860,0.554522,0.051906,0.201463,0.005658,0.134005,0.003440,0.001787,0.001360
N20000543,0.799588,0.015983,0.011565,0.010131,0.098036,0.003862,0.000985,0.036648,0.023202
N20000544,0.023328,0.636246,0.043505,0.166049,0.003289,0.123039,0.002711,0.001052,0.000782
N20000545,0.029024,0.493705,0.114868,0.199841,0.004241,0.150446,0.005726,0.001179,0.000969
N20000546,0.038600,0.604863,0.084972,0.157709,0.005374,0.100165,0.005357,0.001704,0.001256
N20000547,0.035888,0.459110,0.183514,0.156293,0.005832,0.146296,0.010209,0.001601,0.001256
N20000548,0.042684,0.650536,0.047534,0.126944,0.005026,0.120951,0.003383,0.001707,0.001233
N20000549,0.023895,0.473758,0.138277,0.194334,0.004078,0.156567,0.007156,0.001059,0.000876
N20000550,0.026410,0.522821,0.160813,0.175700,0.005313,0.096230,0.010252,0.001381,0.001079
N20000551,0.025386,0.504246,0.111083,0.217925,0.007935,0.124374,0.006431,0.001419,0.001202
N20000552,0.023229,0.483106,0.190867,0.183230,0.006180,0.100853,0.010359,0.001166,0.001010
N20000553,0.023369,0.554097,0.130716,0.162693,0.005573,0.113852,0.007619,0.001130,0.000950
N20000554,0.027614,0.484305,0.175785,0.178931,0.008337,0.112716,0.009519,0.001500,0.001294
N20000555,0.024069,0.548222,0.104877,0.209716,0.006108,0.098337,0.006417,0.001229,0.001026
N20000556,0.038164,0.537891,0.101613,0.203421,0.009350,0.099807,0.006288,0.001895,0.001570
N20000557,0.024929,0.475588,0.169200,0.213488,0.010119,0.093720,0.010000,0.001579,0.001377
N20000558,0.027135,0.513194,0.095211,0.251746,0.007120,0.097393,0.005682,0.001348,0.001171
N20000559,0.019620,0.535567,0.070077,0.243234,0.004826,0.120684,0.004221,0.000956,0.000814
N20000560,0.031038,0.393623,0.240879,0.214209,0.021283,0.083531,0.010460,0.002606,0.002370
N20000561,0.020702,0.450565,0.218559,0.201416,0.007393,0.086305,0.012781,0.001216,0.001063
N20000562,0.030520,0.440065,0.171058,0.223733,0.008662,0.113687,0.009410,0.001506,0.001359
N20000563,0.045100,0.207275,0.491174,0.139249,0.032356,0.058473,0.019354,0.003566,0.003453
N20000564,0.031764,0.450018,0.199816,0.197181,0.007943,0.098816,0.011597,0.001536,0.001328
N20000565,0.054895,0.363176,0.229048,0.226018,0.033530,0.074945,0.010197,0.004314,0.003878
N20000566,0.038790,0.539873,0.090104,0.219905,0.013400,0.090037,0.003621,0.002279,0.001991
N20000567,0.027539,0.527550,0.092893,0.219421,0.005435,0.119892,0.005046,0.001215,0.001010
N20000568,0.022358,0.251560,0.458656,0.161584,0.020367,0.061819,0.019476,0.002166,0.002013
N20000569,0.062506,0.476789,0.135155,0.204679,0.014629,0.093184,0.007646,0.002912,0.002500
N20000570,0.051367,0.428746,0.227304,0.187336,0.027117,0.060311,0.010459,0.004005,0.003356
N20000571,0.046411,0.300973,0.352949,0.181605,0.027451,0.069082,0.014848,0.003470,0.003211
N20000572,0.024891,0.452835,0.187804,0.203480,0.007824,0.109843,0.010720,0.001397,0.001206
N20000573,0.034510,0.302671,0.411846,0.161799,0.023884,0.040520,0.019375,0.002795,0.002601
N20000574,0.036425,0.459824,0.194085,0.211175,0.018342,0.066858,0.008250,0.002685,0.002356
N20000575,0.016068,0.317313,0.428440,0.153394,0.011172,0.055084,0.015994,0.001292,0.001242
N20000576,0.016693,0.380662,0.323158,0.188158,0.012362,0.063037,0.013170,0.001423,0.001337
N20000577,0.036773,0.348012,0.314693,0.184813,0.028919,0.066578,0.014009,0.003197,0.003006
N20000578,0.033332,0.272706,0.446889,0.145682,0.027207,0.048613,0.019793,0.002990,0.002787
N20000579,0.025087,0.396192,0.234664,0.232796,0.016674,0.081454,0.009161,0.002061,0.001911
N20000580,0.042444,0.471500,0.167208,0.198412,0.011250,0.095371,0.009806,0.002163,0.001845
N20000581,0.025010,0.550103,0.084796,0.250001,0.004976,0.078018,0.005132,0.001052,0.000913
N20000582,0.029991,0.339026,0.271010,0.222143,0.022401,0.099980,0.010464,0.002550,0.002434
N20000583,0.032361,0.407138,0.142516,0.265042,0.017317,0.126032,0.005149,0.002281,0.002163
N20000584,0.039052,0.462503,0.187059,0.185010,0.021655,0.091359,0.007856,0.002879,0.002628
N20000585,0.049018,0.432866,0.116875,0.256405,0.027375,0.105858,0.004629,0.003650,0.003324
N20000586,0.014627,0.372287,0.282294,0.226670,0.009263,0.083400,0.009249,0.001124,0.001086
N20000587,0.034590,0.473433,0.167745,0.185713,0.018147,0.109203,0.006433,0.002461,0.002276
N20000588,0.030812,0.410767,0.142241,0.277627,0.016160,0.112900,0.005273,0.002167,0.002052
N20000589,0.033814,0.518866,0.045416,0.239347,0.012061,0.145150,0.001650,0.001904,0.001791
N20000590,0.128905,0.347642,0.161806,0.194563,0.053161,0.092537,0.006278,0.007838,0.007269
N20000591,0.071631,0.430701,0.074385,0.202305,0.021362,0.190669,0.002232,0.003366,0.003349
N20000592,0.212587,0.272617,0.201151,0.129449,0.073042,0.081537,0.017242,0.003069,0.009307
N20000593,0.116965,0.443161,0.061155,0.172849,0.031625,0.163325,0.004809,0.001536,0.004575
N20000594,0.068524,0.348146,0.253496,0.190033,0.016854,0.101021,0.015359,0.003602,0.002965
N20000595,0.148729,0.253628,0.272459,0.192473,0.041377,0.057383,0.018447,0.008667,0.006837
N20000596,0.729858,0.030675,0.039239,0.029794,0.106706,0.006827,0.002828,0.031554,0.022517
N20000597,0.483807,0.086191,0.153589,0.081385,0.118778,0.017210,0.012872,0.026080,0.020089
N20000598,0.482101,0.152236,0.093635,0.102413,0.092887,0.025937,0.008106,0.025229,0.017455
N20000599,0.075807,0.362040,0.211701,0.233371,0.021760,0.072294,0.014832,0.004591,0.003604
N20000600,0.490998,0.084690,0.145274,0.072817,0.127519,0.016091,0.012118,0.029181,0.021311
N20000601,0.292372,0.289886,0.093802,0.185004,0.049536,0.058222,0.007336,0.013848,0.009994
N20000602,0.194218,0.267974,0.171395,0.221324,0.041951,0.075563,0.010196,0.009688,0.007691
N20000603,0.066972,0.449867,0.124150,0.241279,0.012857,0.091248,0.007808,0.003272,0.002548
N20000604,0.035229,0.236076,0.396968,0.240693,0.019881,0.037543,0.028189,0.002950,0.002470
N20000605,0.535593,0.128827,0.056580,0.121631,0.078536,0.036080,0.003809,0.022076,0.016869
N20000606,0.378323,0.192472,0.103418,0.163212,0.072330,0.051483,0.006747,0.018123,0.013892
N20000607,0.207655,0.203511,0.263633,0.157426,0.083351,0.036390,0.020789,0.015444,0.011801
N20000608,0.150525,0.267791,0.209893,0.228902,0.054974,0.052568,0.017191,0.010062,0.008095
N20000609,0.164383,0.235371,0.247248,0.204812,0.061120,0.045756,0.020617,0.011639,0.009055
N20000610,0.085201,0.348938,0.177106,0.275626,0.024462,0.067256,0.012166,0.005162,0.004083
N20000611,0.268132,0.325115,0.073175,0.201943,0.045774,0.058229,0.005781,0.012645,0.009205
N20000612,0.272040,0.312421,0.101725,0.190721,0.042140,0.052484,0.007361,0.012178,0.008931
N20000613,0.113668,0.350121,0.191683,0.227635,0.025603,0.067727,0.012921,0.005948,0.004693
N20000614,0.096251,0.304706,0.233593,0.200130,0.049013,0.086747,0.022050,0.001917,0.005594
N20000615,0.456859,0.203704,0.082801,0.112754,0.069491,0.030223,0.007322,0.022048,0.014799
N20000616,0.311301,0.313132,0.075285,0.165614,0.050304,0.052484,0.006437,0.015006,0.010438
N20000617,0.196375,0.228258,0.247173,0.198569,0.054666,0.038633,0.016347,0.011026,0.008954
N20000618,0.274934,0.278670,0.150936,0.162325,0.049801,0.049413,0.010815,0.013230,0.009876
N20000619,0.520901,0.140568,0.104988,0.084617,0.076131,0.025195,0.008699,0.022857,0.016043
N20000620,0.220921,0.269814,0.223690,0.136390,0.061397,0.043256,0.020196,0.014215,0.010121
N20000621,0.240770,0.153680,0.325052,0.120321,0.079901,0.027639,0.024447,0.015900,0.012291
N20000622,0.401818,0.134487,0.202029,0.095227,0.090957,0.022234,0.015274,0.021867,0.016106
N20000623,0.133128,0.379022,0.130045,0.229693,0.033560,0.070545,0.010151,0.007951,0.005904
N20000624,0.220098,0.202775,0.334376,0.115014,0.047940,0.034022,0.025491,0.011644,0.008639
N20000625,0.406168,0.161971,0.157285,0.077788,0.111779,0.023730,0.017585,0.025814,0.017880
N20000626,0.113529,0.311374,0.240991,0.211671,0.033694,0.059574,0.016647,0.007007,0.005514
N20000627,0.265538,0.223404,0.207997,0.164177,0.059113,0.041441,0.014165,0.013487,0.010678
N20000628,0.073633,0.356878,0.189464,0.262385,0.027273,0.068039,0.012967,0.005209,0.004152
N20000629,0.123084,0.361992,0.103623,0.236879,0.026594,0.130478,0.006509,0.005973,0.004868
N20000630,0.220071,0.314431,0.126863,0.207867,0.042965,0.059384,0.009033,0.011100,0.008286
N20000631,0.209324,0.273517,0.192444,0.196615,0.047199,0.047495,0.014282,0.010731,0.008393
N20000632,0.223488,0.283664,0.201028,0.151451,0.056971,0.043066,0.016528,0.013987,0.009818
N20000633,0.080960,0.407293,0.127277,0.272838,0.021952,0.071995,0.009064,0.004854,0.003767
N20000634,0.086219,0.527162,0.066215,0.214031,0.015838,0.077437,0.005186,0.004695,0.003219
N20000635,0.153720,0.199801,0.324894,0.150671,0.081447,0.037519,0.028118,0.013465,0.010366
N20000636,0.098180,0.369056,0.194746,0.218774,0.025286,0.070682,0.013413,0.005475,0.004389
N20000637,0.103144,0.315623,0.229633,0.227385,0.033839,0.062155,0.016384,0.006578,0.005258
N20000638,0.078824,0.321932,0.255873,0.215858,0.031658,0.066623,0.018799,0.005844,0.004589
N20000639,0.095064,0.421688,0.118499,0.248755,0.019345,0.080656,0.007671,0.004635,0.003689
N20000640,0.178620,0.235270,0.253206,0.180055,0.061611,0.051073,0.018948,0.011916,0.009301
N20000641,0.203212,0.287644,0.185202,0.178290,0.052875,0.055395,0.016413,0.012038,0.008931
N20000642,0.353724,0.090977,0.230637,0.082807,0.159443,0.022869,0.018289,0.023233,0.018022
N20000643,0.100137,0.228556,0.366910,0.180889,0.037397,0.044640,0.028589,0.007234,0.005648
N20000644,0.038867,0.469262,0.036947,0.305208,0.006803,0.138477,0.001762,0.001462,0.001213
N20000645,0.340277,0.148051,0.181519,0.120999,0.129399,0.041382,0.015959,0.005773,0.016643
N20000646,0.469512,0.102828,0.112512,0.069636,0.165144,0.022263,0.008583,0.028774,0.020749
N20000647,0.411505,0.165776,0.087659,0.143505,0.107499,0.043341,0.005699,0.019711,0.015306
N20000648,0.062088,0.391890,0.122098,0.243658,0.025433,0.140963,0.009521,0.001104,0.003245
N20000649,0.172400,0.319265,0.164471,0.181407,0.044125,0.095929,0.008104,0.007869,0.006429
N20000650,0.067850,0.485767,0.037150,0.227701,0.015850,0.159063,0.003092,0.000931,0.002593
N20000651,0.573601,0.099661,0.051224,0.066933,0.141970,0.031202,0.005267,0.008478,0.021663
N20000652,0.236696,0.307010,0.051828,0.244581,0.053529,0.083575,0.003200,0.011116,0.008466
N20000653,0.185606,0.311223,0.111823,0.205086,0.053807,0.113112,0.008816,0.002710,0.007816
N20000654,0.559487,0.066093,0.071500,0.048056,0.180165,0.018400,0.006117,0.025378,0.024803
N20000655,0.036988,0.500274,0.028230,0.181909,0.006797,0.242365,0.001838,0.000394,0.001204
N20000656,0.072848,0.477041,0.031067,0.194647,0.013069,0.205928,0.002269,0.000794,0.002336
N20000657,0.087735,0.354472,0.183275,0.191413,0.035209,0.127435,0.014365,0.001587,0.004509
N20000658,0.123245,0.396671,0.047430,0.237736,0.028958,0.155984,0.003684,0.001615,0.004678
N20000659,0.369920,0.234423,0.088308,0.116429,0.095090,0.066509,0.009266,0.005736,0.014321
N20000660,0.240444,0.361071,0.045567,0.158338,0.046924,0.132269,0.004266,0.003106,0.008014
N20000661,0.311413,0.195663,0.159740,0.117876,0.117991,0.060269,0.016573,0.005507,0.014969
N20000662,0.241233,0.332931,0.077648,0.162633,0.051318,0.115942,0.006598,0.003220,0.008478
N20000663,0.280499,0.327202,0.052800,0.164735,0.040821,0.119057,0.004204,0.002881,0.007802
N20000664,0.018507,0.517231,0.044838,0.171724,0.004371,0.239825,0.002123,0.000669,0.000711
N20000665,0.033864,0.467757,0.048705,0.197042,0.010383,0.236802,0.002422,0.001470,0.001554
N20000666,0.018151,0.494674,0.056696,0.220778,0.004791,0.200683,0.002785,0.000687,0.000755
N20000667,0.034098,0.425565,0.141015,0.187852,0.013245,0.188048,0.006784,0.001618,0.001775
N20000668,0.035168,0.501922,0.060818,0.171713,0.008963,0.215307,0.003320,0.001387,0.001403
N20000669,0.024397,0.479687,0.100014,0.234988,0.008974,0.143583,0.005939,0.001189,0.001230
N20000670,0.023734,0.491168,0.041204,0.169860,0.005025,0.265640,0.001730,0.000776,0.000863
N20000671,0.019659,0.481546,0.099748,0.235193,0.007394,0.148774,0.005716,0.000955,0.001016
N20000672,0.037804,0.510411,0.047684,0.162131,0.010674,0.225905,0.002289,0.001482,0.001621
N20000673,0.016849,0.489421,0.050455,0.235916,0.004172,0.199641,0.002251,0.000613,0.000681
N20000674,0.053101,0.387345,0.164931,0.201188,0.022147,0.157092,0.008734,0.002607,0.002854
N20000675,0.014887,0.502755,0.036833,0.119409,0.002546,0.321225,0.001444,0.000427,0.000473
N20000676,0.021839,0.508068,0.064819,0.153405,0.006810,0.240125,0.003020,0.000910,0.001003
N20000677,0.017043,0.477040,0.091385,0.253468,0.007367,0.146934,0.004897,0.000908,0.000957
N20000678,0.034893,0.536632,0.059392,0.127909,0.008933,0.226584,0.002968,0.001290,0.001399
N20000679,0.021078,0.533067,0.053759,0.152569,0.005606,0.229766,0.002510,0.000775,0.000869
N20000680,0.030449,0.541260,0.047256,0.191925,0.006249,0.178479,0.002317,0.000989,0.001077
N20000681,0.030209,0.426478,0.092308,0.178808,0.009678,0.255847,0.004015,0.001251,0.001407
N20000682,0.045520,0.547555,0.037248,0.185280,0.009303,0.169776,0.002096,0.001611,0.001610
N20000683,0.045425,0.516151,0.052940,0.197095,0.012515,0.169096,0.002933,0.001901,0.001945
N20000684,0.067202,0.522502,0.072480,0.162758,0.020393,0.143644,0.004970,0.003090,0.002960
N20000685,0.054574,0.458097,0.103632,0.149947,0.018707,0.204610,0.005379,0.002431,0.002624
N20000686,0.036657,0.505016,0.052196,0.200589,0.010721,0.188930,0.002660,0.001589,0.001640
N20000687,0.024129,0.525792,0.024491,0.202032,0.005351,0.215190,0.001260,0.000849,0.000907
N20000688,0.078217,0.418279,0.071179,0.203110,0.022895,0.196343,0.003572,0.003028,0.003377
N20000689,0.029723,0.479774,0.031042,0.218443,0.008020,0.228977,0.001526,0.001209,0.001286
N20000690,0.021394,0.495602,0.031067,0.258282,0.005407,0.185098,0.001467,0.000802,0.000881
N20000691,0.019396,0.495578,0.051986,0.177276,0.005516,0.246222,0.002414,0.000768,0.000845
N20000692,0.140950,0.346870,0.104720,0.133221,0.033144,0.225828,0.005007,0.004932,0.005328
N20000693,0.036426,0.484712,0.021302,0.200552,0.007741,0.245625,0.000974,0.001308,0.001359
N20000694,0.059507,0.398236,0.039511,0.128216,0.010684,0.358594,0.001594,0.001720,0.001938
N20000695,0.038861,0.432843,0.040053,0.185365,0.009305,0.288852,0.001726,0.001438,0.001559
N20000696,0.153464,0.377096,0.118477,0.128276,0.050695,0.149523,0.007806,0.007551,0.007114
N20000697,0.046154,0.516473,0.038196,0.191676,0.011626,0.189974,0.002161,0.001864,0.001877
N20000698,0.095434,0.447961,0.047381,0.195017,0.023780,0.180153,0.002581,0.003834,0.003859
N20000699,0.210662,0.335225,0.021802,0.190784,0.039653,0.186440,0.001144,0.007050,0.007238
N20000700,0.036825,0.445049,0.109887,0.187704,0.013073,0.198561,0.005339,0.001725,0.001837
N20000701,0.695671,0.051421,0.012698,0.034249,0.130321,0.025739,0.000846,0.025876,0.023180
N20000702,0.699746,0.036867,0.009494,0.022001,0.157946,0.017203,0.000715,0.030156,0.025872
N20000703,0.036875,0.429778,0.039369,0.181879,0.009726,0.297639,0.001737,0.001432,0.001565
N20000704,0.195790,0.360068,0.079372,0.163455,0.048515,0.132418,0.004695,0.007907,0.007780
N20000705,0.580028,0.101715,0.036442,0.054572,0.132923,0.046054,0.002572,0.024122,0.021571
N20000706,0.759565,0.015789,0.005414,0.010439,0.146352,0.007297,0.000440,0.029508,0.025197
N20000707,0.731014,0.018736,0.010926,0.011800,0.161303,0.008638,0.000818,0.030644,0.026121
N20000708,0.215820,0.333811,0.041871,0.173065,0.045689,0.172040,0.002200,0.007652,0.007853
N20000709,0.689222,0.064649,0.011301,0.041168,0.115862,0.032272,0.000729,0.023299,0.021500
N20000710,0.717507,0.043183,0.013450,0.026286,0.128692,0.020317,0.000922,0.026471,0.023172
N20000711,0.017651,0.566592,0.061221,0.185409,0.002936,0.154418,0.009872,0.001064,0.000837
N20000712,0.703782,0.038800,0.018732,0.016735,0.122098,0.010641,0.005482,0.052055,0.031675
N20000713,0.418068,0.226525,0.080279,0.073411,0.076840,0.054498,0.020058,0.030484,0.019839
N20000714,0.079021,0.595813,0.030444,0.125219,0.012454,0.141007,0.007037,0.005417,0.003590
N20000715,0.752316,0.019108,0.017448,0.008949,0.110853,0.005247,0.004378,0.050779,0.030922
N20000716,0.054840,0.476236,0.166455,0.136729,0.012808,0.107243,0.038468,0.004185,0.003035
N20000717,0.037885,0.604352,0.036126,0.161593,0.005358,0.143953,0.006860,0.002247,0.001627
N20000718,0.021457,0.615519,0.049444,0.168208,0.003590,0.129890,0.009420,0.001441,0.001031
N20000719,0.731830,0.012081,0.013421,0.004572,0.137765,0.003160,0.003925,0.059093,0.034153
N20000720,0.013043,0.616596,0.032856,0.139483,0.001535,0.190542,0.004785,0.000651,0.000509
N20000721,0.099885,0.485878,0.073341,0.150129,0.015195,0.152287,0.012627,0.006216,0.004443
N20000722,0.055622,0.438226,0.202292,0.139724,0.014403,0.092826,0.049072,0.004551,0.003284
N20000723,0.045356,0.573651,0.069921,0.147468,0.007710,0.136078,0.014633,0.003045,0.002138
N20000724,0.736706,0.014374,0.006488,0.006231,0.138658,0.004082,0.002177,0.057083,0.034201
N20000725,0.715139,0.032921,0.022680,0.011356,0.118269,0.008065,0.006200,0.053826,0.031543
N20000726,0.330916,0.216901,0.171608,0.082456,0.067111,0.046897,0.043770,0.023848,0.016493
N20000727,0.037343,0.539494,0.101544,0.177424,0.007786,0.110248,0.021335,0.002816,0.002012
N20000728,0.060880,0.541616,0.081218,0.142070,0.012440,0.138353,0.015668,0.004542,0.003212
N20000729,0.046723,0.614662,0.059246,0.126421,0.006676,0.129332,0.012058,0.002867,0.002014
N20000730,0.066155,0.558805,0.052132,0.151802,0.011218,0.141998,0.010314,0.004462,0.003113
N20000731,0.604343,0.075287,0.042947,0.022187,0.139488,0.018085,0.014581,0.051400,0.031682
N20000732,0.711587,0.028958,0.019834,0.013847,0.126943,0.008398,0.005480,0.052360,0.032591
N20000733,0.669695,0.032235,0.026084,0.014032,0.151292,0.008268,0.008040,0.055451,0.034902
N20000734,0.586561,0.015684,0.031170,0.007797,0.229889,0.003960,0.012176,0.070541,0.042223
N20000735,0.729426,0.013811,0.011838,0.006571,0.138446,0.004109,0.003520,0.057674,0.034606
N20000736,0.064336,0.547224,0.112820,0.123078,0.013369,0.102500,0.028366,0.004948,0.003358
N20000737,0.038435,0.632410,0.049826,0.129541,0.006303,0.129010,0.010021,0.002645,0.001810
N20000738,0.557392,0.016403,0.033848,0.005200,0.249055,0.003243,0.017818,0.075264,0.041776
N20000739,0.048761,0.609723,0.028380,0.166412,0.005986,0.130458,0.005478,0.002866,0.001936
N20000740,0.699449,0.014020,0.012682,0.006481,0.162595,0.003899,0.004114,0.060104,0.036656
N20000741,0.686014,0.013352,0.012019,0.005566,0.170468,0.003251,0.004305,0.067023,0.038002
N20000742,0.057222,0.568751,0.092213,0.131491,0.008987,0.115818,0.019554,0.003442,0.002522
N20000743,0.662115,0.056390,0.032822,0.019321,0.122572,0.013244,0.008846,0.052948,0.031741
N20000744,0.087080,0.610595,0.034677,0.118311,0.010535,0.122795,0.007411,0.005193,0.003404
N20000745,0.647074,0.044489,0.036507,0.011767,0.146752,0.009364,0.014310,0.056991,0.032745
N20000746,0.744031,0.016461,0.008919,0.006244,0.126788,0.004351,0.003017,0.057561,0.032630
N20000747,0.666666,0.019584,0.014715,0.006522,0.177180,0.004574,0.006760,0.066792,0.037207
N20000748,0.755140,0.017297,0.007370,0.005893,0.115332,0.004268,0.002353,0.060412,0.031935
N20000749,0.748439,0.027353,0.012680,0.009596,0.108168,0.006933,0.003764,0.052904,0.030162
N20000750,0.675055,0.016579,0.020805,0.006659,0.168556,0.003935,0.007259,0.063998,0.037153
N20000751,0.766218,0.017104,0.008969,0.006814,0.108963,0.004421,0.002558,0.054186,0.030767
N20000752,0.756240,0.011876,0.006476,0.004668,0.123322,0.003105,0.001914,0.059320,0.033079
N20000753,0.776399,0.009660,0.003112,0.003871,0.112730,0.002725,0.000954,0.058692,0.031858
N20000754,0.657721,0.029663,0.022721,0.007184,0.165299,0.006454,0.011453,0.064831,0.034674
N20000755,0.767087,0.012211,0.005708,0.005049,0.115660,0.003481,0.001568,0.056989,0.032246
N20000756,0.760926,0.023489,0.010242,0.008404,0.105314,0.005933,0.002944,0.052650,0.030098
N20000757,0.661863,0.035292,0.023776,0.010501,0.154226,0.007124,0.009555,0.062560,0.035102
N20000758,0.773808,0.012366,0.005054,0.004818,0.110683,0.003343,0.001465,0.056913,0.031549
N20000759,0.559178,0.067369,0.087494,0.014476,0.139131,0.010991,0.041247,0.050807,0.029306
N20000760,0.748535,0.013123,0.006690,0.005652,0.129324,0.003610,0.002191,0.057702,0.033173
N20000761,0.776428,0.011885,0.004083,0.004449,0.109630,0.003178,0.001330,0.057868,0.031150
N20000762,0.766078,0.014312,0.004369,0.005494,0.115620,0.004151,0.001382,0.056905,0.031690
N20000763,0.571036,0.142386,0.032285,0.050952,0.090298,0.037964,0.007472,0.042037,0.025570
N20000764,0.566346,0.024197,0.049932,0.006316,0.213817,0.004222,0.026704,0.070307,0.038159
N20000765,0.758762,0.015419,0.006401,0.005389,0.116994,0.003956,0.001955,0.058781,0.032343
N20000766,0.720656,0.024548,0.013882,0.007284,0.130557,0.005559,0.005272,0.059599,0.032642
N20000767,0.736951,0.037417,0.011212,0.014687,0.103361,0.010466,0.002847,0.052938,0.030121
N20000768,0.779251,0.014254,0.005995,0.006084,0.103779,0.003968,0.001574,0.054388,0.030707
N20000769,0.713190,0.031233,0.017649,0.009197,0.127468,0.007475,0.006009,0.055653,0.032126
N20000770,0.703447,0.057649,0.019971,0.016478,0.103003,0.012808,0.005435,0.051786,0.029423
N20000771,0.758268,0.023637,0.009320,0.007916,0.108475,0.005977,0.002886,0.053167,0.030353
N20000772,0.639982,0.059811,0.026309,0.013689,0.144040,0.011083,0.013248,0.059831,0.032007
N20000773,0.794358,0.020336,0.006667,0.008106,0.085646,0.005937,0.001611,0.049555,0.027786
N20000774,0.642923,0.019585,0.027399,0.005522,0.182628,0.003735,0.013041,0.068217,0.036950
N20000775,0.689200,0.035071,0.033923,0.011273,0.126422,0.008792,0.009804,0.053756,0.031760
N20000776,0.039589,0.698025,0.027017,0.101101,0.005167,0.118817,0.006040,0.002595,0.001650
N20000777,0.785911,0.015038,0.007161,0.006870,0.100159,0.004342,0.001851,0.049260,0.029408
N20000778,0.691418,0.018457,0.016302,0.005590,0.154837,0.004239,0.006058,0.067266,0.035833
N20000779,0.784197,0.026526,0.006500,0.008769,0.087779,0.006861,0.001962,0.049765,0.027642
N20000780,0.712377,0.016814,0.011012,0.005901,0.145650,0.003814,0.003556,0.065097,0.035778
N20000781,0.769091,0.016476,0.007226,0.006945,0.108021,0.004622,0.001923,0.054689,0.031007
N20000782,0.771793,0.021010,0.011521,0.008553,0.100343,0.005418,0.003008,0.048970,0.029383
N20000783,0.754542,0.021580,0.008838,0.006734,0.112647,0.005167,0.003209,0.056636,0.030646
N20000784,0.752771,0.014662,0.009752,0.005816,0.119412,0.003626,0.002959,0.058672,0.032329
N20000785,0.726628,0.011533,0.015211,0.005096,0.138997,0.002825,0.004126,0.060752,0.034831
N20000786,0.486743,0.054571,0.115511,0.017000,0.178219,0.009372,0.049457,0.056209,0.032917
N20000787,0.726165,0.022315,0.025908,0.009483,0.120941,0.005729,0.010598,0.042502,0.036359
N20000788,0.734381,0.025263,0.028750,0.009846,0.110497,0.006458,0.011015,0.039122,0.034668
N20000789,0.560841,0.034078,0.093289,0.011859,0.165050,0.007225,0.045317,0.043774,0.038568
N20000790,0.074481,0.601968,0.051907,0.116763,0.008153,0.124612,0.015576,0.003378,0.003162
N20000791,0.521589,0.101558,0.096558,0.033603,0.116559,0.021220,0.043060,0.034569,0.031283
N20000792,0.739324,0.025507,0.033184,0.008268,0.102571,0.005670,0.012456,0.039552,0.033468
N20000793,0.707271,0.046130,0.035697,0.016501,0.099476,0.011119,0.013712,0.037487,0.032608
N20000794,0.737702,0.019184,0.024123,0.006518,0.118582,0.004379,0.010153,0.043353,0.036006
N20000795,0.144961,0.459669,0.130845,0.097047,0.022281,0.075945,0.054450,0.007760,0.007043
N20000796,0.562976,0.032568,0.091790,0.014523,0.164180,0.008698,0.042384,0.043397,0.039485
N20000797,0.418892,0.146031,0.155246,0.053773,0.082826,0.036182,0.057944,0.025248,0.023859
N20000798,0.032244,0.642038,0.051057,0.121176,0.002903,0.135088,0.013051,0.001224,0.001219
N20000799,0.540078,0.024664,0.106670,0.011601,0.177560,0.006630,0.048749,0.043519,0.040529
N20000800,0.059620,0.519919,0.129095,0.143534,0.008882,0.097932,0.034986,0.003002,0.003030
N20000801,0.060061,0.526582,0.142421,0.115215,0.009809,0.095521,0.043986,0.003216,0.003188
N20000802,0.626309,0.020063,0.053556,0.008807,0.170730,0.005255,0.025025,0.048269,0.041986
N20000803,0.547204,0.018999,0.076962,0.008074,0.209897,0.004533,0.039770,0.050147,0.044415
N20000804,0.522538,0.105722,0.087351,0.036740,0.117449,0.024648,0.037100,0.036402,0.032049
N20000805,0.061533,0.381260,0.254794,0.121459,0.012322,0.098562,0.062905,0.003481,0.003683
N20000806,0.036928,0.535230,0.083553,0.172501,0.005546,0.143963,0.018607,0.001771,0.001901
N20000807,0.539670,0.027107,0.091332,0.011517,0.189225,0.006405,0.046617,0.046432,0.041695
N20000808,0.575118,0.018615,0.072762,0.007681,0.191188,0.004825,0.037860,0.048761,0.043190
N20000809,0.205465,0.202004,0.295715,0.073755,0.050426,0.048194,0.097539,0.013412,0.013492
N20000810,0.522434,0.032747,0.128472,0.013792,0.155294,0.007677,0.061549,0.041142,0.036893
N20000811,0.030730,0.664686,0.045747,0.106591,0.002905,0.135470,0.011456,0.001212,0.001202
N20000812,0.539728,0.012467,0.075327,0.005444,0.225345,0.003078,0.042058,0.050859,0.045693
N20000813,0.028584,0.658904,0.041048,0.122165,0.002897,0.133922,0.010082,0.001217,0.001182
N20000814,0.675226,0.056493,0.047875,0.018736,0.100398,0.012634,0.019329,0.037254,0.032054
N20000815,0.658503,0.019717,0.044889,0.008606,0.156368,0.005210,0.021430,0.045102,0.040176
N20000816,0.471416,0.052176,0.158838,0.022741,0.146169,0.012667,0.064928,0.036602,0.034463
N20000817,0.359154,0.107625,0.231953,0.034461,0.098604,0.023469,0.093653,0.026366,0.024716
N20000818,0.571239,0.017010,0.079808,0.006198,0.190445,0.003524,0.040740,0.048714,0.042322
N20000819,0.256039,0.143318,0.299311,0.051537,0.068388,0.031982,0.114805,0.017404,0.017217
N20000820,0.030376,0.621542,0.043284,0.141431,0.003195,0.146964,0.010635,0.001298,0.001275
N20000821,0.128126,0.328302,0.252632,0.051318,0.034209,0.051056,0.136433,0.009529,0.008396
N20000822,0.589115,0.025323,0.067653,0.009378,0.175606,0.005970,0.039145,0.046792,0.041018
N20000823,0.133521,0.377187,0.183064,0.116366,0.026137,0.091594,0.056332,0.008027,0.007771
N20000824,0.606174,0.040975,0.074070,0.011456,0.138919,0.008356,0.038344,0.045045,0.036662
N20000825,0.380872,0.114583,0.186698,0.018479,0.106994,0.018650,0.118169,0.030267,0.025287
N20000826,0.155488,0.138935,0.418803,0.050155,0.043464,0.026188,0.145900,0.010459,0.010608
N20000827,0.584026,0.033024,0.097047,0.013271,0.143628,0.007610,0.044801,0.040145,0.036448
N20000828,0.052953,0.524492,0.143100,0.125980,0.008516,0.098181,0.041210,0.002799,0.002768
N20000829,0.053932,0.495880,0.201379,0.076308,0.008554,0.086428,0.071924,0.002881,0.002714
N20000830,0.591688,0.080295,0.076856,0.023507,0.111032,0.017504,0.031895,0.035433,0.031789
N20000831,0.686692,0.018459,0.035121,0.006803,0.146833,0.004276,0.015334,0.046717,0.039764
N20000832,0.359092,0.300326,0.088659,0.074248,0.050361,0.059676,0.031717,0.018975,0.016946
N20000833,0.665473,0.038517,0.042881,0.011405,0.130156,0.008646,0.022843,0.044139,0.035941
N20000834,0.062105,0.574704,0.091784,0.122179,0.007449,0.110529,0.025887,0.002685,0.002679
N20000835,0.038407,0.620269,0.070179,0.110684,0.004983,0.130518,0.021289,0.001890,0.001782
N20000836,0.640285,0.020601,0.053871,0.005239,0.158082,0.003890,0.029907,0.048836,0.039289
N20000837,0.027353,0.631841,0.047741,0.127884,0.003279,0.146624,0.012831,0.001231,0.001217
N20000838,0.644509,0.026480,0.048719,0.008008,0.152637,0.005652,0.028468,0.046836,0.038691
N20000839,0.603345,0.038306,0.094268,0.013956,0.128970,0.009067,0.039841,0.037859,0.034389
N20000840,0.658259,0.013014,0.034038,0.003609,0.174309,0.002785,0.019315,0.052596,0.042075
N20000841,0.553965,0.142958,0.072682,0.039649,0.075510,0.033339,0.027041,0.029381,0.025474
N20000842,0.127121,0.436228,0.169632,0.073824,0.025698,0.072481,0.079524,0.008197,0.007295
N20000843,0.685668,0.051743,0.036565,0.011581,0.108892,0.012042,0.019879,0.041100,0.032530
N20000844,0.036302,0.636423,0.036288,0.129043,0.004291,0.145135,0.009130,0.001744,0.001642
N20000845,0.084339,0.547477,0.087342,0.104655,0.009321,0.129920,0.030110,0.003480,0.003356
N20000846,0.762161,0.018873,0.013113,0.006101,0.110180,0.004313,0.006013,0.044014,0.035231
N20000847,0.063315,0.635161,0.058822,0.101610,0.006209,0.108988,0.020815,0.002650,0.002429
N20000848,0.738491,0.073094,0.012197,0.017320,0.072391,0.016258,0.005188,0.036959,0.028104
N20000849,0.718845,0.032639,0.024994,0.006945,0.116986,0.006273,0.015355,0.043615,0.034347
N20000850,0.078064,0.555326,0.119504,0.088776,0.010517,0.093667,0.046682,0.003902,0.003563
N20000851,0.117396,0.573327,0.037489,0.106052,0.013519,0.129986,0.011528,0.005608,0.005095
N20000852,0.052351,0.650013,0.052684,0.097422,0.004655,0.123552,0.015312,0.002065,0.001946
N20000853,0.120268,0.487238,0.140399,0.090479,0.019247,0.080914,0.048594,0.006692,0.006170
N20000854,0.144397,0.176922,0.292011,0.023779,0.049217,0.019929,0.271125,0.012134,0.010484
N20000855,0.226594,0.094762,0.273445,0.016302,0.088323,0.012476,0.249553,0.020880,0.017665
N20000856,0.015279,0.610493,0.083282,0.178082,0.001769,0.095491,0.012310,0.002298,0.000997
N20000857,0.074756,0.128244,0.447898,0.027933,0.030066,0.013553,0.246185,0.022520,0.008846
N20000858,0.024106,0.539511,0.154997,0.153092,0.003838,0.092498,0.025773,0.004312,0.001873
N20000859,0.031019,0.230032,0.491449,0.079726,0.009032,0.031245,0.116813,0.007408,0.003276
N20000860,0.009970,0.542788,0.136571,0.201661,0.001282,0.087534,0.018121,0.001392,0.000681
N20000861,0.023753,0.455419,0.212339,0.192302,0.004461,0.067242,0.038275,0.004228,0.001980
N20000862,0.033633,0.453214,0.239986,0.143770,0.006174,0.071446,0.042698,0.006278,0.002800
N20000863,0.010286,0.204101,0.569170,0.084280,0.003225,0.029424,0.095972,0.002375,0.001168
N20000864,0.037431,0.364484,0.370072,0.083827,0.008317,0.046519,0.077572,0.008341,0.003437
N20000865,0.034012,0.394061,0.299193,0.139471,0.005880,0.066874,0.052109,0.005727,0.002673
N20000866,0.044829,0.311527,0.394313,0.089235,0.010626,0.047111,0.088682,0.009507,0.004169
N20000867,0.049999,0.312008,0.392704,0.089963,0.012683,0.039301,0.087012,0.011407,0.004923
N20000868,0.041823,0.332434,0.374638,0.096835,0.011198,0.049977,0.079003,0.009839,0.004253
N20000869,0.014043,0.131910,0.659608,0.054822,0.004621,0.019692,0.110433,0.003256,0.001615
N20000870,0.026998,0.683819,0.050936,0.128016,0.002778,0.093253,0.008379,0.004149,0.001671
N20000871,0.025675,0.513260,0.190101,0.144552,0.004287,0.081143,0.034270,0.004665,0.002046
N20000872,0.039107,0.229133,0.481589,0.068451,0.011271,0.033003,0.124467,0.009001,0.003977
N20000873,0.019123,0.683478,0.039118,0.143903,0.001544,0.103819,0.005671,0.002331,0.001013
N20000874,0.040880,0.647846,0.073003,0.130996,0.004242,0.081921,0.012264,0.006317,0.002531
N20000875,0.054414,0.478603,0.209885,0.119993,0.008800,0.068824,0.045358,0.009993,0.004131
N20000876,0.021565,0.161378,0.594525,0.052026,0.007767,0.020642,0.133839,0.005676,0.002582
N20000877,0.030994,0.656712,0.071542,0.127769,0.003577,0.089705,0.012596,0.005062,0.002042
N20000878,0.081900,0.346325,0.310298,0.071776,0.018573,0.042616,0.103398,0.018020,0.007094
N20000879,0.028531,0.316210,0.415115,0.097122,0.005697,0.046901,0.082750,0.005246,0.002428
N20000880,0.040417,0.667137,0.056392,0.118189,0.003647,0.096063,0.010344,0.005558,0.002253
N20000881,0.032948,0.348139,0.361140,0.119676,0.008199,0.049259,0.070079,0.007313,0.003248
N20000882,0.071734,0.111101,0.438437,0.021151,0.030672,0.010024,0.285961,0.022267,0.008654
N20000883,0.027366,0.279959,0.446423,0.096687,0.007892,0.038158,0.094194,0.006415,0.002906
N20000884,0.081704,0.548616,0.102378,0.130493,0.011054,0.084498,0.021228,0.014364,0.005665
N20000885,0.069308,0.443501,0.201949,0.138281,0.013114,0.070812,0.043188,0.014063,0.005784
N20000886,0.654880,0.093123,0.015301,0.032742,0.051304,0.021219,0.003115,0.095226,0.033090
N20000887,0.743374,0.016043,0.003504,0.007908,0.065546,0.004261,0.000782,0.119067,0.039516
N20000888,0.035185,0.177771,0.543673,0.057873,0.011888,0.022494,0.138076,0.009029,0.004011
N20000889,0.010867,0.099559,0.662288,0.046251,0.006338,0.015222,0.154387,0.003413,0.001676
N20000890,0.020590,0.101240,0.659233,0.041816,0.008795,0.015823,0.144027,0.005773,0.002702
N20000891,0.066920,0.476836,0.177324,0.131904,0.012992,0.069523,0.045598,0.013367,0.005536
N20000892,0.024621,0.680158,0.057204,0.119579,0.002402,0.101432,0.009677,0.003475,0.001451
N20000893,0.054628,0.605734,0.084190,0.127353,0.006573,0.090257,0.018770,0.008980,0.003515
N20000894,0.519622,0.177441,0.051315,0.058672,0.045744,0.036552,0.009202,0.073454,0.027998
N20000895,0.047278,0.235205,0.462052,0.066396,0.015093,0.036378,0.120582,0.011907,0.005108
N20000896,0.731840,0.022541,0.009043,0.009644,0.067479,0.005446,0.001873,0.112489,0.039644
N20000897,0.022187,0.080155,0.668371,0.038850,0.010554,0.011965,0.158553,0.006292,0.003072
N20000898,0.055124,0.360109,0.315462,0.109130,0.011634,0.063675,0.069364,0.010775,0.004728
N20000899,0.086134,0.386398,0.265291,0.096194,0.017808,0.048468,0.073896,0.018457,0.007354
N20000900,0.023659,0.636374,0.100093,0.126997,0.003020,0.087138,0.017292,0.003803,0.001624
N20000901,0.213654,0.357413,0.153712,0.063784,0.040148,0.046662,0.062265,0.045830,0.016533
N20000902,0.016489,0.061774,0.716008,0.031522,0.007927,0.010061,0.149246,0.004665,0.002308
N20000903,0.037115,0.662533,0.039784,0.131693,0.003242,0.111863,0.006622,0.005084,0.002065
N20000904,0.562330,0.147261,0.031973,0.053178,0.052421,0.031314,0.007081,0.083811,0.030632
N20000905,0.097056,0.443020,0.202164,0.092440,0.018950,0.057134,0.061186,0.020127,0.007923
N20000906,0.084499,0.496421,0.139884,0.139159,0.012041,0.078895,0.029439,0.013753,0.005909
N20000907,0.065076,0.358699,0.318149,0.085255,0.013454,0.060789,0.079589,0.013420,0.005569
N20000908,0.090959,0.394501,0.261446,0.082689,0.018305,0.050426,0.074901,0.019155,0.007618
N20000909,0.012176,0.110966,0.664957,0.055569,0.005867,0.019154,0.126121,0.003464,0.001727
N20000910,0.064041,0.592155,0.072070,0.135437,0.006713,0.102496,0.014164,0.009110,0.003814
N20000911,0.018985,0.676361,0.044205,0.136488,0.001839,0.112432,0.005880,0.002660,0.001151
N20000912,0.169259,0.359353,0.200622,0.084851,0.042365,0.057758,0.065290,0.010056,0.010446
N20000913,0.121101,0.493935,0.135185,0.093633,0.024610,0.077422,0.040734,0.006646,0.006735
N20000914,0.065695,0.571237,0.141030,0.086626,0.008077,0.078020,0.034507,0.010637,0.004170
N20000915,0.035701,0.311924,0.430771,0.067646,0.008123,0.037449,0.097438,0.007662,0.003286
N20000916,0.096370,0.228325,0.390586,0.065754,0.029586,0.033048,0.121937,0.024329,0.010065
N20000917,0.064775,0.240909,0.431987,0.066721,0.017617,0.030012,0.126177,0.015413,0.006389
N20000918,0.079805,0.563944,0.089908,0.121731,0.013624,0.103182,0.019765,0.003933,0.004107
N20000919,0.046712,0.543508,0.159545,0.127053,0.006820,0.073301,0.031375,0.008267,0.003417
N20000920,0.043235,0.300629,0.418605,0.079034,0.010223,0.053369,0.081166,0.009654,0.004085
N20000921,0.025742,0.648925,0.078799,0.135614,0.002777,0.089004,0.013610,0.003922,0.001608
N20000922,0.048936,0.568236,0.134324,0.108510,0.009845,0.095779,0.028840,0.002693,0.002838
N20000923,0.016805,0.149903,0.621481,0.059082,0.006219,0.023915,0.116293,0.004264,0.002037
N20000924,0.162718,0.375728,0.203661,0.070957,0.043068,0.054019,0.068875,0.010536,0.010438
N20000925,0.082027,0.410515,0.239243,0.099591,0.012968,0.067864,0.068775,0.013290,0.005727
N20000926,0.065014,0.367282,0.293468,0.101423,0.014109,0.067091,0.072188,0.013752,0.005675
N20000927,0.046558,0.615359,0.108705,0.108648,0.005528,0.082259,0.022402,0.007525,0.003014
N20000928,0.100764,0.345167,0.293636,0.085365,0.027046,0.048613,0.087108,0.005847,0.006453
N20000929,0.053830,0.322677,0.357915,0.115353,0.010339,0.047545,0.078296,0.009677,0.004368
N20000930,0.068211,0.291800,0.367349,0.101256,0.018190,0.050641,0.080694,0.015088,0.006771
N20000931,0.064814,0.371063,0.331568,0.071149,0.016536,0.046937,0.089970,0.003818,0.004145
N20000932,0.065476,0.454286,0.251380,0.074591,0.011295,0.056251,0.069264,0.012458,0.004999
N20000933,0.102525,0.284609,0.352877,0.059283,0.021444,0.039289,0.109963,0.021534,0.008475
N20000934,0.200566,0.274574,0.227448,0.076080,0.065593,0.046570,0.080251,0.014370,0.014548
N20000935,0.013852,0.361190,0.329016,0.159715,0.002901,0.086884,0.042627,0.002554,0.001260
N20000936,0.061981,0.567360,0.107637,0.135255,0.008065,0.083844,0.021074,0.010550,0.004235
N20000937,0.050516,0.287932,0.398798,0.093209,0.012893,0.047664,0.092757,0.011326,0.004905
N20000938,0.101397,0.397536,0.233667,0.082610,0.025137,0.070170,0.077446,0.005912,0.006123
N20000939,0.185905,0.231552,0.296287,0.066379,0.060864,0.039184,0.093905,0.012574,0.013350
N20000940,0.093147,0.275671,0.389311,0.051166,0.024104,0.033773,0.121757,0.005343,0.005728
N20000941,0.108072,0.387426,0.232707,0.096610,0.033748,0.058384,0.068054,0.007295,0.007703
N20000942,0.260364,0.243620,0.220980,0.058051,0.067882,0.044451,0.072412,0.016009,0.016231
N20000943,0.088936,0.217195,0.405396,0.045583,0.035168,0.027226,0.166802,0.006713,0.006981
N20000944,0.250725,0.060537,0.297275,0.020474,0.166771,0.009075,0.140293,0.027652,0.027198
N20000945,0.016388,0.276081,0.421007,0.160863,0.007596,0.047532,0.062304,0.005953,0.002274
N20000946,0.015899,0.231564,0.514103,0.105403,0.012840,0.028576,0.080984,0.007656,0.002976
N20000947,0.022283,0.560659,0.051410,0.248243,0.003950,0.100579,0.006119,0.004967,0.001788
N20000948,0.026722,0.509040,0.123548,0.225601,0.005921,0.083318,0.016392,0.006996,0.002461
N20000949,0.017529,0.555023,0.048951,0.244888,0.003012,0.120237,0.005036,0.003910,0.001414
N20000950,0.031629,0.356071,0.296062,0.165399,0.013065,0.075302,0.046797,0.011574,0.004102
N20000951,0.019158,0.432375,0.227050,0.194259,0.006458,0.082065,0.029887,0.006480,0.002268
N20000952,0.005046,0.047780,0.769840,0.035762,0.006072,0.008189,0.123178,0.002930,0.001204
N20000953,0.010606,0.221547,0.505324,0.142265,0.005956,0.046398,0.061917,0.004298,0.001689
N20000954,0.005191,0.133410,0.654346,0.092781,0.003447,0.025346,0.082520,0.002075,0.000883
N20000955,0.007451,0.141016,0.629803,0.095403,0.005177,0.029482,0.087098,0.003251,0.001320
N20000956,0.010838,0.256291,0.473748,0.135312,0.004904,0.058473,0.055050,0.003866,0.001520
N20000957,0.020964,0.530924,0.122095,0.199328,0.004597,0.100588,0.014221,0.005356,0.001928
N20000958,0.012655,0.244386,0.502894,0.115863,0.007192,0.040713,0.069018,0.005282,0.001998
N20000959,0.003803,0.091362,0.725917,0.062105,0.003113,0.015438,0.095720,0.001803,0.000739
N20000960,0.007807,0.148737,0.622540,0.087334,0.006458,0.027950,0.093897,0.003753,0.001524
N20000961,0.007064,0.128163,0.688252,0.062919,0.004383,0.029349,0.075931,0.002766,0.001173
N20000962,0.005877,0.185389,0.599903,0.097494,0.004093,0.031819,0.071797,0.002574,0.001054
N20000963,0.015396,0.161599,0.602993,0.075369,0.010485,0.028756,0.095441,0.007268,0.002693
N20000964,0.010286,0.278949,0.460992,0.128080,0.005131,0.051029,0.060102,0.003926,0.001504
N20000965,0.011660,0.159708,0.593306,0.084737,0.010261,0.030725,0.101219,0.006045,0.002339
N20000966,0.020387,0.136714,0.630102,0.050428,0.014117,0.020918,0.113931,0.009898,0.003506
N20000967,0.025110,0.207986,0.521771,0.075627,0.014241,0.031218,0.109690,0.010538,0.003818
N20000968,0.008027,0.073842,0.745802,0.035738,0.005588,0.010708,0.115345,0.003567,0.001382
N20000969,0.009671,0.091903,0.701846,0.050455,0.009403,0.014226,0.115176,0.005261,0.002060
N20000970,0.012837,0.078193,0.722694,0.034479,0.011220,0.010567,0.120800,0.006674,0.002535
N20000971,0.011783,0.190902,0.557192,0.110343,0.007918,0.037345,0.077127,0.005317,0.002075
N20000972,0.047922,0.079145,0.632564,0.035150,0.034294,0.011964,0.128113,0.022755,0.008094
N20000973,0.005756,0.047230,0.776032,0.022315,0.005513,0.006148,0.132652,0.003144,0.001210
N20000974,0.003927,0.040934,0.797285,0.023292,0.003978,0.006184,0.121425,0.002118,0.000857
N20000975,0.013840,0.075603,0.730620,0.041614,0.010629,0.012273,0.106349,0.006504,0.002568
N20000976,0.062267,0.119623,0.544391,0.056056,0.045369,0.017923,0.113298,0.030327,0.010746
N20000977,0.033960,0.329367,0.346082,0.143788,0.016895,0.060003,0.051318,0.013590,0.004996
N20000978,0.019899,0.109173,0.653693,0.054924,0.017453,0.017428,0.113143,0.010367,0.003919
N20000979,0.012925,0.153136,0.627641,0.079693,0.007009,0.026764,0.085996,0.004867,0.001969
N20000980,0.024861,0.617510,0.078714,0.149004,0.004475,0.108289,0.008935,0.006114,0.002098
N20000981,0.021798,0.278721,0.432954,0.136909,0.010014,0.051301,0.057217,0.008042,0.003042
N20000982,0.006131,0.054034,0.773752,0.034161,0.006193,0.009241,0.111932,0.003229,0.001327
N20000983,0.008683,0.090078,0.714952,0.046940,0.007819,0.013356,0.111785,0.004604,0.001782
N20000984,0.012082,0.058707,0.757069,0.033573,0.009608,0.009584,0.111358,0.005751,0.002270
N20000985,0.018226,0.096236,0.673186,0.049025,0.015774,0.017732,0.116767,0.009456,0.003600
N20000986,0.014293,0.283552,0.436517,0.142675,0.006207,0.065969,0.043931,0.004907,0.001949
N20000987,0.013872,0.435774,0.250170,0.182737,0.004416,0.077291,0.029929,0.004231,0.001580
N20000988,0.012038,0.171343,0.603693,0.080633,0.008150,0.032081,0.084619,0.005363,0.002080
N20000989,0.011979,0.661249,0.045449,0.151878,0.001829,0.119668,0.004366,0.002644,0.000937
N20000990,0.009245,0.428222,0.259538,0.194327,0.002410,0.075284,0.027571,0.002466,0.000937
N20000991,0.008169,0.310024,0.448753,0.112470,0.003430,0.061960,0.051251,0.002850,0.001094
N20000992,0.004311,0.089702,0.743346,0.052270,0.002921,0.017654,0.087180,0.001859,0.000757
N20000993,0.007418,0.125310,0.679552,0.061087,0.005584,0.019834,0.096448,0.003409,0.001358
N20000994,0.006763,0.484287,0.189588,0.205398,0.001879,0.089176,0.020275,0.001910,0.000724
N20000995,0.018521,0.143201,0.615528,0.079096,0.012013,0.024927,0.095322,0.008273,0.003118
N20000996,0.023367,0.620051,0.074309,0.155804,0.004510,0.104823,0.009159,0.005931,0.002047
N20000997,0.018526,0.168464,0.597413,0.083831,0.010870,0.032049,0.078303,0.007585,0.002958
N20000998,0.006670,0.091798,0.717140,0.053563,0.005617,0.015557,0.104974,0.003352,0.001330
N20000999,0.026383,0.623716,0.038201,0.179396,0.004794,0.113855,0.004477,0.006908,0.002270
N20001000,0.024052,0.588887,0.124599,0.144128,0.005634,0.088945,0.014495,0.006895,0.002365
N20001001,0.011207,0.141031,0.648052,0.079157,0.007295,0.029295,0.077343,0.004704,0.001915
N20001002,0.018430,0.452706,0.206430,0.182369,0.005685,0.100978,0.025632,0.005693,0.002076
N20001003,0.020754,0.526314,0.196911,0.136400,0.004989,0.082489,0.024675,0.005452,0.002018
N20001004,0.019813,0.644750,0.058250,0.149945,0.002944,0.112660,0.005919,0.004214,0.001504
N20001005,0.008848,0.103533,0.701043,0.065691,0.006832,0.021255,0.086999,0.004113,0.001685
N20001006,0.012307,0.213272,0.554044,0.099479,0.006228,0.042133,0.066020,0.004692,0.001825
N20001007,0.030637,0.469835,0.207594,0.162838,0.007994,0.083184,0.026294,0.008511,0.003112
N20001008,0.006316,0.180974,0.602328,0.094038,0.003753,0.035919,0.073005,0.002629,0.001039
N20001009,0.030612,0.565320,0.141623,0.144417,0.006767,0.080156,0.019959,0.008312,0.002835
N20001010,0.011471,0.080572,0.715167,0.052137,0.009969,0.012972,0.109520,0.005888,0.002304
N20001011,0.018164,0.519772,0.189541,0.152928,0.004117,0.087984,0.021019,0.004752,0.001723
N20001012,0.037079,0.433195,0.256644,0.142263,0.013444,0.066714,0.032693,0.013330,0.004638
N20001013,0.012603,0.438832,0.276733,0.154515,0.004002,0.075608,0.032394,0.003862,0.001451
N20001014,0.020068,0.509584,0.184090,0.171040,0.005136,0.080199,0.022101,0.005744,0.002040
N20001015,0.020125,0.459103,0.207433,0.182229,0.006792,0.089126,0.026480,0.006342,0.002369
N20001016,0.013575,0.381229,0.351463,0.136536,0.004526,0.067607,0.039151,0.004299,0.001613
N20001017,0.032104,0.437405,0.261163,0.139625,0.015028,0.062892,0.042658,0.005686,0.003438
N20001018,0.018431,0.451392,0.307816,0.103769,0.006753,0.062879,0.044082,0.003103,0.001775
N20001019,0.059319,0.341726,0.332650,0.101566,0.031262,0.046731,0.068631,0.011430,0.006685
N20001020,0.018520,0.341187,0.391901,0.124343,0.009580,0.053464,0.055542,0.003325,0.002139
N20001021,0.151564,0.128698,0.327921,0.042754,0.175420,0.019642,0.119053,0.017650,0.017298
N20001022,0.015188,0.412323,0.312372,0.136354,0.008866,0.063800,0.046259,0.002955,0.001882
N20001023,0.034843,0.298028,0.411682,0.106334,0.020513,0.042457,0.075268,0.006661,0.004213
N20001024,0.140678,0.014733,0.291920,0.006256,0.361708,0.002466,0.131543,0.025760,0.024936
N20001025,0.038119,0.453026,0.203984,0.172543,0.019038,0.063777,0.037795,0.007414,0.004304
N20001026,0.127180,0.287611,0.248401,0.096815,0.097059,0.053184,0.065683,0.012182,0.011885
N20001027,0.161423,0.172663,0.302797,0.066458,0.151701,0.030358,0.081135,0.016713,0.016751
N20001028,0.021089,0.228633,0.538924,0.074031,0.012411,0.034747,0.083526,0.004068,0.002571
N20001029,0.112243,0.161055,0.403206,0.046949,0.104214,0.030774,0.118401,0.011639,0.011520
N20001030,0.143762,0.127194,0.370720,0.068115,0.142464,0.022847,0.094767,0.014614,0.015518
N20001031,0.017658,0.219366,0.563468,0.083441,0.009575,0.036457,0.064955,0.002997,0.002083
N20001032,0.065413,0.100127,0.549651,0.042183,0.070363,0.017074,0.141320,0.006612,0.007256
N20001033,0.009922,0.225660,0.553600,0.084494,0.007173,0.030913,0.084786,0.002083,0.001370
N20001034,0.008801,0.211163,0.578208,0.079555,0.006771,0.032012,0.080272,0.001934,0.001284
N20001035,0.171884,0.028460,0.338948,0.015358,0.281920,0.005743,0.109434,0.023875,0.024379
N20001036,0.040190,0.097800,0.593720,0.049447,0.055665,0.016012,0.137346,0.004539,0.005282
N20001037,0.062043,0.064398,0.558700,0.034280,0.103533,0.011556,0.148987,0.007701,0.008801
N20001038,0.026108,0.350331,0.369312,0.126509,0.013168,0.053796,0.053251,0.004615,0.002909
N20001039,0.017469,0.314264,0.395214,0.146591,0.008710,0.060974,0.051843,0.002967,0.001968
N20001040,0.028058,0.589228,0.080220,0.175092,0.007153,0.104381,0.009913,0.003754,0.002202
N20001041,0.022996,0.649321,0.106781,0.119125,0.006112,0.076130,0.014494,0.003192,0.001848
N20001042,0.124276,0.031567,0.438753,0.019562,0.228761,0.006361,0.114493,0.017229,0.018999
N20001043,0.010547,0.370789,0.376537,0.129726,0.004082,0.058215,0.047566,0.001533,0.001005
N20001044,0.029208,0.606111,0.148923,0.110275,0.008314,0.068777,0.021723,0.004245,0.002424
N20001045,0.029465,0.435186,0.230573,0.155278,0.013633,0.093320,0.033872,0.005440,0.003231
N20001046,0.030380,0.448685,0.238846,0.160374,0.012767,0.064797,0.036113,0.004967,0.003072
N20001047,0.023242,0.371664,0.289646,0.170480,0.010484,0.091998,0.036261,0.003768,0.002458
N20001048,0.013251,0.512450,0.176011,0.187342,0.006124,0.074693,0.026272,0.002409,0.001448
N20001049,0.052933,0.460086,0.186708,0.152825,0.024874,0.081670,0.032026,0.004413,0.004464
N20001050,0.016987,0.241155,0.506549,0.094300,0.012751,0.044980,0.079766,0.001638,0.001874
N20001051,0.014144,0.484032,0.206683,0.184042,0.004722,0.077451,0.025664,0.001994,0.001268
N20001052,0.032209,0.343387,0.352424,0.116916,0.020993,0.065280,0.062595,0.002963,0.003235
N20001053,0.124117,0.303263,0.239795,0.106540,0.096760,0.049981,0.056554,0.011227,0.011763
N20001054,0.013321,0.208358,0.571652,0.069431,0.008517,0.028015,0.096448,0.002574,0.001684
N20001055,0.014619,0.621233,0.116986,0.142096,0.004392,0.083403,0.013905,0.002085,0.001281
N20001056,0.023917,0.471134,0.223854,0.167171,0.008089,0.068737,0.031512,0.003436,0.002151
N20001057,0.265199,0.053559,0.209035,0.026537,0.307164,0.010658,0.066543,0.030604,0.030700
N20001058,0.017708,0.665158,0.084456,0.118448,0.004351,0.096113,0.010039,0.002349,0.001378
N20001059,0.165829,0.158032,0.302946,0.056402,0.161497,0.023350,0.096598,0.017809,0.017536
N20001060,0.033277,0.388154,0.317381,0.127580,0.018089,0.050327,0.054757,0.006525,0.003910
N20001061,0.220616,0.027445,0.225856,0.009003,0.346497,0.003879,0.105024,0.032111,0.029569
N20001062,0.356401,0.028186,0.099546,0.015088,0.381630,0.005656,0.032596,0.041237,0.039660
N20001063,0.158262,0.055432,0.414042,0.025397,0.188006,0.009991,0.112870,0.017459,0.018541
N20001064,0.282120,0.057656,0.184626,0.018472,0.316119,0.007925,0.064899,0.035780,0.032404
N20001065,0.034414,0.609150,0.103921,0.133320,0.010073,0.089264,0.015482,0.002134,0.002243
N20001066,0.133560,0.041862,0.387084,0.015911,0.217502,0.006244,0.161479,0.018018,0.018340
N20001067,0.011489,0.153881,0.637758,0.065200,0.011537,0.026509,0.088702,0.002985,0.001940
N20001068,0.102727,0.047284,0.509912,0.023651,0.146885,0.007932,0.130984,0.014839,0.015788
N20001069,0.273349,0.041095,0.221349,0.017568,0.295824,0.006994,0.074148,0.035405,0.034268
N20001070,0.186958,0.028946,0.320469,0.013863,0.283959,0.004834,0.110501,0.025149,0.025319
N20001071,0.363812,0.054976,0.160864,0.025851,0.268717,0.011862,0.037669,0.038457,0.037791
N20001072,0.208696,0.015628,0.237892,0.008777,0.383858,0.002993,0.078623,0.031827,0.031706
N20001073,0.286430,0.015575,0.186294,0.009707,0.373479,0.003584,0.055644,0.034223,0.035064
N20001074,0.065649,0.131626,0.548228,0.054612,0.054221,0.023121,0.107847,0.007152,0.007545
N20001075,0.319627,0.049951,0.220594,0.024002,0.255543,0.009937,0.051293,0.034231,0.034822
N20001076,0.265058,0.019673,0.229828,0.011884,0.343175,0.004216,0.060629,0.032422,0.033115
N20001077,0.121114,0.091319,0.483372,0.043818,0.110039,0.017236,0.105341,0.013459,0.014302
N20001078,0.119811,0.105493,0.489918,0.050932,0.093885,0.020724,0.093414,0.012516,0.013307
N20001079,0.298118,0.079260,0.182640,0.021930,0.261463,0.014225,0.082316,0.031208,0.028840
N20001080,0.170830,0.207263,0.237594,0.031709,0.124490,0.022674,0.174881,0.016232,0.014326
N20001081,0.349955,0.064310,0.159795,0.021480,0.267970,0.011327,0.057843,0.035185,0.032136
N20001082,0.712619,0.016491,0.007891,0.007983,0.173592,0.004726,0.001723,0.040267,0.034707
N20001083,0.648520,0.009306,0.006526,0.004604,0.242157,0.002627,0.001798,0.045256,0.039206
N20001084,0.172883,0.492911,0.076281,0.089435,0.056304,0.062263,0.029626,0.010727,0.009571
N20001085,0.084108,0.104575,0.386389,0.016754,0.091272,0.010750,0.287949,0.009343,0.008860
N20001086,0.702885,0.028982,0.012270,0.011915,0.161245,0.007487,0.002607,0.039095,0.033514
N20001087,0.137805,0.268213,0.254076,0.040420,0.093249,0.027629,0.154991,0.012342,0.011276
N20001088,0.083878,0.248410,0.337271,0.042729,0.061162,0.026565,0.185096,0.007640,0.007248
N20001089,0.022072,0.603722,0.034114,0.210109,0.005191,0.117204,0.005345,0.001111,0.001132
N20001090,0.192521,0.376478,0.142975,0.061107,0.088845,0.041785,0.069554,0.013977,0.012759
N20001091,0.108567,0.445431,0.143298,0.117603,0.047811,0.085514,0.036842,0.007418,0.007516
N20001092,0.028089,0.600960,0.038915,0.187266,0.007391,0.128242,0.006104,0.001507,0.001526
N20001093,0.024965,0.634328,0.022533,0.178699,0.006093,0.127147,0.003626,0.001301,0.001308
N20001094,0.586750,0.017464,0.021334,0.008041,0.268461,0.004447,0.005911,0.046996,0.040595
N20001095,0.051271,0.576478,0.071418,0.172167,0.017584,0.090801,0.013993,0.003130,0.003159
N20001096,0.063231,0.506356,0.124470,0.155417,0.021526,0.097304,0.024265,0.003612,0.003820
N20001097,0.064624,0.621774,0.051104,0.121078,0.018691,0.104517,0.010891,0.003706,0.003615
N20001098,0.045806,0.504782,0.174113,0.113326,0.020060,0.096182,0.039620,0.002987,0.003126
N20001099,0.205261,0.172359,0.266443,0.048508,0.144326,0.026007,0.100394,0.018888,0.017814
N20001100,0.058479,0.548592,0.146006,0.095042,0.025701,0.078039,0.040009,0.004136,0.003997
N20001101,0.391934,0.262153,0.040208,0.086581,0.100377,0.068903,0.008523,0.021231,0.020091
N20001102,0.187981,0.351232,0.149344,0.084717,0.094343,0.051898,0.053311,0.013869,0.013306
N20001103,0.304353,0.104010,0.136756,0.025602,0.275591,0.014953,0.075113,0.034116,0.029507
N20001104,0.058007,0.582048,0.075358,0.145411,0.016118,0.101080,0.015825,0.003045,0.003108
N20001105,0.343035,0.112508,0.114652,0.043092,0.259009,0.023870,0.039237,0.033450,0.031146
N20001106,0.077267,0.388577,0.270109,0.075101,0.039006,0.062631,0.076335,0.005440,0.005534
N20001107,0.316007,0.050991,0.109336,0.018622,0.370446,0.008486,0.049016,0.040687,0.036410
N20001108,0.115481,0.350668,0.243180,0.058317,0.076727,0.046039,0.089285,0.010492,0.009813
N20001109,0.680286,0.027746,0.012329,0.010923,0.181097,0.007852,0.002822,0.041743,0.035200
N20001110,0.291146,0.076603,0.190069,0.027075,0.271617,0.014842,0.068402,0.030989,0.029255
N20001111,0.061808,0.550230,0.101226,0.146286,0.018052,0.093971,0.021951,0.003139,0.003337
N20001112,0.308549,0.129898,0.127282,0.036537,0.254610,0.020030,0.061501,0.032693,0.028899
N20001113,0.458235,0.050854,0.047810,0.022375,0.310783,0.011016,0.016213,0.043567,0.039149
N20001114,0.460762,0.037653,0.034192,0.013411,0.341944,0.007936,0.013983,0.048984,0.041135
N20001115,0.216750,0.097984,0.241399,0.031947,0.251802,0.018616,0.090819,0.025827,0.024854
N20001116,0.033684,0.614428,0.066987,0.155804,0.010012,0.102586,0.012644,0.001932,0.001924
N20001117,0.046802,0.610419,0.074389,0.136626,0.012375,0.099602,0.015010,0.002374,0.002404
N20001118,0.516526,0.023648,0.031803,0.009205,0.312956,0.006689,0.011988,0.046840,0.040345
N20001119,0.356144,0.046999,0.062393,0.018892,0.396528,0.010807,0.023717,0.044407,0.040113
N20001120,0.435018,0.035299,0.037063,0.016001,0.366161,0.007626,0.013265,0.047493,0.042074
N20001121,0.194773,0.018624,0.300447,0.009974,0.305801,0.003955,0.113183,0.026361,0.026882
N20001122,0.184794,0.067403,0.273017,0.020038,0.253409,0.009259,0.144344,0.024770,0.022967
N20001123,0.196124,0.166839,0.245172,0.052461,0.175143,0.028676,0.095932,0.020396,0.019257
N20001124,0.228655,0.080096,0.220755,0.027275,0.282406,0.014272,0.091141,0.028208,0.027192
N20001125,0.137074,0.118683,0.366801,0.030896,0.134811,0.017885,0.165153,0.014542,0.014154
N20001126,0.152572,0.145797,0.357930,0.041564,0.119860,0.021556,0.132510,0.014141,0.014069
N20001127,0.514948,0.030463,0.029061,0.013719,0.307253,0.008443,0.009751,0.045831,0.040530
N20001128,0.147901,0.367244,0.174800,0.086848,0.078304,0.066184,0.056973,0.010967,0.010779
N20001129,0.113669,0.359364,0.237019,0.089770,0.056407,0.058988,0.068521,0.008143,0.008119
N20001130,0.566414,0.029017,0.014031,0.015318,0.275833,0.008354,0.004050,0.046543,0.040442
N20001131,0.484774,0.050351,0.055062,0.022840,0.275245,0.017499,0.015628,0.041426,0.037176
N20001132,0.267164,0.089883,0.193632,0.029146,0.266954,0.014337,0.080939,0.029913,0.028031
N20001133,0.139219,0.111681,0.367729,0.037723,0.159827,0.019580,0.132469,0.015785,0.015986
N20001134,0.377541,0.057462,0.105349,0.025564,0.308042,0.014647,0.037079,0.038545,0.035772
N20001135,0.222252,0.065449,0.224453,0.020747,0.294569,0.010829,0.104556,0.029810,0.027334
N20001136,0.236186,0.081477,0.192293,0.033868,0.312121,0.015670,0.067270,0.031189,0.029925
N20001137,0.201456,0.048432,0.218332,0.017115,0.338832,0.007953,0.109749,0.029993,0.028138
N20001138,0.271281,0.037941,0.208212,0.012544,0.309223,0.005901,0.091684,0.032685,0.030527
N20001139,0.213541,0.103197,0.235241,0.032291,0.245393,0.017139,0.103532,0.025438,0.024228
N20001140,0.133232,0.085901,0.411525,0.034616,0.152432,0.017699,0.133793,0.015385,0.015416
N20001141,0.370065,0.049071,0.123299,0.017033,0.308199,0.008987,0.050500,0.038018,0.034828
N20001142,0.206064,0.065451,0.240387,0.029162,0.304680,0.011904,0.086999,0.027773,0.027581
N20001143,0.278656,0.107648,0.185297,0.035864,0.245158,0.019239,0.071845,0.028923,0.027371
N20001144,0.201965,0.039578,0.228303,0.013810,0.333151,0.007145,0.119664,0.028902,0.027481
N20001145,0.108438,0.017070,0.417397,0.007735,0.229875,0.002988,0.181131,0.017576,0.017792
N20001146,0.186912,0.039391,0.300371,0.016051,0.280968,0.007014,0.120361,0.024257,0.024674
N20001147,0.141546,0.366822,0.224414,0.065653,0.063243,0.048674,0.070346,0.009796,0.009507
N20001148,0.071305,0.069564,0.536764,0.023076,0.106384,0.014166,0.159679,0.009269,0.009791
N20001149,0.142364,0.100036,0.401698,0.036218,0.141761,0.018509,0.129327,0.014958,0.015128
N20001150,0.230613,0.077618,0.247758,0.026107,0.257713,0.013187,0.092972,0.027673,0.026359
N20001151,0.216396,0.072114,0.254521,0.030448,0.274182,0.014231,0.083450,0.027776,0.026881
N20001152,0.193219,0.055849,0.292851,0.020594,0.252104,0.010703,0.125933,0.024952,0.023795
N20001153,0.190850,0.088421,0.262513,0.041670,0.267045,0.018807,0.079058,0.026182,0.025453
N20001154,0.409353,0.097306,0.107949,0.028960,0.232909,0.016533,0.043108,0.033062,0.030821
N20001155,0.268962,0.040551,0.193004,0.014263,0.323834,0.007718,0.086484,0.033757,0.031427
N20001156,0.145005,0.106415,0.374074,0.042960,0.150900,0.021391,0.127454,0.015806,0.015996
N20001157,0.218194,0.063074,0.245488,0.026657,0.288954,0.011734,0.089468,0.028946,0.027486
N20001158,0.410655,0.047363,0.107721,0.023534,0.293475,0.010556,0.031555,0.038352,0.036789
N20001159,0.184415,0.013496,0.220256,0.004551,0.391771,0.002276,0.123469,0.030870,0.028896
N20001160,0.286082,0.021532,0.129581,0.008885,0.416779,0.004282,0.055995,0.039813,0.037052
N20001161,0.210803,0.031267,0.221406,0.012715,0.354573,0.006330,0.101655,0.031563,0.029688
N20001162,0.151943,0.078483,0.345887,0.024204,0.179871,0.013513,0.170575,0.018004,0.017520
N20001163,0.214712,0.098692,0.296857,0.029631,0.189396,0.015645,0.112488,0.021481,0.021097
N20001164,0.320997,0.033221,0.146955,0.015338,0.346721,0.007034,0.057639,0.036874,0.035220
N20001165,0.366745,0.049566,0.134062,0.023476,0.304249,0.010411,0.040390,0.035882,0.035219
N20001166,0.289116,0.021417,0.154447,0.010607,0.384021,0.004776,0.062111,0.037480,0.036025
N20001167,0.118724,0.022180,0.462868,0.012973,0.198868,0.004831,0.146231,0.015974,0.017350
N20001168,0.162589,0.052924,0.372882,0.019914,0.199564,0.010347,0.142401,0.019850,0.019529
N20001169,0.198744,0.049928,0.326686,0.029286,0.237996,0.012094,0.099186,0.022274,0.023807
N20001170,0.172550,0.039370,0.328165,0.019086,0.265897,0.008816,0.119838,0.022646,0.023631
N20001171,0.118064,0.054466,0.472729,0.028823,0.158413,0.011608,0.126209,0.014226,0.015462
N20001172,0.057675,0.067778,0.595093,0.034997,0.073223,0.016611,0.141080,0.006234,0.007310
N20001173,0.155304,0.050366,0.350227,0.025300,0.244422,0.011531,0.120884,0.020281,0.021684
N20001174,0.146020,0.030465,0.426061,0.017557,0.212606,0.006760,0.122914,0.017955,0.019661
N20001175,0.091044,0.045065,0.483585,0.023625,0.158729,0.008623,0.162668,0.012865,0.013797
N20001176,0.138133,0.034652,0.464684,0.022460,0.187870,0.009333,0.108315,0.016299,0.018255
N20001177,0.149668,0.038967,0.431623,0.023571,0.195963,0.009892,0.114609,0.016861,0.018846
N20001178,0.115874,0.043815,0.471934,0.025029,0.165783,0.009514,0.138121,0.014245,0.015686
N20001179,0.314091,0.041396,0.152653,0.013660,0.365538,0.007915,0.047523,0.028204,0.029020
N20001180,0.292764,0.035647,0.175166,0.018403,0.372131,0.008315,0.039319,0.027640,0.030615
N20001181,0.153438,0.019638,0.350217,0.010237,0.333258,0.004091,0.090600,0.017673,0.020848
N20001182,0.234095,0.042479,0.339701,0.023420,0.247933,0.010436,0.061132,0.018637,0.022168
N20001183,0.200947,0.016665,0.290821,0.009313,0.370665,0.003959,0.060183,0.021689,0.025758
N20001184,0.448994,0.030751,0.074068,0.015166,0.340016,0.008303,0.015618,0.032807,0.034276
N20001185,0.207691,0.028628,0.340996,0.016617,0.300684,0.006831,0.054895,0.019758,0.023900
N20001186,0.293148,0.019156,0.170908,0.010309,0.405175,0.004734,0.037484,0.027807,0.031278
N20001187,0.209194,0.052091,0.351887,0.026353,0.244390,0.011447,0.066303,0.017499,0.020835
N20001188,0.229009,0.029589,0.326578,0.015901,0.290201,0.006902,0.057658,0.020318,0.023845
N20001189,0.289982,0.041931,0.286500,0.024694,0.254132,0.011589,0.045456,0.020912,0.024804
N20001190,0.542170,0.012769,0.024703,0.007832,0.332199,0.003913,0.004544,0.035092,0.036778
N20001191,0.209958,0.013505,0.276919,0.007870,0.383614,0.003669,0.054960,0.022643,0.026863
N20001192,0.589115,0.016297,0.018866,0.009588,0.288386,0.005017,0.003086,0.034053,0.035593
N20001193,0.365354,0.047067,0.202138,0.026915,0.262812,0.012042,0.031966,0.023950,0.027756
N20001194,0.261753,0.186360,0.170883,0.080446,0.190438,0.043002,0.028965,0.017947,0.020205
N20001195,0.379504,0.021922,0.105217,0.012927,0.388446,0.005779,0.019549,0.031694,0.034961
N20001196,0.187038,0.055164,0.382764,0.030743,0.227272,0.013490,0.068376,0.015856,0.019298
N20001197,0.519061,0.011555,0.032467,0.006696,0.348436,0.003500,0.006153,0.035114,0.037018
N20001198,0.253270,0.029132,0.278886,0.018734,0.318726,0.007829,0.044923,0.021860,0.026640
N20001199,0.144613,0.038368,0.448249,0.019346,0.222923,0.008855,0.086401,0.014191,0.017055
N20001200,0.157995,0.065841,0.421504,0.030613,0.191171,0.013540,0.089695,0.013695,0.015948
N20001201,0.108007,0.124916,0.497737,0.060115,0.092241,0.027798,0.072679,0.007387,0.009121
N20001202,0.357087,0.026596,0.128838,0.014540,0.378773,0.006566,0.025183,0.029420,0.032997
N20001203,0.066303,0.479815,0.185705,0.112744,0.029910,0.093545,0.024835,0.003279,0.003864
N20001204,0.487838,0.012890,0.031539,0.007335,0.375891,0.003856,0.006079,0.036467,0.038105
N20001205,0.128768,0.295171,0.266619,0.104499,0.088095,0.055562,0.043673,0.008100,0.009514
N20001206,0.054542,0.467536,0.176215,0.149632,0.032368,0.088560,0.023980,0.003321,0.003846
N20001207,0.030360,0.567850,0.056810,0.171204,0.011131,0.153923,0.005581,0.001454,0.001686
N20001208,0.034215,0.606068,0.024182,0.185959,0.010007,0.133951,0.002525,0.001430,0.001662
N20001209,0.205119,0.122365,0.316541,0.056972,0.190314,0.031140,0.045366,0.014576,0.017607
N20001210,0.044771,0.548687,0.090677,0.169358,0.016652,0.115493,0.010026,0.001945,0.002392
N20001211,0.044476,0.502712,0.159521,0.160016,0.021922,0.086717,0.019429,0.002367,0.002841
N20001212,0.482368,0.009154,0.032711,0.006004,0.385778,0.002818,0.005627,0.036600,0.038940
N20001213,0.060631,0.372990,0.304090,0.125635,0.026179,0.067089,0.037128,0.002784,0.003473
N20001214,0.182951,0.297144,0.186000,0.105362,0.112659,0.065183,0.026350,0.011300,0.013051
N20001215,0.029808,0.445159,0.223224,0.171484,0.018527,0.081951,0.025930,0.001742,0.002176
N20001216,0.134301,0.219501,0.388322,0.057979,0.087247,0.040277,0.054527,0.008128,0.009717
N20001217,0.106963,0.221784,0.385782,0.083329,0.085301,0.046750,0.054171,0.007158,0.008762
N20001218,0.192147,0.071184,0.371483,0.035746,0.209149,0.018084,0.068862,0.015106,0.018239
N20001219,0.117893,0.162528,0.431498,0.066489,0.108302,0.032954,0.061234,0.008552,0.010551
N20001220,0.061030,0.413545,0.220836,0.162677,0.031689,0.075663,0.027386,0.003220,0.003954
N20001221,0.244542,0.079620,0.300392,0.034700,0.227982,0.015576,0.057880,0.018049,0.021260
N20001222,0.042373,0.515856,0.147310,0.150588,0.018281,0.103907,0.017149,0.002053,0.002483
N20001223,0.040136,0.520500,0.139466,0.154689,0.016366,0.108588,0.016136,0.001863,0.002257
N20001224,0.031325,0.523075,0.149063,0.169025,0.012347,0.096585,0.015412,0.001411,0.001757
N20001225,0.031673,0.555113,0.081271,0.182137,0.009229,0.130155,0.007803,0.001135,0.001483
N20001226,0.077884,0.046223,0.587932,0.025741,0.130217,0.010426,0.103743,0.007994,0.009841
N20001227,0.048803,0.488852,0.173270,0.139601,0.021822,0.103039,0.019272,0.002415,0.002926
N20001228,0.030186,0.533387,0.101536,0.178866,0.010599,0.133182,0.009398,0.001268,0.001577
N20001229,0.051393,0.521744,0.092164,0.170949,0.019607,0.129556,0.009517,0.002282,0.002788
N20001230,0.252013,0.042898,0.300220,0.024189,0.272772,0.010930,0.052885,0.020091,0.024002
N20001231,0.187586,0.084181,0.371831,0.045383,0.199656,0.021296,0.057649,0.014567,0.017851
N20001232,0.077229,0.328062,0.278006,0.151613,0.045663,0.078977,0.030673,0.004353,0.005424
N20001233,0.270902,0.093672,0.214850,0.050968,0.268238,0.021979,0.033517,0.020910,0.024965
N20001234,0.049204,0.086924,0.622395,0.040231,0.107010,0.012550,0.068265,0.006952,0.006469
N20001235,0.731221,0.016240,0.008081,0.004299,0.085529,0.004285,0.003033,0.102368,0.044943
N20001236,0.757546,0.012385,0.002616,0.003609,0.077033,0.003910,0.001060,0.098688,0.043153
N20001237,0.748949,0.013931,0.006678,0.004585,0.081430,0.004280,0.002373,0.093730,0.044045
N20001238,0.785258,0.013856,0.004032,0.004522,0.064248,0.004620,0.001315,0.082754,0.039394
N20001239,0.754622,0.013005,0.003475,0.003049,0.075617,0.003581,0.001323,0.102329,0.043000
N20001240,0.693907,0.014225,0.009343,0.003684,0.106256,0.003379,0.003520,0.115095,0.050590
N20001241,0.741102,0.008352,0.003551,0.002351,0.089514,0.002366,0.001413,0.105288,0.046064
N20001242,0.736006,0.017632,0.007464,0.004441,0.082341,0.004679,0.002583,0.100399,0.044453
N20001243,0.781254,0.012736,0.003245,0.003463,0.064799,0.003748,0.001073,0.090122,0.039560
N20001244,0.727941,0.010571,0.007655,0.003546,0.096423,0.003240,0.002791,0.100019,0.047813
N20001245,0.739447,0.014975,0.007950,0.004900,0.085121,0.004710,0.002849,0.095058,0.044991
N20001246,0.730636,0.018059,0.008726,0.005604,0.085422,0.005498,0.003136,0.097540,0.045378
N20001247,0.690860,0.023170,0.014965,0.007596,0.104426,0.006336,0.005567,0.098505,0.048576
N20001248,0.743035,0.011677,0.004398,0.002821,0.082999,0.003056,0.001705,0.105645,0.044663
N20001249,0.082439,0.616539,0.086693,0.074057,0.009622,0.088454,0.027322,0.009711,0.005162
N20001250,0.740925,0.015429,0.004261,0.004140,0.085143,0.004509,0.001738,0.099136,0.044719
N20001251,0.722693,0.015248,0.006706,0.004990,0.093376,0.004614,0.002513,0.102540,0.047319
N20001252,0.773261,0.014596,0.003931,0.004149,0.068759,0.004238,0.001321,0.089311,0.040433
N20001253,0.731385,0.018924,0.007276,0.005737,0.084472,0.005677,0.002715,0.098720,0.045094
N20001254,0.670852,0.048924,0.027742,0.012306,0.085342,0.011625,0.009698,0.089951,0.043559
N20001255,0.764101,0.019009,0.005091,0.004285,0.066012,0.004946,0.001855,0.094798,0.039904
N20001256,0.775250,0.016755,0.003882,0.004678,0.065885,0.004814,0.001305,0.087757,0.039675
N20001257,0.748579,0.010449,0.002815,0.002643,0.081344,0.002854,0.001097,0.105868,0.044351
N20001258,0.717830,0.012469,0.008145,0.004297,0.098888,0.003952,0.003063,0.102793,0.048562
N20001259,0.732452,0.012063,0.006223,0.003404,0.089054,0.003417,0.002382,0.104750,0.046255
N20001260,0.676099,0.020404,0.020682,0.006359,0.108843,0.005713,0.007740,0.103879,0.050281
N20001261,0.763895,0.012879,0.003092,0.003230,0.072376,0.003662,0.001165,0.097956,0.041745
N20001262,0.712275,0.008873,0.004712,0.002202,0.104760,0.002193,0.002173,0.113958,0.048854
N20001263,0.746418,0.014659,0.004694,0.003420,0.078496,0.003588,0.001879,0.103560,0.043287
N20001264,0.609647,0.011708,0.023252,0.003740,0.154332,0.003247,0.011012,0.124740,0.058323
N20001265,0.649231,0.011479,0.016539,0.003786,0.135878,0.003235,0.006856,0.117285,0.055710
N20001266,0.762140,0.015107,0.004430,0.003647,0.071856,0.004045,0.001558,0.095615,0.041601
N20001267,0.717854,0.022373,0.011746,0.007273,0.090995,0.006710,0.004005,0.093109,0.045936
N20001268,0.743071,0.010963,0.004824,0.002893,0.084465,0.002909,0.001729,0.104001,0.045145
N20001269,0.745398,0.020509,0.009962,0.004846,0.073743,0.005261,0.003667,0.094935,0.041678
N20001270,0.733233,0.013601,0.004022,0.003073,0.084996,0.003472,0.001726,0.110698,0.045178
N20001271,0.531879,0.031602,0.083763,0.010519,0.144468,0.008499,0.035747,0.101207,0.052315
N20001272,0.727119,0.008572,0.005228,0.002161,0.095330,0.002162,0.002042,0.109861,0.047526
N20001273,0.722075,0.015188,0.006249,0.004754,0.094634,0.004456,0.002506,0.102737,0.047401
N20001274,0.681472,0.023818,0.010457,0.005776,0.106194,0.005538,0.004418,0.112841,0.049486
N20001275,0.374827,0.060679,0.208434,0.016911,0.119352,0.013241,0.089689,0.076159,0.040708
N20001276,0.748746,0.018504,0.006424,0.004759,0.074729,0.005098,0.002187,0.097078,0.042476
N20001277,0.740727,0.012762,0.004264,0.003368,0.084684,0.003418,0.001670,0.104103,0.045004
N20001278,0.734178,0.019155,0.005994,0.005501,0.084137,0.005514,0.002231,0.098330,0.044961
N20001279,0.717609,0.016327,0.007405,0.004909,0.095629,0.004915,0.002995,0.102701,0.047511
N20001280,0.558046,0.037976,0.055235,0.009374,0.144809,0.008056,0.028663,0.105991,0.051850
N20001281,0.623667,0.023513,0.027710,0.006194,0.135504,0.005917,0.013188,0.111044,0.053262
N20001282,0.737672,0.013770,0.007195,0.004638,0.088884,0.004197,0.002383,0.095167,0.046093
N20001283,0.742584,0.014252,0.009810,0.003905,0.083422,0.003955,0.003202,0.094641,0.044228
N20001284,0.762849,0.014729,0.003110,0.004805,0.074052,0.004882,0.001101,0.092064,0.042407
N20001285,0.609385,0.050719,0.062982,0.013372,0.099649,0.013029,0.022229,0.084335,0.044300
N20001286,0.748107,0.014153,0.009843,0.004070,0.080688,0.003689,0.003266,0.092738,0.043446
N20001287,0.746994,0.015991,0.005595,0.004514,0.077737,0.004445,0.001879,0.099052,0.043794
N20001288,0.768504,0.012658,0.003619,0.003399,0.071755,0.003667,0.001317,0.093866,0.041214
N20001289,0.375609,0.099973,0.192131,0.023551,0.103633,0.022745,0.072448,0.072278,0.037632
N20001290,0.748823,0.014502,0.005350,0.004442,0.081901,0.004567,0.001968,0.094394,0.044053
N20001291,0.762332,0.014160,0.003229,0.003850,0.074329,0.004226,0.001241,0.094491,0.042143
N20001292,0.151222,0.348622,0.192699,0.121590,0.050797,0.077795,0.027396,0.018853,0.011026
N20001293,0.766494,0.013958,0.006755,0.004204,0.071153,0.004035,0.002138,0.089835,0.041428
N20001294,0.058025,0.381401,0.250138,0.160959,0.025849,0.077058,0.032924,0.008450,0.005196
N20001295,0.773402,0.015075,0.003749,0.003792,0.066803,0.004216,0.001343,0.091659,0.039960
N20001296,0.088756,0.223227,0.426316,0.074148,0.052600,0.046210,0.064377,0.015338,0.009029
N20001297,0.714419,0.012202,0.007555,0.003310,0.112085,0.003301,0.002615,0.099133,0.045379
N20001298,0.764827,0.014988,0.003249,0.003911,0.078701,0.004224,0.001063,0.090122,0.038915
N20001299,0.757587,0.009689,0.003679,0.002558,0.087074,0.002681,0.001201,0.094659,0.040873
N20001300,0.749707,0.017765,0.004111,0.004213,0.083538,0.004510,0.001410,0.094794,0.039952
N20001301,0.753265,0.009268,0.002580,0.002278,0.089805,0.002584,0.000912,0.097842,0.041465
N20001302,0.779806,0.011560,0.001987,0.003182,0.074124,0.003527,0.000632,0.087360,0.037821
N20001303,0.711867,0.023661,0.009305,0.005369,0.102527,0.005838,0.003503,0.094771,0.043160
N20001304,0.737476,0.018667,0.005437,0.004212,0.089560,0.004642,0.001933,0.096916,0.041158
N20001305,0.726262,0.010212,0.006095,0.002556,0.102369,0.002554,0.002016,0.103598,0.044338
N20001306,0.691294,0.007051,0.010103,0.002101,0.127911,0.001750,0.003113,0.107511,0.049166
N20001307,0.652264,0.040337,0.019875,0.006743,0.118514,0.008039,0.011117,0.099731,0.043382
N20001308,0.753300,0.016016,0.004785,0.004813,0.086541,0.004939,0.001595,0.087625,0.040386
N20001309,0.736260,0.015360,0.005483,0.004707,0.097214,0.004978,0.001839,0.091281,0.042877
N20001310,0.747959,0.013071,0.004286,0.003184,0.090096,0.003531,0.001538,0.095244,0.041092
N20001311,0.713508,0.020351,0.007757,0.004365,0.102649,0.005363,0.003246,0.099835,0.042926
N20001312,0.688449,0.034715,0.017562,0.007756,0.102554,0.008812,0.006937,0.091519,0.041695
N20001313,0.748890,0.013040,0.004111,0.003291,0.088189,0.003801,0.001329,0.096085,0.041265
N20001314,0.754822,0.016573,0.004099,0.004155,0.082287,0.004679,0.001342,0.092310,0.039733
N20001315,0.685678,0.038496,0.015748,0.008040,0.101638,0.009563,0.006550,0.092973,0.041312
N20001316,0.734093,0.011432,0.004065,0.002842,0.098999,0.003178,0.001422,0.100432,0.043537
N20001317,0.761912,0.012389,0.004171,0.003187,0.081962,0.003368,0.001361,0.091982,0.039668
N20001318,0.759769,0.019705,0.005452,0.006217,0.080762,0.006305,0.001682,0.081287,0.038821
N20001319,0.731312,0.017985,0.005028,0.004415,0.095230,0.004899,0.001975,0.097219,0.041938
N20001320,0.750442,0.011598,0.003718,0.002512,0.087181,0.002906,0.001349,0.099422,0.040872
N20001321,0.704085,0.016457,0.006380,0.004006,0.113035,0.004823,0.002692,0.103538,0.044982
N20001322,0.739409,0.020535,0.006443,0.004750,0.089618,0.005683,0.002488,0.090896,0.040178
N20001323,0.780964,0.013839,0.002820,0.003579,0.072496,0.004092,0.000926,0.084236,0.037049
N20001324,0.727992,0.020706,0.006150,0.004316,0.091658,0.005406,0.002432,0.100131,0.041208
N20001325,0.741994,0.011132,0.003861,0.002933,0.095173,0.003016,0.001402,0.098276,0.042212
N20001326,0.744297,0.010755,0.004417,0.003099,0.095496,0.003093,0.001521,0.094915,0.042407
N20001327,0.714218,0.011600,0.005718,0.003594,0.112836,0.003570,0.002307,0.100479,0.045676
N20001328,0.722013,0.021590,0.008529,0.004710,0.094996,0.005301,0.003140,0.097814,0.041907
N20001329,0.728841,0.014327,0.004674,0.004203,0.100353,0.004199,0.001612,0.097815,0.043976
N20001330,0.673582,0.014660,0.010393,0.004148,0.135062,0.003950,0.004460,0.105041,0.048705
N20001331,0.739353,0.014043,0.005043,0.004687,0.097336,0.004505,0.001717,0.090673,0.042642
N20001332,0.753680,0.016210,0.004264,0.004002,0.083384,0.004494,0.001416,0.092823,0.039727
N20001333,0.669330,0.013697,0.010800,0.003715,0.136525,0.003702,0.004622,0.108532,0.049078
N20001334,0.723225,0.012649,0.005206,0.003872,0.106502,0.003816,0.001923,0.098250,0.044557
N20001335,0.684663,0.017798,0.005212,0.004796,0.124920,0.005030,0.002385,0.107800,0.047397
N20001336,0.735396,0.021697,0.008456,0.005696,0.091079,0.005862,0.002969,0.088302,0.040543
N20001337,0.706807,0.009850,0.005582,0.003420,0.121345,0.003121,0.001946,0.100555,0.047374
N20001338,0.734253,0.030342,0.006171,0.006321,0.080595,0.007278,0.002383,0.093656,0.039000
N20001339,0.732711,0.013548,0.005750,0.004388,0.100551,0.004130,0.001894,0.093539,0.043489
N20001340,0.694077,0.013447,0.009195,0.004199,0.123556,0.003956,0.003296,0.100606,0.047668
N20001341,0.631343,0.013328,0.015135,0.003846,0.161092,0.003806,0.005780,0.112810,0.052860
N20001342,0.728755,0.010505,0.004190,0.003024,0.105258,0.003188,0.001537,0.099020,0.044524
N20001343,0.763469,0.014236,0.003290,0.004150,0.081981,0.004506,0.001143,0.087799,0.039426
N20001344,0.755925,0.011698,0.003513,0.003201,0.086332,0.003733,0.001182,0.093756,0.040661
N20001345,0.742761,0.017444,0.006424,0.005012,0.089163,0.005141,0.002122,0.090688,0.041245
N20001346,0.744019,0.015812,0.004840,0.004577,0.091461,0.004595,0.001653,0.091546,0.041498
N20001347,0.709696,0.017283,0.019750,0.005627,0.103615,0.004570,0.005801,0.090116,0.043542
N20001348,0.744522,0.015605,0.005776,0.003892,0.090495,0.004045,0.002169,0.092706,0.040791
N20001349,0.736192,0.011352,0.004000,0.003460,0.100232,0.003349,0.001438,0.096593,0.043385
N20001350,0.687651,0.009138,0.004804,0.002905,0.132844,0.002788,0.001967,0.108676,0.049227
N20001351,0.763467,0.017295,0.004583,0.004894,0.079223,0.005503,0.001438,0.084916,0.038681
N20001352,0.708965,0.014326,0.006713,0.004032,0.110525,0.003937,0.002431,0.103496,0.045576
N20001353,0.726771,0.009408,0.003278,0.002614,0.106554,0.002670,0.001289,0.102901,0.044514
N20001354,0.725455,0.013296,0.004728,0.003731,0.103081,0.003954,0.001788,0.099986,0.043981
N20001355,0.705923,0.009300,0.004116,0.002906,0.123673,0.002874,0.001680,0.102438,0.047089
N20001356,0.737759,0.010589,0.004254,0.003161,0.099987,0.003099,0.001451,0.096392,0.043307
N20001357,0.726502,0.012606,0.005564,0.003740,0.103137,0.003732,0.001941,0.098685,0.044093
N20001358,0.751409,0.015658,0.004720,0.004351,0.087294,0.004497,0.001547,0.089943,0.040581
N20001359,0.761215,0.014208,0.004494,0.004319,0.083827,0.004281,0.001373,0.086457,0.039826
N20001360,0.748563,0.012648,0.003112,0.003829,0.093874,0.003944,0.001132,0.091258,0.041641
N20001361,0.724761,0.014723,0.007736,0.004670,0.104045,0.004425,0.002755,0.092936,0.043948
N20001362,0.743256,0.013089,0.002978,0.004059,0.096355,0.004342,0.001056,0.092262,0.042602
N20001363,0.750060,0.015056,0.004136,0.004370,0.087562,0.004424,0.001366,0.092166,0.040860
N20001364,0.738965,0.009224,0.005200,0.002994,0.102855,0.002898,0.001760,0.092422,0.043681
N20001365,0.707814,0.015610,0.007683,0.003628,0.110890,0.003747,0.003321,0.102756,0.044550
N20001366,0.725513,0.011414,0.004620,0.003437,0.106640,0.003437,0.001757,0.098732,0.044449
N20001367,0.702818,0.013091,0.005676,0.004190,0.119067,0.004050,0.002057,0.102144,0.046907
N20001368,0.758662,0.017684,0.004865,0.005432,0.083078,0.005334,0.001614,0.083873,0.039457
N20001369,0.030033,0.713226,0.045447,0.087936,0.002063,0.106344,0.010630,0.002703,0.001618
N20001370,0.027134,0.716395,0.018931,0.101327,0.001508,0.126997,0.004307,0.002118,0.001284
N20001371,0.158111,0.449906,0.094004,0.125287,0.018208,0.110651,0.024433,0.012364,0.007035
N20001372,0.021818,0.705851,0.016710,0.141103,0.001321,0.106464,0.003916,0.001736,0.001080
N20001373,0.337898,0.348296,0.049345,0.101373,0.030942,0.081541,0.013148,0.024453,0.013004
N20001374,0.785027,0.013867,0.009713,0.004595,0.062132,0.003624,0.003334,0.075810,0.041898
N20001375,0.028341,0.637393,0.031589,0.125005,0.002073,0.166248,0.006553,0.001795,0.001004
N20001376,0.036521,0.678871,0.064383,0.080670,0.002050,0.119268,0.013795,0.002721,0.001722
N20001377,0.067669,0.596058,0.040389,0.108310,0.007349,0.160710,0.010113,0.006549,0.002853
N20001378,0.044330,0.699183,0.045189,0.079560,0.002929,0.110462,0.012227,0.003835,0.002284
N20001379,0.026716,0.706398,0.029631,0.101691,0.001451,0.123702,0.007229,0.001958,0.001224
N20001380,0.013315,0.630680,0.063727,0.101098,0.001212,0.174862,0.012989,0.001376,0.000741
N20001381,0.019757,0.686884,0.026646,0.113081,0.001938,0.143553,0.005566,0.001773,0.000803
N20001382,0.035123,0.621366,0.035470,0.107829,0.003868,0.183263,0.008315,0.003273,0.001493
N20001383,0.032847,0.691901,0.025535,0.091195,0.003160,0.144979,0.006067,0.003009,0.001306
N20001384,0.038641,0.657941,0.038100,0.093801,0.003667,0.153868,0.009156,0.003334,0.001493
N20001385,0.062847,0.622775,0.053715,0.099704,0.009052,0.125772,0.015945,0.007106,0.003084
N20001386,0.024744,0.592246,0.103137,0.105335,0.002483,0.145178,0.022773,0.002667,0.001437
N20001387,0.036117,0.662448,0.021231,0.120628,0.003483,0.146394,0.004938,0.003312,0.001448
N20001388,0.015093,0.651168,0.025932,0.112272,0.001113,0.187308,0.005011,0.001367,0.000736
N20001389,0.054980,0.688159,0.034296,0.066673,0.004360,0.132631,0.009824,0.006269,0.002808
N20001390,0.018037,0.678835,0.020439,0.115714,0.001667,0.158950,0.004068,0.001573,0.000717
N20001391,0.016211,0.646192,0.031054,0.112870,0.001464,0.183404,0.006180,0.001720,0.000906
N20001392,0.013477,0.648385,0.033412,0.128335,0.001153,0.166417,0.006717,0.001375,0.000730
N20001393,0.020905,0.732325,0.025081,0.074765,0.001818,0.136490,0.005968,0.001856,0.000792
N20001394,0.062571,0.625169,0.046555,0.104461,0.006609,0.133496,0.013104,0.005537,0.002499
N20001395,0.028426,0.657020,0.022948,0.122514,0.002632,0.157715,0.005146,0.002494,0.001105
N20001396,0.032828,0.700990,0.020605,0.074394,0.002288,0.158886,0.004901,0.003514,0.001595
N20001397,0.061836,0.645607,0.061717,0.084827,0.007357,0.111698,0.017877,0.006362,0.002719
N20001398,0.030353,0.704379,0.030851,0.077472,0.002364,0.141540,0.008236,0.003268,0.001536
N20001399,0.029944,0.686315,0.027336,0.091595,0.002769,0.151900,0.006225,0.002729,0.001186
N20001400,0.087961,0.594029,0.068973,0.079861,0.009887,0.127220,0.020177,0.008240,0.003652
N20001401,0.031073,0.648438,0.087502,0.082478,0.002756,0.119473,0.023223,0.003387,0.001669
N20001402,0.036774,0.646311,0.073512,0.085843,0.004026,0.125852,0.020967,0.004484,0.002230
N20001403,0.027478,0.704147,0.029676,0.082653,0.002107,0.142825,0.006863,0.002863,0.001388
N20001404,0.044108,0.614831,0.088860,0.084415,0.005725,0.131904,0.023465,0.004644,0.002048
N20001405,0.019378,0.718593,0.021770,0.083826,0.001477,0.146967,0.004932,0.002067,0.000991
N20001406,0.033875,0.711820,0.019802,0.065221,0.002290,0.156887,0.004913,0.003584,0.001607
N20001407,0.036148,0.689141,0.027415,0.090096,0.002879,0.140736,0.007630,0.004097,0.001857
N20001408,0.012844,0.764413,0.016003,0.060442,0.000746,0.140368,0.003410,0.001205,0.000569
N20001409,0.022426,0.713866,0.027508,0.087102,0.001539,0.138121,0.006194,0.002189,0.001056
N20001410,0.013330,0.713518,0.011166,0.102103,0.000838,0.154685,0.002406,0.001338,0.000617
N20001411,0.016391,0.734287,0.045153,0.067302,0.001229,0.123197,0.009928,0.001685,0.000829
N20001412,0.034064,0.709524,0.029485,0.068530,0.002366,0.142796,0.008025,0.003582,0.001627
N20001413,0.095908,0.567893,0.046251,0.105324,0.009625,0.151451,0.010684,0.008968,0.003895
N20001414,0.702774,0.086746,0.010313,0.015672,0.049224,0.021965,0.003675,0.078003,0.031628
N20001415,0.016672,0.762990,0.016140,0.057309,0.001031,0.139875,0.003518,0.001693,0.000771
N20001416,0.025828,0.716100,0.013981,0.095426,0.001660,0.140131,0.003235,0.002454,0.001185
N20001417,0.022228,0.743977,0.014350,0.073225,0.001456,0.138195,0.003276,0.002250,0.001044
N20001418,0.322207,0.268877,0.136632,0.034749,0.050749,0.041032,0.070707,0.052702,0.022345
N20001419,0.762545,0.010552,0.003285,0.002314,0.069986,0.002618,0.001421,0.107663,0.039617
N20001420,0.748486,0.019740,0.007311,0.003268,0.069798,0.004487,0.003228,0.104609,0.039072
N20001421,0.690015,0.057427,0.015527,0.008238,0.070608,0.011778,0.007481,0.101105,0.037822
N20001422,0.585151,0.074974,0.060859,0.012668,0.086354,0.015316,0.027723,0.097054,0.039900
N20001423,0.754343,0.021899,0.007341,0.003706,0.063877,0.004493,0.003114,0.103462,0.037764
N20001424,0.031446,0.722978,0.018992,0.079773,0.002229,0.135089,0.004729,0.003233,0.001531
N20001425,0.616281,0.057523,0.030090,0.009191,0.105099,0.010814,0.019210,0.108738,0.043053
N20001426,0.768929,0.016939,0.005716,0.003225,0.061160,0.003783,0.002306,0.100955,0.036988
N20001427,0.743573,0.015399,0.005050,0.003030,0.075511,0.003556,0.002349,0.110826,0.040706
N20001428,0.739190,0.028926,0.011446,0.005052,0.066366,0.006198,0.005293,0.100012,0.037516
N20001429,0.774640,0.013206,0.002970,0.002437,0.060383,0.003082,0.001256,0.104966,0.037061
N20001430,0.663688,0.020894,0.024418,0.004056,0.108211,0.003934,0.012890,0.115575,0.046334
N20001431,0.755743,0.014132,0.005513,0.002317,0.068123,0.003053,0.002501,0.109771,0.038848
N20001432,0.800744,0.012914,0.003337,0.002809,0.051227,0.003260,0.001220,0.090603,0.033885
N20001433,0.746977,0.016169,0.008697,0.003185,0.071200,0.003627,0.003275,0.106854,0.040017
N20001434,0.775767,0.018051,0.004972,0.003791,0.059074,0.004277,0.002011,0.095979,0.036078
N20001435,0.744139,0.022560,0.008278,0.003440,0.067729,0.004214,0.003884,0.107299,0.038457
N20001436,0.763750,0.011574,0.006022,0.002872,0.069354,0.003014,0.002105,0.101567,0.039742
N20001437,0.777343,0.022020,0.006537,0.004107,0.053599,0.005175,0.002370,0.094100,0.034748
N20001438,0.705061,0.007102,0.010262,0.001371,0.098354,0.001432,0.004376,0.125568,0.046473
N20001439,0.730888,0.038675,0.007407,0.005899,0.067363,0.009192,0.003957,0.099764,0.036854
N20001440,0.788048,0.012696,0.003807,0.002847,0.057039,0.003187,0.001438,0.095094,0.035844
N20001441,0.720955,0.037294,0.010590,0.005808,0.071745,0.007712,0.005854,0.102084,0.037958
N20001442,0.767161,0.016476,0.003678,0.003677,0.063903,0.004242,0.001483,0.101296,0.038083
N20001443,0.728639,0.035744,0.010302,0.006238,0.067483,0.007422,0.004916,0.101584,0.037672
N20001444,0.765408,0.015861,0.006857,0.003270,0.063124,0.003572,0.002570,0.101634,0.037703
N20001445,0.703089,0.045106,0.015244,0.006994,0.074116,0.010125,0.007869,0.099515,0.037942
N20001446,0.176102,0.314710,0.107736,0.190622,0.076442,0.095923,0.009313,0.008119,0.021034
N20001447,0.433593,0.116470,0.110701,0.063926,0.170238,0.025384,0.013383,0.019999,0.046306
N20001448,0.419163,0.166508,0.081733,0.092974,0.134977,0.038449,0.008900,0.016998,0.040296
N20001449,0.433876,0.137796,0.093480,0.077135,0.152668,0.032207,0.009567,0.019112,0.044160
N20001450,0.450254,0.161042,0.068099,0.092311,0.121404,0.045550,0.006336,0.015896,0.039107
N20001451,0.490022,0.137439,0.055762,0.086097,0.133273,0.030343,0.005020,0.018564,0.043482
N20001452,0.425229,0.149144,0.115580,0.088199,0.121997,0.033722,0.012254,0.015799,0.038077
N20001453,0.575472,0.071786,0.049393,0.046845,0.161145,0.019362,0.005349,0.020599,0.050047
N20001454,0.700823,0.011902,0.009745,0.007751,0.179821,0.003368,0.001221,0.027429,0.057940
N20001455,0.612030,0.011176,0.019278,0.007886,0.245707,0.003112,0.002691,0.031844,0.066277
N20001456,0.662241,0.012934,0.012120,0.009031,0.207936,0.003784,0.001564,0.028880,0.061511
N20001457,0.081355,0.460329,0.022707,0.230722,0.020246,0.172905,0.001811,0.002787,0.007138
N20001458,0.530950,0.102726,0.062258,0.071909,0.129868,0.035566,0.005626,0.017490,0.043606
N20001459,0.237288,0.273290,0.125350,0.156578,0.088576,0.071738,0.011782,0.010065,0.025333
N20001460,0.583043,0.040999,0.051362,0.026809,0.196458,0.011929,0.006238,0.025626,0.057536
N20001461,0.223128,0.324780,0.044171,0.211153,0.053915,0.112882,0.003712,0.007423,0.018835
N20001462,0.674751,0.028589,0.028876,0.022444,0.158294,0.009421,0.002879,0.021867,0.052879
N20001463,0.685277,0.026557,0.031657,0.020234,0.151284,0.008338,0.003242,0.021717,0.051695
N20001464,0.066101,0.463907,0.016855,0.269032,0.013188,0.162644,0.001274,0.001914,0.005086
N20001465,0.650149,0.055020,0.018634,0.041080,0.142666,0.019144,0.001884,0.021314,0.050109
N20001466,0.567932,0.137439,0.012942,0.080117,0.095576,0.051389,0.001261,0.015725,0.037619
N20001467,0.035570,0.519249,0.010184,0.299067,0.006626,0.124953,0.000720,0.001005,0.002627
N20001468,0.746926,0.017194,0.004828,0.011923,0.138946,0.005982,0.000555,0.022725,0.050921
N20001469,0.718269,0.010501,0.006444,0.007397,0.169972,0.003315,0.000812,0.026517,0.056773
N20001470,0.741433,0.011511,0.005405,0.006835,0.151473,0.003346,0.000680,0.025825,0.053493
N20001471,0.755189,0.009344,0.002758,0.005775,0.144921,0.002927,0.000379,0.026116,0.052589
N20001472,0.797568,0.012161,0.005472,0.009305,0.106895,0.004265,0.000535,0.019088,0.044710
N20001473,0.762998,0.015626,0.004183,0.010218,0.127672,0.005170,0.000517,0.023743,0.049872
N20001474,0.704974,0.025309,0.013858,0.012503,0.154507,0.006196,0.001840,0.027087,0.053726
N20001475,0.755905,0.013342,0.004832,0.008677,0.135918,0.004261,0.000590,0.024875,0.051600
N20001476,0.688522,0.009565,0.006338,0.006903,0.196582,0.002924,0.000884,0.028299,0.059983
N20001477,0.692295,0.046386,0.012523,0.032492,0.130189,0.015797,0.001315,0.020785,0.048217
N20001478,0.737372,0.041930,0.009496,0.032474,0.101553,0.015018,0.000878,0.018181,0.043098
N20001479,0.718873,0.015449,0.009565,0.010428,0.160004,0.004659,0.001154,0.025127,0.054742
N20001480,0.688346,0.064849,0.009638,0.044340,0.106768,0.023277,0.000969,0.018548,0.043263
N20001481,0.535521,0.066236,0.067235,0.031715,0.208640,0.015396,0.007384,0.023255,0.044617
N20001482,0.384262,0.197716,0.063973,0.105904,0.139172,0.056745,0.005691,0.014937,0.031601
N20001483,0.390143,0.163487,0.126449,0.083010,0.139173,0.041113,0.010037,0.015022,0.031566
N20001484,0.117114,0.430412,0.074621,0.195936,0.055285,0.103128,0.006169,0.005620,0.011715
N20001485,0.085672,0.403236,0.145716,0.194712,0.042334,0.104130,0.011498,0.003998,0.008702
N20001486,0.326138,0.268550,0.058020,0.118444,0.121909,0.058964,0.005612,0.014636,0.027728
N20001487,0.089912,0.455273,0.075372,0.194226,0.040521,0.125597,0.006159,0.004194,0.008746
N20001488,0.230194,0.293982,0.153453,0.086556,0.129650,0.050011,0.018405,0.013330,0.024419
N20001489,0.135197,0.411725,0.077501,0.205512,0.046596,0.101100,0.006118,0.005216,0.011035
N20001490,0.306295,0.265560,0.089912,0.099787,0.134982,0.051209,0.009379,0.014812,0.028063
N20001491,0.230689,0.258901,0.137990,0.129584,0.129250,0.063549,0.013068,0.012160,0.024811
N20001492,0.266221,0.165739,0.229654,0.084491,0.154649,0.034179,0.022454,0.013972,0.028640
N20001493,0.285919,0.317435,0.072535,0.121372,0.092601,0.069689,0.007061,0.011478,0.021911
N20001494,0.325024,0.211677,0.106909,0.109839,0.141004,0.051284,0.009712,0.014740,0.029810
N20001495,0.255874,0.384289,0.056992,0.106096,0.090406,0.066553,0.005960,0.012344,0.021487
N20001496,0.517526,0.095622,0.085409,0.045015,0.169694,0.019112,0.007361,0.020534,0.039727
N20001497,0.240272,0.286337,0.109906,0.133987,0.113239,0.070657,0.010838,0.011479,0.023285
N20001498,0.404441,0.210627,0.072764,0.093366,0.121343,0.046056,0.006019,0.015344,0.030041
N20001499,0.235970,0.385451,0.044829,0.138761,0.082114,0.078119,0.004396,0.010801,0.019558
N20001500,0.473598,0.129756,0.084733,0.053047,0.166749,0.024399,0.008299,0.021026,0.038395
N20001501,0.270216,0.212041,0.167445,0.105513,0.143277,0.044047,0.015968,0.013731,0.027762
N20001502,0.179581,0.453443,0.036502,0.159106,0.047092,0.101943,0.003139,0.006614,0.012581
N20001503,0.308411,0.269743,0.078951,0.142136,0.091700,0.069116,0.006034,0.010971,0.022939
N20001504,0.384215,0.160680,0.139172,0.068445,0.154312,0.029316,0.012987,0.017392,0.033480
N20001505,0.267202,0.308212,0.060777,0.158419,0.090185,0.078321,0.004868,0.010467,0.021550
N20001506,0.182884,0.331773,0.140205,0.139930,0.093816,0.070936,0.012372,0.009362,0.018723
N20001507,0.491912,0.141498,0.061084,0.058207,0.154165,0.029770,0.005585,0.020494,0.037285
N20001508,0.307403,0.241803,0.085701,0.124620,0.132318,0.058476,0.007850,0.013725,0.028104
N20001509,0.504620,0.146161,0.040415,0.065793,0.149173,0.034375,0.003819,0.019162,0.036483
N20001510,0.406955,0.172105,0.075936,0.083629,0.159913,0.042029,0.007012,0.017435,0.034986
N20001511,0.120408,0.424776,0.043041,0.220137,0.033098,0.142834,0.003006,0.003959,0.008742
N20001512,0.713405,0.021371,0.014377,0.012585,0.163171,0.006067,0.001317,0.023635,0.044073
N20001513,0.462875,0.130781,0.046343,0.072102,0.186887,0.037229,0.004511,0.019337,0.039935
N20001514,0.052867,0.414456,0.181843,0.223698,0.027114,0.065058,0.023383,0.003009,0.008573
N20001515,0.062128,0.439147,0.118617,0.251641,0.025234,0.077848,0.013306,0.003178,0.008902
N20001516,0.055471,0.479422,0.048151,0.276435,0.015649,0.111469,0.004791,0.002201,0.006410
N20001517,0.122784,0.373854,0.102776,0.225550,0.041402,0.101723,0.010972,0.005455,0.015484
N20001518,0.068488,0.358227,0.214223,0.198832,0.041631,0.075380,0.026497,0.004380,0.012342
N20001519,0.065180,0.511115,0.028403,0.264088,0.013578,0.106122,0.002844,0.002316,0.006354
N20001520,0.031959,0.502662,0.039602,0.271007,0.008956,0.137084,0.003752,0.001267,0.003712
N20001521,0.087932,0.418698,0.096653,0.248360,0.031495,0.090253,0.011011,0.004038,0.011560
N20001522,0.036328,0.545506,0.038156,0.235221,0.011338,0.123239,0.004121,0.001593,0.004498
N20001523,0.036227,0.567444,0.014235,0.261123,0.007863,0.106674,0.001469,0.001338,0.003626
N20001524,0.056257,0.401435,0.226671,0.176554,0.025694,0.075106,0.026865,0.003006,0.008413
N20001525,0.049550,0.464589,0.096890,0.229248,0.020026,0.119597,0.010652,0.002425,0.007024
N20001526,0.055743,0.460018,0.050864,0.239211,0.015160,0.165950,0.004628,0.002140,0.006288
N20001527,0.037831,0.483944,0.023383,0.270782,0.007506,0.169706,0.002050,0.001196,0.003602
N20001528,0.049886,0.473482,0.052325,0.233863,0.013857,0.163992,0.004959,0.001924,0.005712
N20001529,0.032108,0.472157,0.055965,0.241819,0.009394,0.178405,0.005123,0.001254,0.003777
N20001530,0.156116,0.351464,0.109907,0.203090,0.038024,0.110256,0.010428,0.005028,0.015687
N20001531,0.575912,0.069370,0.044543,0.042217,0.156480,0.018589,0.006237,0.024831,0.061820
N20001532,0.666799,0.050077,0.019943,0.040165,0.127258,0.014880,0.002426,0.021172,0.057280
N20001533,0.040899,0.478016,0.020321,0.266450,0.007642,0.180192,0.001659,0.001156,0.003664
N20001534,0.323479,0.278397,0.025353,0.189856,0.052846,0.091678,0.002531,0.009280,0.026580
N20001535,0.080310,0.501001,0.027616,0.249365,0.012343,0.118256,0.002422,0.002248,0.006439
N20001536,0.065306,0.525898,0.018683,0.210860,0.009812,0.160727,0.001630,0.001841,0.005241
N20001537,0.137001,0.454399,0.029393,0.211129,0.027676,0.119354,0.003234,0.004855,0.012957
N20001538,0.704761,0.046963,0.008718,0.034869,0.112211,0.013819,0.001151,0.021978,0.055530
N20001539,0.414494,0.201096,0.046494,0.118825,0.094371,0.063523,0.005435,0.015001,0.040761
N20001540,0.681997,0.030668,0.017832,0.014991,0.155300,0.006226,0.003321,0.026589,0.063077
N20001541,0.633339,0.047654,0.039900,0.030591,0.149687,0.010603,0.005670,0.022624,0.059933
N20001542,0.534187,0.126256,0.025899,0.091003,0.109471,0.042629,0.002916,0.018225,0.049414
N20001543,0.625931,0.078547,0.030937,0.047393,0.119244,0.018377,0.004049,0.021222,0.054300
N20001544,0.394168,0.221790,0.028484,0.149042,0.072568,0.084101,0.002867,0.012403,0.034578
N20001545,0.637881,0.033789,0.028619,0.026717,0.167158,0.010832,0.003534,0.024971,0.066499
N20001546,0.725542,0.019010,0.006893,0.015320,0.139763,0.005418,0.001034,0.024685,0.062335
N20001547,0.058381,0.580688,0.076045,0.160015,0.021285,0.086507,0.006709,0.005345,0.005025
N20001548,0.134184,0.285040,0.271799,0.100606,0.090680,0.050045,0.035134,0.016957,0.015555
N20001549,0.055817,0.507222,0.106422,0.180272,0.030426,0.097269,0.010195,0.006356,0.006022
N20001550,0.115170,0.521835,0.071362,0.141193,0.043808,0.077186,0.007702,0.011648,0.010097
N20001551,0.083393,0.471236,0.161690,0.146858,0.034166,0.072748,0.014432,0.007842,0.007635
N20001552,0.082330,0.502055,0.058918,0.205268,0.034196,0.096408,0.005413,0.007883,0.007529
N20001553,0.081068,0.585033,0.057024,0.142705,0.029342,0.083803,0.005687,0.008270,0.007068
N20001554,0.062079,0.608697,0.035045,0.171198,0.019842,0.089372,0.003217,0.005554,0.004996
N20001555,0.099990,0.388257,0.181469,0.149706,0.063042,0.074988,0.018950,0.012108,0.011492
N20001556,0.062404,0.417421,0.206054,0.174729,0.037938,0.066692,0.021091,0.006715,0.006957
N20001557,0.062093,0.512884,0.085425,0.193046,0.023074,0.105997,0.006742,0.005385,0.005355
N20001558,0.058274,0.279151,0.367248,0.137854,0.046898,0.064185,0.031416,0.007278,0.007695
N20001559,0.110108,0.527573,0.049005,0.162220,0.042048,0.083088,0.005104,0.011203,0.009650
N20001560,0.073768,0.372818,0.216051,0.180005,0.045106,0.076036,0.019246,0.008547,0.008422
N20001561,0.068461,0.536714,0.098244,0.167387,0.025117,0.083402,0.008900,0.006042,0.005733
N20001562,0.093768,0.468377,0.142564,0.138994,0.041403,0.082002,0.014948,0.009299,0.008646
N20001563,0.081825,0.559898,0.027694,0.188891,0.022076,0.104933,0.002304,0.006468,0.005912
N20001564,0.071039,0.560118,0.070668,0.170275,0.024186,0.085568,0.005927,0.006373,0.005847
N20001565,0.080484,0.538532,0.087112,0.150719,0.025391,0.097491,0.007717,0.006422,0.006131
N20001566,0.134760,0.466564,0.064111,0.175801,0.048742,0.080389,0.005852,0.012434,0.011347
N20001567,0.122969,0.485330,0.059093,0.160911,0.047680,0.095388,0.006026,0.011909,0.010693
N20001568,0.244078,0.237416,0.198722,0.090650,0.117893,0.042301,0.021162,0.024582,0.023195
N20001569,0.050969,0.380358,0.259436,0.155280,0.029409,0.094712,0.019029,0.005195,0.005613
N20001570,0.184951,0.252967,0.245955,0.083536,0.118164,0.037544,0.034010,0.022447,0.020425
N20001571,0.200221,0.423698,0.067168,0.128137,0.064047,0.076835,0.007148,0.017543,0.015202
N20001572,0.128401,0.461760,0.087432,0.147401,0.057323,0.082407,0.009922,0.013278,0.012074
N20001573,0.254410,0.295371,0.123418,0.121757,0.093030,0.058779,0.010908,0.021523,0.020805
N20001574,0.346986,0.301731,0.049538,0.091051,0.100480,0.050564,0.006269,0.029130,0.024249
N20001575,0.340388,0.259246,0.079017,0.107313,0.103765,0.048963,0.007361,0.028599,0.025349
N20001576,0.196161,0.346007,0.152698,0.097264,0.091734,0.056737,0.019992,0.021167,0.018242
N20001577,0.137306,0.218831,0.285963,0.109455,0.133505,0.045820,0.028956,0.020043,0.020121
N20001578,0.124873,0.421439,0.147872,0.136177,0.054319,0.076993,0.013675,0.013063,0.011588
N20001579,0.321089,0.311449,0.046401,0.116501,0.092431,0.057300,0.004769,0.026960,0.023100
N20001580,0.137998,0.445270,0.067678,0.175706,0.052423,0.090619,0.005971,0.012436,0.011899
N20001581,0.193911,0.369455,0.093256,0.159307,0.072123,0.069783,0.008429,0.017426,0.016311
N20001582,0.085129,0.447286,0.148791,0.154813,0.049824,0.078350,0.016294,0.010128,0.009385
N20001583,0.041906,0.491826,0.097233,0.212976,0.022411,0.117697,0.006991,0.004423,0.004537
N20001584,0.061172,0.444939,0.140533,0.208196,0.032538,0.087862,0.011863,0.006439,0.006457
N20001585,0.073122,0.416942,0.172618,0.187177,0.040135,0.079002,0.015460,0.007774,0.007770
N20001586,0.122910,0.460881,0.090659,0.159715,0.046503,0.089257,0.008846,0.010924,0.010304
N20001587,0.069781,0.421770,0.202229,0.159896,0.038122,0.074478,0.018768,0.007535,0.007421
N20001588,0.102940,0.396774,0.166431,0.166632,0.052484,0.079216,0.014483,0.010627,0.010412
N20001589,0.055737,0.503316,0.091985,0.212430,0.025332,0.092819,0.007532,0.005466,0.005380
N20001590,0.052136,0.416904,0.196006,0.185326,0.039107,0.079201,0.017674,0.006896,0.006751
N20001591,0.069063,0.414936,0.193275,0.166118,0.043194,0.079612,0.017856,0.008021,0.007925
N20001592,0.088921,0.353097,0.229078,0.167028,0.055841,0.064379,0.021923,0.009742,0.009990
N20001593,0.043452,0.459040,0.157507,0.195591,0.028305,0.091984,0.013835,0.005111,0.005175
N20001594,0.061265,0.451692,0.122521,0.202483,0.038631,0.098468,0.010346,0.007373,0.007222
N20001595,0.037946,0.611818,0.024667,0.188008,0.012633,0.116222,0.002027,0.003503,0.003175
N20001596,0.036222,0.394888,0.263687,0.157712,0.030053,0.083373,0.024165,0.004905,0.004995
N20001597,0.027164,0.435296,0.082068,0.255083,0.008304,0.183098,0.005705,0.001657,0.001624
N20001598,0.033368,0.427299,0.084783,0.292223,0.013600,0.136960,0.006875,0.002500,0.002392
N20001599,0.145831,0.281380,0.237868,0.115645,0.101271,0.053331,0.038911,0.009121,0.016644
N20001600,0.037424,0.539022,0.022172,0.245216,0.007245,0.143234,0.001832,0.002101,0.001754
N20001601,0.019291,0.504742,0.039866,0.281474,0.005283,0.143697,0.003295,0.001236,0.001117
N20001602,0.035852,0.334218,0.258196,0.196798,0.034204,0.108290,0.024731,0.002469,0.005242
N20001603,0.164540,0.308039,0.163132,0.173711,0.080196,0.068352,0.018612,0.007835,0.015583
N20001604,0.069435,0.205530,0.429652,0.101431,0.077492,0.039654,0.060396,0.005650,0.010760
N20001605,0.026272,0.496227,0.014088,0.294839,0.004455,0.160728,0.000995,0.001256,0.001140
N20001606,0.020445,0.474447,0.032373,0.306708,0.005461,0.155760,0.002415,0.001232,0.001158
N20001607,0.121789,0.256720,0.265012,0.144194,0.102799,0.050435,0.034482,0.008346,0.016222
N20001608,0.186728,0.301395,0.153443,0.133388,0.117641,0.053733,0.021369,0.011542,0.020760
N20001609,0.066062,0.279173,0.321150,0.156167,0.054242,0.073733,0.037042,0.004006,0.008426
N20001610,0.063145,0.285028,0.336404,0.138116,0.059965,0.058602,0.045224,0.004561,0.008955
N20001611,0.067248,0.331079,0.243646,0.202082,0.044271,0.072595,0.027621,0.003718,0.007741
N20001612,0.186568,0.292355,0.208698,0.106121,0.100831,0.045409,0.030413,0.010727,0.018878
N20001613,0.034108,0.316767,0.299159,0.203872,0.032657,0.072090,0.033948,0.002416,0.004983
N20001614,0.091223,0.412166,0.118225,0.206137,0.055721,0.086797,0.014172,0.005389,0.010170
N20001615,0.114989,0.286276,0.258916,0.139240,0.086035,0.059405,0.033993,0.007131,0.014016
N20001616,0.120955,0.166158,0.372133,0.098020,0.126713,0.035252,0.053607,0.009279,0.017883
N20001617,0.020455,0.455845,0.066507,0.252865,0.008947,0.186915,0.005683,0.000871,0.001912
N20001618,0.043443,0.205056,0.477958,0.115649,0.045851,0.039370,0.063017,0.003167,0.006489
N20001619,0.027003,0.436481,0.049891,0.272590,0.007822,0.199196,0.003803,0.001622,0.001591
N20001620,0.117496,0.209915,0.352866,0.118529,0.092867,0.041532,0.044378,0.007573,0.014844
N20001621,0.122051,0.209864,0.330014,0.088965,0.124579,0.045628,0.051611,0.009649,0.017638
N20001622,0.162776,0.364097,0.112628,0.174238,0.072904,0.077338,0.012914,0.008141,0.014965
N20001623,0.092545,0.250542,0.306775,0.141664,0.087525,0.063065,0.038311,0.006532,0.013042
N20001624,0.077862,0.204767,0.385994,0.139601,0.077725,0.051771,0.045580,0.005482,0.011218
N20001625,0.188830,0.343344,0.093303,0.185607,0.071328,0.083331,0.010566,0.008095,0.015595
N20001626,0.167961,0.329393,0.148995,0.144810,0.092621,0.070165,0.019310,0.009511,0.017233
N20001627,0.043338,0.459503,0.086267,0.238511,0.021598,0.135656,0.008755,0.002054,0.004318
N20001628,0.131413,0.175467,0.349197,0.095154,0.127554,0.041863,0.051070,0.009786,0.018495
N20001629,0.120199,0.286122,0.234125,0.145353,0.097958,0.060047,0.032380,0.008296,0.015521
N20001630,0.180464,0.185702,0.284297,0.092867,0.142489,0.037220,0.042118,0.012440,0.022402
N20001631,0.109045,0.244957,0.318062,0.121317,0.086868,0.057985,0.041107,0.007012,0.013648
N20001632,0.106211,0.168317,0.391212,0.103543,0.115872,0.039843,0.050408,0.008274,0.016321
N20001633,0.180839,0.143226,0.289641,0.073394,0.196042,0.025567,0.049771,0.014907,0.026613
N20001634,0.065728,0.345701,0.226313,0.171460,0.042511,0.115777,0.021425,0.003594,0.007491
N20001635,0.187183,0.200108,0.234242,0.103393,0.156128,0.045874,0.036471,0.012683,0.023918
N20001636,0.031453,0.415795,0.067971,0.242223,0.009225,0.224281,0.005146,0.002018,0.001888
N20001637,0.101324,0.184583,0.404058,0.101214,0.089085,0.049597,0.049636,0.006871,0.013633
N20001638,0.187674,0.192287,0.238081,0.097128,0.167229,0.041464,0.038327,0.013144,0.024664
N20001639,0.029220,0.450743,0.015859,0.251741,0.005168,0.243529,0.001085,0.001351,0.001304
N20001640,0.047774,0.453031,0.058562,0.222554,0.020507,0.186105,0.005002,0.002099,0.004366
N20001641,0.037735,0.434227,0.066206,0.206458,0.015010,0.230110,0.005322,0.001587,0.003346
N20001642,0.028944,0.518176,0.013080,0.256508,0.005937,0.173251,0.001047,0.001646,0.001414
N20001643,0.053608,0.379187,0.079128,0.248681,0.015861,0.211485,0.005571,0.003291,0.003188
N20001644,0.028581,0.505854,0.039964,0.211787,0.010258,0.196759,0.003268,0.001148,0.002382
N20001645,0.042881,0.432506,0.031475,0.218168,0.007379,0.261587,0.002161,0.001962,0.001883
N20001646,0.037911,0.447754,0.028120,0.237726,0.006261,0.237205,0.001790,0.001632,0.001603
N20001647,0.031327,0.497606,0.033640,0.240889,0.012036,0.177431,0.003031,0.001324,0.002716
N20001648,0.036735,0.410395,0.081330,0.256386,0.008253,0.197668,0.005521,0.001854,0.001858
N20001649,0.054378,0.375196,0.126877,0.210099,0.014750,0.204378,0.008199,0.003058,0.003066
N20001650,0.053887,0.422745,0.017972,0.231797,0.009436,0.257931,0.001273,0.002562,0.002398
N20001651,0.276629,0.025783,0.416191,0.018624,0.146648,0.006496,0.054161,0.031541,0.023926
N20001652,0.415150,0.161604,0.080861,0.137536,0.079823,0.071645,0.005316,0.026773,0.021292
N20001653,0.591557,0.030030,0.060913,0.024809,0.179492,0.013813,0.006486,0.054337,0.038563
N20001654,0.652896,0.041284,0.061667,0.026941,0.117683,0.014453,0.004908,0.047811,0.032356
N20001655,0.649473,0.039615,0.048500,0.031420,0.128427,0.018942,0.004135,0.046066,0.033421
N20001656,0.680649,0.025356,0.032340,0.021301,0.140540,0.011217,0.002914,0.050118,0.035565
N20001657,0.580019,0.030714,0.077392,0.026090,0.175257,0.014054,0.006824,0.051354,0.038296
N20001658,0.092423,0.368039,0.073677,0.250939,0.015158,0.186220,0.003999,0.005094,0.004451
N20001659,0.458821,0.065928,0.168380,0.045382,0.146779,0.024769,0.016103,0.042598,0.031240
N20001660,0.657166,0.032498,0.045937,0.026131,0.136479,0.013959,0.003835,0.049186,0.034809
N20001661,0.653992,0.032652,0.046143,0.023863,0.139097,0.012708,0.004164,0.052114,0.035268
N20001662,0.647270,0.037787,0.060829,0.024909,0.127501,0.013938,0.005188,0.049231,0.033348
N20001663,0.681641,0.029676,0.049056,0.023700,0.120739,0.012445,0.003799,0.046234,0.032710
N20001664,0.544111,0.068096,0.095035,0.056992,0.126860,0.028736,0.007333,0.041827,0.031010
N20001665,0.752206,0.022845,0.026529,0.020764,0.095446,0.011964,0.001881,0.038945,0.029421
N20001666,0.118761,0.336114,0.114743,0.238660,0.020780,0.151772,0.006380,0.006874,0.005917
N20001667,0.676917,0.015861,0.057489,0.015047,0.139309,0.008040,0.004629,0.047601,0.035109
N20001668,0.664025,0.031406,0.047596,0.027581,0.132374,0.015820,0.003770,0.043810,0.033619
N20001669,0.039207,0.444782,0.074080,0.227303,0.006392,0.200253,0.003755,0.002295,0.001933
N20001670,0.137250,0.322038,0.114818,0.223150,0.027816,0.151918,0.007239,0.008474,0.007296
N20001671,0.177096,0.363089,0.048388,0.213603,0.020525,0.158791,0.002612,0.008933,0.006964
N20001672,0.022423,0.451492,0.033121,0.263118,0.003526,0.222434,0.001514,0.001277,0.001094
N20001673,0.713873,0.014648,0.024492,0.014116,0.129042,0.006556,0.002206,0.059504,0.035564
N20001674,0.083438,0.328912,0.104468,0.215252,0.014723,0.240006,0.004618,0.004440,0.004144
N20001675,0.787775,0.014041,0.011108,0.013748,0.086374,0.006866,0.000886,0.049568,0.029635
N20001676,0.486583,0.117408,0.105496,0.095665,0.074194,0.065327,0.005918,0.027418,0.021991
N20001677,0.699963,0.017851,0.021688,0.017134,0.128917,0.005668,0.001937,0.070079,0.036762
N20001678,0.738201,0.025484,0.042227,0.026617,0.088301,0.014529,0.002564,0.034258,0.027818
N20001679,0.751216,0.010902,0.013769,0.011774,0.110732,0.004012,0.001028,0.062097,0.034470
N20001680,0.684745,0.016112,0.017604,0.016879,0.146260,0.005585,0.001664,0.072269,0.038880
N20001681,0.782893,0.013702,0.015831,0.014144,0.094679,0.007640,0.001100,0.040191,0.029819
N20001682,0.705061,0.008268,0.015425,0.008266,0.145139,0.002664,0.001282,0.074637,0.039257
N20001683,0.761445,0.018502,0.016492,0.017994,0.100958,0.010732,0.001147,0.041727,0.031004
N20001684,0.692877,0.011907,0.023908,0.013143,0.143344,0.004275,0.002018,0.069702,0.038825
N20001685,0.074554,0.392768,0.096588,0.233184,0.013726,0.176594,0.005719,0.003592,0.003275
N20001686,0.045406,0.344435,0.192758,0.178491,0.013467,0.207894,0.011691,0.003160,0.002698
N20001687,0.072897,0.442441,0.064819,0.202741,0.012128,0.193832,0.004394,0.003717,0.003032
N20001688,0.059615,0.458985,0.037408,0.223612,0.008114,0.205048,0.002364,0.002646,0.002207
N20001689,0.076346,0.349617,0.132697,0.227352,0.016489,0.181786,0.007773,0.004239,0.003701
N20001690,0.069893,0.438983,0.105001,0.183101,0.011237,0.178969,0.006532,0.003439,0.002844
N20001691,0.076483,0.396066,0.109796,0.196241,0.017182,0.188173,0.007623,0.004638,0.003800
N20001692,0.084400,0.355796,0.163763,0.171802,0.018103,0.187510,0.009880,0.004698,0.004048
N20001693,0.057790,0.537531,0.046536,0.184074,0.009373,0.155636,0.003267,0.003324,0.002470
N20001694,0.086333,0.342432,0.232686,0.197585,0.024398,0.087240,0.018293,0.006094,0.004938
N20001695,0.073942,0.459422,0.045484,0.225039,0.010891,0.175635,0.002949,0.003704,0.002933
N20001696,0.042060,0.379008,0.166401,0.223120,0.011382,0.161996,0.010957,0.002714,0.002361
N20001697,0.069422,0.397873,0.098354,0.245788,0.012343,0.163543,0.006278,0.003413,0.002986
N20001698,0.112524,0.371205,0.194745,0.175197,0.022612,0.097176,0.014935,0.006419,0.005188
N20001699,0.050478,0.364650,0.192186,0.194550,0.014310,0.164405,0.013095,0.003451,0.002875
N20001700,0.079097,0.425468,0.166372,0.165894,0.014119,0.129985,0.011241,0.004345,0.003477
N20001701,0.127607,0.462567,0.062262,0.172030,0.020253,0.137406,0.005447,0.007248,0.005179
N20001702,0.110517,0.327403,0.151052,0.219228,0.019746,0.152913,0.008835,0.005523,0.004782
N20001703,0.282533,0.079469,0.431176,0.049335,0.069741,0.018318,0.038030,0.017387,0.014011
N20001704,0.059743,0.437803,0.049939,0.231943,0.008982,0.203332,0.003037,0.002838,0.002383
N20001705,0.038990,0.450687,0.082220,0.224209,0.007833,0.186931,0.005161,0.002130,0.001839
N20001706,0.072063,0.416198,0.086758,0.186256,0.012689,0.213682,0.005414,0.003805,0.003135
N20001707,0.048970,0.488191,0.038767,0.236729,0.006991,0.173743,0.002339,0.002354,0.001916
N20001708,0.051340,0.426716,0.121255,0.225024,0.010832,0.151355,0.008091,0.002893,0.002493
N20001709,0.078921,0.342110,0.165177,0.209977,0.016152,0.168770,0.010889,0.004310,0.003693
N20001710,0.060679,0.328041,0.171817,0.206510,0.013446,0.203267,0.009815,0.003430,0.002995
N20001711,0.080834,0.346256,0.115533,0.216588,0.021617,0.201866,0.007390,0.005398,0.004518
N20001712,0.060352,0.401221,0.035922,0.183381,0.007278,0.305657,0.001773,0.002338,0.002078
N20001713,0.064493,0.424817,0.121043,0.209606,0.012201,0.154211,0.007281,0.003418,0.002930
N20001714,0.077385,0.385355,0.019811,0.174832,0.008459,0.327853,0.001025,0.002785,0.002494
N20001715,0.407850,0.155018,0.107856,0.143035,0.058246,0.089172,0.006643,0.017194,0.014986
N20001716,0.321614,0.191816,0.118711,0.158994,0.052127,0.122063,0.007628,0.014419,0.012626
N20001717,0.055009,0.384720,0.021039,0.116863,0.005201,0.412792,0.000945,0.001809,0.001622
N20001718,0.806473,0.019117,0.013368,0.016060,0.080106,0.008038,0.001082,0.032323,0.023434
N20001719,0.815360,0.013280,0.007698,0.013448,0.086629,0.006096,0.000656,0.032422,0.024411
N20001720,0.096138,0.364835,0.053289,0.189719,0.012518,0.273557,0.002777,0.003744,0.003423
N20001721,0.242727,0.262962,0.122191,0.178163,0.053463,0.105397,0.008860,0.014465,0.011773
N20001722,0.435327,0.190935,0.035596,0.143563,0.044628,0.119144,0.002077,0.015474,0.013257
N20001723,0.157557,0.340692,0.098084,0.204075,0.030665,0.146293,0.006488,0.008919,0.007227
N20001724,0.792608,0.013731,0.007695,0.012295,0.103253,0.005721,0.000774,0.037113,0.026811
N20001725,0.628903,0.055239,0.042785,0.051461,0.127346,0.029269,0.003444,0.033837,0.027716
N20001726,0.189691,0.303707,0.079656,0.196029,0.036317,0.170733,0.005287,0.010026,0.008555
N20001727,0.532836,0.142825,0.032455,0.106878,0.061648,0.082696,0.002081,0.021199,0.017382
N20001728,0.759692,0.014054,0.012759,0.009210,0.125221,0.005465,0.001303,0.043014,0.029281
N20001729,0.741075,0.053453,0.020541,0.033053,0.076473,0.022779,0.001900,0.029146,0.021581
N20001730,0.142796,0.311645,0.035167,0.141049,0.017761,0.339640,0.001762,0.005326,0.004854
N20001731,0.538400,0.125381,0.042875,0.096947,0.079130,0.067260,0.002904,0.026368,0.020734
N20001732,0.588360,0.013195,0.005538,0.008706,0.262088,0.002347,0.000709,0.077366,0.041690
N20001733,0.579587,0.013646,0.007120,0.010544,0.268741,0.002821,0.000844,0.074291,0.042404
N20001734,0.597286,0.012876,0.012365,0.008966,0.253981,0.002218,0.001283,0.070449,0.040578
N20001735,0.516390,0.017331,0.011991,0.011819,0.316604,0.002943,0.001452,0.077840,0.043628
N20001736,0.629726,0.013479,0.004779,0.008546,0.227012,0.002422,0.000550,0.073885,0.039601
N20001737,0.512456,0.006884,0.007503,0.004467,0.342034,0.001162,0.001011,0.079965,0.044517
N20001738,0.537663,0.010274,0.004494,0.005953,0.311633,0.001755,0.000724,0.083879,0.043624
N20001739,0.657491,0.014353,0.004575,0.009344,0.202566,0.002647,0.000480,0.070423,0.038121
N20001740,0.493185,0.012399,0.013838,0.007901,0.343178,0.002058,0.002039,0.080944,0.044458
N20001741,0.563819,0.014579,0.006617,0.007925,0.277829,0.002181,0.000901,0.083670,0.042479
N20001742,0.614089,0.008277,0.004425,0.005458,0.248420,0.001452,0.000503,0.076198,0.041177
N20001743,0.497055,0.038280,0.021145,0.013775,0.302114,0.004396,0.004173,0.078551,0.040512
N20001744,0.610831,0.017850,0.005836,0.009998,0.233373,0.002990,0.000653,0.078302,0.040167
N20001745,0.547177,0.009540,0.005578,0.004788,0.299083,0.001406,0.000855,0.088400,0.043172
N20001746,0.659069,0.017354,0.006551,0.011193,0.195305,0.003059,0.000635,0.069259,0.037576
N20001747,0.613538,0.011062,0.004274,0.006437,0.241730,0.001886,0.000503,0.079599,0.040970
N20001748,0.567539,0.011663,0.006290,0.007293,0.283074,0.002033,0.000855,0.078829,0.042426
N20001749,0.657411,0.011636,0.002339,0.006198,0.203667,0.002019,0.000280,0.077973,0.038477
N20001750,0.572380,0.023408,0.024004,0.012928,0.250164,0.003447,0.002748,0.071334,0.039587
N20001751,0.646881,0.011950,0.003540,0.007078,0.212964,0.002115,0.000397,0.076022,0.039051
N20001752,0.652826,0.010268,0.002755,0.005590,0.208483,0.001708,0.000319,0.079234,0.038815
N20001753,0.632094,0.012143,0.003993,0.007710,0.224908,0.002154,0.000449,0.076610,0.039939
N20001754,0.036564,0.556257,0.025584,0.284382,0.016878,0.071372,0.002059,0.004131,0.002773
N20001755,0.686257,0.012813,0.003081,0.007596,0.179630,0.002294,0.000317,0.071493,0.036519
N20001756,0.470770,0.020871,0.023337,0.010059,0.343388,0.002651,0.003760,0.081870,0.043293
N20001757,0.633712,0.011198,0.005536,0.006666,0.226192,0.001843,0.000601,0.074555,0.039697
N20001758,0.567025,0.007650,0.004547,0.004457,0.287940,0.001231,0.000603,0.083330,0.043217
N20001759,0.653719,0.010317,0.004233,0.005982,0.211685,0.001794,0.000489,0.073317,0.038464
N20001760,0.610281,0.009472,0.003699,0.005980,0.248126,0.001693,0.000435,0.079140,0.041175
N20001761,0.532216,0.009573,0.006974,0.005408,0.315758,0.001525,0.001069,0.083889,0.043587
N20001762,0.637005,0.011287,0.003001,0.006858,0.222174,0.002034,0.000354,0.077569,0.039718
N20001763,0.627922,0.012918,0.003724,0.007811,0.229185,0.002209,0.000431,0.075960,0.039839
N20001764,0.560385,0.013900,0.008165,0.008064,0.283445,0.002223,0.001111,0.080379,0.042328
N20001765,0.646162,0.012789,0.004407,0.007921,0.214696,0.002291,0.000490,0.072443,0.038802
N20001766,0.617658,0.009278,0.003635,0.005293,0.241651,0.001536,0.000438,0.079604,0.040908
N20001767,0.563678,0.051539,0.018298,0.039357,0.217330,0.010606,0.001634,0.060165,0.037394
N20001768,0.559566,0.037901,0.017585,0.028265,0.237283,0.007475,0.001325,0.070850,0.039750
N20001769,0.494404,0.014511,0.009562,0.011082,0.334025,0.002680,0.001067,0.087181,0.045488
N20001770,0.560735,0.011926,0.006399,0.007731,0.281278,0.002059,0.000658,0.086136,0.043077
N20001771,0.347046,0.013189,0.042310,0.010243,0.449236,0.002244,0.005623,0.083901,0.046209
N20001772,0.351032,0.009538,0.023080,0.007197,0.467683,0.001623,0.003056,0.089171,0.047620
N20001773,0.581558,0.013837,0.004950,0.008889,0.257895,0.002488,0.000488,0.087295,0.042600
N20001774,0.530576,0.010383,0.007983,0.006374,0.305325,0.001660,0.000836,0.092117,0.044746
N20001775,0.541589,0.015140,0.007019,0.009415,0.287208,0.002592,0.000736,0.092181,0.044120
N20001776,0.510778,0.010111,0.004367,0.007565,0.331718,0.001990,0.000544,0.087849,0.045078
N20001777,0.474550,0.014497,0.016398,0.010989,0.346180,0.002591,0.001788,0.087051,0.045956
N20001778,0.540503,0.015392,0.006433,0.010935,0.291170,0.002921,0.000688,0.087775,0.044185
N20001779,0.527088,0.010789,0.007530,0.006492,0.312293,0.001785,0.000892,0.088939,0.044192
N20001780,0.568729,0.013315,0.005631,0.009361,0.272579,0.002563,0.000563,0.084055,0.043204
N20001781,0.478853,0.014903,0.017693,0.011082,0.342890,0.002635,0.001999,0.084534,0.045411
N20001782,0.552796,0.011441,0.005493,0.007047,0.285222,0.001890,0.000581,0.091516,0.044014
N20001783,0.505096,0.011741,0.007211,0.008492,0.332761,0.002201,0.000844,0.086408,0.045246
N20001784,0.396157,0.012728,0.011888,0.007800,0.426498,0.001982,0.001788,0.094342,0.046816
N20001785,0.510128,0.011697,0.006759,0.008947,0.326144,0.002343,0.000775,0.087595,0.045612
N20001786,0.569256,0.012933,0.005920,0.007816,0.271063,0.002192,0.000621,0.087288,0.042911
N20001787,0.525156,0.017079,0.007709,0.010712,0.302880,0.002981,0.000836,0.088470,0.044177
N20001788,0.499922,0.011927,0.006777,0.009405,0.334825,0.002324,0.000738,0.088130,0.045952
N20001789,0.357812,0.020775,0.047511,0.009978,0.420808,0.002418,0.007761,0.089086,0.043851
N20001790,0.332951,0.040963,0.071196,0.025991,0.396291,0.005992,0.009434,0.075384,0.041798
N20001791,0.473019,0.015571,0.011062,0.010203,0.348551,0.002627,0.001286,0.091846,0.045836
N20001792,0.457180,0.013238,0.013697,0.010023,0.369038,0.002547,0.001639,0.086320,0.046318
N20001793,0.336391,0.016714,0.033405,0.007807,0.460493,0.002117,0.006062,0.092214,0.044799
N20001794,0.335834,0.027151,0.053668,0.016692,0.429397,0.003381,0.007309,0.082646,0.043923
N20001795,0.447644,0.023817,0.019330,0.015490,0.355994,0.003596,0.002331,0.086759,0.045039
N20001796,0.486505,0.014477,0.011076,0.009850,0.338058,0.002387,0.001298,0.090829,0.045519
N20001797,0.320773,0.021411,0.034201,0.011329,0.468605,0.002704,0.005890,0.090241,0.044845
N20001798,0.418070,0.011645,0.015380,0.006150,0.399779,0.001602,0.002395,0.098544,0.046435
N20001799,0.495810,0.014044,0.010478,0.008262,0.332521,0.002288,0.001349,0.090619,0.044630
N20001800,0.294882,0.013064,0.048942,0.007113,0.493058,0.001624,0.009309,0.087987,0.044021
N20001801,0.289021,0.011360,0.027815,0.005305,0.524182,0.001408,0.006318,0.090726,0.043865
N20001802,0.413006,0.016824,0.017348,0.007122,0.395681,0.002191,0.002991,0.099549,0.045289
N20001803,0.476135,0.026394,0.024905,0.020177,0.334935,0.005074,0.002643,0.060395,0.049341
N20001804,0.447892,0.020514,0.019235,0.014557,0.373498,0.003771,0.002348,0.066654,0.051530
N20001805,0.462938,0.019409,0.017544,0.014219,0.360239,0.003439,0.002068,0.068465,0.051678
N20001806,0.491234,0.015453,0.010294,0.011388,0.346849,0.002950,0.001207,0.069025,0.051599
N20001807,0.447006,0.019671,0.016506,0.014648,0.376286,0.003723,0.002079,0.068121,0.051960
N20001808,0.457324,0.010949,0.027961,0.008177,0.371045,0.001685,0.002641,0.068460,0.051760
N20001809,0.499817,0.012013,0.009606,0.007403,0.346633,0.001849,0.001197,0.070954,0.050527
N20001810,0.501665,0.014690,0.012640,0.011672,0.340985,0.002879,0.001423,0.063477,0.050568
N20001811,0.558319,0.013834,0.008227,0.008837,0.289624,0.002327,0.000794,0.068811,0.049226
N20001812,0.463955,0.019470,0.012793,0.014727,0.365739,0.004220,0.001505,0.066112,0.051480
N20001813,0.563136,0.016138,0.008202,0.010191,0.284349,0.002716,0.000829,0.066191,0.048248
N20001814,0.506991,0.014173,0.011744,0.011173,0.332872,0.002793,0.001320,0.067702,0.051233
N20001815,0.542643,0.013130,0.010967,0.008408,0.304606,0.002129,0.001113,0.067660,0.049343
N20001816,0.570266,0.016993,0.006416,0.012352,0.279199,0.003408,0.000685,0.062877,0.047803
N20001817,0.564566,0.020476,0.011225,0.013813,0.271877,0.003508,0.001028,0.065503,0.048004
N20001818,0.548144,0.013277,0.005745,0.007585,0.302207,0.002037,0.000654,0.070918,0.049434
N20001819,0.551938,0.011633,0.006007,0.007951,0.298243,0.001988,0.000608,0.071407,0.050225
N20001820,0.487885,0.011979,0.012416,0.009643,0.357961,0.002350,0.001325,0.064715,0.051726
N20001821,0.522801,0.010339,0.005042,0.006290,0.324652,0.001678,0.000621,0.077184,0.051392
N20001822,0.564108,0.011182,0.005888,0.007231,0.291480,0.001944,0.000617,0.068444,0.049105
N20001823,0.555688,0.017336,0.006435,0.010308,0.287712,0.002733,0.000653,0.070031,0.049104
N20001824,0.381468,0.011088,0.025332,0.008445,0.446629,0.002010,0.003491,0.068449,0.053088
N20001825,0.577315,0.017909,0.008577,0.010605,0.266241,0.003095,0.000854,0.067972,0.047432
N20001826,0.578761,0.021892,0.009090,0.013892,0.262347,0.003905,0.000870,0.062548,0.046693
N20001827,0.590394,0.016855,0.006988,0.010339,0.259644,0.002789,0.000725,0.065398,0.046868
N20001828,0.522792,0.015067,0.021478,0.009749,0.310906,0.002344,0.002039,0.066589,0.049036
N20001829,0.528929,0.014647,0.007323,0.009762,0.314440,0.002539,0.000845,0.071124,0.050391
N20001830,0.589533,0.009481,0.003683,0.005900,0.272535,0.001672,0.000403,0.068816,0.047977
N20001831,0.585077,0.016984,0.012726,0.011872,0.260074,0.002802,0.001145,0.062509,0.046811
N20001832,0.567598,0.028324,0.011450,0.014969,0.256943,0.004357,0.001073,0.068097,0.047188
N20001833,0.497088,0.019474,0.015691,0.012490,0.330041,0.003247,0.001666,0.069499,0.050804
N20001834,0.418714,0.010688,0.015306,0.008265,0.420487,0.002053,0.002029,0.069502,0.052956
N20001835,0.601115,0.013360,0.006469,0.008544,0.253922,0.002302,0.000608,0.066381,0.047298
N20001836,0.579859,0.011991,0.007512,0.007932,0.274088,0.002070,0.000755,0.067511,0.048281
N20001837,0.545707,0.011595,0.005651,0.007255,0.305359,0.001940,0.000652,0.071910,0.049931
N20001838,0.533046,0.013389,0.008394,0.007964,0.311884,0.002120,0.000970,0.072250,0.049984
N20001839,0.545650,0.014469,0.005970,0.010952,0.302593,0.002875,0.000651,0.066943,0.049897
N20001840,0.441663,0.020090,0.020718,0.015478,0.377321,0.003581,0.002344,0.067129,0.051676
N20001841,0.552305,0.012122,0.004395,0.006832,0.298906,0.001947,0.000531,0.073357,0.049606
N20001842,0.559820,0.008556,0.005181,0.005487,0.295869,0.001435,0.000529,0.072773,0.050350
N20001843,0.560582,0.013630,0.006404,0.009126,0.289833,0.002314,0.000651,0.068171,0.049288
N20001844,0.474011,0.014302,0.012685,0.010905,0.363180,0.002652,0.001485,0.068820,0.051961
N20001845,0.583263,0.015500,0.006713,0.011157,0.266679,0.002838,0.000627,0.065399,0.047824
N20001846,0.525938,0.012863,0.010065,0.009393,0.318396,0.002427,0.001077,0.068932,0.050908
N20001847,0.484122,0.013970,0.017605,0.010274,0.351111,0.002364,0.001810,0.067453,0.051290
N20001848,0.615256,0.016306,0.006089,0.011235,0.240213,0.003123,0.000583,0.061528,0.045667
N20001849,0.557658,0.015585,0.008135,0.012532,0.291450,0.002956,0.000766,0.061940,0.048978
N20001850,0.174534,0.090286,0.320912,0.077713,0.238665,0.014929,0.032407,0.029236,0.021319
N20001851,0.330202,0.078449,0.104904,0.065650,0.317040,0.013921,0.011271,0.046484,0.032078
N20001852,0.134004,0.314120,0.106435,0.247585,0.110603,0.048590,0.009545,0.016745,0.012373
N20001853,0.043718,0.530287,0.038762,0.285964,0.021659,0.069492,0.002718,0.004313,0.003086
N20001854,0.200419,0.133366,0.210760,0.100182,0.256073,0.020040,0.024068,0.031998,0.023093
N20001855,0.182073,0.221022,0.170476,0.146789,0.182916,0.032628,0.019452,0.026249,0.018394
N20001856,0.021826,0.524247,0.029626,0.339679,0.009138,0.070273,0.001919,0.001892,0.001400
N20001857,0.047282,0.521991,0.044222,0.279588,0.028493,0.065671,0.003527,0.005480,0.003745
N20001858,0.422074,0.066007,0.046162,0.051616,0.307791,0.011186,0.004931,0.054747,0.035486
N20001859,0.234346,0.166167,0.188269,0.132998,0.186794,0.026619,0.016386,0.027990,0.020431
N20001860,0.235571,0.094188,0.195022,0.085064,0.290319,0.014813,0.021503,0.036984,0.026537
N20001861,0.355995,0.029434,0.085419,0.020925,0.398373,0.004617,0.009687,0.057878,0.037672
N20001862,0.069576,0.443306,0.036426,0.316121,0.036135,0.084402,0.002679,0.006399,0.004956
N20001863,0.215879,0.213984,0.131447,0.162761,0.184009,0.030536,0.012994,0.028475,0.019914
N20001864,0.096237,0.441185,0.068058,0.258257,0.055363,0.057950,0.005418,0.010319,0.007213
N20001865,0.084807,0.439644,0.055490,0.282368,0.041616,0.078890,0.003984,0.007479,0.005722
N20001866,0.050560,0.529657,0.064186,0.237321,0.033267,0.069223,0.006030,0.005714,0.004041
N20001867,0.243708,0.209010,0.111612,0.160194,0.181859,0.033268,0.010657,0.028981,0.020711
N20001868,0.040696,0.510752,0.058024,0.293545,0.024143,0.060714,0.004434,0.004527,0.003163
N20001869,0.033828,0.510130,0.044144,0.313564,0.018927,0.070408,0.002950,0.003480,0.002568
N20001870,0.388383,0.103576,0.089681,0.059732,0.256927,0.013479,0.009891,0.048094,0.030236
N20001871,0.177657,0.265521,0.137104,0.191881,0.137546,0.041892,0.012560,0.020450,0.015389
N20001872,0.306082,0.095692,0.106999,0.068764,0.317909,0.014337,0.013480,0.045569,0.031168
N20001873,0.088559,0.433650,0.044907,0.290577,0.050503,0.072531,0.003563,0.009089,0.006621
N20001874,0.434440,0.077443,0.065466,0.038653,0.280050,0.011277,0.007431,0.052548,0.032692
N20001875,0.157595,0.329089,0.080192,0.224391,0.116681,0.052647,0.006987,0.018826,0.013593
N20001876,0.031082,0.483971,0.051140,0.339106,0.017272,0.068623,0.003501,0.002986,0.002320
N20001877,0.356714,0.041472,0.059479,0.024162,0.405465,0.005318,0.009857,0.060797,0.036735
N20001878,0.284335,0.198365,0.086460,0.130859,0.200890,0.034648,0.008127,0.033053,0.023263
N20001879,0.072530,0.342077,0.174313,0.263783,0.064334,0.053524,0.013529,0.008931,0.006979
N20001880,0.075874,0.466172,0.054954,0.268563,0.044065,0.071986,0.004327,0.008233,0.005827
N20001881,0.503533,0.012954,0.013369,0.009870,0.351872,0.002291,0.001765,0.064629,0.039718
N20001882,0.390582,0.107432,0.059425,0.071573,0.268994,0.016503,0.006870,0.047652,0.030969
N20001883,0.408300,0.011398,0.019244,0.006930,0.435681,0.001562,0.003393,0.072816,0.040676
N20001884,0.279309,0.045840,0.101228,0.028542,0.433158,0.005412,0.017420,0.054464,0.034629
N20001885,0.371777,0.178230,0.045948,0.125803,0.182154,0.027847,0.003837,0.039015,0.025387
N20001886,0.355317,0.124636,0.081749,0.091027,0.246620,0.020274,0.007786,0.043579,0.029012
N20001887,0.566479,0.012943,0.008822,0.010160,0.294655,0.002249,0.000957,0.065368,0.038367
N20001888,0.250096,0.101759,0.197165,0.075884,0.275321,0.015220,0.020763,0.037520,0.026272
N20001889,0.450222,0.021092,0.026694,0.017070,0.372438,0.003793,0.003607,0.064778,0.040306
N20001890,0.625308,0.012465,0.003586,0.009011,0.244868,0.002327,0.000401,0.065511,0.036524
N20001891,0.408856,0.079835,0.058089,0.061541,0.289763,0.013915,0.006051,0.048762,0.033188
N20001892,0.562842,0.011418,0.009558,0.009032,0.298232,0.001950,0.000970,0.066826,0.039173
N20001893,0.047562,0.441261,0.062108,0.333253,0.028399,0.075206,0.003994,0.004580,0.003636
N20001894,0.065838,0.423505,0.052764,0.324042,0.036685,0.082453,0.003878,0.006036,0.004800
N20001895,0.462924,0.047610,0.036942,0.042758,0.305488,0.009212,0.003732,0.054728,0.036606
N20001896,0.533513,0.017242,0.013359,0.015064,0.313395,0.003313,0.001503,0.063396,0.039214
N20001897,0.060502,0.435275,0.062479,0.290637,0.035460,0.100876,0.004108,0.006012,0.004650
N20001898,0.047821,0.425137,0.066532,0.330266,0.030476,0.086539,0.004616,0.004774,0.003838
N20001899,0.015050,0.492196,0.025838,0.340244,0.008040,0.114634,0.001484,0.001393,0.001121
N20001900,0.434327,0.039065,0.030622,0.034118,0.352778,0.007309,0.003729,0.059524,0.038527
N20001901,0.528604,0.016664,0.010308,0.014544,0.320499,0.003354,0.001212,0.065114,0.039701
N20001902,0.098695,0.360249,0.114840,0.258071,0.080963,0.056576,0.009742,0.011877,0.008987
N20001903,0.300447,0.266821,0.043273,0.181441,0.119962,0.040357,0.003454,0.026342,0.017902
N20001904,0.486878,0.015697,0.018573,0.014181,0.356586,0.002941,0.002138,0.062689,0.040318
N20001905,0.023165,0.509896,0.015610,0.353322,0.007649,0.086596,0.000807,0.001663,0.001293
N20001906,0.517200,0.009758,0.021516,0.007345,0.337917,0.001522,0.002349,0.063328,0.039065
N20001907,0.161794,0.296727,0.109841,0.206399,0.128703,0.051811,0.009829,0.020310,0.014585
N20001908,0.301344,0.179116,0.093003,0.155169,0.177632,0.034588,0.006027,0.030437,0.022684
N20001909,0.532726,0.020583,0.031578,0.014912,0.296043,0.003234,0.002620,0.060514,0.037789
N20001910,0.487972,0.042368,0.042792,0.033713,0.291854,0.007091,0.003483,0.054293,0.036432
N20001911,0.521351,0.027041,0.018858,0.017048,0.310019,0.004316,0.002108,0.061561,0.037698
N20001912,0.514349,0.026928,0.024590,0.018878,0.310042,0.004396,0.002530,0.060327,0.037960
N20001913,0.363936,0.025743,0.079058,0.018401,0.402624,0.003944,0.009685,0.058600,0.038010
N20001914,0.383265,0.101676,0.093681,0.078390,0.235494,0.020849,0.007160,0.041091,0.038396
N20001915,0.279539,0.128841,0.163692,0.101947,0.229586,0.020832,0.013009,0.036954,0.025600
N20001916,0.289423,0.109418,0.165071,0.090750,0.241325,0.021500,0.015195,0.033523,0.033796
N20001917,0.173969,0.150538,0.280503,0.125746,0.169154,0.032580,0.023282,0.021445,0.022782
N20001918,0.305758,0.184183,0.084127,0.147954,0.172118,0.040924,0.006712,0.029140,0.029083
N20001919,0.311282,0.111117,0.164565,0.086561,0.220229,0.024817,0.013500,0.034247,0.033682
N20001920,0.274155,0.121269,0.171259,0.095472,0.229696,0.026831,0.014929,0.033463,0.032927
N20001921,0.351037,0.113003,0.091476,0.084375,0.259056,0.018828,0.007599,0.044502,0.030123
N20001922,0.105723,0.382893,0.074296,0.254765,0.068799,0.088439,0.004853,0.011513,0.008718
N20001923,0.555452,0.040767,0.031979,0.032446,0.241055,0.014614,0.003030,0.031264,0.049393
N20001924,0.616504,0.015783,0.012067,0.011860,0.239239,0.003515,0.001138,0.053619,0.046276
N20001925,0.517476,0.022923,0.018688,0.016779,0.314508,0.004166,0.001982,0.064519,0.038957
N20001926,0.377708,0.029339,0.055743,0.023009,0.402351,0.005033,0.006370,0.061281,0.039167
N20001927,0.523553,0.050264,0.055417,0.043026,0.229306,0.018742,0.004556,0.028193,0.046943
N20001928,0.221947,0.111666,0.212351,0.081867,0.272885,0.015466,0.022084,0.036260,0.025474
N20001929,0.266255,0.229540,0.094149,0.163539,0.130782,0.064530,0.006840,0.024468,0.019898
N20001930,0.036609,0.473036,0.048084,0.338194,0.019420,0.075798,0.002621,0.003540,0.002698
N20001931,0.022078,0.509993,0.043864,0.332660,0.012527,0.072429,0.002484,0.002258,0.001707
N20001932,0.011864,0.495207,0.014490,0.382687,0.006116,0.086844,0.000785,0.001129,0.000877
N20001933,0.015858,0.533949,0.014966,0.346416,0.007260,0.078142,0.000827,0.001487,0.001095
N20001934,0.022918,0.495134,0.034788,0.350620,0.012261,0.078416,0.002007,0.002158,0.001699
N20001935,0.263918,0.265191,0.049121,0.210196,0.099085,0.071555,0.003533,0.020650,0.016752
N20001936,0.386660,0.144305,0.052552,0.105138,0.196178,0.047652,0.004587,0.024044,0.038886
N20001937,0.438020,0.076787,0.047096,0.057195,0.272679,0.025075,0.004773,0.029829,0.048548
N20001938,0.594889,0.043342,0.016334,0.034416,0.213152,0.011913,0.001565,0.048767,0.035623
N20001939,0.033955,0.456408,0.071377,0.232135,0.011621,0.185227,0.006211,0.001345,0.001721
N20001940,0.020278,0.471757,0.041120,0.330923,0.009398,0.120718,0.002621,0.001688,0.001496
N20001941,0.018816,0.442553,0.016329,0.225138,0.005047,0.289364,0.001277,0.000639,0.000836
N20001942,0.566520,0.026869,0.020473,0.022341,0.264292,0.008672,0.002207,0.035494,0.053132
N20001943,0.528073,0.076100,0.048982,0.047175,0.200794,0.020334,0.004483,0.029632,0.044426
N20001944,0.556478,0.056993,0.021237,0.040291,0.223471,0.018088,0.002079,0.032795,0.048567
N20001945,0.116330,0.359941,0.056633,0.167085,0.029636,0.256557,0.004949,0.003976,0.004891
N20001946,0.462944,0.167192,0.039852,0.080955,0.158565,0.041271,0.003261,0.019469,0.026491
N20001947,0.087447,0.454437,0.091009,0.159928,0.025017,0.168793,0.007426,0.002510,0.003432
N20001948,0.051518,0.521069,0.023566,0.165592,0.011681,0.221488,0.001976,0.001332,0.001779
N20001949,0.549667,0.133390,0.017001,0.067482,0.144862,0.039784,0.001297,0.019540,0.026977
N20001950,0.090682,0.480615,0.039234,0.162999,0.020510,0.197249,0.003231,0.002340,0.003140
N20001951,0.326336,0.255451,0.104260,0.101129,0.079446,0.104344,0.009473,0.008327,0.011233
N20001952,0.065659,0.554804,0.019063,0.176942,0.015126,0.162541,0.001752,0.001814,0.002299
N20001953,0.699479,0.017144,0.009457,0.010031,0.196720,0.004867,0.000838,0.026800,0.034665
N20001954,0.516987,0.101462,0.036694,0.055720,0.205025,0.026628,0.002964,0.022754,0.031767
N20001955,0.043787,0.519296,0.031841,0.191711,0.008674,0.199983,0.002342,0.000975,0.001391
N20001956,0.702691,0.023275,0.007302,0.013073,0.188223,0.007197,0.000679,0.024444,0.033116
N20001957,0.289733,0.310520,0.103544,0.110775,0.074992,0.081891,0.009641,0.008416,0.010487
N20001958,0.120549,0.413188,0.139481,0.138173,0.047292,0.116967,0.014253,0.004386,0.005711
N20001959,0.545245,0.133243,0.052892,0.051764,0.124591,0.053738,0.005281,0.014894,0.018352
N20001960,0.666460,0.043482,0.029952,0.018377,0.177793,0.014635,0.003754,0.021411,0.024135
N20001961,0.464661,0.155664,0.084289,0.062184,0.135987,0.055989,0.008988,0.014341,0.017898
N20001962,0.677640,0.032216,0.024947,0.014106,0.188903,0.011238,0.003165,0.022510,0.025275
N20001963,0.638786,0.028018,0.038731,0.011093,0.218136,0.008755,0.005611,0.024423,0.026448
N20001964,0.699024,0.021394,0.018914,0.008443,0.193105,0.006923,0.002759,0.023871,0.025567
N20001965,0.679531,0.028509,0.024975,0.008381,0.197562,0.008401,0.004574,0.023509,0.024557
N20001966,0.726093,0.024881,0.015491,0.010502,0.166571,0.008830,0.001995,0.021633,0.024003
N20001967,0.736585,0.017716,0.011130,0.007166,0.172624,0.006060,0.001571,0.022779,0.024368
N20001968,0.746296,0.029347,0.016929,0.013776,0.140896,0.011169,0.001888,0.017976,0.021723
N20001969,0.673910,0.018710,0.021885,0.005546,0.217326,0.004680,0.003906,0.027335,0.026703
N20001970,0.654151,0.010734,0.015311,0.004880,0.253101,0.003642,0.002419,0.026801,0.028962
N20001971,0.616380,0.075520,0.049684,0.030113,0.154854,0.029069,0.005762,0.017323,0.021294
N20001972,0.735544,0.015915,0.011098,0.005310,0.176604,0.004785,0.001695,0.024413,0.024637
N20001973,0.739390,0.018306,0.016342,0.006065,0.165120,0.005457,0.002195,0.023263,0.023861
N20001974,0.719551,0.019915,0.019601,0.008671,0.176453,0.006917,0.002604,0.021897,0.024391
N20001975,0.738203,0.012462,0.009302,0.004263,0.179559,0.003840,0.001376,0.025790,0.025205
N20001976,0.704169,0.013707,0.017065,0.005313,0.201739,0.004148,0.002438,0.025225,0.026197
N20001977,0.708834,0.021113,0.022417,0.006787,0.181605,0.005951,0.003219,0.025058,0.025016
N20001978,0.740539,0.012329,0.010447,0.004345,0.177139,0.003769,0.001524,0.024962,0.024947
N20001979,0.693612,0.015301,0.020013,0.005809,0.206148,0.004543,0.002843,0.025356,0.026375
N20001980,0.627915,0.020435,0.036400,0.008151,0.241483,0.005984,0.005356,0.026324,0.027953
N20001981,0.784998,0.014515,0.007414,0.006691,0.139040,0.005892,0.000932,0.018796,0.021721
N20001982,0.771663,0.016073,0.005387,0.004950,0.147804,0.004873,0.000800,0.025084,0.023368
N20001983,0.697420,0.011087,0.015290,0.004103,0.213521,0.003262,0.002223,0.026186,0.026909
N20001984,0.713979,0.016016,0.017853,0.005857,0.188967,0.004696,0.002446,0.024701,0.025485
N20001985,0.763595,0.037030,0.007557,0.009079,0.129214,0.010542,0.001337,0.021122,0.020524
N20001986,0.720411,0.015561,0.014487,0.006644,0.186892,0.005439,0.002084,0.023271,0.025212
N20001987,0.684565,0.016016,0.017980,0.006627,0.215027,0.005345,0.002719,0.024880,0.026842
N20001988,0.582120,0.096574,0.040314,0.041468,0.159843,0.036044,0.004892,0.017462,0.021283
N20001989,0.643738,0.075928,0.032622,0.033558,0.144744,0.027258,0.003729,0.017348,0.021075
N20001990,0.570767,0.137974,0.032647,0.050825,0.114674,0.057292,0.003651,0.014554,0.017617
N20001991,0.602883,0.116248,0.032329,0.045386,0.120711,0.045337,0.003539,0.015126,0.018443
N20001992,0.564993,0.082780,0.075702,0.031013,0.167534,0.030345,0.008266,0.017703,0.021665
N20001993,0.721577,0.049850,0.029475,0.020369,0.121356,0.017321,0.003156,0.017010,0.019884
N20001994,0.705376,0.013874,0.009852,0.008079,0.205431,0.005430,0.002053,0.023518,0.026386
N20001995,0.697901,0.020984,0.027393,0.013164,0.182652,0.007885,0.004584,0.020769,0.024669
N20001996,0.727781,0.009910,0.009839,0.006519,0.192350,0.004074,0.001745,0.022008,0.025774
N20001997,0.736433,0.018497,0.012611,0.011898,0.166195,0.007780,0.002201,0.020360,0.024024
N20001998,0.706998,0.019251,0.020873,0.012275,0.184307,0.007702,0.003322,0.020343,0.024929
N20001999,0.795145,0.011085,0.003454,0.006779,0.136142,0.004952,0.000600,0.019711,0.022133
N20002000,0.530631,0.124201,0.060687,0.074938,0.124208,0.045986,0.008170,0.013460,0.017720
N20002001,0.572414,0.061613,0.073304,0.036229,0.180584,0.023490,0.011341,0.018288,0.022736
N20002002,0.608581,0.081653,0.060978,0.048788,0.128653,0.029335,0.008049,0.014809,0.019153
N20002003,0.784126,0.012698,0.012167,0.007132,0.136648,0.004718,0.001888,0.018822,0.021801
N20002004,0.666646,0.046015,0.037074,0.027630,0.159153,0.018003,0.005580,0.017640,0.022260
N20002005,0.721849,0.037653,0.019924,0.027939,0.135943,0.017129,0.002787,0.015781,0.020994
N20002006,0.539375,0.089628,0.082179,0.055791,0.149544,0.038639,0.010645,0.014394,0.019805
N20002007,0.186194,0.358149,0.072118,0.188362,0.043333,0.132135,0.008556,0.004680,0.006473
N20002008,0.151669,0.369973,0.026877,0.231330,0.024977,0.185163,0.002845,0.002895,0.004271
N20002009,0.613545,0.100457,0.026944,0.052258,0.131393,0.035528,0.004324,0.016011,0.019539
N20002010,0.269433,0.334983,0.034940,0.169535,0.052514,0.119289,0.004345,0.006534,0.008427
N20002011,0.474208,0.142140,0.090529,0.076504,0.123871,0.049995,0.012106,0.013399,0.017249
N20002012,0.760073,0.022192,0.013635,0.011527,0.140212,0.008034,0.002138,0.019953,0.022237
N20002013,0.392774,0.226039,0.058761,0.129551,0.080049,0.084347,0.006985,0.009146,0.012348
N20002014,0.744317,0.030163,0.013955,0.016912,0.140190,0.011626,0.002265,0.018704,0.021867
N20002015,0.089703,0.459587,0.013837,0.192565,0.011696,0.227552,0.001361,0.001502,0.002197
N20002016,0.447858,0.164840,0.083560,0.084892,0.124627,0.051528,0.013289,0.012941,0.016465
N20002017,0.240880,0.314881,0.062239,0.174761,0.059335,0.125073,0.008164,0.006110,0.008556
N20002018,0.736148,0.051411,0.014649,0.031900,0.108609,0.021390,0.002058,0.014952,0.018884
N20002019,0.537211,0.173014,0.016614,0.105771,0.058500,0.087054,0.001849,0.008325,0.011661
N20002020,0.330489,0.292020,0.046958,0.136315,0.069114,0.099711,0.006263,0.008459,0.010671
N20002021,0.205639,0.355714,0.073383,0.191784,0.049447,0.101891,0.009484,0.005428,0.007229
N20002022,0.037843,0.463785,0.033078,0.271159,0.006922,0.182155,0.003155,0.000753,0.001150
N20002023,0.742173,0.028851,0.012328,0.020171,0.142756,0.012522,0.001970,0.017389,0.021840
N20002024,0.043616,0.445832,0.019880,0.268203,0.007125,0.211339,0.001920,0.000826,0.001258
N20002025,0.138156,0.405481,0.024696,0.183183,0.028446,0.209716,0.002871,0.003054,0.004397
N20002026,0.805971,0.027952,0.008242,0.019612,0.091850,0.014817,0.001022,0.013053,0.017482
N20002027,0.071777,0.463932,0.026040,0.254691,0.009372,0.168587,0.002601,0.001233,0.001768
N20002028,0.061744,0.484153,0.015133,0.184115,0.007308,0.243706,0.001442,0.000974,0.001426
N20002029,0.160349,0.360388,0.035256,0.305284,0.018709,0.108973,0.005109,0.001129,0.004803
N20002030,0.059097,0.435995,0.038628,0.313756,0.007725,0.137522,0.004907,0.000443,0.001926
N20002031,0.485702,0.181324,0.039883,0.142647,0.066714,0.058287,0.005598,0.003901,0.015943
N20002032,0.096326,0.377867,0.052641,0.330539,0.009977,0.123312,0.006001,0.000612,0.002726
N20002033,0.079692,0.403483,0.059685,0.284490,0.011991,0.149672,0.007543,0.000633,0.002812
N20002034,0.332564,0.262118,0.055713,0.229272,0.038640,0.061373,0.007727,0.002528,0.010067
N20002035,0.323213,0.273215,0.057723,0.220985,0.042467,0.060336,0.009146,0.002562,0.010352
N20002036,0.362557,0.219335,0.081413,0.180991,0.074463,0.047586,0.014654,0.003906,0.015095
N20002037,0.779145,0.032848,0.014748,0.031936,0.097762,0.010388,0.002458,0.006501,0.024215
N20002038,0.860649,0.012676,0.002195,0.012816,0.077801,0.004567,0.000406,0.006494,0.022397
N20002039,0.234811,0.288294,0.048258,0.307312,0.027740,0.078496,0.006351,0.001627,0.007110
N20002040,0.745708,0.044072,0.015185,0.041240,0.107154,0.012122,0.002966,0.006751,0.024803
N20002041,0.412471,0.229442,0.020579,0.207253,0.041671,0.071519,0.002847,0.002780,0.011438
N20002042,0.760318,0.028200,0.024057,0.022530,0.119146,0.006716,0.004565,0.007813,0.026655
N20002043,0.755356,0.045271,0.024714,0.036208,0.093119,0.011492,0.004637,0.006358,0.022845
N20002044,0.720303,0.072847,0.009370,0.079163,0.070223,0.021767,0.001404,0.005224,0.019698
N20002045,0.763159,0.043736,0.019367,0.036744,0.093259,0.010279,0.003358,0.006665,0.023433
N20002046,0.612368,0.075173,0.046271,0.075471,0.130460,0.017726,0.009337,0.007100,0.026095
N20002047,0.666551,0.067804,0.042240,0.071130,0.099531,0.016725,0.007136,0.005991,0.022891
N20002048,0.817597,0.016713,0.007379,0.017924,0.101932,0.005369,0.001322,0.006769,0.024997
N20002049,0.817654,0.022061,0.006894,0.019154,0.094967,0.006010,0.001338,0.007342,0.024579
N20002050,0.651099,0.098047,0.021084,0.092673,0.078659,0.029910,0.003253,0.005225,0.020049
N20002051,0.701408,0.062091,0.023379,0.062427,0.098398,0.018740,0.003942,0.006181,0.023432
N20002052,0.514608,0.148064,0.040483,0.135757,0.089781,0.039841,0.007237,0.004954,0.019275
N20002053,0.784470,0.035610,0.015197,0.036464,0.086729,0.010102,0.002418,0.006197,0.022812
N20002054,0.809447,0.014069,0.011108,0.012558,0.112475,0.003835,0.002126,0.007777,0.026605
N20002055,0.724642,0.056867,0.016322,0.061932,0.091826,0.016989,0.002736,0.005932,0.022754
N20002056,0.754237,0.039081,0.015128,0.042781,0.103430,0.011365,0.002789,0.006606,0.024582
N20002057,0.375827,0.176067,0.079198,0.227217,0.064932,0.048227,0.011843,0.003153,0.013538
N20002058,0.768821,0.023481,0.014201,0.029894,0.120965,0.007870,0.002632,0.006499,0.025638
N20002059,0.780008,0.021486,0.011874,0.024457,0.119915,0.007005,0.002323,0.006961,0.025970
N20002060,0.780456,0.030477,0.013265,0.038827,0.096526,0.009735,0.002276,0.005749,0.022689
N20002061,0.260684,0.214237,0.124940,0.247687,0.056846,0.061247,0.021279,0.002401,0.010678
N20002062,0.625663,0.055953,0.041527,0.069195,0.150291,0.015062,0.008902,0.006685,0.026720
N20002063,0.695423,0.047393,0.025599,0.056982,0.124251,0.014183,0.004745,0.006299,0.025124
N20002064,0.590624,0.086669,0.050648,0.114161,0.097058,0.027450,0.007953,0.004881,0.020558
N20002065,0.108642,0.288302,0.096001,0.389527,0.020989,0.077643,0.013875,0.000883,0.004139
N20002066,0.730982,0.010637,0.014011,0.014469,0.183309,0.003275,0.002952,0.008340,0.032026
N20002067,0.630543,0.065827,0.039731,0.095261,0.112466,0.022382,0.006218,0.005104,0.022468
N20002068,0.397169,0.158239,0.092745,0.186049,0.087125,0.041996,0.016416,0.003948,0.016314
N20002069,0.555836,0.089624,0.060747,0.122468,0.108521,0.026728,0.009779,0.005046,0.021251
N20002070,0.400876,0.128540,0.113311,0.168102,0.112143,0.032835,0.020326,0.004666,0.019201
N20002071,0.406164,0.155773,0.067849,0.230143,0.070394,0.041015,0.010769,0.003352,0.014542
N20002072,0.490422,0.128009,0.047110,0.172688,0.093772,0.037312,0.008188,0.004206,0.018294
N20002073,0.331746,0.204476,0.044107,0.279532,0.067281,0.049057,0.007270,0.003211,0.013320
N20002074,0.795804,0.015369,0.006322,0.020758,0.121218,0.005785,0.001225,0.007037,0.026481
N20002075,0.696993,0.064133,0.017884,0.079462,0.091157,0.020556,0.003292,0.005398,0.021124
N20002076,0.771603,0.027880,0.008374,0.036334,0.112987,0.009991,0.001610,0.006417,0.024804
N20002077,0.770749,0.024583,0.013464,0.023413,0.124547,0.007755,0.003270,0.006890,0.025330
N20002078,0.703831,0.049743,0.020822,0.071729,0.105154,0.016483,0.003487,0.005628,0.023122
N20002079,0.810507,0.015383,0.005071,0.020047,0.110901,0.005464,0.001020,0.006575,0.025032
N20002080,0.602719,0.097973,0.015999,0.135368,0.087038,0.034434,0.002590,0.004620,0.019258
N20002081,0.233216,0.263219,0.112460,0.229666,0.053819,0.076211,0.017627,0.002790,0.010994
N20002082,0.033912,0.403301,0.098228,0.323442,0.006749,0.120124,0.012413,0.000345,0.001487
N20002083,0.078180,0.371356,0.102738,0.300274,0.014875,0.114588,0.013911,0.000783,0.003295
N20002084,0.123773,0.341261,0.142043,0.240146,0.028352,0.093658,0.023596,0.001434,0.005739
N20002085,0.527165,0.130497,0.055958,0.104216,0.103337,0.038887,0.010950,0.006476,0.022514
N20002086,0.722728,0.031567,0.028641,0.019777,0.142465,0.008297,0.007092,0.009567,0.029867
N20002087,0.414075,0.155297,0.106995,0.122377,0.105961,0.046405,0.022766,0.005659,0.020466
N20002088,0.565459,0.090083,0.062718,0.073437,0.134425,0.025772,0.014235,0.007486,0.026385
N20002089,0.657149,0.040971,0.069570,0.030638,0.139428,0.010255,0.014294,0.008810,0.028884
N20002090,0.353045,0.150574,0.172488,0.135810,0.091711,0.041365,0.032805,0.004645,0.017556
N20002091,0.686118,0.026966,0.061856,0.023207,0.144170,0.007781,0.012217,0.008301,0.029384
N20002092,0.535540,0.150440,0.052947,0.092233,0.090848,0.039641,0.012119,0.005992,0.020241
N20002093,0.343999,0.203086,0.132955,0.160288,0.067902,0.048690,0.024830,0.003845,0.014404
N20002094,0.560579,0.047988,0.091871,0.047741,0.178806,0.013536,0.020703,0.008237,0.030540
N20002095,0.741412,0.016861,0.019724,0.012925,0.157300,0.004770,0.004669,0.010108,0.032231
N20002096,0.672666,0.044942,0.051934,0.033033,0.137367,0.011474,0.010579,0.008862,0.029144
N20002097,0.294757,0.205297,0.150564,0.179351,0.070684,0.054592,0.026985,0.003695,0.014075
N20002098,0.590699,0.098555,0.070344,0.055336,0.112014,0.024023,0.018162,0.007162,0.023705
N20002099,0.492852,0.082689,0.125928,0.079618,0.135199,0.026578,0.024879,0.006935,0.025321
N20002100,0.402247,0.155296,0.094532,0.176187,0.084212,0.050032,0.015419,0.004438,0.017637
N20002101,0.593310,0.059848,0.097921,0.041550,0.136399,0.014759,0.021921,0.007764,0.026528
N20002102,0.431367,0.102814,0.142139,0.070155,0.154858,0.024436,0.042589,0.006937,0.024705
N20002103,0.645472,0.079174,0.047378,0.062237,0.104993,0.019989,0.009442,0.007055,0.024262
N20002104,0.523131,0.160205,0.056841,0.105328,0.072433,0.048593,0.011191,0.004791,0.017487
N20002105,0.319171,0.134111,0.231132,0.094407,0.112823,0.027369,0.057334,0.005161,0.018491
N20002106,0.481353,0.171619,0.066318,0.128256,0.072277,0.046285,0.012009,0.004689,0.017194
N20002107,0.490187,0.113672,0.118952,0.063825,0.127717,0.023605,0.031322,0.007032,0.023688
N20002108,0.280869,0.303340,0.053753,0.218858,0.044263,0.075662,0.010164,0.002767,0.010323
N20002109,0.199386,0.242820,0.147753,0.254931,0.037843,0.086017,0.020888,0.001996,0.008366
N20002110,0.198936,0.352157,0.077592,0.224034,0.040088,0.081233,0.015163,0.002295,0.008501
N20002111,0.267211,0.137163,0.252968,0.141296,0.095789,0.034568,0.050796,0.004147,0.016061
N20002112,0.506642,0.081614,0.089487,0.075767,0.165911,0.021214,0.022469,0.008194,0.028702
N20002113,0.336062,0.149613,0.151247,0.157351,0.108435,0.041786,0.031315,0.005073,0.019119
N20002114,0.556288,0.048749,0.079626,0.043534,0.196637,0.013882,0.018865,0.009485,0.032935
N20002115,0.596028,0.027197,0.073290,0.029469,0.204787,0.007914,0.018143,0.009356,0.033816
N20002116,0.598787,0.075546,0.070734,0.060755,0.127745,0.018062,0.014954,0.007386,0.026031
N20002117,0.030093,0.416960,0.050043,0.364821,0.004767,0.125608,0.006272,0.000279,0.001157
N20002118,0.053691,0.348671,0.098412,0.374283,0.011307,0.098624,0.011997,0.000560,0.002456
N20002119,0.045061,0.382816,0.071693,0.368057,0.009261,0.111006,0.009607,0.000484,0.002016
N20002120,0.158409,0.274946,0.144923,0.279621,0.039296,0.070079,0.023117,0.001880,0.007729
N20002121,0.239251,0.246924,0.051022,0.334043,0.044635,0.065822,0.007122,0.002084,0.009097
N20002122,0.191293,0.299750,0.038783,0.340266,0.029857,0.087340,0.004625,0.001477,0.006610
N20002123,0.091783,0.379201,0.024848,0.381530,0.016129,0.099247,0.003070,0.000780,0.003412
N20002124,0.703508,0.023383,0.026243,0.029194,0.167987,0.007346,0.004391,0.007741,0.030207
N20002125,0.463776,0.137998,0.059771,0.158063,0.106934,0.038803,0.010287,0.004769,0.019598
N20002126,0.110351,0.355237,0.071412,0.348333,0.024889,0.073640,0.010392,0.001083,0.004664
N20002127,0.066207,0.381026,0.066205,0.364063,0.016115,0.094204,0.008522,0.000671,0.002987
N20002128,0.769417,0.011586,0.006776,0.012912,0.155048,0.003921,0.001353,0.008706,0.030281
N20002129,0.460890,0.157957,0.034701,0.186860,0.083883,0.048854,0.005308,0.004259,0.017286
N20002130,0.088550,0.324815,0.042953,0.433144,0.020957,0.079271,0.005527,0.000862,0.003921
N20002131,0.752935,0.012760,0.012756,0.012910,0.162573,0.003761,0.002750,0.009021,0.030534
N20002132,0.622007,0.044472,0.050055,0.057388,0.168511,0.012792,0.008681,0.007267,0.028828
N20002133,0.570839,0.046003,0.076454,0.053938,0.189121,0.012024,0.014609,0.007547,0.029465
N20002134,0.659411,0.039089,0.064686,0.046832,0.136560,0.010370,0.009763,0.006856,0.026433
N20002135,0.465126,0.107296,0.088345,0.135740,0.131776,0.029001,0.014954,0.005449,0.022313
N20002136,0.520654,0.118524,0.079680,0.106342,0.106211,0.028978,0.013445,0.005487,0.020680
N20002137,0.737937,0.015007,0.010172,0.016500,0.173470,0.004748,0.002102,0.008742,0.031322
N20002138,0.677714,0.038818,0.043506,0.033705,0.152216,0.009256,0.008487,0.008071,0.028226
N20002139,0.137559,0.284632,0.063302,0.384088,0.033519,0.080429,0.008842,0.001413,0.006216
N20002140,0.017587,0.393160,0.024502,0.474160,0.003687,0.083163,0.002830,0.000168,0.000743
N20002141,0.020244,0.396925,0.038927,0.445040,0.005047,0.087867,0.004789,0.000215,0.000947
N20002142,0.407718,0.180330,0.043803,0.212475,0.066919,0.065056,0.005861,0.003414,0.014423
N20002143,0.014070,0.403262,0.061435,0.414085,0.003540,0.095084,0.007729,0.000144,0.000651
N20002144,0.662090,0.041045,0.033937,0.052852,0.154619,0.014522,0.005337,0.007114,0.028482
N20002145,0.199307,0.223766,0.145101,0.277221,0.050322,0.074921,0.018364,0.002003,0.008995
N20002146,0.639772,0.064854,0.030868,0.081722,0.127828,0.018185,0.005034,0.006594,0.025142
N20002147,0.079317,0.370321,0.022382,0.343510,0.008915,0.170433,0.002313,0.000511,0.002299
N20002148,0.223807,0.236646,0.083015,0.307040,0.051862,0.074676,0.010986,0.002242,0.009728
N20002149,0.550028,0.071850,0.080769,0.064333,0.166287,0.016343,0.016421,0.007207,0.026762
N20002150,0.063719,0.471024,0.070425,0.182469,0.018575,0.182389,0.007193,0.001541,0.002666
N20002151,0.343477,0.245746,0.066719,0.131470,0.075090,0.111306,0.007159,0.007047,0.011986
N20002152,0.481419,0.141341,0.093998,0.073786,0.118732,0.052163,0.010504,0.010531,0.017527
N20002153,0.123742,0.393559,0.066942,0.189992,0.029729,0.182607,0.006215,0.002595,0.004620
N20002154,0.619428,0.068870,0.099182,0.030389,0.116467,0.025231,0.010469,0.011297,0.018667
N20002155,0.540553,0.133418,0.073172,0.069655,0.097287,0.053184,0.007128,0.009379,0.016224
N20002156,0.478462,0.125364,0.095439,0.066791,0.139705,0.050845,0.011546,0.012228,0.019621
N20002157,0.625933,0.048975,0.057253,0.029589,0.172431,0.019887,0.007592,0.014530,0.023810
N20002158,0.283598,0.244758,0.152387,0.110086,0.075981,0.099963,0.015861,0.006387,0.010979
N20002159,0.663757,0.022826,0.049649,0.013796,0.192401,0.009901,0.006588,0.015549,0.025532
N20002160,0.686846,0.040109,0.036043,0.023636,0.154564,0.015870,0.004349,0.014997,0.023586
N20002161,0.467362,0.164385,0.087732,0.076500,0.102382,0.065937,0.010771,0.009261,0.015669
N20002162,0.717125,0.053145,0.021539,0.025848,0.121859,0.023256,0.002556,0.013582,0.021091
N20002163,0.679960,0.052030,0.024904,0.027875,0.152990,0.020417,0.003395,0.015157,0.023271
N20002164,0.399339,0.198455,0.105984,0.082600,0.093930,0.085611,0.011430,0.008486,0.014166
N20002165,0.257016,0.309071,0.090230,0.129302,0.041975,0.153402,0.007663,0.004005,0.007335
N20002166,0.751591,0.044770,0.014017,0.017664,0.117443,0.018341,0.002040,0.013779,0.020353
N20002167,0.735635,0.031989,0.025163,0.010838,0.142784,0.010654,0.004108,0.016334,0.022495
N20002168,0.446039,0.189422,0.060972,0.089464,0.092730,0.091597,0.006802,0.008383,0.014591
N20002169,0.603472,0.094667,0.050465,0.035196,0.139459,0.034936,0.007006,0.013915,0.020884
N20002170,0.665829,0.042513,0.064880,0.018418,0.148715,0.013612,0.008330,0.015140,0.022564
N20002171,0.607567,0.079264,0.065724,0.036393,0.138592,0.029914,0.008197,0.013496,0.020853
N20002172,0.664199,0.083901,0.037660,0.036581,0.110887,0.029674,0.004570,0.013188,0.019341
N20002173,0.704982,0.054991,0.028022,0.030996,0.119281,0.025468,0.003294,0.012570,0.020395
N20002174,0.592875,0.128125,0.030814,0.060127,0.099899,0.056520,0.003675,0.010758,0.017206
N20002175,0.617818,0.073567,0.057159,0.041285,0.140783,0.028071,0.007188,0.012966,0.021163
N20002176,0.621452,0.110380,0.032249,0.052588,0.102256,0.048249,0.003712,0.011218,0.017896
N20002177,0.628725,0.097194,0.050013,0.046027,0.099877,0.044344,0.005423,0.010805,0.017592
N20002178,0.726393,0.047554,0.030018,0.026320,0.114392,0.018991,0.003679,0.012573,0.020081
N20002179,0.740576,0.053022,0.022543,0.027297,0.098019,0.025492,0.002496,0.011819,0.018735
N20002180,0.234766,0.365585,0.052108,0.157613,0.031660,0.144277,0.004732,0.003287,0.005971
N20002181,0.327477,0.230423,0.143868,0.108287,0.082807,0.068994,0.017309,0.008007,0.012827
N20002182,0.616340,0.070079,0.078739,0.035816,0.129900,0.023988,0.009337,0.014201,0.021599
N20002183,0.724515,0.022307,0.033295,0.007513,0.155835,0.006399,0.005181,0.019619,0.025336
N20002184,0.561345,0.080114,0.136473,0.027035,0.121981,0.021208,0.019202,0.013218,0.019424
N20002185,0.708643,0.036831,0.045671,0.016630,0.135297,0.012635,0.006037,0.015528,0.022727
N20002186,0.494068,0.068451,0.189162,0.039324,0.133687,0.023532,0.019384,0.012299,0.020093
N20002187,0.641724,0.018881,0.051630,0.010293,0.213020,0.006752,0.007894,0.020523,0.029284
N20002188,0.724472,0.055102,0.046347,0.019645,0.098664,0.016784,0.005734,0.013883,0.019370
N20002189,0.429325,0.124438,0.162559,0.062644,0.129204,0.040187,0.020983,0.012072,0.018588
N20002190,0.629139,0.017963,0.087896,0.009294,0.192989,0.005561,0.011909,0.018264,0.026986
N20002191,0.688655,0.022247,0.056936,0.009503,0.163859,0.006587,0.007691,0.018856,0.025667
N20002192,0.518087,0.125675,0.112774,0.047400,0.113861,0.037200,0.014056,0.012430,0.018517
N20002193,0.638789,0.045452,0.069455,0.021598,0.159879,0.014580,0.009940,0.016214,0.024093
N20002194,0.689351,0.020779,0.065336,0.010416,0.156984,0.006947,0.008084,0.017256,0.024847
N20002195,0.518514,0.156867,0.095262,0.041951,0.101355,0.040351,0.016136,0.012622,0.016942
N20002196,0.380832,0.145884,0.179018,0.065896,0.128678,0.044845,0.025116,0.011841,0.017891
N20002197,0.141032,0.421629,0.123848,0.134713,0.031386,0.124870,0.013994,0.003350,0.005179
N20002198,0.643166,0.047862,0.081168,0.014152,0.147374,0.013268,0.014337,0.016269,0.022404
N20002199,0.514037,0.128265,0.136056,0.034363,0.103534,0.032814,0.022241,0.011939,0.016751
N20002200,0.037539,0.569101,0.051164,0.172968,0.007349,0.154576,0.005128,0.000848,0.001327
N20002201,0.086285,0.476982,0.058518,0.194276,0.019191,0.153436,0.006221,0.001884,0.003207
N20002202,0.658309,0.027888,0.075552,0.011659,0.165153,0.008093,0.011012,0.017510,0.024823
N20002203,0.765110,0.020524,0.044667,0.010717,0.111297,0.007306,0.004636,0.014340,0.021402
N20002204,0.728340,0.016144,0.028172,0.006049,0.165391,0.004716,0.004311,0.020456,0.026421
N20002205,0.667794,0.023457,0.080440,0.009376,0.158747,0.007658,0.011150,0.017206,0.024173
N20002206,0.078856,0.489742,0.127787,0.130241,0.018048,0.134765,0.015760,0.001896,0.002905
N20002207,0.372851,0.240565,0.102797,0.097904,0.073211,0.079579,0.011681,0.008575,0.012837
N20002208,0.615914,0.084956,0.073023,0.033079,0.123221,0.024410,0.010745,0.014254,0.020396
N20002209,0.113318,0.403405,0.150317,0.156734,0.023896,0.130668,0.014998,0.002529,0.004134
N20002210,0.761561,0.019267,0.022648,0.010804,0.135186,0.007605,0.002804,0.016307,0.023820
N20002211,0.475246,0.121328,0.104616,0.053995,0.154800,0.039259,0.014570,0.014445,0.021742
N20002212,0.680076,0.034169,0.072960,0.011807,0.140174,0.011314,0.010618,0.016376,0.022505
N20002213,0.573168,0.048003,0.116441,0.023075,0.168155,0.015845,0.016316,0.015422,0.023575
N20002214,0.685589,0.019354,0.051492,0.009470,0.175918,0.006762,0.007091,0.018054,0.026270
N20002215,0.720247,0.033396,0.040914,0.016801,0.133226,0.012091,0.005238,0.015206,0.022881
N20002216,0.605710,0.041499,0.087443,0.020946,0.176160,0.013845,0.011527,0.017354,0.025515
N20002217,0.034275,0.500639,0.071917,0.205392,0.008653,0.170189,0.006704,0.000814,0.001417
N20002218,0.522708,0.099009,0.123433,0.042990,0.128565,0.036382,0.014813,0.012307,0.019793
N20002219,0.608616,0.031333,0.073193,0.014693,0.205210,0.010065,0.012392,0.017805,0.026694
N20002220,0.414777,0.092227,0.199595,0.048875,0.153335,0.030487,0.027414,0.013003,0.020287
N20002221,0.681545,0.087439,0.023025,0.051306,0.091903,0.033176,0.002953,0.011043,0.017610
N20002222,0.320908,0.293309,0.050937,0.128513,0.055723,0.128409,0.006119,0.006156,0.009926
N20002223,0.800621,0.016944,0.010302,0.009910,0.117483,0.007018,0.001488,0.014685,0.021548
N20002224,0.815726,0.011457,0.004107,0.006887,0.118381,0.005392,0.000654,0.015449,0.021947
N20002225,0.759839,0.029741,0.020037,0.018306,0.121335,0.012325,0.002789,0.014089,0.021539
N20002226,0.440483,0.188234,0.070061,0.113595,0.079518,0.078233,0.008073,0.008083,0.013720
N20002227,0.205529,0.340123,0.062312,0.177450,0.044497,0.151829,0.007113,0.004038,0.007110
N20002228,0.800113,0.014710,0.009932,0.009572,0.120927,0.006618,0.001409,0.014736,0.021983
N20002229,0.734441,0.016924,0.031356,0.011303,0.155219,0.006744,0.004426,0.015446,0.024141
N20002230,0.500818,0.058860,0.172244,0.036453,0.153127,0.023680,0.021848,0.012261,0.020708
N20002231,0.810314,0.017116,0.008822,0.010981,0.108264,0.007969,0.001181,0.014301,0.021052
N20002232,0.484551,0.161637,0.067451,0.098352,0.089171,0.066614,0.007925,0.009162,0.015138
N20002233,0.604906,0.052819,0.077569,0.029601,0.167761,0.017924,0.011553,0.014652,0.023213
N20002234,0.635742,0.058341,0.078399,0.039780,0.123213,0.022302,0.009445,0.012442,0.020336
N20002235,0.787175,0.025454,0.009583,0.014273,0.114376,0.011185,0.001406,0.015041,0.021506
N20002236,0.638751,0.053447,0.059600,0.025932,0.156119,0.018211,0.009946,0.015203,0.022792
N20002237,0.814612,0.016447,0.007276,0.008712,0.109064,0.007748,0.001082,0.014276,0.020783
N20002238,0.704693,0.019439,0.044224,0.011514,0.165000,0.006963,0.006766,0.016599,0.024802
N20002239,0.745319,0.024582,0.011694,0.014456,0.150095,0.010481,0.001962,0.016972,0.024439
N20002240,0.806435,0.015688,0.006705,0.009188,0.117038,0.007606,0.000972,0.014708,0.021661
N20002241,0.798102,0.023844,0.007556,0.010493,0.112075,0.009879,0.001258,0.015662,0.021131
N20002242,0.602043,0.085466,0.067994,0.053263,0.119014,0.031810,0.008140,0.012421,0.019849
N20002243,0.722836,0.061141,0.014015,0.029131,0.109285,0.028709,0.001883,0.013061,0.019940
N20002244,0.606766,0.121272,0.032235,0.053667,0.099732,0.052384,0.004199,0.011847,0.017898
N20002245,0.344412,0.220332,0.127190,0.113203,0.076589,0.083809,0.015345,0.007075,0.012045
N20002246,0.133317,0.419991,0.057699,0.180508,0.026230,0.169286,0.005893,0.002597,0.004481
N20002247,0.620964,0.104530,0.048920,0.048460,0.102796,0.038478,0.006404,0.011415,0.018033
N20002248,0.798381,0.019647,0.009039,0.010846,0.115260,0.009058,0.001307,0.014850,0.021612
N20002249,0.319717,0.259846,0.088833,0.101262,0.071133,0.131553,0.009654,0.006699,0.011303
N20002250,0.566699,0.121764,0.056549,0.062665,0.097220,0.061506,0.006217,0.010333,0.017046
N20002251,0.786966,0.015340,0.010277,0.009673,0.131665,0.006437,0.001547,0.015344,0.022751
N20002252,0.053335,0.407887,0.262343,0.167102,0.034479,0.055037,0.011263,0.004823,0.003732
N20002253,0.051181,0.435781,0.209499,0.180254,0.034216,0.072531,0.008606,0.004367,0.003565
N20002254,0.035791,0.459595,0.187926,0.201852,0.022398,0.079579,0.007334,0.003045,0.002480
N20002255,0.062924,0.362796,0.291111,0.176984,0.039331,0.044227,0.012775,0.005530,0.004322
N20002256,0.040645,0.338865,0.334184,0.176880,0.032699,0.057531,0.012032,0.003897,0.003267
N20002257,0.088412,0.166123,0.465773,0.110550,0.100889,0.027583,0.021158,0.010852,0.008660
N20002258,0.020814,0.480358,0.109042,0.288453,0.010125,0.085111,0.003384,0.001452,0.001259
N20002259,0.014210,0.380775,0.285881,0.226999,0.012175,0.068111,0.009280,0.001363,0.001206
N20002260,0.026222,0.396785,0.222043,0.240284,0.021890,0.080320,0.007742,0.002524,0.002189
N20002261,0.021250,0.366334,0.245387,0.272912,0.020402,0.060913,0.008705,0.002170,0.001927
N20002262,0.018949,0.277296,0.419804,0.202904,0.020382,0.040565,0.016240,0.002063,0.001798
N20002263,0.026673,0.173244,0.590968,0.109713,0.039260,0.026148,0.027337,0.003647,0.003009
N20002264,0.035687,0.326745,0.284263,0.243848,0.032812,0.060210,0.009674,0.003639,0.003121
N20002265,0.039755,0.396732,0.211132,0.247493,0.029916,0.059429,0.008710,0.003782,0.003052
N20002266,0.015002,0.120788,0.702222,0.090953,0.022189,0.018619,0.026595,0.001917,0.001714
N20002267,0.047836,0.336317,0.293827,0.219862,0.037830,0.044252,0.011622,0.004673,0.003781
N20002268,0.030020,0.383189,0.234896,0.245625,0.020528,0.073580,0.007459,0.002514,0.002191
N20002269,0.022737,0.389765,0.270547,0.226363,0.016142,0.061107,0.009587,0.002030,0.001722
N20002270,0.061612,0.313613,0.298540,0.206297,0.051650,0.043414,0.013467,0.006350,0.005057
N20002271,0.021628,0.123401,0.681242,0.095223,0.029486,0.017502,0.026580,0.002594,0.002343
N20002272,0.026421,0.167269,0.602457,0.105389,0.037584,0.024075,0.030308,0.003581,0.002917
N20002273,0.027340,0.183022,0.570602,0.128128,0.032927,0.028591,0.023316,0.003292,0.002782
N20002274,0.012272,0.156057,0.638120,0.121342,0.020566,0.024061,0.024397,0.001664,0.001521
N20002275,0.023000,0.195504,0.550996,0.140332,0.031351,0.029825,0.023521,0.002959,0.002512
N20002276,0.049866,0.386513,0.182927,0.260505,0.034438,0.071134,0.006443,0.004477,0.003696
N20002277,0.015400,0.323108,0.393726,0.161008,0.014547,0.076887,0.012402,0.001549,0.001374
N20002278,0.018157,0.423792,0.184670,0.269359,0.015493,0.078824,0.006373,0.001786,0.001547
N20002279,0.025708,0.199598,0.541389,0.119185,0.047672,0.031251,0.027940,0.003948,0.003308
N20002280,0.009266,0.161365,0.652933,0.110148,0.014455,0.026434,0.023052,0.001236,0.001110
N20002281,0.010424,0.120351,0.713455,0.081882,0.022262,0.018327,0.030104,0.001702,0.001494
N20002282,0.029876,0.355974,0.301438,0.211352,0.026285,0.057631,0.011850,0.003035,0.002557
N20002283,0.017300,0.107331,0.713631,0.075040,0.036337,0.014468,0.030632,0.002810,0.002451
N20002284,0.014162,0.350725,0.316144,0.215782,0.011242,0.080587,0.008985,0.001233,0.001138
N20002285,0.015573,0.368055,0.286053,0.223118,0.016215,0.078376,0.009493,0.001641,0.001475
N20002286,0.026349,0.340856,0.318155,0.188208,0.022904,0.089628,0.009167,0.002481,0.002254
N20002287,0.311221,0.200107,0.120561,0.167220,0.098652,0.055320,0.014387,0.013036,0.019496
N20002288,0.725446,0.014433,0.010435,0.014399,0.163772,0.004261,0.001467,0.028941,0.036845
N20002289,0.594698,0.093092,0.034808,0.081556,0.113485,0.031564,0.003666,0.019269,0.027862
N20002290,0.628447,0.013714,0.035398,0.014906,0.227625,0.003892,0.004897,0.029784,0.041337
N20002291,0.689046,0.024271,0.039422,0.024221,0.153760,0.006504,0.004531,0.024131,0.034114
N20002292,0.700379,0.010403,0.013571,0.011689,0.189621,0.003118,0.001768,0.029823,0.039627
N20002293,0.467314,0.073779,0.177211,0.075406,0.123867,0.021960,0.018044,0.016470,0.025950
N20002294,0.238721,0.190477,0.211731,0.204815,0.060490,0.057348,0.015930,0.007444,0.013044
N20002295,0.429159,0.056445,0.228530,0.055553,0.146302,0.014984,0.025483,0.016777,0.026768
N20002296,0.208166,0.290394,0.114764,0.226943,0.051980,0.078297,0.010711,0.007317,0.011428
N20002297,0.194560,0.297868,0.142519,0.204529,0.070832,0.060444,0.006552,0.012634,0.010062
N20002298,0.084974,0.309269,0.218593,0.253180,0.030540,0.081735,0.012376,0.004881,0.004451
N20002299,0.093686,0.166862,0.473409,0.136548,0.058700,0.036306,0.020304,0.007603,0.006583
N20002300,0.044679,0.245650,0.449233,0.170753,0.026262,0.036645,0.020089,0.003599,0.003091
N20002301,0.027399,0.450119,0.071742,0.327756,0.006751,0.109994,0.003834,0.001245,0.001161
N20002302,0.041191,0.420446,0.138633,0.267006,0.012750,0.108449,0.007336,0.002180,0.002009
N20002303,0.039187,0.245539,0.483378,0.146205,0.019808,0.039720,0.020917,0.002800,0.002447
N20002304,0.033863,0.343522,0.320607,0.207229,0.021444,0.053780,0.014198,0.002900,0.002459
N20002305,0.211236,0.122208,0.356802,0.094989,0.135423,0.022082,0.021384,0.020505,0.015371
N20002306,0.229493,0.125505,0.309987,0.093154,0.159774,0.020601,0.021273,0.023030,0.017183
N20002307,0.165507,0.174533,0.338073,0.126242,0.111503,0.035678,0.019255,0.016632,0.012578
N20002308,0.304749,0.090021,0.249904,0.067971,0.202940,0.015070,0.017098,0.030094,0.022154
N20002309,0.225266,0.195891,0.231392,0.132637,0.130304,0.034140,0.013653,0.021207,0.015510
N20002310,0.130572,0.149092,0.443502,0.108793,0.093940,0.028287,0.022999,0.012693,0.010122
N20002311,0.023315,0.295503,0.412554,0.167093,0.014545,0.067540,0.015957,0.001834,0.001660
N20002312,0.137979,0.151514,0.446835,0.117623,0.078149,0.025002,0.021949,0.011678,0.009271
N20002313,0.021757,0.455858,0.114205,0.312021,0.008193,0.081193,0.004155,0.001412,0.001206
N20002314,0.025760,0.467595,0.147313,0.266786,0.009978,0.073305,0.006082,0.001744,0.001436
N20002315,0.025143,0.455574,0.178793,0.251477,0.008920,0.069776,0.007392,0.001605,0.001320
N20002316,0.017098,0.507152,0.103545,0.277459,0.006827,0.081240,0.004460,0.001231,0.000989
N20002317,0.034824,0.384129,0.211069,0.267301,0.015141,0.074812,0.008261,0.002420,0.002045
N20002318,0.155281,0.174033,0.372986,0.102646,0.110303,0.031199,0.026203,0.015675,0.011674
N20002319,0.041275,0.390112,0.256431,0.215676,0.019680,0.059885,0.011419,0.003005,0.002516
N20002320,0.023007,0.330411,0.358006,0.193522,0.013633,0.062359,0.015554,0.001892,0.001616
N20002321,0.012641,0.315325,0.419381,0.153994,0.005359,0.077922,0.013804,0.000833,0.000740
N20002322,0.017492,0.452037,0.181513,0.246810,0.007891,0.084526,0.007385,0.001279,0.001066
N20002323,0.020089,0.426701,0.219752,0.229579,0.007105,0.086080,0.008459,0.001194,0.001042
N20002324,0.012820,0.495331,0.099442,0.282368,0.003938,0.101471,0.003307,0.000701,0.000621
N20002325,0.015741,0.454032,0.152789,0.282187,0.005417,0.082438,0.005608,0.000967,0.000821
N20002326,0.034360,0.249821,0.399889,0.205112,0.040835,0.043377,0.018916,0.004070,0.003620
N20002327,0.013825,0.352516,0.272000,0.270151,0.015132,0.062585,0.010812,0.001557,0.001422
N20002328,0.017665,0.460360,0.117835,0.306157,0.013406,0.076563,0.004848,0.001694,0.001473
N20002329,0.022591,0.497830,0.177235,0.208510,0.012655,0.071148,0.006650,0.001800,0.001581
N20002330,0.025141,0.272178,0.408139,0.187481,0.035788,0.043959,0.021056,0.003327,0.002930
N20002331,0.269126,0.204793,0.175317,0.097628,0.169500,0.027666,0.010360,0.026171,0.019439
N20002332,0.018402,0.579491,0.066130,0.238496,0.008791,0.083398,0.002687,0.001414,0.001192
N20002333,0.021551,0.318404,0.320262,0.248186,0.020034,0.054096,0.013324,0.002155,0.001987
N20002334,0.026498,0.593598,0.054301,0.219110,0.011061,0.089666,0.002194,0.001982,0.001589
N20002335,0.090911,0.456096,0.129260,0.185809,0.051540,0.065314,0.006496,0.008195,0.006378
N20002336,0.022961,0.316287,0.352807,0.216795,0.022925,0.049040,0.014595,0.002401,0.002189
N20002337,0.012643,0.360582,0.285109,0.241055,0.013348,0.074107,0.010501,0.001381,0.001275
N20002338,0.024848,0.168561,0.578125,0.118553,0.044927,0.026635,0.031160,0.003818,0.003373
N20002339,0.017457,0.424373,0.201586,0.257568,0.014441,0.073060,0.008297,0.001703,0.001514
N20002340,0.030914,0.511416,0.065694,0.284379,0.015153,0.085361,0.002605,0.002470,0.002008
N20002341,0.035162,0.440789,0.169442,0.235759,0.023088,0.082504,0.007546,0.003065,0.002646
N20002342,0.042905,0.272840,0.409084,0.159675,0.047003,0.036674,0.022576,0.004964,0.004278
N20002343,0.024000,0.352836,0.303128,0.224292,0.019906,0.058057,0.013363,0.002354,0.002063
N20002344,0.038996,0.407889,0.194643,0.245259,0.031542,0.065255,0.009355,0.003783,0.003278
N20002345,0.048748,0.477105,0.109957,0.241351,0.025398,0.085677,0.004693,0.003865,0.003206
N20002346,0.054669,0.368770,0.223071,0.232388,0.041239,0.059451,0.010651,0.005346,0.004416
N20002347,0.041461,0.483531,0.121287,0.237311,0.030191,0.072549,0.006188,0.004155,0.003327
N20002348,0.064527,0.368004,0.224510,0.206283,0.052453,0.061451,0.010757,0.006548,0.005467
N20002349,0.038557,0.286575,0.418034,0.144624,0.036539,0.047940,0.020233,0.003997,0.003501
N20002350,0.054516,0.326179,0.274025,0.205455,0.056597,0.057950,0.013789,0.006248,0.005241
N20002351,0.079733,0.264820,0.369582,0.124671,0.083781,0.034773,0.025483,0.009540,0.007616
N20002352,0.044274,0.374374,0.194817,0.265518,0.037694,0.067106,0.007965,0.004423,0.003829
N20002353,0.075034,0.352843,0.220969,0.212124,0.057420,0.057767,0.010479,0.007252,0.006112
N20002354,0.084900,0.360177,0.213204,0.214067,0.047013,0.059172,0.008780,0.006962,0.005724
N20002355,0.200586,0.197103,0.261075,0.137420,0.128126,0.032162,0.011819,0.017391,0.014317
N20002356,0.222850,0.277478,0.142556,0.147731,0.121827,0.047411,0.007813,0.017968,0.014365
N20002357,0.139054,0.269196,0.254000,0.153163,0.102931,0.044222,0.013421,0.013226,0.010787
N20002358,0.123032,0.262819,0.242823,0.158790,0.125491,0.048461,0.012486,0.014374,0.011724
N20002359,0.179579,0.208893,0.277083,0.113531,0.140920,0.033445,0.014644,0.017696,0.014210
N20002360,0.062179,0.326925,0.276774,0.187194,0.067002,0.051850,0.014511,0.007419,0.006146
N20002361,0.287684,0.182569,0.147478,0.104181,0.190798,0.031593,0.007771,0.026890,0.021036
N20002362,0.092323,0.382810,0.166956,0.223941,0.053593,0.058207,0.008331,0.007556,0.006283
N20002363,0.100935,0.391611,0.147085,0.213410,0.064566,0.058662,0.007359,0.009061,0.007309
N20002364,0.168118,0.221689,0.285533,0.112926,0.134140,0.031257,0.014411,0.017943,0.013983
N20002365,0.078184,0.417076,0.213944,0.162209,0.050953,0.054028,0.010358,0.007366,0.005882
N20002366,0.053231,0.451437,0.149738,0.226516,0.040796,0.060514,0.008011,0.005422,0.004334
N20002367,0.148773,0.286919,0.219107,0.170141,0.095873,0.045160,0.010053,0.013079,0.010896
N20002368,0.045900,0.521763,0.126082,0.204336,0.026324,0.061563,0.006751,0.004074,0.003207
N20002369,0.043596,0.465359,0.139673,0.233465,0.026685,0.078031,0.006325,0.003751,0.003115
N20002370,0.030008,0.566830,0.100434,0.210070,0.015401,0.067878,0.004933,0.002460,0.001984
N20002371,0.032780,0.530317,0.172731,0.165558,0.021107,0.063645,0.008237,0.003134,0.002490
N20002372,0.038651,0.239183,0.447929,0.157568,0.048960,0.038466,0.020310,0.004720,0.004215
N20002373,0.097601,0.384661,0.178362,0.193067,0.067176,0.053130,0.009104,0.009453,0.007446
N20002374,0.041821,0.514006,0.131642,0.208843,0.025589,0.064694,0.006478,0.003867,0.003059
N20002375,0.041504,0.532854,0.120449,0.206743,0.021902,0.064515,0.005759,0.003479,0.002794
N20002376,0.099897,0.389535,0.182607,0.188860,0.052247,0.062570,0.009965,0.007853,0.006466
N20002377,0.455118,0.092579,0.081898,0.042131,0.212826,0.023308,0.012201,0.051271,0.028669
N20002378,0.334764,0.093360,0.168586,0.057454,0.226964,0.026194,0.022939,0.043457,0.026281
N20002379,0.029544,0.539489,0.088428,0.221671,0.012881,0.100002,0.004215,0.002040,0.001731
N20002380,0.029873,0.522047,0.081005,0.259460,0.011983,0.088350,0.003687,0.001914,0.001680
N20002381,0.234658,0.243109,0.186230,0.127760,0.099745,0.052023,0.019622,0.022607,0.014246
N20002382,0.027761,0.508620,0.132433,0.222519,0.014420,0.083804,0.006622,0.002036,0.001784
N20002383,0.210127,0.243891,0.215380,0.075238,0.128852,0.050703,0.033690,0.026805,0.015314
N20002384,0.068998,0.492627,0.122319,0.177751,0.020669,0.097451,0.011566,0.005181,0.003438
N20002385,0.380881,0.038100,0.115112,0.022836,0.320599,0.010301,0.019303,0.059327,0.033542
N20002386,0.024524,0.481508,0.176111,0.206849,0.013588,0.085459,0.008443,0.001857,0.001661
N20002387,0.153500,0.273503,0.257408,0.086773,0.100109,0.056911,0.039953,0.020117,0.011725
N20002388,0.032462,0.512009,0.124616,0.219773,0.017194,0.083135,0.006032,0.002615,0.002165
N20002389,0.247785,0.054849,0.283639,0.045400,0.283326,0.010780,0.021141,0.029235,0.023846
N20002390,0.254180,0.166074,0.165705,0.160730,0.157770,0.048132,0.008499,0.021088,0.017822
N20002391,0.232069,0.234022,0.110205,0.221417,0.114499,0.050977,0.005443,0.016935,0.014434
N20002392,0.238036,0.057409,0.277372,0.057785,0.284778,0.011671,0.019588,0.029206,0.024154
N20002393,0.096673,0.193239,0.377846,0.150670,0.105393,0.034523,0.020933,0.011109,0.009615
N20002394,0.054803,0.431667,0.138581,0.253853,0.030703,0.075733,0.006703,0.004258,0.003700
N20002395,0.337304,0.036966,0.121083,0.034458,0.378694,0.007728,0.009010,0.041800,0.032958
N20002396,0.090111,0.239412,0.346705,0.159451,0.081179,0.047622,0.018520,0.009102,0.007898
N20002397,0.079934,0.151566,0.455897,0.112840,0.122405,0.022404,0.034438,0.011086,0.009428
N20002398,0.159835,0.179546,0.343903,0.123450,0.118791,0.027429,0.019532,0.015015,0.012498
N20002399,0.085900,0.143039,0.457048,0.119701,0.119955,0.025793,0.027751,0.011092,0.009720
N20002400,0.056439,0.260289,0.370143,0.184176,0.049098,0.052878,0.016734,0.005335,0.004909
N20002401,0.041519,0.177793,0.530980,0.126990,0.046644,0.040548,0.026830,0.004531,0.004166
N20002402,0.117347,0.388033,0.138763,0.193321,0.063633,0.074605,0.007874,0.008883,0.007541
N20002403,0.043869,0.138249,0.591456,0.106001,0.055565,0.022478,0.032663,0.005084,0.004634
N20002404,0.035735,0.287610,0.438777,0.119800,0.036780,0.040480,0.033538,0.003946,0.003334
N20002405,0.097834,0.274146,0.300932,0.165900,0.070493,0.058498,0.016340,0.008410,0.007447
N20002406,0.059069,0.111211,0.560624,0.093981,0.102154,0.019383,0.037273,0.008694,0.007611
N20002407,0.024457,0.494618,0.156544,0.226866,0.012484,0.074108,0.007535,0.001819,0.001570
N20002408,0.060889,0.317237,0.236247,0.251695,0.050102,0.061274,0.011873,0.005593,0.005091
N20002409,0.063000,0.413480,0.172569,0.230718,0.036185,0.065685,0.008958,0.005090,0.004314
N20002410,0.031786,0.174468,0.559042,0.123012,0.041070,0.035059,0.028428,0.003683,0.003452
N20002411,0.054104,0.272267,0.397881,0.157853,0.045351,0.039986,0.022595,0.005395,0.004568
N20002412,0.078002,0.228807,0.391632,0.155899,0.068001,0.041189,0.021932,0.007777,0.006761
N20002413,0.030713,0.168787,0.574227,0.118073,0.037560,0.029630,0.034081,0.003687,0.003242
N20002414,0.075851,0.324056,0.290085,0.176245,0.057926,0.045213,0.017346,0.007239,0.006038
N20002415,0.058643,0.397684,0.212530,0.214010,0.038763,0.057331,0.011635,0.005112,0.004292
N20002416,0.024822,0.338984,0.310568,0.224393,0.024193,0.055599,0.016505,0.002612,0.002325
N20002417,0.015529,0.144409,0.627275,0.115947,0.031476,0.026002,0.034764,0.002368,0.002231
N20002418,0.063425,0.300451,0.369374,0.147021,0.046121,0.040919,0.022339,0.005596,0.004756
N20002419,0.054696,0.279282,0.424923,0.121468,0.041968,0.041967,0.026581,0.004918,0.004196
N20002420,0.063978,0.461792,0.120392,0.242109,0.031699,0.064638,0.006499,0.004902,0.003989
N20002421,0.114570,0.284760,0.289201,0.132330,0.097511,0.040847,0.019527,0.011743,0.009510
N20002422,0.063649,0.341701,0.315753,0.148815,0.052821,0.044872,0.020315,0.006762,0.005312
N20002423,0.096748,0.433571,0.125988,0.205732,0.056477,0.058851,0.007813,0.008272,0.006548
N20002424,0.022586,0.065556,0.722951,0.049457,0.068534,0.009202,0.054637,0.003531,0.003545
N20002425,0.025711,0.210793,0.526267,0.120398,0.044250,0.036536,0.030085,0.002986,0.002975
N20002426,0.021292,0.140469,0.617463,0.096724,0.055968,0.021439,0.040230,0.003213,0.003201
N20002427,0.029894,0.246916,0.444000,0.170075,0.041543,0.038689,0.021217,0.004073,0.003593
N20002428,0.034768,0.509917,0.114878,0.227844,0.017770,0.084943,0.004850,0.002702,0.002328
N20002429,0.029985,0.538798,0.159900,0.180825,0.016617,0.060593,0.008488,0.002660,0.002134
N20002430,0.037137,0.149277,0.577120,0.093004,0.070791,0.025462,0.037886,0.004719,0.004604
N20002431,0.031124,0.576442,0.115903,0.178135,0.015896,0.071761,0.005968,0.002672,0.002100
N20002432,0.048220,0.524187,0.130668,0.187853,0.028004,0.065800,0.007319,0.004486,0.003464
N20002433,0.033597,0.286859,0.367657,0.167697,0.053486,0.061602,0.021478,0.003815,0.003809
N20002434,0.030856,0.504686,0.071970,0.246387,0.029664,0.107195,0.003884,0.002751,0.002607
N20002435,0.017084,0.129608,0.679600,0.083433,0.029889,0.021749,0.033807,0.002535,0.002294
N20002436,0.015378,0.253046,0.478773,0.156374,0.021171,0.049244,0.022142,0.002051,0.001820
N20002437,0.022899,0.155885,0.610826,0.101926,0.042083,0.027666,0.031987,0.003541,0.003186
N20002438,0.009716,0.364950,0.356859,0.169505,0.010356,0.072210,0.014315,0.001091,0.000999
N20002439,0.027396,0.341509,0.308883,0.207019,0.023500,0.075226,0.011386,0.002606,0.002475
N20002440,0.013414,0.462583,0.165798,0.231968,0.010719,0.107032,0.006052,0.001261,0.001172
N20002441,0.016238,0.331438,0.313065,0.247540,0.018528,0.055787,0.013764,0.001896,0.001745
N20002442,0.012880,0.248018,0.510092,0.137831,0.018938,0.046244,0.022737,0.001682,0.001578
N20002443,0.009185,0.150021,0.662106,0.101609,0.018402,0.023641,0.032344,0.001360,0.001331
N20002444,0.021835,0.354219,0.296548,0.207593,0.024404,0.078197,0.012418,0.002478,0.002308
N20002445,0.027568,0.316718,0.336389,0.207454,0.032430,0.057454,0.015795,0.003210,0.002982
N20002446,0.011954,0.388476,0.262112,0.226606,0.011140,0.088403,0.009006,0.001171,0.001132
N20002447,0.016478,0.417927,0.207925,0.230254,0.014613,0.101589,0.008016,0.001670,0.001529
N20002448,0.027577,0.401164,0.239269,0.217871,0.021361,0.078098,0.009836,0.002523,0.002301
N20002449,0.012320,0.390064,0.234128,0.236831,0.012481,0.103271,0.008390,0.001280,0.001236
N20002450,0.022009,0.340161,0.310788,0.211433,0.026717,0.069614,0.014121,0.002710,0.002447
N20002451,0.015413,0.495765,0.080470,0.221673,0.007527,0.174629,0.002465,0.001054,0.001003
N20002452,0.029426,0.350800,0.292704,0.192019,0.025495,0.092866,0.011145,0.002865,0.002680
N20002453,0.041845,0.363922,0.240310,0.223294,0.030273,0.084358,0.009131,0.003522,0.003345
N20002454,0.064834,0.426841,0.129047,0.226860,0.034451,0.103847,0.004874,0.004882,0.004364
N20002455,0.098886,0.383586,0.151904,0.213900,0.039881,0.094536,0.009910,0.001817,0.005581
N20002456,0.242588,0.053063,0.330148,0.036354,0.216647,0.013265,0.066619,0.018643,0.022673
N20002457,0.175369,0.086733,0.377902,0.047237,0.174609,0.021385,0.084495,0.014786,0.017483
N20002458,0.183541,0.061364,0.368763,0.044804,0.212023,0.016562,0.075767,0.016775,0.020399
N20002459,0.171831,0.140081,0.369451,0.082747,0.113480,0.038944,0.058411,0.011258,0.013796
N20002460,0.229874,0.135038,0.274410,0.058487,0.169462,0.030706,0.066040,0.016854,0.019128
N20002461,0.154561,0.092916,0.404520,0.048457,0.164339,0.019089,0.086117,0.013686,0.016315
N20002462,0.102104,0.302941,0.281553,0.125518,0.062710,0.064078,0.046639,0.006487,0.007970
N20002463,0.285545,0.076059,0.248760,0.052172,0.226124,0.020385,0.043998,0.021234,0.025723
N20002464,0.105109,0.095309,0.488335,0.055463,0.113456,0.022343,0.099880,0.008978,0.011127
N20002465,0.234549,0.131970,0.279971,0.082732,0.152635,0.036325,0.047664,0.015356,0.018799
N20002466,0.210468,0.156293,0.308022,0.074980,0.127736,0.036548,0.057013,0.013114,0.015825
N20002467,0.165815,0.136638,0.357831,0.092243,0.126057,0.036716,0.058452,0.011639,0.014609
N20002468,0.197124,0.089496,0.305263,0.053194,0.223080,0.023080,0.068635,0.018636,0.021493
N20002469,0.179015,0.071240,0.423128,0.046712,0.157363,0.019393,0.072669,0.013541,0.016939
N20002470,0.152050,0.070604,0.420455,0.043389,0.176048,0.016583,0.090005,0.013951,0.016916
N20002471,0.195122,0.077285,0.357876,0.048423,0.192242,0.020936,0.073340,0.015478,0.019297
N20002472,0.142189,0.159865,0.378474,0.094579,0.092651,0.050536,0.061240,0.009034,0.011432
N20002473,0.251043,0.082500,0.253237,0.050813,0.241275,0.023192,0.052008,0.021065,0.024867
N20002474,0.125116,0.081240,0.459136,0.051624,0.145440,0.020311,0.092001,0.011208,0.013924
N20002475,0.132911,0.080025,0.461874,0.056111,0.142924,0.021011,0.079582,0.011270,0.014291
N20002476,0.231395,0.072153,0.306336,0.045427,0.218965,0.020327,0.064459,0.018478,0.022460
N20002477,0.131691,0.153265,0.366365,0.091357,0.125407,0.039281,0.068629,0.010840,0.013163
N20002478,0.139851,0.035356,0.478278,0.025572,0.184154,0.008955,0.097943,0.013239,0.016652
N20002479,0.343606,0.072638,0.201219,0.044488,0.227145,0.020128,0.040641,0.023074,0.027061
N20002480,0.209144,0.050677,0.380135,0.034228,0.202285,0.013874,0.072664,0.016214,0.020778
N20002481,0.172028,0.253771,0.226847,0.129325,0.094313,0.064058,0.036532,0.010485,0.012641
N20002482,0.205283,0.032658,0.365779,0.018994,0.240882,0.008877,0.086694,0.018592,0.022240
N20002483,0.222996,0.069028,0.330658,0.046899,0.207167,0.020555,0.063236,0.017681,0.021780
N20002484,0.219641,0.129224,0.294854,0.070029,0.160730,0.035180,0.055991,0.015617,0.018733
N20002485,0.312365,0.018176,0.165705,0.013741,0.381994,0.004885,0.039842,0.028974,0.034317
N20002486,0.351261,0.115927,0.154941,0.070753,0.190781,0.046277,0.023708,0.021015,0.025336
N20002487,0.354392,0.041450,0.166299,0.028164,0.301724,0.012844,0.033237,0.028884,0.033005
N20002488,0.291333,0.065367,0.262871,0.047508,0.223513,0.020107,0.043381,0.020476,0.025443
N20002489,0.270026,0.151005,0.185032,0.095451,0.180300,0.049783,0.028436,0.017928,0.022040
N20002490,0.169107,0.198572,0.288626,0.126449,0.092414,0.063544,0.039365,0.009560,0.012363
N20002491,0.176228,0.118375,0.363147,0.072610,0.145886,0.033668,0.061838,0.012392,0.015857
N20002492,0.050270,0.321418,0.316557,0.135913,0.039655,0.094910,0.030000,0.006177,0.005100
N20002493,0.088631,0.440261,0.102884,0.205891,0.035074,0.103188,0.013903,0.004618,0.005548
N20002494,0.282128,0.041958,0.235783,0.024226,0.300551,0.011574,0.051133,0.023867,0.028779
N20002495,0.333200,0.053669,0.178121,0.036198,0.289029,0.016204,0.036149,0.026443,0.030988
N20002496,0.298896,0.136176,0.207806,0.086254,0.157358,0.044653,0.030292,0.017359,0.021207
N20002497,0.431032,0.094313,0.123977,0.057158,0.192168,0.030602,0.019491,0.023659,0.027600
N20002498,0.042929,0.338478,0.250635,0.160929,0.039258,0.136233,0.021084,0.005639,0.004817
N20002499,0.088544,0.172646,0.415079,0.098101,0.096197,0.063917,0.041874,0.012899,0.010744
N20002500,0.010374,0.436796,0.290875,0.125889,0.003327,0.108020,0.021241,0.002403,0.001074
N20002501,0.008955,0.488670,0.214237,0.153952,0.002705,0.111396,0.017137,0.002045,0.000902
N20002502,0.018023,0.448960,0.223611,0.152973,0.004689,0.129311,0.017115,0.003705,0.001613
N20002503,0.014563,0.349372,0.383426,0.140241,0.005358,0.067401,0.034546,0.003510,0.001584
N20002504,0.031469,0.549767,0.101908,0.172462,0.005722,0.122177,0.008861,0.005366,0.002269
N20002505,0.008752,0.310593,0.457304,0.106516,0.003612,0.070542,0.039387,0.002264,0.001030
N20002506,0.020740,0.487106,0.193456,0.167183,0.005025,0.105082,0.015502,0.004112,0.001795
N20002507,0.023994,0.451001,0.219763,0.162140,0.006819,0.111847,0.016986,0.005193,0.002255
N20002508,0.029486,0.254708,0.509424,0.078616,0.012341,0.047377,0.056718,0.007988,0.003342
N20002509,0.012507,0.300123,0.477623,0.096766,0.005337,0.060115,0.042623,0.003396,0.001509
N20002510,0.016588,0.632439,0.090841,0.134154,0.002709,0.112017,0.007307,0.002786,0.001160
N20002511,0.014474,0.598995,0.111530,0.131022,0.002169,0.130206,0.008363,0.002281,0.000961
N20002512,0.024737,0.558698,0.185092,0.107344,0.005506,0.093390,0.018226,0.004981,0.002025
N20002513,0.019225,0.546413,0.167846,0.128546,0.005458,0.110069,0.015944,0.004657,0.001841
N20002514,0.033166,0.600627,0.083259,0.153479,0.006134,0.107103,0.007699,0.006074,0.002457
N20002515,0.014975,0.287772,0.487010,0.099744,0.005811,0.058189,0.041085,0.003719,0.001693
N20002516,0.024907,0.381359,0.337686,0.123351,0.009722,0.081907,0.031577,0.006681,0.002811
N20002517,0.016089,0.652213,0.057905,0.145995,0.002586,0.116374,0.004913,0.002799,0.001126
N20002518,0.012665,0.291483,0.485203,0.097625,0.006213,0.055421,0.045977,0.003774,0.001639
N20002519,0.012611,0.383622,0.333465,0.136165,0.004285,0.100506,0.025080,0.002935,0.001332
N20002520,0.023947,0.371938,0.340862,0.124872,0.009162,0.089881,0.030292,0.006358,0.002688
N20002521,0.018145,0.616266,0.135926,0.111063,0.003459,0.097494,0.012890,0.003384,0.001373
N20002522,0.014295,0.630584,0.084530,0.158488,0.002537,0.098950,0.007020,0.002541,0.001055
N20002523,0.021702,0.653292,0.070655,0.135304,0.004038,0.102558,0.006487,0.004300,0.001664
N20002524,0.026009,0.483513,0.198925,0.152576,0.006874,0.106405,0.017800,0.005538,0.002358
N20002525,0.013642,0.496879,0.243627,0.136296,0.003714,0.079997,0.021535,0.003016,0.001295
N20002526,0.016314,0.331492,0.451647,0.087440,0.007035,0.053646,0.045765,0.004690,0.001971
N20002527,0.020831,0.605931,0.118651,0.143610,0.004127,0.090914,0.010207,0.004088,0.001642
N20002528,0.014969,0.235805,0.566170,0.066718,0.007496,0.038645,0.063849,0.004414,0.001933
N20002529,0.014491,0.661854,0.068548,0.143516,0.002418,0.099486,0.006138,0.002521,0.001027
N20002530,0.015360,0.649846,0.048181,0.153895,0.002503,0.122676,0.003808,0.002646,0.001084
N20002531,0.023559,0.296977,0.450611,0.101904,0.013846,0.054950,0.046973,0.007817,0.003362
N20002532,0.013215,0.328018,0.435717,0.114189,0.005190,0.056027,0.042734,0.003408,0.001502
N20002533,0.022512,0.615725,0.079579,0.150970,0.004440,0.113813,0.006826,0.004389,0.001746
N20002534,0.021050,0.491139,0.223155,0.136349,0.005135,0.098462,0.018639,0.004269,0.001802
N20002535,0.012570,0.501633,0.197456,0.177604,0.004334,0.084554,0.017370,0.003124,0.001355
N20002536,0.010827,0.296374,0.475172,0.106955,0.004119,0.066128,0.036583,0.002628,0.001214
N20002537,0.011005,0.375754,0.345273,0.155382,0.005944,0.072296,0.029378,0.003425,0.001544
N20002538,0.015876,0.387808,0.355487,0.124534,0.005527,0.072744,0.032496,0.003826,0.001701
N20002539,0.007243,0.223865,0.598230,0.073777,0.003137,0.037699,0.053274,0.001900,0.000875
N20002540,0.013052,0.372345,0.368925,0.118994,0.006187,0.084431,0.030756,0.003646,0.001663
N20002541,0.010667,0.260537,0.533537,0.088902,0.005335,0.049116,0.047522,0.002991,0.001394
N20002542,0.009932,0.388338,0.327451,0.153090,0.016388,0.079639,0.022039,0.001678,0.001445
N20002543,0.027794,0.455124,0.161926,0.184544,0.033279,0.120435,0.009750,0.003852,0.003296
N20002544,0.014334,0.576758,0.068133,0.173310,0.008965,0.152152,0.003793,0.001376,0.001180
N20002545,0.010301,0.473526,0.168685,0.187356,0.011216,0.137735,0.008668,0.001330,0.001183
N20002546,0.008223,0.465228,0.213366,0.158203,0.009982,0.131507,0.011354,0.001137,0.001000
N20002547,0.021224,0.385944,0.293256,0.142761,0.024702,0.110287,0.016521,0.002831,0.002474
N20002548,0.099056,0.286780,0.043395,0.156606,0.014895,0.388533,0.002364,0.004464,0.003906
N20002549,0.024093,0.322845,0.033017,0.159904,0.002989,0.453763,0.001582,0.000947,0.000860
N20002550,0.038061,0.341298,0.034014,0.122085,0.004607,0.455572,0.001564,0.001470,0.001330
N20002551,0.027036,0.310801,0.067516,0.142436,0.004254,0.442268,0.003416,0.001191,0.001082
N20002552,0.254157,0.230933,0.083542,0.152955,0.050894,0.196099,0.005471,0.014162,0.011788
N20002553,0.285604,0.241255,0.050980,0.136104,0.050480,0.204307,0.003655,0.015308,0.012306
N20002554,0.042662,0.380262,0.102534,0.187778,0.007392,0.268865,0.006391,0.002261,0.001855
N20002555,0.018650,0.319078,0.106268,0.139842,0.003248,0.405785,0.005319,0.000973,0.000836
N20002556,0.044878,0.409883,0.059280,0.184789,0.007365,0.285639,0.003811,0.002433,0.001921
N20002557,0.017038,0.355443,0.038373,0.208502,0.003117,0.373641,0.002169,0.000925,0.000792
N20002558,0.037448,0.351816,0.147754,0.146929,0.007415,0.295487,0.009190,0.002189,0.001769
N20002559,0.040131,0.376927,0.073779,0.201034,0.007726,0.291480,0.004720,0.002308,0.001895
N20002560,0.325344,0.221443,0.085923,0.136274,0.053508,0.141054,0.006011,0.017087,0.013355
N20002561,0.643534,0.076916,0.031365,0.050618,0.088361,0.052488,0.002789,0.031051,0.022877
N20002562,0.481232,0.110915,0.080514,0.068004,0.115068,0.082928,0.007039,0.030618,0.023683
N20002563,0.029793,0.349932,0.027191,0.133089,0.004009,0.452372,0.001261,0.001236,0.001119
N20002564,0.036640,0.322860,0.035031,0.149704,0.005733,0.444929,0.001859,0.001741,0.001503
N20002565,0.027023,0.281147,0.292589,0.179331,0.011963,0.184986,0.018533,0.002356,0.002073
N20002566,0.026715,0.386798,0.104160,0.213200,0.005339,0.255174,0.005884,0.001456,0.001274
N20002567,0.035290,0.402715,0.077240,0.212066,0.008343,0.255416,0.004792,0.002259,0.001877
N20002568,0.038093,0.394968,0.085433,0.208122,0.008435,0.255289,0.005244,0.002434,0.001983
N20002569,0.020528,0.304217,0.262935,0.171472,0.009563,0.210298,0.017417,0.001944,0.001627
N20002570,0.039635,0.183998,0.465708,0.139247,0.021568,0.111602,0.030952,0.003901,0.003388
N20002571,0.021257,0.306210,0.047525,0.126756,0.003577,0.490478,0.002224,0.001053,0.000921
N20002572,0.027525,0.344290,0.032756,0.166395,0.004684,0.419959,0.001736,0.001438,0.001216
N20002573,0.014888,0.311378,0.245373,0.157047,0.004762,0.251792,0.012745,0.001075,0.000941
N20002574,0.027072,0.318852,0.052756,0.148291,0.004693,0.443274,0.002510,0.001355,0.001197
N20002575,0.052653,0.424214,0.037279,0.185424,0.009122,0.283356,0.002514,0.003099,0.002339
N20002576,0.031592,0.430653,0.032484,0.196201,0.004903,0.299423,0.001804,0.001614,0.001326
N20002577,0.456648,0.150987,0.042269,0.102573,0.070163,0.132774,0.003026,0.023405,0.018154
N20002578,0.023659,0.380482,0.147532,0.178207,0.006043,0.252644,0.008557,0.001554,0.001322
N20002579,0.025983,0.407407,0.077679,0.212453,0.005886,0.263052,0.004586,0.001596,0.001357
N20002580,0.063348,0.317056,0.065981,0.152935,0.011558,0.379498,0.003551,0.003241,0.002833
N20002581,0.117763,0.301339,0.096970,0.180963,0.024485,0.260200,0.005996,0.006641,0.005644
N20002582,0.037030,0.359176,0.106775,0.184486,0.009150,0.292990,0.006103,0.002285,0.002005
N20002583,0.580654,0.074977,0.062598,0.053871,0.105685,0.060179,0.004895,0.032272,0.024868
N20002584,0.102132,0.318841,0.109048,0.158687,0.023557,0.269740,0.006601,0.006197,0.005197
N20002585,0.740575,0.015221,0.016683,0.014074,0.129360,0.011547,0.001507,0.040684,0.030350
N20002586,0.079559,0.340162,0.087534,0.156811,0.016149,0.306710,0.004989,0.004363,0.003722
N20002587,0.409818,0.148992,0.138802,0.072275,0.112797,0.054763,0.014377,0.027571,0.020606
N20002588,0.495403,0.105524,0.075451,0.039669,0.169189,0.034719,0.011419,0.041147,0.027480
N20002589,0.524102,0.065125,0.109478,0.037856,0.160279,0.026678,0.010425,0.038019,0.028038
N20002590,0.392776,0.060495,0.185058,0.057791,0.194819,0.028128,0.018510,0.034462,0.027962
N20002591,0.222631,0.202723,0.155521,0.164826,0.094261,0.115595,0.012206,0.017340,0.014898
N20002592,0.368237,0.150192,0.126106,0.108234,0.123025,0.065850,0.013160,0.024861,0.020336
N20002593,0.396438,0.071629,0.165477,0.054856,0.198584,0.030365,0.018181,0.036435,0.028035
N20002594,0.369397,0.184830,0.121777,0.078967,0.112538,0.071557,0.012601,0.028251,0.020081
N20002595,0.098188,0.257378,0.263249,0.171339,0.047969,0.124638,0.021322,0.008695,0.007222
N20002596,0.357988,0.194711,0.111479,0.090864,0.111897,0.076035,0.012292,0.025689,0.019045
N20002597,0.238794,0.226837,0.131125,0.132135,0.111276,0.107759,0.013602,0.021777,0.016694
N20002598,0.425462,0.045900,0.166009,0.042541,0.213122,0.019826,0.017379,0.039202,0.030559
N20002599,0.087049,0.269604,0.233714,0.191827,0.033705,0.156215,0.016062,0.006267,0.005557
N20002600,0.042842,0.360558,0.088726,0.252656,0.018215,0.224592,0.005964,0.003438,0.003007
N20002601,0.308952,0.242211,0.102752,0.110130,0.092325,0.094446,0.010507,0.022343,0.016335
N20002602,0.394424,0.098582,0.165965,0.061194,0.163024,0.041533,0.018074,0.032452,0.024752
N20002603,0.067831,0.230406,0.324535,0.167104,0.046855,0.125815,0.024235,0.007069,0.006150
N20002604,0.482940,0.080069,0.087286,0.047801,0.188073,0.034063,0.010140,0.040244,0.029384
N20002605,0.307011,0.201719,0.160285,0.086375,0.101123,0.087891,0.017222,0.021957,0.016417
N20002606,0.122409,0.282838,0.205180,0.162727,0.049424,0.140961,0.018706,0.009924,0.007831
N20002607,0.044396,0.353081,0.135240,0.262384,0.023638,0.161787,0.011599,0.004302,0.003574
N20002608,0.225484,0.160550,0.291329,0.095608,0.109248,0.049154,0.031682,0.021095,0.015849
N20002609,0.050763,0.321972,0.165782,0.241584,0.028338,0.169927,0.012706,0.004798,0.004130
N20002610,0.093249,0.308360,0.164783,0.188177,0.033174,0.187346,0.012599,0.006714,0.005599
N20002611,0.188503,0.223641,0.264747,0.076308,0.078803,0.107003,0.033166,0.016263,0.011564
N20002612,0.407494,0.135042,0.102954,0.073885,0.151654,0.060477,0.010953,0.033350,0.024190
N20002613,0.122580,0.352284,0.166159,0.120979,0.050149,0.146506,0.023074,0.010638,0.007632
N20002614,0.225490,0.284012,0.106138,0.145056,0.066665,0.135044,0.009402,0.016141,0.012052
N20002615,0.112376,0.365243,0.200678,0.094988,0.046239,0.130658,0.032792,0.010159,0.006867
N20002616,0.225140,0.283962,0.138943,0.122677,0.071179,0.114491,0.014082,0.017014,0.012511
N20002617,0.110155,0.347263,0.252070,0.064080,0.052752,0.095722,0.059853,0.011040,0.007065
N20002618,0.038718,0.315838,0.152187,0.234951,0.019319,0.221962,0.010568,0.003470,0.002988
N20002619,0.055678,0.496593,0.070283,0.158004,0.014400,0.192792,0.005202,0.004037,0.003011
N20002620,0.111241,0.362909,0.178375,0.109350,0.051440,0.143764,0.024784,0.010675,0.007461
N20002621,0.022793,0.172915,0.492202,0.166227,0.020385,0.085875,0.034422,0.002699,0.002482
N20002622,0.044095,0.513099,0.039976,0.159541,0.009728,0.225669,0.002849,0.002860,0.002182
N20002623,0.026558,0.326904,0.164960,0.245214,0.015150,0.204712,0.011778,0.002501,0.002222
N20002624,0.054098,0.191522,0.416418,0.158704,0.034577,0.101366,0.033436,0.005229,0.004651
N20002625,0.043304,0.512723,0.148955,0.113970,0.014808,0.145180,0.014847,0.003580,0.002634
N20002626,0.026391,0.500167,0.036051,0.184583,0.006284,0.241108,0.002324,0.001712,0.001381
N20002627,0.045087,0.508650,0.074786,0.153146,0.015151,0.190881,0.005795,0.003681,0.002822
N20002628,0.052625,0.381032,0.218622,0.112111,0.020519,0.184011,0.023688,0.004207,0.003186
N20002629,0.044369,0.505375,0.043278,0.175931,0.010539,0.212421,0.003096,0.002761,0.002230
N20002630,0.061585,0.334873,0.176870,0.196424,0.024540,0.184018,0.013219,0.004486,0.003985
N20002631,0.042904,0.468198,0.035587,0.202715,0.009651,0.233830,0.002407,0.002593,0.002116
N20002632,0.031740,0.463082,0.062156,0.206643,0.010456,0.216884,0.004708,0.002376,0.001953
N20002633,0.045284,0.325464,0.229656,0.186854,0.022962,0.165164,0.017151,0.004014,0.003450
N20002634,0.044766,0.329886,0.247628,0.177624,0.026496,0.141609,0.023832,0.004463,0.003696
N20002635,0.033613,0.355500,0.149885,0.199188,0.015076,0.231659,0.009889,0.002770,0.002419
N20002636,0.043314,0.314048,0.271927,0.174597,0.021509,0.148053,0.019572,0.003727,0.003252
N20002637,0.025284,0.356355,0.185317,0.218699,0.013590,0.182652,0.013693,0.002370,0.002040
N20002638,0.055074,0.408921,0.118363,0.181020,0.019413,0.199780,0.010126,0.004006,0.003296
N20002639,0.287340,0.228316,0.058056,0.186612,0.051951,0.156459,0.003299,0.015966,0.012001
N20002640,0.655738,0.013334,0.048180,0.014047,0.177291,0.005353,0.004111,0.049298,0.032648
N20002641,0.663396,0.020181,0.060829,0.023973,0.144944,0.009627,0.004577,0.042795,0.029678
N20002642,0.452770,0.079254,0.147025,0.082497,0.133063,0.037795,0.009731,0.033282,0.024583
N20002643,0.412181,0.163443,0.047996,0.158883,0.070906,0.104709,0.002860,0.022357,0.016665
N20002644,0.026958,0.407266,0.025716,0.245442,0.004928,0.285567,0.001488,0.001403,0.001233
N20002645,0.025907,0.379064,0.050812,0.209819,0.005732,0.323102,0.002750,0.001494,0.001321
N20002646,0.251159,0.213552,0.113198,0.185952,0.054936,0.147365,0.006502,0.015639,0.011698
N20002647,0.034903,0.363048,0.080585,0.253112,0.009479,0.249760,0.004798,0.002301,0.002014
N20002648,0.022862,0.389380,0.081499,0.258993,0.005406,0.235267,0.003993,0.001436,0.001164
N20002649,0.102965,0.327707,0.079220,0.228499,0.022008,0.224637,0.003923,0.006209,0.004833
N20002650,0.056733,0.336111,0.111285,0.240382,0.014376,0.228354,0.006242,0.003434,0.003083
N20002651,0.030569,0.388356,0.067342,0.273481,0.008622,0.223999,0.003706,0.002203,0.001722
N20002652,0.033959,0.433312,0.091304,0.226930,0.010392,0.193020,0.006489,0.002523,0.002071
N20002653,0.029981,0.353417,0.103195,0.237335,0.008005,0.258694,0.005779,0.001910,0.001684
N20002654,0.017926,0.407943,0.066889,0.250002,0.005516,0.245113,0.004172,0.001318,0.001121
N20002655,0.240091,0.211164,0.200372,0.140913,0.067057,0.092685,0.018339,0.016428,0.012950
N20002656,0.029933,0.436444,0.034731,0.236548,0.006209,0.250903,0.002045,0.001733,0.001453
N20002657,0.040090,0.431337,0.027134,0.261869,0.007569,0.226190,0.001670,0.002279,0.001862
N20002658,0.109630,0.285470,0.197082,0.178869,0.027705,0.176900,0.012023,0.006572,0.005749
N20002659,0.033210,0.416261,0.134448,0.208568,0.009107,0.185991,0.008253,0.002270,0.001892
N20002660,0.019416,0.377931,0.091150,0.214218,0.006368,0.282930,0.005264,0.001470,0.001253
N20002661,0.040480,0.410390,0.060925,0.255257,0.008661,0.216151,0.003739,0.002383,0.002012
N20002662,0.034587,0.408540,0.035705,0.234021,0.006500,0.275499,0.001737,0.001889,0.001523
N20002663,0.057594,0.335482,0.151588,0.199489,0.014023,0.228219,0.007191,0.003540,0.002873
N20002664,0.084028,0.339128,0.118627,0.240661,0.022537,0.177821,0.006966,0.005746,0.004486
N20002665,0.036999,0.558171,0.025755,0.159007,0.006134,0.208027,0.002039,0.002250,0.001618
N20002666,0.054781,0.555978,0.059076,0.128079,0.010184,0.180773,0.005237,0.003447,0.002445
N20002667,0.056460,0.447545,0.039224,0.185080,0.008579,0.255434,0.002705,0.002733,0.002240
N20002668,0.041779,0.387178,0.098781,0.268729,0.009742,0.182722,0.005715,0.003052,0.002302
N20002669,0.054048,0.513874,0.102050,0.126615,0.012130,0.177023,0.007886,0.003630,0.002744
N20002670,0.034949,0.432311,0.050472,0.183582,0.007418,0.284421,0.003056,0.002069,0.001722
N20002671,0.047713,0.504931,0.142524,0.127731,0.010053,0.150759,0.010769,0.003166,0.002354
N20002672,0.034230,0.418475,0.097066,0.169177,0.007275,0.264574,0.005631,0.001913,0.001660
N20002673,0.042821,0.538416,0.066951,0.165958,0.008920,0.167070,0.004876,0.002847,0.002141
N20002674,0.062881,0.332583,0.116180,0.258962,0.016808,0.199012,0.005943,0.004257,0.003374
N20002675,0.023232,0.383513,0.073521,0.265691,0.005531,0.242430,0.003386,0.001497,0.001200
N20002676,0.032002,0.361976,0.161096,0.210113,0.009694,0.212899,0.008035,0.002326,0.001859
N20002677,0.024059,0.410845,0.093987,0.199897,0.006728,0.257099,0.004368,0.001675,0.001343
N20002678,0.037092,0.356014,0.171870,0.197611,0.013620,0.207708,0.010712,0.002855,0.002518
N20002679,0.030834,0.401604,0.081012,0.246765,0.010373,0.220802,0.004254,0.002426,0.001932
N20002680,0.037652,0.507971,0.028191,0.211485,0.006970,0.201843,0.001960,0.002196,0.001731
N20002681,0.027476,0.447382,0.084673,0.235018,0.007041,0.189630,0.005474,0.001778,0.001528
N20002682,0.026072,0.476237,0.065700,0.220243,0.006286,0.198145,0.004258,0.001663,0.001398
N20002683,0.025225,0.449271,0.109932,0.205871,0.007197,0.192039,0.007234,0.001740,0.001491
N20002684,0.029143,0.399991,0.072391,0.238953,0.007365,0.244496,0.004300,0.001770,0.001591
N20002685,0.393216,0.162854,0.134297,0.142725,0.070931,0.046585,0.007378,0.025375,0.016638
N20002686,0.631620,0.040745,0.082295,0.034901,0.121589,0.010549,0.004875,0.045961,0.027466
N20002687,0.677530,0.021837,0.029865,0.019899,0.155433,0.005880,0.002194,0.055252,0.032110
N20002688,0.687085,0.021505,0.024843,0.018743,0.152003,0.006177,0.001748,0.055749,0.032147
N20002689,0.162210,0.223723,0.327881,0.130339,0.055230,0.053299,0.021182,0.016119,0.010017
N20002690,0.340767,0.219751,0.097549,0.182852,0.047939,0.076783,0.004373,0.017604,0.012382
N20002691,0.290791,0.190511,0.185331,0.143030,0.085653,0.052130,0.011382,0.024651,0.016522
N20002692,0.079863,0.216478,0.406476,0.168108,0.035678,0.053810,0.024930,0.008721,0.005936
N20002693,0.035163,0.210542,0.489161,0.160324,0.023211,0.042896,0.030743,0.004659,0.003301
N20002694,0.112161,0.348428,0.138940,0.259650,0.021464,0.100334,0.006788,0.007158,0.005077
N20002695,0.049873,0.247597,0.394468,0.194225,0.021157,0.061597,0.022227,0.005240,0.003615
N20002696,0.103666,0.252077,0.317229,0.190295,0.038619,0.063774,0.017365,0.010116,0.006860
N20002697,0.092247,0.240159,0.330999,0.197021,0.039716,0.064274,0.018995,0.009898,0.006691
N20002698,0.311478,0.222563,0.161791,0.120467,0.079996,0.049807,0.010654,0.026970,0.016273
N20002699,0.077020,0.320997,0.241140,0.225228,0.022819,0.089126,0.012699,0.006477,0.004494
N20002700,0.045996,0.283500,0.379254,0.168280,0.014118,0.085802,0.016341,0.003930,0.002781
N20002701,0.237562,0.255958,0.154213,0.154703,0.084623,0.062387,0.009851,0.025220,0.015483
N20002702,0.067481,0.464773,0.101541,0.232792,0.013494,0.106243,0.005472,0.005001,0.003204
N20002703,0.067508,0.388896,0.211307,0.206921,0.016704,0.089426,0.010250,0.005388,0.003601
N20002704,0.069499,0.469700,0.064079,0.254019,0.011563,0.120347,0.003248,0.004587,0.002957
N20002705,0.072218,0.365896,0.198925,0.225098,0.023721,0.091072,0.012015,0.006593,0.004462
N20002706,0.089315,0.378540,0.123733,0.260305,0.021379,0.109067,0.006150,0.006857,0.004654
N20002707,0.079980,0.429180,0.085066,0.260615,0.013769,0.119453,0.003813,0.004713,0.003411
N20002708,0.063732,0.495210,0.083219,0.218503,0.011188,0.116621,0.004319,0.004410,0.002798
N20002709,0.044179,0.537616,0.040193,0.233960,0.008818,0.127412,0.002245,0.003449,0.002128
N20002710,0.067290,0.494122,0.081013,0.229360,0.013339,0.101931,0.004589,0.005158,0.003197
N20002711,0.084930,0.429133,0.139262,0.220610,0.016538,0.092431,0.006886,0.006231,0.003982
N20002712,0.086437,0.438968,0.124765,0.222981,0.017801,0.091733,0.006732,0.006436,0.004148
N20002713,0.055062,0.311978,0.264030,0.247886,0.018292,0.080547,0.013748,0.004983,0.003474
N20002714,0.073725,0.468374,0.119431,0.202337,0.019328,0.098982,0.007090,0.006655,0.004079
N20002715,0.122252,0.332993,0.167388,0.234134,0.029709,0.089400,0.008677,0.009098,0.006348
N20002716,0.076913,0.315790,0.275142,0.210012,0.025309,0.068642,0.016309,0.007107,0.004776
N20002717,0.234979,0.286791,0.160183,0.145733,0.063207,0.064490,0.010502,0.021280,0.012834
N20002718,0.162219,0.308036,0.204318,0.186207,0.038323,0.067832,0.012257,0.012605,0.008201
N20002719,0.098029,0.487304,0.071593,0.198873,0.018323,0.110156,0.003935,0.007310,0.004478
N20002720,0.239164,0.192255,0.265942,0.133878,0.070000,0.048090,0.015605,0.021389,0.013677
N20002721,0.293193,0.272678,0.093949,0.166663,0.061772,0.068833,0.006021,0.022981,0.013910
N20002722,0.061795,0.367073,0.192604,0.241957,0.021276,0.094921,0.010519,0.005912,0.003943
N20002723,0.068859,0.457335,0.172592,0.188377,0.015880,0.077104,0.010843,0.005524,0.003487
N20002724,0.137485,0.276588,0.286358,0.151039,0.045680,0.062209,0.018548,0.013601,0.008491
N20002725,0.046413,0.352504,0.221228,0.246397,0.015033,0.097694,0.012966,0.004740,0.003026
N20002726,0.076686,0.260726,0.257463,0.264676,0.037866,0.070557,0.015645,0.009935,0.006446
N20002727,0.189472,0.282147,0.178938,0.172059,0.061687,0.069604,0.014122,0.020045,0.011926
N20002728,0.054910,0.179564,0.462886,0.186070,0.033995,0.038462,0.030872,0.008039,0.005201
N20002729,0.136160,0.365980,0.117894,0.216233,0.032062,0.104434,0.006684,0.013069,0.007484
N20002730,0.044823,0.341701,0.175214,0.313488,0.013280,0.095303,0.009348,0.004055,0.002789
N20002731,0.052995,0.276098,0.339258,0.214645,0.021828,0.064230,0.020934,0.006033,0.003978
N20002732,0.082332,0.356333,0.144810,0.267764,0.024562,0.102186,0.008742,0.008111,0.005160
N20002733,0.090508,0.226706,0.342036,0.196704,0.042224,0.062129,0.021848,0.010634,0.007213
N20002734,0.060002,0.427341,0.133993,0.244614,0.013099,0.105053,0.007842,0.004972,0.003085
N20002735,0.068902,0.342546,0.227737,0.228367,0.021682,0.084912,0.014457,0.007002,0.004394
N20002736,0.034595,0.349296,0.199240,0.281013,0.011973,0.107674,0.010307,0.003515,0.002387
N20002737,0.098197,0.295271,0.223046,0.224941,0.042586,0.081033,0.015795,0.011662,0.007468
N20002738,0.060790,0.323214,0.246078,0.245125,0.024458,0.072520,0.016250,0.007062,0.004503
N20002739,0.035815,0.368136,0.172657,0.299801,0.015259,0.090063,0.011208,0.004256,0.002805
N20002740,0.038770,0.411748,0.095509,0.323980,0.011021,0.107620,0.005249,0.003697,0.002404
N20002741,0.023262,0.441636,0.083635,0.320820,0.006583,0.116076,0.004325,0.002209,0.001454
N20002742,0.030580,0.411256,0.082293,0.315208,0.008997,0.142584,0.004315,0.002837,0.001930
N20002743,0.016870,0.331166,0.266799,0.279199,0.006974,0.081263,0.014610,0.001825,0.001294
N20002744,0.026200,0.415855,0.093425,0.311774,0.008625,0.134542,0.005184,0.002625,0.001769
N20002745,0.027347,0.390814,0.141170,0.319804,0.009709,0.098266,0.008176,0.002796,0.001918
N20002746,0.016289,0.409818,0.083267,0.326960,0.004819,0.152404,0.003919,0.001483,0.001041
N20002747,0.023664,0.431513,0.050050,0.344374,0.006553,0.137618,0.002614,0.002153,0.001462
N20002748,0.040722,0.311841,0.309292,0.227838,0.015081,0.069534,0.018581,0.004236,0.002876
N20002749,0.022606,0.286109,0.365163,0.213184,0.011038,0.076433,0.020707,0.002841,0.001919
N20002750,0.020180,0.395617,0.126735,0.314610,0.005744,0.127903,0.006165,0.001795,0.001252
N20002751,0.020836,0.297167,0.321571,0.255793,0.010592,0.071469,0.018199,0.002579,0.001795
N20002752,0.020856,0.418482,0.134511,0.286022,0.006581,0.123096,0.006963,0.002095,0.001393
N20002753,0.023528,0.382379,0.175081,0.281488,0.008960,0.114572,0.009658,0.002599,0.001736
N20002754,0.025150,0.193133,0.570102,0.120192,0.012602,0.034237,0.039386,0.003110,0.002088
N20002755,0.015540,0.203867,0.490632,0.200923,0.010601,0.045217,0.029341,0.002300,0.001578
N20002756,0.067092,0.396664,0.185394,0.236181,0.019822,0.071309,0.012569,0.006808,0.004162
N20002757,0.051188,0.288648,0.302155,0.239862,0.025358,0.060798,0.021220,0.006518,0.004252
N20002758,0.020127,0.250907,0.442445,0.191342,0.010313,0.053824,0.026817,0.002499,0.001727
N20002759,0.051051,0.354917,0.241192,0.246144,0.016609,0.064725,0.016544,0.005469,0.003350
N20002760,0.050948,0.232070,0.470010,0.134967,0.023492,0.041705,0.036370,0.006403,0.004035
N20002761,0.023874,0.153363,0.590284,0.128786,0.019291,0.028272,0.049640,0.003919,0.002570
N20002762,0.019818,0.088695,0.714292,0.076926,0.020480,0.015266,0.058180,0.003826,0.002518
N20002763,0.017662,0.382880,0.207570,0.269503,0.008769,0.097463,0.012179,0.002424,0.001549
N20002764,0.016233,0.318185,0.339895,0.231452,0.007057,0.065630,0.018212,0.002033,0.001303
N20002765,0.020860,0.401444,0.183049,0.280811,0.007459,0.092541,0.010019,0.002322,0.001495
N20002766,0.007026,0.273695,0.471475,0.161781,0.004663,0.049792,0.029673,0.001166,0.000727
N20002767,0.024440,0.351666,0.251638,0.254828,0.008495,0.090633,0.013969,0.002636,0.001696
N20002768,0.012402,0.351372,0.247891,0.272289,0.004668,0.096625,0.012453,0.001390,0.000909
N20002769,0.010887,0.275400,0.440399,0.182606,0.005782,0.057078,0.025371,0.001499,0.000978
N20002770,0.021153,0.358207,0.241316,0.251558,0.009616,0.099916,0.013736,0.002758,0.001739
N20002771,0.021840,0.287862,0.381986,0.201533,0.010860,0.066839,0.024265,0.002945,0.001870
N20002772,0.021683,0.551058,0.126572,0.192696,0.005412,0.090810,0.008135,0.002344,0.001289
N20002773,0.017811,0.467620,0.102054,0.298303,0.005116,0.100434,0.005723,0.001809,0.001130
N20002774,0.018423,0.246335,0.467742,0.169970,0.009923,0.054518,0.028852,0.002578,0.001658
N20002775,0.016214,0.360638,0.220427,0.281563,0.007246,0.098739,0.011809,0.002048,0.001316
N20002776,0.018435,0.476446,0.165473,0.231240,0.005680,0.090209,0.009311,0.001988,0.001218
N20002777,0.014932,0.386574,0.198410,0.285251,0.005718,0.095266,0.010965,0.001770,0.001114
N20002778,0.031365,0.394180,0.166467,0.270683,0.010195,0.112075,0.009558,0.003374,0.002103
N20002779,0.037407,0.411227,0.157244,0.266623,0.011368,0.099865,0.009814,0.004034,0.002417
N20002780,0.027874,0.473892,0.159554,0.230020,0.008673,0.085057,0.009879,0.003201,0.001851
N20002781,0.032588,0.551445,0.089421,0.205192,0.008101,0.102210,0.005709,0.003428,0.001907
N20002782,0.026163,0.431016,0.131164,0.286703,0.008901,0.103819,0.007416,0.002984,0.001835
N20002783,0.017576,0.344619,0.260124,0.259156,0.007384,0.093841,0.013812,0.002117,0.001370
N20002784,0.031628,0.394773,0.183941,0.272002,0.011674,0.087068,0.012909,0.003738,0.002266
N20002785,0.022136,0.434536,0.133602,0.270503,0.007280,0.120574,0.007428,0.002438,0.001502
N20002786,0.016224,0.362051,0.249125,0.265925,0.006998,0.082638,0.013643,0.002094,0.001301
N20002787,0.033395,0.374800,0.241152,0.239592,0.012136,0.076594,0.015981,0.003978,0.002373
N20002788,0.021374,0.428175,0.121546,0.290148,0.005370,0.124120,0.006086,0.001936,0.001244
N20002789,0.034885,0.334401,0.240326,0.277598,0.014317,0.075935,0.015633,0.004268,0.002638
N20002790,0.034069,0.307399,0.353026,0.193715,0.017845,0.057861,0.028169,0.004955,0.002960
N20002791,0.027750,0.397511,0.188514,0.273319,0.008191,0.088930,0.011177,0.002855,0.001754
N20002792,0.042155,0.433267,0.131440,0.259558,0.010393,0.109439,0.007330,0.004043,0.002375
N20002793,0.036726,0.440072,0.089031,0.297586,0.009627,0.115966,0.005185,0.003650,0.002156
N20002794,0.048286,0.381233,0.217161,0.237284,0.017004,0.075047,0.014905,0.005720,0.003360
N20002795,0.032507,0.363681,0.268917,0.223106,0.012725,0.076024,0.016434,0.004170,0.002436
N20002796,0.071890,0.400442,0.215357,0.192298,0.021158,0.069842,0.016734,0.007848,0.004429
N20002797,0.050988,0.412310,0.209731,0.212131,0.017266,0.071104,0.017044,0.005996,0.003432
N20002798,0.066982,0.267740,0.404812,0.134280,0.030136,0.042386,0.039359,0.009157,0.005147
N20002799,0.076120,0.347120,0.197573,0.243066,0.025310,0.083795,0.013332,0.008591,0.005093
N20002800,0.035333,0.351506,0.267062,0.229945,0.014263,0.077167,0.017547,0.004511,0.002666
N20002801,0.040798,0.409052,0.129243,0.264050,0.016834,0.122887,0.008636,0.005403,0.003097
N20002802,0.013291,0.439125,0.095308,0.288030,0.003581,0.154017,0.004703,0.001127,0.000818
N20002803,0.027445,0.366446,0.174295,0.310476,0.009828,0.094762,0.011934,0.002855,0.001959
N20002804,0.013294,0.372117,0.179840,0.314036,0.004889,0.102635,0.010822,0.001388,0.000980
N20002805,0.017045,0.421006,0.128281,0.313791,0.004831,0.105041,0.007429,0.001514,0.001061
N20002806,0.023092,0.370877,0.239557,0.253288,0.011049,0.079984,0.017215,0.002961,0.001978
N20002807,0.015727,0.440685,0.059756,0.356928,0.003531,0.117938,0.003337,0.001241,0.000857
N20002808,0.019002,0.413870,0.105847,0.323065,0.006374,0.122024,0.006534,0.001961,0.001323
N20002809,0.018725,0.409747,0.127637,0.303530,0.006149,0.123704,0.007448,0.001787,0.001272
N20002810,0.019892,0.414032,0.151812,0.297989,0.006145,0.097297,0.009670,0.001865,0.001299
N20002811,0.026036,0.530932,0.086701,0.241676,0.005392,0.100414,0.005321,0.002145,0.001381
N20002812,0.019579,0.437643,0.207601,0.215891,0.006892,0.094169,0.014798,0.002046,0.001381
N20002813,0.031896,0.537971,0.106334,0.216246,0.007476,0.087637,0.007687,0.002940,0.001812
N20002814,0.021471,0.398319,0.150124,0.323607,0.006386,0.087298,0.009446,0.001984,0.001364
N20002815,0.027969,0.543228,0.099047,0.224570,0.006324,0.087510,0.007310,0.002486,0.001554
N20002816,0.028049,0.483409,0.153693,0.236589,0.006412,0.077249,0.010724,0.002328,0.001547
N20002817,0.029757,0.492404,0.121060,0.253305,0.008210,0.081334,0.009170,0.002920,0.001839
N20002818,0.040708,0.527475,0.083887,0.238537,0.008780,0.088529,0.006256,0.003641,0.002186
N20002819,0.032961,0.510928,0.078504,0.259053,0.008133,0.099713,0.005655,0.003131,0.001922
N20002820,0.029497,0.453536,0.105548,0.286779,0.009025,0.103292,0.007355,0.003015,0.001953
N20002821,0.030440,0.526294,0.116218,0.220462,0.007608,0.085753,0.008589,0.002853,0.001782
N20002822,0.019773,0.462410,0.171957,0.232014,0.004906,0.094297,0.011883,0.001637,0.001122
N20002823,0.014910,0.270705,0.444714,0.170715,0.009180,0.053504,0.032648,0.002150,0.001475
N20002824,0.050755,0.344088,0.252831,0.224398,0.023328,0.071058,0.023111,0.006318,0.004112
N20002825,0.018798,0.187130,0.536984,0.160694,0.012263,0.043120,0.036475,0.002640,0.001897
N20002826,0.008730,0.151114,0.626102,0.125422,0.007356,0.031678,0.047180,0.001405,0.001014
N20002827,0.010040,0.087826,0.756226,0.065136,0.008481,0.018423,0.051080,0.001622,0.001166
N20002828,0.009180,0.099662,0.747792,0.064296,0.006316,0.014259,0.056229,0.001327,0.000939
N20002829,0.023285,0.439167,0.237831,0.202921,0.007084,0.069242,0.016626,0.002343,0.001503
N20002830,0.027564,0.218250,0.498197,0.153861,0.014949,0.041628,0.039496,0.003610,0.002445
N20002831,0.037392,0.440190,0.179629,0.240962,0.011051,0.069895,0.014730,0.003804,0.002348
N20002832,0.010961,0.128194,0.676676,0.097231,0.009075,0.027433,0.047354,0.001804,0.001273
N20002833,0.032288,0.472492,0.163463,0.229286,0.008272,0.077097,0.012205,0.003012,0.001886
N20002834,0.019076,0.517879,0.110371,0.247092,0.005499,0.089259,0.007643,0.001965,0.001217
N20002835,0.033420,0.312037,0.375160,0.172647,0.013482,0.057714,0.029260,0.003794,0.002486
N20002836,0.030016,0.183830,0.530526,0.142205,0.021344,0.036740,0.047449,0.004741,0.003150
N20002837,0.631928,0.104214,0.031958,0.038668,0.101036,0.047847,0.002995,0.008378,0.032975
N20002838,0.556330,0.126620,0.043282,0.053671,0.114768,0.059153,0.004534,0.008189,0.033454
N20002839,0.684169,0.067479,0.018322,0.030718,0.120603,0.029113,0.001959,0.009795,0.037841
N20002840,0.351534,0.278618,0.030194,0.118048,0.059669,0.135254,0.002747,0.004594,0.019342
N20002841,0.813033,0.014295,0.003640,0.007598,0.106937,0.005946,0.000435,0.010428,0.037687
N20002842,0.804782,0.014204,0.005525,0.007545,0.113243,0.005807,0.000637,0.010200,0.038057
N20002843,0.590186,0.135938,0.021303,0.060835,0.101153,0.047502,0.002224,0.008494,0.032366
N20002844,0.349807,0.284938,0.063381,0.090712,0.060474,0.121461,0.005422,0.004536,0.019269
N20002845,0.731278,0.022463,0.009279,0.011146,0.157632,0.008669,0.001288,0.012861,0.045384
N20002846,0.070584,0.493046,0.015867,0.168437,0.011607,0.234372,0.001239,0.000913,0.003935
N20002847,0.813223,0.012189,0.003602,0.006677,0.109926,0.004896,0.000435,0.010810,0.038242
N20002848,0.728410,0.039842,0.014378,0.020911,0.128853,0.016948,0.001635,0.009818,0.039204
N20002849,0.676667,0.035888,0.029073,0.016758,0.167783,0.011758,0.003617,0.012810,0.045647
N20002850,0.751526,0.028180,0.010476,0.012063,0.134509,0.008900,0.001460,0.011838,0.041047
N20002851,0.686459,0.029370,0.023859,0.015575,0.173343,0.009955,0.003061,0.012381,0.045996
N20002852,0.742687,0.015606,0.009783,0.007387,0.159384,0.005322,0.001481,0.013128,0.045222
N20002853,0.121340,0.424206,0.020142,0.149161,0.018843,0.256833,0.001525,0.001461,0.006487
N20002854,0.774247,0.018133,0.010282,0.007992,0.129848,0.005464,0.001291,0.011954,0.040788
N20002855,0.485061,0.232002,0.019656,0.077369,0.083196,0.066331,0.002387,0.007415,0.026583
N20002856,0.744683,0.024185,0.013166,0.012634,0.141294,0.008785,0.001703,0.011472,0.042079
N20002857,0.242158,0.373735,0.059816,0.135871,0.051673,0.112177,0.005980,0.003606,0.014983
N20002858,0.756026,0.034566,0.018108,0.012940,0.117130,0.010336,0.002262,0.010814,0.037818
N20002859,0.786815,0.013432,0.005036,0.007736,0.129371,0.005396,0.000629,0.010880,0.040705
N20002860,0.732446,0.021563,0.011741,0.010839,0.156780,0.007717,0.001545,0.012405,0.044964
N20002861,0.723106,0.014874,0.020596,0.008028,0.167704,0.005289,0.002461,0.012281,0.045661
N20002862,0.771344,0.015634,0.005067,0.007887,0.139379,0.006009,0.000695,0.011758,0.042227
N20002863,0.759569,0.017711,0.011239,0.009850,0.140375,0.006682,0.001307,0.011089,0.042177
N20002864,0.818459,0.014184,0.005210,0.008065,0.101713,0.005956,0.000584,0.009680,0.036150
N20002865,0.779162,0.020148,0.006353,0.011051,0.125607,0.007281,0.000820,0.010666,0.038912
N20002866,0.760312,0.020349,0.010605,0.012475,0.136205,0.007428,0.001322,0.010773,0.040530
N20002867,0.041721,0.497327,0.027266,0.154742,0.007526,0.266561,0.002073,0.000505,0.002280
N20002868,0.665337,0.059890,0.025042,0.031187,0.144227,0.021445,0.003111,0.010167,0.039592
N20002869,0.802006,0.020633,0.007596,0.010337,0.106204,0.006668,0.000955,0.009969,0.035632
N20002870,0.753959,0.024632,0.012514,0.013291,0.135127,0.007963,0.001641,0.010899,0.039975
N20002871,0.491535,0.167502,0.047349,0.076288,0.112480,0.061262,0.005386,0.007499,0.030698
N20002872,0.112735,0.465636,0.029148,0.174330,0.018553,0.189759,0.002552,0.001387,0.005899
N20002873,0.784521,0.014470,0.005468,0.007673,0.130769,0.005015,0.000822,0.011427,0.039835
N20002874,0.747611,0.018883,0.013617,0.010662,0.147704,0.006271,0.001868,0.011440,0.041944
N20002875,0.771253,0.021705,0.015134,0.010007,0.125112,0.006345,0.002056,0.010511,0.037878
N20002876,0.146948,0.441860,0.054333,0.132254,0.026175,0.184574,0.004359,0.001688,0.007809
N20002877,0.518522,0.147548,0.046378,0.069751,0.120009,0.052214,0.005450,0.007877,0.032251
N20002878,0.788368,0.015862,0.009609,0.007369,0.123454,0.004829,0.001276,0.010849,0.038385
N20002879,0.329109,0.266766,0.090832,0.102283,0.083005,0.091832,0.009615,0.005094,0.021466
N20002880,0.477970,0.176385,0.072651,0.063445,0.109287,0.054590,0.008835,0.007434,0.029404
N20002881,0.200026,0.385261,0.081452,0.143780,0.045145,0.120897,0.008055,0.002929,0.012455
N20002882,0.696331,0.038354,0.027020,0.021906,0.149074,0.013422,0.003320,0.010117,0.040457
N20002883,0.330459,0.251816,0.113846,0.100765,0.090050,0.072011,0.013079,0.005469,0.022503
N20002884,0.453439,0.197286,0.081627,0.079493,0.087175,0.061389,0.008592,0.005915,0.025085
N20002885,0.781778,0.015195,0.006211,0.007655,0.132190,0.005214,0.000917,0.011128,0.039712
N20002886,0.331469,0.294715,0.058596,0.102409,0.063165,0.121274,0.005647,0.004429,0.018296
N20002887,0.719238,0.018729,0.024732,0.011177,0.162526,0.005931,0.003179,0.011316,0.043171
N20002888,0.776235,0.025448,0.025125,0.017127,0.102150,0.009058,0.002479,0.008274,0.034104
N20002889,0.255852,0.356039,0.045560,0.124164,0.049628,0.146478,0.004218,0.003398,0.014662
N20002890,0.809900,0.026470,0.006632,0.014021,0.090267,0.010894,0.000733,0.008514,0.032570
N20002891,0.373666,0.277893,0.056495,0.095856,0.064975,0.101116,0.005918,0.004599,0.019481
N20002892,0.756228,0.036054,0.009549,0.014637,0.121323,0.013748,0.001260,0.009981,0.037220
N20002893,0.685037,0.074849,0.034435,0.036462,0.099670,0.025879,0.003627,0.007933,0.032108
N20002894,0.627170,0.046353,0.040739,0.021080,0.194967,0.016176,0.005353,0.011382,0.036780
N20002895,0.613699,0.089172,0.045476,0.025151,0.152232,0.025710,0.006940,0.010413,0.031208
N20002896,0.344141,0.114688,0.246870,0.041041,0.157597,0.033891,0.028944,0.007397,0.025432
N20002897,0.600400,0.130965,0.027844,0.036628,0.128677,0.033540,0.004440,0.009530,0.027977
N20002898,0.466919,0.144038,0.115482,0.047064,0.135369,0.041397,0.015354,0.008140,0.026237
N20002899,0.412911,0.299759,0.046226,0.067239,0.065915,0.080986,0.005365,0.005188,0.016410
N20002900,0.513484,0.048342,0.077237,0.022976,0.259524,0.015007,0.012442,0.011794,0.039195
N20002901,0.554190,0.140414,0.047547,0.032202,0.147667,0.030037,0.009671,0.009965,0.028306
N20002902,0.419495,0.220886,0.111985,0.052366,0.096211,0.059604,0.012894,0.006243,0.020316
N20002903,0.543782,0.088295,0.066420,0.032715,0.188061,0.027309,0.009350,0.010500,0.033566
N20002904,0.545342,0.198654,0.042811,0.041434,0.086816,0.051182,0.006090,0.006742,0.020929
N20002905,0.395007,0.243333,0.104658,0.063174,0.084553,0.073485,0.012122,0.005389,0.018279
N20002906,0.717436,0.029713,0.018950,0.009847,0.165904,0.008046,0.002838,0.012262,0.035005
N20002907,0.162394,0.528573,0.038214,0.084942,0.022326,0.152215,0.003538,0.001800,0.005998
N20002908,0.502779,0.189264,0.068198,0.053133,0.093419,0.057345,0.007486,0.006568,0.021807
N20002909,0.428748,0.198896,0.109005,0.059673,0.101882,0.061108,0.012475,0.006563,0.021650
N20002910,0.396118,0.121942,0.168020,0.048198,0.169723,0.038279,0.021293,0.008271,0.028156
N20002911,0.588741,0.109824,0.035838,0.042795,0.137318,0.043258,0.003932,0.008724,0.029570
N20002912,0.395303,0.204424,0.106188,0.067918,0.119253,0.066292,0.011263,0.006624,0.022735
N20002913,0.072750,0.528587,0.028255,0.119676,0.013354,0.231055,0.002127,0.000895,0.003302
N20002914,0.221363,0.386852,0.072180,0.090182,0.045008,0.165186,0.006125,0.002807,0.010297
N20002915,0.196019,0.412810,0.056762,0.114593,0.043545,0.159103,0.004817,0.002639,0.009712
N20002916,0.738708,0.029470,0.017343,0.013043,0.145552,0.010645,0.002028,0.010241,0.032970
N20002917,0.564170,0.140522,0.045563,0.053679,0.107543,0.051689,0.004373,0.007264,0.025197
N20002918,0.625687,0.092480,0.031202,0.042218,0.132271,0.033738,0.003386,0.009037,0.029981
N20002919,0.494150,0.185859,0.033741,0.081937,0.103353,0.065987,0.003543,0.007353,0.024076
N20002920,0.216108,0.390662,0.042940,0.143130,0.037400,0.154374,0.003571,0.002506,0.009308
N20002921,0.149386,0.403399,0.101882,0.164521,0.041604,0.119053,0.009420,0.002326,0.008410
N20002922,0.312123,0.297257,0.086092,0.118832,0.074874,0.081118,0.008549,0.004873,0.016282
N20002923,0.387810,0.240243,0.081447,0.086088,0.100683,0.067744,0.009279,0.006220,0.020487
N20002924,0.253395,0.361851,0.078881,0.126260,0.058887,0.095345,0.008680,0.003867,0.012835
N20002925,0.545708,0.197058,0.014570,0.067596,0.073978,0.073704,0.001477,0.005890,0.020019
N20002926,0.103350,0.505270,0.032048,0.139506,0.019420,0.191752,0.002528,0.001342,0.004784
N20002927,0.748716,0.035439,0.012984,0.018841,0.128855,0.013585,0.001441,0.009257,0.030883
N20002928,0.245719,0.335137,0.083856,0.130299,0.059822,0.121108,0.007465,0.003599,0.012995
N20002929,0.800847,0.010366,0.006396,0.007497,0.127975,0.004340,0.000778,0.010148,0.031652
N20002930,0.746725,0.042947,0.016183,0.027820,0.108374,0.018386,0.001694,0.009029,0.028843
N20002931,0.128197,0.437260,0.033968,0.202646,0.026834,0.159553,0.003283,0.001881,0.006378
N20002932,0.106966,0.432931,0.113449,0.161514,0.031315,0.133643,0.011937,0.001887,0.006359
N20002933,0.714338,0.037853,0.019398,0.024771,0.142894,0.013819,0.002343,0.011120,0.033464
N20002934,0.058280,0.516265,0.058480,0.182333,0.012458,0.163060,0.005306,0.000869,0.002950
N20002935,0.030642,0.555345,0.031040,0.208619,0.005703,0.164242,0.002524,0.000432,0.001454
N20002936,0.787112,0.010904,0.005305,0.007238,0.138661,0.004241,0.000741,0.011889,0.033910
N20002937,0.192015,0.373216,0.103122,0.149988,0.050570,0.104834,0.012242,0.003336,0.010677
N20002938,0.041334,0.585945,0.037704,0.194078,0.008230,0.126220,0.003829,0.000637,0.002023
N20002939,0.040855,0.525617,0.057460,0.223958,0.007796,0.136920,0.004944,0.000532,0.001919
N20002940,0.206916,0.478270,0.067925,0.095433,0.041380,0.083720,0.013756,0.003346,0.009254
N20002941,0.470533,0.198346,0.068073,0.083655,0.086672,0.056995,0.008922,0.006425,0.020378
N20002942,0.289094,0.283428,0.068210,0.161170,0.054539,0.120648,0.005864,0.003796,0.013250
N20002943,0.516508,0.138125,0.081717,0.052701,0.125717,0.038449,0.012325,0.008467,0.025991
N20002944,0.079331,0.474469,0.049932,0.193929,0.017508,0.175283,0.004263,0.001183,0.004102
N20002945,0.635687,0.027520,0.058596,0.010889,0.200285,0.006044,0.009573,0.013813,0.037594
N20002946,0.607629,0.118415,0.069753,0.035007,0.098882,0.026932,0.011219,0.008337,0.023825
N20002947,0.339405,0.276943,0.144926,0.061461,0.073943,0.056788,0.025674,0.005319,0.015540
N20002948,0.765824,0.015928,0.011585,0.011516,0.146703,0.006121,0.001383,0.010828,0.030113
N20002949,0.612860,0.099339,0.052286,0.043020,0.119286,0.029431,0.007138,0.009105,0.027535
N20002950,0.504009,0.240482,0.039953,0.047704,0.086862,0.043349,0.010311,0.007545,0.019785
N20002951,0.298604,0.261776,0.106136,0.148228,0.053191,0.106852,0.008389,0.003669,0.013156
N20002952,0.066883,0.502552,0.056067,0.184390,0.013070,0.168373,0.004528,0.000939,0.003197
N20002953,0.561054,0.090678,0.059132,0.046778,0.163200,0.027659,0.008501,0.010569,0.032428
N20002954,0.634373,0.093856,0.039169,0.046083,0.115589,0.029021,0.005135,0.009163,0.027611
N20002955,0.630043,0.040018,0.046762,0.023010,0.192556,0.011469,0.007107,0.012220,0.036816
N20002956,0.756789,0.017097,0.012478,0.008666,0.150911,0.005071,0.001933,0.012598,0.034458
N20002957,0.658975,0.062221,0.062107,0.024532,0.128283,0.015572,0.009759,0.009758,0.028794
N20002958,0.648374,0.079086,0.072128,0.036569,0.100145,0.021980,0.008010,0.008249,0.025459
N20002959,0.673541,0.066818,0.025110,0.037118,0.126484,0.027624,0.002773,0.009972,0.030561
N20002960,0.112453,0.503998,0.067705,0.150612,0.021499,0.129976,0.006840,0.001651,0.005267
N20002961,0.620012,0.058445,0.070227,0.026779,0.155620,0.015709,0.011443,0.010322,0.031444
N20002962,0.603607,0.115485,0.063565,0.039871,0.105388,0.029138,0.008998,0.008659,0.025289
N20002963,0.581200,0.067683,0.086813,0.036601,0.155393,0.019573,0.011182,0.010023,0.031532
N20002964,0.542703,0.152318,0.055003,0.066901,0.102237,0.042182,0.007391,0.007639,0.023626
N20002965,0.601777,0.088015,0.053771,0.042651,0.141233,0.024609,0.008061,0.009876,0.030008
N20002966,0.774091,0.028351,0.010603,0.018852,0.119285,0.011108,0.001156,0.009573,0.026981
N20002967,0.091789,0.449617,0.058783,0.225808,0.020178,0.142331,0.005467,0.001339,0.004688
N20002968,0.060660,0.491257,0.052572,0.200043,0.015339,0.170983,0.004797,0.000984,0.003364
N20002969,0.095668,0.443814,0.101110,0.177264,0.023245,0.142277,0.010040,0.001486,0.005097
N20002970,0.755559,0.016488,0.011146,0.011006,0.156407,0.005836,0.001434,0.011257,0.030868
N20002971,0.556347,0.124961,0.035667,0.072521,0.123610,0.046518,0.004197,0.008549,0.027629
N20002972,0.766059,0.016508,0.009604,0.009175,0.150022,0.005674,0.001375,0.011559,0.030023
N20002973,0.685273,0.055611,0.024729,0.039548,0.133413,0.021768,0.002561,0.009413,0.027684
N20002974,0.566386,0.133211,0.040936,0.091631,0.085285,0.052653,0.003630,0.006468,0.019799
N20002975,0.774874,0.009291,0.010253,0.006960,0.146966,0.003704,0.001185,0.011561,0.035205
N20002976,0.799762,0.011496,0.007016,0.007661,0.123792,0.004428,0.000784,0.011757,0.033305
N20002977,0.753967,0.011861,0.013501,0.008993,0.156395,0.004535,0.001560,0.012359,0.036831
N20002978,0.721453,0.008825,0.014091,0.006073,0.190344,0.003072,0.001767,0.014018,0.040357
N20002979,0.046729,0.507471,0.038539,0.159323,0.008606,0.233974,0.002443,0.000657,0.002258
N20002980,0.762994,0.015081,0.018854,0.010660,0.138610,0.005607,0.002022,0.011496,0.034675
N20002981,0.044325,0.506595,0.038615,0.221222,0.009264,0.173896,0.003122,0.000658,0.002302
N20002982,0.721809,0.028764,0.027249,0.017705,0.143777,0.010519,0.002934,0.011862,0.035381
N20002983,0.687973,0.065927,0.033126,0.035305,0.113635,0.020388,0.003512,0.010193,0.029942
N20002984,0.665645,0.083304,0.034242,0.045527,0.102123,0.028640,0.003289,0.009149,0.028080
N20002985,0.029296,0.515699,0.027935,0.218302,0.005622,0.199393,0.001895,0.000403,0.001454
N20002986,0.548573,0.105765,0.084699,0.065279,0.112447,0.040256,0.007037,0.008457,0.027488
N20002987,0.302151,0.291654,0.049080,0.156955,0.070585,0.102168,0.004946,0.005515,0.016947
N20002988,0.592510,0.108553,0.029547,0.056615,0.125893,0.042882,0.003220,0.010334,0.030446
N20002989,0.711696,0.020019,0.018306,0.013285,0.175136,0.007354,0.002186,0.013060,0.038957
N20002990,0.797156,0.036914,0.005367,0.022393,0.086078,0.014615,0.000592,0.009534,0.027351
N20002991,0.771732,0.015607,0.008139,0.009018,0.140644,0.005586,0.001069,0.012956,0.035248
N20002992,0.514373,0.151316,0.038687,0.094499,0.106679,0.056780,0.003986,0.008054,0.025626
N20002993,0.755222,0.022017,0.014138,0.014661,0.136695,0.008583,0.001574,0.012157,0.034953
N20002994,0.072333,0.516182,0.067502,0.170877,0.013658,0.149354,0.005515,0.001059,0.003521
N20002995,0.734930,0.021111,0.016815,0.010741,0.157307,0.006642,0.002457,0.013559,0.036437
N20002996,0.435041,0.202211,0.042011,0.101360,0.112418,0.068951,0.004768,0.008237,0.025002
N20002997,0.739432,0.018536,0.018347,0.011272,0.153288,0.006459,0.002293,0.013444,0.036929
N20002998,0.773901,0.025785,0.007696,0.016029,0.120069,0.010068,0.000891,0.012229,0.033332
N20002999,0.765356,0.016595,0.007091,0.007644,0.147652,0.005293,0.001169,0.013706,0.035495
N20003000,0.736784,0.008894,0.011783,0.006377,0.177729,0.003329,0.001459,0.013912,0.039733
N20003001,0.779745,0.013853,0.008246,0.005971,0.137565,0.004105,0.001300,0.014239,0.034976
N20003002,0.632542,0.019787,0.030942,0.007499,0.236816,0.004591,0.006682,0.017888,0.043252
N20003003,0.755991,0.023635,0.016401,0.010483,0.138112,0.006769,0.002477,0.012485,0.033647
N20003004,0.178487,0.404323,0.055616,0.185124,0.032030,0.128781,0.004813,0.002503,0.008324
N20003005,0.753096,0.030875,0.017614,0.013171,0.129198,0.008674,0.002579,0.012262,0.032531
N20003006,0.751563,0.038770,0.015437,0.015566,0.121804,0.011360,0.002500,0.011801,0.031199
N20003007,0.658601,0.027472,0.034190,0.015932,0.195079,0.008692,0.004686,0.014737,0.040612
N20003008,0.701000,0.043374,0.041212,0.018030,0.135226,0.011215,0.005974,0.011656,0.032313
N20003009,0.696840,0.036490,0.030735,0.021083,0.151451,0.011705,0.003844,0.012335,0.035516
N20003010,0.771610,0.022494,0.010407,0.009034,0.131554,0.006610,0.001623,0.013269,0.033399
N20003011,0.744084,0.021064,0.011312,0.010142,0.154601,0.006456,0.001707,0.014147,0.036487
N20003012,0.767173,0.014351,0.006177,0.007676,0.149450,0.004991,0.000955,0.013349,0.035878
N20003013,0.754099,0.033267,0.013208,0.016112,0.125801,0.010645,0.001796,0.012318,0.032755
N20003014,0.699881,0.022867,0.035075,0.012415,0.168271,0.006667,0.004880,0.013094,0.036849
N20003015,0.758834,0.010060,0.004414,0.006794,0.162444,0.003917,0.000612,0.014428,0.038497
N20003016,0.753147,0.010376,0.007581,0.007276,0.165296,0.004072,0.001021,0.013235,0.037996
N20003017,0.783165,0.012858,0.006235,0.008299,0.135209,0.005034,0.000805,0.013004,0.035390
N20003018,0.693489,0.078576,0.021838,0.025381,0.123572,0.016515,0.003064,0.010627,0.026939
N20003019,0.508016,0.202970,0.038376,0.080792,0.090987,0.045688,0.004047,0.007336,0.021790
N20003020,0.719583,0.083545,0.022960,0.025018,0.098793,0.013043,0.007059,0.007546,0.022455
N20003021,0.731607,0.055328,0.012795,0.022759,0.120210,0.015756,0.001435,0.010495,0.029615
N20003022,0.726848,0.072072,0.023417,0.027837,0.100273,0.012913,0.005618,0.007569,0.023454
N20003023,0.744737,0.032350,0.016454,0.014717,0.142913,0.005737,0.004020,0.009738,0.029333
N20003024,0.368784,0.196912,0.125906,0.115244,0.106686,0.043914,0.018322,0.005021,0.019212
N20003025,0.685120,0.032301,0.037579,0.018324,0.169937,0.006356,0.007855,0.010257,0.032271
N20003026,0.734492,0.044486,0.027496,0.014597,0.128906,0.006571,0.007272,0.009230,0.026949
N20003027,0.194344,0.507481,0.043940,0.132444,0.023940,0.081925,0.008381,0.001665,0.005881
N20003028,0.715762,0.077669,0.027847,0.024473,0.103591,0.012253,0.007005,0.007947,0.023453
N20003029,0.711751,0.075961,0.031178,0.024797,0.105173,0.011120,0.008030,0.008217,0.023774
N20003030,0.723764,0.048576,0.023007,0.018999,0.133992,0.008219,0.005518,0.009655,0.028269
N20003031,0.627320,0.086994,0.049907,0.039596,0.134325,0.015793,0.010589,0.008502,0.026974
N20003032,0.716061,0.090651,0.024501,0.022736,0.095609,0.012998,0.007943,0.007609,0.021893
N20003033,0.791103,0.040952,0.009990,0.012699,0.102533,0.006256,0.002807,0.009029,0.024631
N20003034,0.576873,0.146466,0.062630,0.048490,0.099326,0.022330,0.015760,0.006941,0.021184
N20003035,0.795966,0.042588,0.007893,0.014472,0.097382,0.007292,0.002144,0.008488,0.023776
N20003036,0.331665,0.307900,0.047182,0.162875,0.057547,0.068825,0.005874,0.003790,0.014342
N20003037,0.641194,0.160695,0.030200,0.029104,0.082460,0.019092,0.011360,0.007081,0.018813
N20003038,0.491636,0.255160,0.059447,0.047498,0.075984,0.027411,0.020475,0.005942,0.016446
N20003039,0.338844,0.360032,0.063599,0.094202,0.058181,0.051399,0.017603,0.003930,0.012209
N20003040,0.202098,0.475902,0.049820,0.148622,0.027752,0.077716,0.009494,0.001973,0.006623
N20003041,0.761994,0.064543,0.011851,0.015162,0.100846,0.008780,0.003909,0.009250,0.023665
N20003042,0.727832,0.058903,0.021858,0.017215,0.123844,0.008612,0.006405,0.009245,0.026087
N20003043,0.322566,0.387832,0.046919,0.119762,0.041215,0.058818,0.009534,0.003193,0.010161
N20003044,0.347842,0.346564,0.056689,0.093164,0.070746,0.050631,0.015775,0.004586,0.014003
N20003045,0.264030,0.455825,0.034723,0.122171,0.037240,0.066036,0.008691,0.002700,0.008585
N20003046,0.360948,0.369532,0.036386,0.107310,0.049338,0.051850,0.009454,0.003692,0.011491
N20003047,0.410388,0.314995,0.050992,0.086013,0.061396,0.044559,0.013409,0.004466,0.013782
N20003048,0.025905,0.623211,0.038543,0.189972,0.004933,0.111149,0.004810,0.000297,0.001181
N20003049,0.186972,0.478790,0.057635,0.149596,0.024432,0.084206,0.010675,0.001728,0.005966
N20003050,0.414365,0.231519,0.070525,0.105499,0.094765,0.045920,0.013850,0.005200,0.018357
N20003051,0.217184,0.501972,0.038872,0.119887,0.024514,0.080906,0.008557,0.001896,0.006212
N20003052,0.039175,0.559335,0.028545,0.252738,0.007763,0.106604,0.003630,0.000472,0.001738
N20003053,0.015065,0.587428,0.023798,0.244140,0.002038,0.124736,0.002131,0.000132,0.000532
N20003054,0.175890,0.447702,0.096665,0.139092,0.032167,0.085681,0.013200,0.002011,0.007593
N20003055,0.095124,0.460553,0.115115,0.187944,0.023295,0.098634,0.013124,0.001221,0.004990
N20003056,0.209895,0.370615,0.103679,0.153707,0.051471,0.083974,0.013071,0.002703,0.010886
N20003057,0.310135,0.306790,0.081659,0.136472,0.046627,0.094643,0.009538,0.002947,0.011188
N20003058,0.667316,0.074661,0.033397,0.033332,0.133759,0.014366,0.007661,0.008534,0.026975
N20003059,0.616748,0.104799,0.048423,0.037207,0.128516,0.018480,0.011944,0.008353,0.025530
N20003060,0.662659,0.076837,0.020157,0.037432,0.145382,0.014020,0.004674,0.009688,0.029152
N20003061,0.733902,0.034606,0.018888,0.018488,0.143229,0.007410,0.004196,0.009524,0.029756
N20003062,0.649593,0.094286,0.034188,0.049941,0.110267,0.024949,0.005309,0.006964,0.024503
N20003063,0.785322,0.014046,0.004218,0.007625,0.141015,0.004572,0.000593,0.011786,0.030824
N20003064,0.702165,0.027968,0.014947,0.013350,0.179747,0.009216,0.002159,0.012924,0.037524
N20003065,0.554968,0.126318,0.029606,0.064818,0.139760,0.041769,0.003495,0.009366,0.029902
N20003066,0.309926,0.261584,0.105846,0.155693,0.076685,0.054757,0.017202,0.003872,0.014436
N20003067,0.718614,0.045686,0.016276,0.030605,0.137177,0.011869,0.003216,0.008380,0.028177
N20003068,0.781091,0.028484,0.010458,0.020001,0.116100,0.007611,0.001838,0.007920,0.026497
N20003069,0.350420,0.277667,0.048868,0.165730,0.062285,0.070629,0.007166,0.003616,0.013619
N20003070,0.282494,0.291477,0.056769,0.199403,0.053610,0.094399,0.007463,0.002940,0.011445
N20003071,0.455484,0.175170,0.049311,0.129621,0.103221,0.053981,0.007411,0.005395,0.020406
N20003072,0.261180,0.382101,0.057722,0.154671,0.048054,0.073052,0.010339,0.002825,0.010056
N20003073,0.705106,0.045994,0.020391,0.033123,0.140542,0.015539,0.003181,0.007645,0.028478
N20003074,0.370116,0.244585,0.055585,0.154321,0.064591,0.085969,0.007179,0.003512,0.014140
N20003075,0.739839,0.061107,0.014496,0.044100,0.090910,0.018517,0.002151,0.006245,0.022634
N20003076,0.721659,0.043760,0.028373,0.029759,0.126252,0.010831,0.005456,0.007581,0.026330
N20003077,0.466008,0.175647,0.055146,0.113203,0.100715,0.055096,0.008356,0.005475,0.020353
N20003078,0.656817,0.045966,0.044278,0.036805,0.158155,0.012349,0.007548,0.008319,0.029763
N20003079,0.648729,0.102573,0.014250,0.075356,0.096367,0.031425,0.002269,0.006332,0.022699
N20003080,0.247522,0.345322,0.025322,0.203204,0.031353,0.134652,0.002778,0.001925,0.007922
N20003081,0.382530,0.275988,0.032884,0.131049,0.060626,0.095188,0.004599,0.003519,0.013617
N20003082,0.688604,0.081148,0.013560,0.044930,0.110559,0.027366,0.002386,0.006991,0.024456
N20003083,0.420331,0.257110,0.020992,0.139957,0.065441,0.073496,0.003481,0.004187,0.015005
N20003084,0.123979,0.423914,0.038619,0.233075,0.023843,0.145724,0.004500,0.001246,0.005099
N20003085,0.416642,0.231191,0.043393,0.137266,0.067466,0.079948,0.005035,0.003810,0.015249
N20003086,0.485577,0.216629,0.022652,0.111432,0.059630,0.082356,0.002993,0.003847,0.014883
N20003087,0.476125,0.195186,0.036570,0.127848,0.084152,0.050950,0.005857,0.004990,0.018322
N20003088,0.414337,0.277114,0.023349,0.144162,0.057790,0.061528,0.004086,0.003909,0.013725
N20003089,0.523610,0.174773,0.033846,0.118457,0.074680,0.047432,0.004846,0.004731,0.017625
N20003090,0.321276,0.359385,0.023019,0.155496,0.039542,0.084735,0.004129,0.002698,0.009720
N20003091,0.400359,0.247890,0.041549,0.150666,0.073234,0.059983,0.006295,0.004288,0.015736
N20003092,0.328454,0.311152,0.024278,0.169967,0.038879,0.111669,0.002950,0.002563,0.010088
N20003093,0.281305,0.319667,0.043656,0.207859,0.037331,0.093638,0.005070,0.002282,0.009191
N20003094,0.040488,0.488423,0.030912,0.315478,0.005739,0.114099,0.003166,0.000312,0.001383
N20003095,0.085974,0.446119,0.036403,0.290914,0.015912,0.115833,0.004475,0.000856,0.003514
N20003096,0.772854,0.022323,0.007699,0.019667,0.132495,0.006903,0.001337,0.008170,0.028551
N20003097,0.052284,0.563307,0.024580,0.235035,0.007331,0.111730,0.003547,0.000449,0.001737
N20003098,0.286470,0.313356,0.117316,0.130502,0.063099,0.051683,0.021999,0.003434,0.012141
N20003099,0.044017,0.506087,0.064291,0.261293,0.008326,0.105774,0.008004,0.000428,0.001779
N20003100,0.352985,0.288136,0.066189,0.115147,0.072109,0.076483,0.010591,0.003913,0.014449
N20003101,0.499033,0.107174,0.025898,0.129521,0.122727,0.077845,0.001638,0.015086,0.021079
N20003102,0.182952,0.247479,0.071624,0.269499,0.051003,0.159274,0.004098,0.005603,0.008468
N20003103,0.526122,0.109925,0.024875,0.112636,0.086085,0.109388,0.001251,0.012181,0.017535
N20003104,0.414175,0.202080,0.050935,0.118631,0.090013,0.090904,0.004334,0.013002,0.015925
N20003105,0.245021,0.224620,0.041597,0.228129,0.048768,0.194453,0.002082,0.006108,0.009221
N20003106,0.663930,0.008521,0.012233,0.011519,0.238563,0.004324,0.001107,0.026551,0.033252
N20003107,0.698276,0.029353,0.015547,0.039798,0.152561,0.015759,0.001113,0.020497,0.027096
N20003108,0.450387,0.109700,0.068802,0.144314,0.131896,0.054023,0.004946,0.015116,0.020816
N20003109,0.520042,0.071532,0.067370,0.064028,0.197906,0.020536,0.006478,0.023872,0.028237
N20003110,0.617855,0.040593,0.027774,0.050370,0.190244,0.018545,0.002495,0.023003,0.029122
N20003111,0.660552,0.014596,0.021619,0.018641,0.216983,0.006364,0.001803,0.026936,0.032507
N20003112,0.608024,0.013307,0.023751,0.015132,0.266316,0.005572,0.002499,0.030238,0.035160
N20003113,0.640077,0.040792,0.035001,0.044520,0.170145,0.015985,0.002819,0.022772,0.027889
N20003114,0.695360,0.014568,0.014299,0.017114,0.192520,0.007550,0.001170,0.026402,0.031018
N20003115,0.696881,0.013578,0.016827,0.017905,0.191933,0.006469,0.001461,0.024511,0.030434
N20003116,0.704916,0.014814,0.011608,0.020284,0.184750,0.006773,0.000963,0.025374,0.030518
N20003117,0.738217,0.015870,0.009069,0.017390,0.157863,0.006631,0.000769,0.025583,0.028608
N20003118,0.735995,0.016306,0.012742,0.014702,0.159372,0.006358,0.001146,0.025229,0.028151
N20003119,0.680826,0.029664,0.018164,0.025397,0.179933,0.011546,0.001879,0.024175,0.028416
N20003120,0.681349,0.013011,0.025706,0.013771,0.201098,0.004804,0.002399,0.026898,0.030965
N20003121,0.728814,0.014415,0.011343,0.021370,0.164272,0.007676,0.000880,0.022455,0.028776
N20003122,0.696158,0.007359,0.007411,0.009347,0.214042,0.003441,0.000709,0.028713,0.032821
N20003123,0.713563,0.011983,0.012997,0.015770,0.183681,0.006023,0.001075,0.024719,0.030191
N20003124,0.756162,0.008792,0.005864,0.011431,0.159869,0.004467,0.000487,0.024242,0.028687
N20003125,0.249798,0.200354,0.029892,0.133101,0.029788,0.344360,0.001298,0.004538,0.006872
N20003126,0.726773,0.011111,0.007652,0.013748,0.179016,0.005627,0.000666,0.025320,0.030087
N20003127,0.732627,0.014405,0.008322,0.018768,0.165552,0.007161,0.000711,0.023606,0.028849
N20003128,0.711360,0.025030,0.010893,0.032259,0.158284,0.012535,0.000924,0.021291,0.027425
N20003129,0.742569,0.009107,0.006153,0.012644,0.169497,0.004813,0.000510,0.024898,0.029808
N20003130,0.711045,0.008717,0.008286,0.011865,0.197066,0.004442,0.000785,0.026260,0.031533
N20003131,0.751372,0.012095,0.005487,0.015348,0.156505,0.007263,0.000458,0.023201,0.028272
N20003132,0.761458,0.012019,0.005141,0.011261,0.150298,0.004821,0.000515,0.026391,0.028097
N20003133,0.760879,0.009506,0.004727,0.013011,0.153796,0.005064,0.000385,0.024078,0.028555
N20003134,0.690402,0.009741,0.011531,0.011668,0.212630,0.004551,0.001147,0.026539,0.031792
N20003135,0.663959,0.007817,0.010304,0.010182,0.239972,0.003642,0.001122,0.028990,0.034012
N20003136,0.718672,0.011381,0.013129,0.014298,0.181337,0.005293,0.001184,0.024638,0.030067
N20003137,0.737493,0.010087,0.006264,0.012969,0.172312,0.005003,0.000553,0.025528,0.029791
N20003138,0.701949,0.009187,0.006913,0.011232,0.205299,0.004419,0.000697,0.028163,0.032141
N20003139,0.728331,0.008804,0.007542,0.011480,0.182137,0.004161,0.000648,0.026292,0.030604
N20003140,0.756994,0.007515,0.004031,0.010184,0.163473,0.004016,0.000357,0.024464,0.028968
N20003141,0.779470,0.010865,0.005951,0.013733,0.134913,0.005597,0.000489,0.022409,0.026574
N20003142,0.729805,0.008847,0.005911,0.011385,0.182146,0.004305,0.000533,0.026402,0.030667
N20003143,0.738533,0.006767,0.003752,0.007747,0.180581,0.003033,0.000365,0.028457,0.030764
N20003144,0.765710,0.011361,0.004662,0.014330,0.146199,0.005980,0.000390,0.023684,0.027685
N20003145,0.757345,0.009129,0.004486,0.010374,0.160428,0.004308,0.000420,0.025037,0.028473
N20003146,0.720563,0.008564,0.004947,0.008820,0.192909,0.003747,0.000515,0.028871,0.031065
N20003147,0.748848,0.014413,0.004749,0.015516,0.156427,0.006835,0.000462,0.024713,0.028038
N20003148,0.765461,0.009528,0.004175,0.013044,0.150091,0.005159,0.000335,0.024051,0.028157
N20003149,0.707843,0.008982,0.007172,0.011267,0.199406,0.004337,0.000706,0.028167,0.032120
N20003150,0.758693,0.010492,0.004410,0.010817,0.154808,0.004589,0.000402,0.027100,0.028688
N20003151,0.787929,0.009812,0.004264,0.013418,0.131202,0.005646,0.000322,0.021267,0.026139
N20003152,0.800850,0.009612,0.002479,0.012043,0.122384,0.005280,0.000210,0.021756,0.025386
N20003153,0.757982,0.010113,0.003777,0.012602,0.155564,0.005387,0.000341,0.025436,0.028797
N20003154,0.393883,0.175426,0.126858,0.100501,0.093650,0.063002,0.005428,0.026619,0.014632
N20003155,0.578435,0.029115,0.056644,0.017592,0.250789,0.009986,0.005979,0.019439,0.032021
N20003156,0.471565,0.014899,0.117808,0.011554,0.314602,0.005411,0.011513,0.018971,0.033676
N20003157,0.659000,0.018870,0.021669,0.011303,0.194391,0.007264,0.001418,0.058871,0.027215
N20003158,0.574188,0.045122,0.070419,0.025598,0.189403,0.015246,0.004855,0.050296,0.024872
N20003159,0.742468,0.022400,0.013419,0.010762,0.130720,0.008741,0.000822,0.048365,0.022303
N20003160,0.642954,0.020120,0.033675,0.012534,0.228350,0.007081,0.003393,0.019762,0.032130
N20003161,0.619305,0.038367,0.051956,0.024678,0.173727,0.013932,0.002923,0.050073,0.025039
N20003162,0.680401,0.018762,0.033226,0.011036,0.168214,0.006501,0.001835,0.054505,0.025520
N20003163,0.496579,0.023635,0.102660,0.019254,0.255888,0.009002,0.006315,0.057658,0.029008
N20003164,0.709957,0.020609,0.021541,0.012497,0.152125,0.007512,0.001228,0.050458,0.024074
N20003165,0.475907,0.007933,0.052843,0.006073,0.347618,0.003041,0.003919,0.069182,0.033482
N20003166,0.740642,0.013963,0.013269,0.008586,0.140300,0.005238,0.000680,0.053173,0.024149
N20003167,0.730718,0.011656,0.014997,0.007613,0.151704,0.004553,0.000803,0.053075,0.024880
N20003168,0.621590,0.029937,0.048221,0.019987,0.187018,0.011676,0.002953,0.052628,0.025992
N20003169,0.622349,0.018156,0.031277,0.013741,0.216246,0.007837,0.001897,0.059624,0.028872
N20003170,0.618738,0.016157,0.044647,0.007634,0.214103,0.004546,0.003132,0.063207,0.027836
N20003171,0.632828,0.026891,0.040634,0.011989,0.191788,0.008281,0.002921,0.058527,0.026142
N20003172,0.623249,0.036395,0.050120,0.015214,0.182090,0.011147,0.003739,0.053531,0.024514
N20003173,0.690568,0.012425,0.011269,0.006930,0.182428,0.004316,0.000727,0.064124,0.027214
N20003174,0.598974,0.025674,0.044268,0.010502,0.219676,0.007482,0.003616,0.062546,0.027262
N20003175,0.641325,0.017492,0.023663,0.010301,0.208286,0.005967,0.001580,0.063192,0.028195
N20003176,0.674768,0.022126,0.024046,0.011312,0.177166,0.007628,0.001720,0.055644,0.025589
N20003177,0.705080,0.025204,0.020244,0.013364,0.148624,0.008901,0.001216,0.053283,0.024084
N20003178,0.578970,0.040478,0.053859,0.015244,0.208362,0.011253,0.004716,0.061039,0.026080
N20003179,0.564418,0.061736,0.067498,0.020103,0.185012,0.018485,0.005926,0.053210,0.023611
N20003180,0.648714,0.024971,0.027492,0.015548,0.189283,0.009802,0.001686,0.055900,0.026604
N20003181,0.634651,0.018164,0.043614,0.010558,0.201218,0.006019,0.002743,0.056165,0.026868
N20003182,0.713521,0.023800,0.021599,0.012969,0.141531,0.008887,0.001165,0.052731,0.023798
N20003183,0.640740,0.008682,0.017491,0.004972,0.227270,0.002903,0.001256,0.067334,0.029354
N20003184,0.679952,0.012478,0.017943,0.008874,0.189498,0.005042,0.001042,0.057888,0.027284
N20003185,0.653517,0.023577,0.028725,0.011271,0.188018,0.007688,0.002010,0.058895,0.026298
N20003186,0.704061,0.016542,0.016634,0.008182,0.163804,0.005634,0.001105,0.058737,0.025300
N20003187,0.656846,0.025055,0.022867,0.011444,0.187183,0.007910,0.001722,0.060764,0.026210
N20003188,0.687078,0.015511,0.016573,0.010824,0.179891,0.006195,0.001010,0.056312,0.026606
N20003189,0.672617,0.020914,0.025233,0.013651,0.177331,0.007758,0.001479,0.054922,0.026095
N20003190,0.562848,0.061432,0.065030,0.019638,0.193293,0.015376,0.007037,0.051908,0.023439
N20003191,0.658029,0.016352,0.021895,0.011427,0.197524,0.006802,0.001407,0.058635,0.027930
N20003192,0.658339,0.011402,0.019873,0.007175,0.210500,0.004135,0.001246,0.059265,0.028064
N20003193,0.633950,0.026309,0.026228,0.014758,0.201826,0.009579,0.001847,0.058320,0.027182
N20003194,0.657968,0.011092,0.014852,0.008665,0.213399,0.004631,0.000934,0.059671,0.028787
N20003195,0.696896,0.018283,0.022137,0.009665,0.165032,0.006089,0.001413,0.055372,0.025113
N20003196,0.645755,0.030782,0.029047,0.016643,0.184194,0.010740,0.002208,0.054909,0.025724
N20003197,0.680157,0.018219,0.021318,0.011550,0.177890,0.006925,0.001311,0.056286,0.026345
N20003198,0.628078,0.019464,0.036187,0.015082,0.207061,0.008016,0.002141,0.056040,0.027930
N20003199,0.660673,0.021219,0.024495,0.011378,0.187252,0.007426,0.001549,0.059322,0.026686
N20003200,0.701874,0.013740,0.012522,0.010732,0.172958,0.006194,0.000726,0.054740,0.026513
N20003201,0.727455,0.011417,0.008398,0.007272,0.158518,0.004657,0.000507,0.056293,0.025481
N20003202,0.718907,0.012714,0.008014,0.009402,0.162362,0.006052,0.000456,0.055946,0.026147
N20003203,0.680429,0.008868,0.012642,0.006855,0.200436,0.003804,0.000742,0.058172,0.028051
N20003204,0.727308,0.013309,0.008065,0.010571,0.155028,0.006268,0.000444,0.053383,0.025624
N20003205,0.715440,0.012007,0.010237,0.009110,0.165343,0.005563,0.000557,0.055485,0.026258
N20003206,0.687648,0.006898,0.006929,0.004571,0.196866,0.002751,0.000419,0.065232,0.028687
N20003207,0.620951,0.024153,0.029432,0.015698,0.255201,0.008082,0.003536,0.012370,0.030575
N20003208,0.250089,0.243108,0.118373,0.122122,0.098222,0.143451,0.008406,0.003982,0.012247
N20003209,0.312079,0.213308,0.142674,0.094670,0.108757,0.098595,0.010679,0.004995,0.014243
N20003210,0.577228,0.074649,0.050392,0.047448,0.184234,0.026620,0.004815,0.009567,0.025048
N20003211,0.631762,0.023152,0.032452,0.016911,0.242862,0.007710,0.003437,0.011713,0.030001
N20003212,0.600040,0.062221,0.034911,0.040439,0.200661,0.021257,0.003566,0.010305,0.026601
N20003213,0.509015,0.152682,0.034412,0.083139,0.117650,0.075710,0.002714,0.006461,0.018217
N20003214,0.558729,0.081400,0.059436,0.044789,0.188272,0.026881,0.005985,0.009614,0.024895
N20003215,0.529633,0.098194,0.068426,0.059146,0.174312,0.031139,0.006538,0.009091,0.023522
N20003216,0.665338,0.045685,0.029310,0.033530,0.171660,0.016930,0.002627,0.009552,0.025367
N20003217,0.684630,0.016983,0.017297,0.010835,0.221312,0.004829,0.002040,0.012635,0.029438
N20003218,0.612916,0.010299,0.024882,0.007349,0.292095,0.003039,0.002900,0.013466,0.033055
N20003219,0.681153,0.033637,0.024926,0.023345,0.185127,0.012416,0.002323,0.010386,0.026687
N20003220,0.728915,0.013544,0.007307,0.008623,0.196001,0.004522,0.000834,0.012163,0.028092
N20003221,0.661010,0.018830,0.022562,0.011234,0.235797,0.005214,0.002754,0.012734,0.029864
N20003222,0.683529,0.027223,0.030673,0.019280,0.189061,0.009963,0.002847,0.010413,0.027012
N20003223,0.625265,0.012183,0.017563,0.008035,0.284203,0.003582,0.002210,0.014040,0.032918
N20003224,0.724038,0.014272,0.010631,0.009743,0.195496,0.004474,0.001136,0.012015,0.028197
N20003225,0.743352,0.018953,0.014390,0.015757,0.164070,0.006916,0.001282,0.009727,0.025553
N20003226,0.680508,0.012901,0.018090,0.009150,0.231388,0.004203,0.002052,0.011968,0.029741
N20003227,0.693968,0.013871,0.012330,0.010004,0.221424,0.004621,0.001416,0.012575,0.029791
N20003228,0.511682,0.011170,0.041938,0.007298,0.369409,0.003147,0.006162,0.014521,0.034674
N20003229,0.618694,0.026031,0.040120,0.018077,0.242042,0.008279,0.004334,0.012197,0.030226
N20003230,0.703268,0.018845,0.019357,0.013467,0.197209,0.006543,0.001966,0.011296,0.028048
N20003231,0.683611,0.015404,0.018395,0.010485,0.222888,0.004804,0.002190,0.012534,0.029690
N20003232,0.679464,0.023052,0.034882,0.018848,0.195171,0.007660,0.003241,0.010379,0.027303
N20003233,0.578418,0.013594,0.021403,0.008594,0.321692,0.003931,0.003114,0.014940,0.034315
N20003234,0.599681,0.013313,0.022987,0.009193,0.300984,0.004431,0.002964,0.013457,0.032990
N20003235,0.670348,0.030909,0.021868,0.019841,0.205657,0.009980,0.002472,0.011185,0.027741
N20003236,0.565553,0.017471,0.045691,0.011073,0.304006,0.004784,0.006015,0.013290,0.032118
N20003237,0.549038,0.026310,0.053863,0.018688,0.293298,0.008070,0.006210,0.012890,0.031633
N20003238,0.594633,0.030267,0.031510,0.016005,0.270315,0.007881,0.004676,0.013723,0.030990
N20003239,0.631243,0.015350,0.021346,0.008636,0.270047,0.004165,0.003018,0.014268,0.031927
N20003240,0.530945,0.016656,0.046024,0.011654,0.335898,0.004549,0.006082,0.014169,0.034023
N20003241,0.612763,0.027356,0.039465,0.014125,0.251705,0.006872,0.005440,0.012739,0.029535
N20003242,0.530426,0.023729,0.068913,0.011171,0.305598,0.005051,0.010140,0.013738,0.031234
N20003243,0.636629,0.019967,0.031332,0.011294,0.249096,0.005206,0.004040,0.012584,0.029852
N20003244,0.712097,0.013728,0.012989,0.008468,0.206104,0.003985,0.001497,0.012489,0.028644
N20003245,0.640527,0.008946,0.022081,0.005183,0.272520,0.002204,0.003030,0.014061,0.031448
N20003246,0.663403,0.025319,0.032590,0.010916,0.216382,0.005634,0.004624,0.012986,0.028146
N20003247,0.576662,0.029488,0.050173,0.016174,0.270338,0.007148,0.007103,0.012806,0.030109
N20003248,0.662612,0.026712,0.029926,0.012551,0.217040,0.006450,0.003944,0.012611,0.028154
N20003249,0.663614,0.034942,0.033744,0.016388,0.199884,0.007972,0.004153,0.012102,0.027201
N20003250,0.488019,0.014604,0.056962,0.009284,0.370355,0.003745,0.008639,0.014371,0.034021
N20003251,0.581941,0.020966,0.044992,0.009767,0.285472,0.004723,0.007122,0.013935,0.031082
N20003252,0.661872,0.016095,0.020599,0.009469,0.241003,0.004414,0.002484,0.013416,0.030648
N20003253,0.498427,0.031978,0.093053,0.016746,0.295829,0.007615,0.013670,0.012676,0.030005
N20003254,0.531561,0.016217,0.043719,0.009306,0.340495,0.004000,0.007170,0.014237,0.033295
N20003255,0.544722,0.053313,0.066344,0.020014,0.252579,0.010274,0.012062,0.012709,0.027983
N20003256,0.412342,0.030097,0.113863,0.014533,0.358669,0.007172,0.018901,0.013415,0.031008
N20003257,0.576636,0.050666,0.046903,0.023529,0.243602,0.014476,0.005479,0.010815,0.027896
N20003258,0.665067,0.016662,0.025293,0.007270,0.237329,0.004193,0.003041,0.012168,0.028976
N20003259,0.400452,0.089204,0.183808,0.034789,0.218885,0.020396,0.020754,0.008908,0.022804
N20003260,0.751703,0.017053,0.008027,0.007249,0.173137,0.004716,0.000965,0.011403,0.025747
N20003261,0.588267,0.126248,0.027982,0.056216,0.126746,0.044275,0.002485,0.007779,0.020002
N20003262,0.520265,0.055420,0.099635,0.024620,0.239534,0.012713,0.011413,0.010177,0.026223
N20003263,0.548194,0.032179,0.096837,0.011740,0.253207,0.006131,0.011342,0.012142,0.028227
N20003264,0.433675,0.047247,0.135212,0.021891,0.294219,0.012164,0.017370,0.010718,0.027502
N20003265,0.602000,0.031734,0.062599,0.013590,0.237515,0.006841,0.006917,0.011242,0.027562
N20003266,0.483155,0.065887,0.127653,0.029861,0.229630,0.014883,0.014876,0.009451,0.024604
N20003267,0.574207,0.030606,0.072805,0.012256,0.255371,0.006576,0.008132,0.011633,0.028414
N20003268,0.253318,0.055294,0.328329,0.026192,0.250195,0.012532,0.046873,0.007395,0.019873
N20003269,0.539895,0.028137,0.111603,0.011548,0.252101,0.005673,0.013238,0.010838,0.026966
N20003270,0.425252,0.070443,0.177299,0.032407,0.225769,0.016489,0.019473,0.009188,0.023681
N20003271,0.369250,0.039227,0.242020,0.014274,0.262115,0.007572,0.032598,0.009434,0.023509
N20003272,0.444390,0.033007,0.145396,0.015098,0.297093,0.006796,0.019712,0.010816,0.027692
N20003273,0.465704,0.082125,0.126052,0.032173,0.224609,0.019286,0.015635,0.009840,0.024575
N20003274,0.343621,0.036598,0.266521,0.017859,0.264341,0.007490,0.031730,0.008606,0.023234
N20003275,0.473702,0.080980,0.136954,0.035659,0.203459,0.023825,0.013169,0.008803,0.023449
N20003276,0.678035,0.027446,0.021000,0.013786,0.210424,0.007645,0.002380,0.011514,0.027770
N20003277,0.342798,0.069858,0.241499,0.029823,0.241015,0.014162,0.029696,0.008720,0.022428
N20003278,0.295158,0.130068,0.301472,0.044164,0.144946,0.025507,0.037328,0.005896,0.015461
N20003279,0.408693,0.052021,0.197972,0.020477,0.250013,0.009936,0.026731,0.009741,0.024416
N20003280,0.730382,0.016240,0.013977,0.008281,0.187921,0.004961,0.001591,0.010560,0.026087
N20003281,0.457275,0.211329,0.055039,0.060456,0.113411,0.075758,0.004629,0.005862,0.016242
N20003282,0.630398,0.094375,0.036334,0.032720,0.139682,0.035250,0.002854,0.007459,0.020929
N20003283,0.662747,0.081974,0.023145,0.035293,0.136035,0.029984,0.001969,0.007726,0.021127
N20003284,0.635428,0.049668,0.072051,0.020221,0.171386,0.012140,0.006737,0.009050,0.023320
N20003285,0.090717,0.509424,0.060278,0.148884,0.027171,0.153842,0.004751,0.001270,0.003663
N20003286,0.029059,0.570643,0.033348,0.176731,0.007980,0.178397,0.002283,0.000394,0.001164
N20003287,0.021408,0.597643,0.026448,0.171815,0.005251,0.174523,0.001856,0.000262,0.000793
N20003288,0.164793,0.456595,0.023492,0.083007,0.028720,0.235299,0.001540,0.001676,0.004879
N20003289,0.474099,0.185182,0.066883,0.053946,0.118072,0.073820,0.005271,0.005934,0.016793
N20003290,0.491090,0.109071,0.121875,0.050633,0.156075,0.033445,0.010970,0.006962,0.019879
N20003291,0.580068,0.114667,0.043517,0.051750,0.136174,0.042844,0.003659,0.007165,0.020155
N20003292,0.099456,0.500459,0.014843,0.064973,0.014683,0.301233,0.000880,0.000850,0.002624
N20003293,0.279035,0.355075,0.026656,0.113193,0.064977,0.145570,0.002150,0.003495,0.009849
N20003294,0.543895,0.141929,0.028004,0.050035,0.151988,0.053287,0.002614,0.007565,0.020683
N20003295,0.563428,0.027339,0.047988,0.011677,0.293180,0.006998,0.006749,0.012291,0.030350
N20003296,0.462491,0.215250,0.044128,0.058607,0.110428,0.083395,0.003483,0.006011,0.016207
N20003297,0.238452,0.405725,0.060661,0.093347,0.058838,0.126073,0.005336,0.003068,0.008500
N20003298,0.031633,0.584170,0.015547,0.134774,0.006977,0.224366,0.001025,0.000387,0.001123
N20003299,0.661945,0.056299,0.029386,0.018209,0.182546,0.012852,0.003583,0.010454,0.024727
N20003300,0.052952,0.562299,0.015526,0.109465,0.010810,0.245522,0.001069,0.000602,0.001754
N20003301,0.117589,0.509299,0.102387,0.095056,0.039784,0.118191,0.010720,0.001948,0.005026
N20003302,0.698184,0.024499,0.032185,0.008988,0.190049,0.005561,0.003699,0.011055,0.025780
N20003303,0.373614,0.216004,0.149086,0.050033,0.129510,0.041749,0.017008,0.006776,0.016220
N20003304,0.462830,0.202886,0.085446,0.060087,0.110105,0.048728,0.007568,0.006117,0.016234
N20003305,0.086641,0.561339,0.047663,0.132238,0.028136,0.134114,0.004657,0.001435,0.003776
N20003306,0.061064,0.564297,0.057519,0.134749,0.020369,0.153068,0.005262,0.000988,0.002682
N20003307,0.058540,0.563519,0.021847,0.156074,0.015515,0.179599,0.001787,0.000834,0.002285
N20003308,0.279491,0.346429,0.072924,0.099790,0.078838,0.100545,0.006826,0.004192,0.010965
N20003309,0.419966,0.214748,0.065622,0.085900,0.114883,0.071526,0.005830,0.005661,0.015863
N20003310,0.443178,0.200628,0.045521,0.079682,0.128807,0.074080,0.003963,0.006372,0.017768
N20003311,0.107726,0.302542,0.333792,0.103698,0.049530,0.064778,0.028590,0.002082,0.007263
N20003312,0.021419,0.415834,0.303450,0.128178,0.011582,0.092798,0.024677,0.000440,0.001622
N20003313,0.352434,0.126161,0.243315,0.068438,0.129885,0.033039,0.020597,0.005665,0.020468
N20003314,0.024392,0.261991,0.515940,0.080566,0.016739,0.057404,0.040290,0.000562,0.002116
N20003315,0.544671,0.033421,0.147395,0.018573,0.193967,0.009014,0.013162,0.009289,0.030509
N20003316,0.024732,0.534884,0.089540,0.184515,0.009614,0.147903,0.006935,0.000421,0.001455
N20003317,0.241423,0.101768,0.397279,0.046361,0.130859,0.024463,0.035004,0.005071,0.017773
N20003318,0.629733,0.034383,0.109825,0.018777,0.152972,0.008499,0.008914,0.008579,0.028318
N20003319,0.548890,0.027549,0.102525,0.014730,0.242238,0.007032,0.012267,0.010436,0.034334
N20003320,0.337774,0.137440,0.219982,0.061578,0.162910,0.028194,0.024454,0.006653,0.021014
N20003321,0.466975,0.077467,0.172393,0.033229,0.180059,0.018939,0.017811,0.008050,0.025076
N20003322,0.282893,0.127480,0.347154,0.060204,0.102384,0.030566,0.030529,0.004195,0.014593
N20003323,0.410400,0.205170,0.113433,0.070231,0.090566,0.080896,0.008698,0.004711,0.015896
N20003324,0.507800,0.055182,0.119026,0.025935,0.226429,0.012950,0.013339,0.009727,0.029612
N20003325,0.599337,0.073100,0.068855,0.032732,0.165138,0.019236,0.006905,0.008489,0.026207
N20003326,0.563574,0.068619,0.083481,0.031648,0.188988,0.018397,0.008592,0.008903,0.027798
N20003327,0.666822,0.068984,0.037316,0.033418,0.135919,0.021179,0.003447,0.008061,0.024854
N20003328,0.500230,0.100141,0.124610,0.043260,0.162290,0.025189,0.012350,0.007701,0.024228
N20003329,0.297178,0.236766,0.147346,0.079391,0.140519,0.058088,0.016215,0.006175,0.018321
N20003330,0.266178,0.283475,0.147501,0.100568,0.095661,0.073693,0.014281,0.004552,0.014092
N20003331,0.415116,0.219163,0.069740,0.074975,0.115494,0.073980,0.006834,0.006018,0.018679
N20003332,0.581447,0.016031,0.039743,0.007241,0.297561,0.003894,0.005721,0.012673,0.035689
N20003333,0.534009,0.132434,0.060991,0.053805,0.141739,0.039824,0.006071,0.007741,0.023386
N20003334,0.594158,0.056451,0.072786,0.025516,0.189396,0.014621,0.008260,0.010038,0.028774
N20003335,0.497944,0.042561,0.162169,0.020433,0.213098,0.008977,0.017139,0.009398,0.028283
N20003336,0.732228,0.017499,0.015899,0.008759,0.178647,0.005051,0.001762,0.010324,0.029831
N20003337,0.371905,0.185472,0.155004,0.079617,0.117122,0.052740,0.014334,0.005713,0.018092
N20003338,0.402010,0.095060,0.191839,0.036846,0.197493,0.018134,0.026025,0.008142,0.024452
N20003339,0.481395,0.074328,0.122271,0.028703,0.224658,0.013772,0.015790,0.010356,0.028728
N20003340,0.260041,0.122079,0.320345,0.046974,0.163560,0.020470,0.041470,0.006304,0.018758
N20003341,0.675164,0.037155,0.030637,0.014052,0.189804,0.008318,0.004155,0.010980,0.029735
N20003342,0.662898,0.013789,0.028192,0.006563,0.236105,0.003282,0.003580,0.012163,0.033427
N20003343,0.610516,0.057799,0.075250,0.025520,0.172078,0.014382,0.007577,0.009367,0.027510
N20003344,0.710549,0.020536,0.022269,0.009327,0.187578,0.004899,0.002767,0.011474,0.030600
N20003345,0.725563,0.014367,0.010522,0.006442,0.194645,0.003742,0.001420,0.011859,0.031441
N20003346,0.709456,0.013283,0.011039,0.005453,0.210181,0.003107,0.001565,0.013119,0.032797
N20003347,0.026522,0.316614,0.306320,0.192952,0.039569,0.099302,0.012919,0.002891,0.002911
N20003348,0.054537,0.087452,0.558708,0.053006,0.168407,0.020984,0.038358,0.009735,0.008810
N20003349,0.074436,0.202034,0.381459,0.109746,0.131167,0.059551,0.023161,0.009730,0.008717
N20003350,0.072573,0.318500,0.229954,0.165353,0.098561,0.086006,0.013172,0.008459,0.007423
N20003351,0.026314,0.204071,0.476503,0.113472,0.085386,0.054321,0.030567,0.004872,0.004494
N20003352,0.112548,0.265845,0.272676,0.122838,0.106315,0.084139,0.014647,0.010904,0.010088
N20003353,0.061723,0.317423,0.270631,0.167171,0.065760,0.093686,0.012587,0.005668,0.005352
N20003354,0.030250,0.304424,0.326365,0.160756,0.053280,0.100657,0.016581,0.004012,0.003675
N20003355,0.031884,0.082995,0.668266,0.053006,0.090039,0.021631,0.042045,0.005228,0.004906
N20003356,0.017546,0.295259,0.424719,0.130429,0.027361,0.077354,0.022813,0.002316,0.002204
N20003357,0.265481,0.092868,0.235749,0.057144,0.256097,0.027388,0.013961,0.027251,0.024061
N20003358,0.022995,0.305399,0.394947,0.137332,0.032379,0.080491,0.021049,0.002723,0.002686
N20003359,0.037520,0.444333,0.124640,0.208056,0.025794,0.148039,0.005665,0.003040,0.002913
N20003360,0.038371,0.225643,0.487715,0.104773,0.054923,0.052421,0.026974,0.004683,0.004496
N20003361,0.060139,0.326198,0.277954,0.134831,0.057926,0.117737,0.013948,0.005770,0.005496
N20003362,0.016135,0.415451,0.258443,0.157888,0.015880,0.122467,0.010554,0.001634,0.001548
N20003363,0.028764,0.370752,0.276216,0.161104,0.035058,0.108427,0.013306,0.003251,0.003122
N20003364,0.267716,0.156784,0.177463,0.070123,0.227938,0.037643,0.012440,0.027542,0.022351
N20003365,0.114457,0.288527,0.205093,0.151902,0.121487,0.083395,0.012009,0.012084,0.011046
N20003366,0.018870,0.544334,0.085125,0.197424,0.012463,0.134896,0.003891,0.001553,0.001444
N20003367,0.092855,0.287432,0.293148,0.110876,0.114026,0.063422,0.016755,0.011543,0.009942
N20003368,0.182575,0.332445,0.125568,0.139244,0.115916,0.067622,0.007878,0.015641,0.013112
N20003369,0.015988,0.631033,0.039295,0.172256,0.007809,0.129563,0.001821,0.001203,0.001032
N20003370,0.017387,0.388693,0.325125,0.132685,0.020489,0.096029,0.015757,0.001982,0.001853
N20003371,0.048846,0.250628,0.401154,0.123760,0.077268,0.061315,0.024945,0.006174,0.005909
N20003372,0.107781,0.322297,0.227425,0.140151,0.106403,0.059493,0.014569,0.011799,0.010083
N20003373,0.121578,0.253475,0.280666,0.119685,0.124529,0.059850,0.016530,0.012331,0.011356
N20003374,0.093462,0.370230,0.200884,0.144166,0.087060,0.071580,0.014009,0.010165,0.008444
N20003375,0.056714,0.205378,0.476831,0.104540,0.075740,0.035272,0.032408,0.006884,0.006234
N20003376,0.105717,0.326570,0.222205,0.139689,0.103103,0.067040,0.014202,0.011624,0.009849
N20003377,0.231782,0.189653,0.162016,0.091822,0.224872,0.042842,0.009548,0.025992,0.021473
N20003378,0.122551,0.369503,0.178842,0.129359,0.085240,0.083879,0.010658,0.010734,0.009233
N20003379,0.247816,0.074771,0.326502,0.033714,0.233641,0.013033,0.021915,0.026763,0.021845
N20003380,0.366191,0.076441,0.133200,0.041527,0.291837,0.016977,0.008579,0.035893,0.029356
N20003381,0.155412,0.282385,0.162006,0.156420,0.135300,0.070366,0.009195,0.015306,0.013611
N20003382,0.137816,0.242491,0.294080,0.086864,0.140849,0.049821,0.019707,0.015413,0.012959
N20003383,0.330742,0.185623,0.135723,0.095471,0.168399,0.052860,0.009183,0.005252,0.016747
N20003384,0.405290,0.044001,0.112577,0.023631,0.356934,0.010019,0.010455,0.009497,0.027595
N20003385,0.202961,0.173747,0.206273,0.079648,0.239403,0.039242,0.015211,0.023325,0.020190
N20003386,0.148673,0.329450,0.137362,0.169270,0.105087,0.077460,0.008585,0.012774,0.011338
N20003387,0.110029,0.273671,0.242683,0.129683,0.126189,0.080017,0.014421,0.012227,0.011080
N20003388,0.458597,0.072415,0.111951,0.035370,0.262411,0.017550,0.009061,0.008236,0.024409
N20003389,0.133611,0.307906,0.197452,0.152783,0.096646,0.079255,0.011101,0.011045,0.010201
N20003390,0.296620,0.031584,0.220974,0.020286,0.371412,0.007767,0.019205,0.007638,0.024514
N20003391,0.374358,0.036033,0.217358,0.026075,0.276713,0.008852,0.022661,0.009680,0.028270
N20003392,0.190388,0.127939,0.367823,0.085517,0.141690,0.036074,0.031333,0.004571,0.014665
N20003393,0.428882,0.028966,0.139498,0.021363,0.316620,0.008035,0.015847,0.009749,0.031040
N20003394,0.521645,0.015147,0.050213,0.012041,0.341647,0.004852,0.005736,0.012670,0.036050
N20003395,0.227388,0.080356,0.406001,0.060139,0.150734,0.023684,0.030622,0.004861,0.016215
N20003396,0.409627,0.049751,0.215363,0.037295,0.220514,0.013620,0.019531,0.008506,0.025793
N20003397,0.298481,0.060618,0.278679,0.039091,0.247733,0.015045,0.030599,0.008001,0.021753
N20003398,0.425145,0.019278,0.155874,0.013529,0.323996,0.005596,0.017031,0.010661,0.028890
N20003399,0.461442,0.019990,0.089535,0.013633,0.354439,0.005523,0.010905,0.012610,0.031924
N20003400,0.516580,0.025332,0.087532,0.017124,0.293305,0.007390,0.009383,0.012455,0.030900
N20003401,0.494132,0.056646,0.105562,0.026983,0.252121,0.014924,0.012434,0.010801,0.026398
N20003402,0.475709,0.030373,0.125660,0.020776,0.285632,0.008462,0.013708,0.011019,0.028662
N20003403,0.463954,0.023502,0.097642,0.010051,0.342372,0.004855,0.012899,0.013410,0.031316
N20003404,0.412529,0.168283,0.112526,0.066342,0.163755,0.036642,0.012100,0.008145,0.019679
N20003405,0.532805,0.020129,0.072647,0.014588,0.302340,0.005846,0.007588,0.012553,0.031504
N20003406,0.538558,0.057122,0.084329,0.020911,0.237242,0.012254,0.010349,0.012175,0.027058
N20003407,0.524688,0.042792,0.078433,0.017749,0.274707,0.010048,0.010206,0.012555,0.028821
N20003408,0.457767,0.056734,0.164909,0.019794,0.233724,0.010878,0.020808,0.010692,0.024694
N20003409,0.516063,0.010115,0.045157,0.006312,0.367019,0.002737,0.005287,0.013643,0.033668
N20003410,0.481766,0.019859,0.110390,0.009638,0.317977,0.004498,0.013034,0.012675,0.030162
N20003411,0.494478,0.026760,0.076451,0.016887,0.325362,0.007548,0.008827,0.012376,0.031311
N20003412,0.550981,0.018740,0.049295,0.012287,0.313134,0.005679,0.005399,0.012659,0.031826
N20003413,0.571762,0.020597,0.067802,0.012374,0.273315,0.005368,0.006929,0.011981,0.029871
N20003414,0.534938,0.025520,0.064590,0.020181,0.294878,0.007926,0.006317,0.011658,0.033992
N20003415,0.538080,0.015903,0.051117,0.009437,0.329178,0.004341,0.005544,0.013612,0.032788
N20003416,0.611581,0.018263,0.037104,0.008395,0.270929,0.004452,0.004649,0.013963,0.030663
N20003417,0.638375,0.024022,0.048546,0.013284,0.224834,0.006664,0.004526,0.011517,0.028231
N20003418,0.611780,0.012489,0.030434,0.008350,0.285676,0.003874,0.003210,0.012666,0.031522
N20003419,0.588255,0.013367,0.056011,0.007159,0.281850,0.003268,0.005752,0.013287,0.031052
N20003420,0.511996,0.027524,0.133162,0.018601,0.247613,0.007672,0.012947,0.010456,0.030028
N20003421,0.574199,0.013668,0.044492,0.010268,0.303814,0.004161,0.004580,0.012722,0.032096
N20003422,0.470846,0.045530,0.159343,0.032837,0.230050,0.013569,0.013624,0.008994,0.025208
N20003423,0.588461,0.024054,0.061877,0.019423,0.250793,0.007923,0.005612,0.010372,0.031486
N20003424,0.404862,0.047420,0.154202,0.028808,0.296579,0.013040,0.017522,0.010345,0.027223
N20003425,0.614241,0.021288,0.068812,0.013010,0.231571,0.005679,0.006317,0.011094,0.027988
N20003426,0.642567,0.014979,0.014874,0.007488,0.268927,0.004195,0.001725,0.013891,0.031354
N20003427,0.521452,0.017334,0.054057,0.009351,0.340145,0.004239,0.006997,0.013698,0.032726
N20003428,0.606753,0.024801,0.066853,0.015433,0.233870,0.007070,0.006280,0.010909,0.028031
N20003429,0.507811,0.057247,0.121660,0.040225,0.211567,0.017952,0.010002,0.008822,0.024715
N20003430,0.595858,0.016351,0.034477,0.009431,0.290436,0.004557,0.003982,0.013131,0.031778
N20003431,0.625517,0.015527,0.020266,0.008417,0.277754,0.004277,0.002494,0.013977,0.031771
N20003432,0.016673,0.426487,0.211912,0.196702,0.019278,0.109911,0.013689,0.002965,0.002383
N20003433,0.011012,0.449017,0.232358,0.166731,0.009884,0.113833,0.014269,0.001560,0.001337
N20003434,0.023855,0.446251,0.153702,0.214731,0.014439,0.133970,0.008112,0.002636,0.002305
N20003435,0.020462,0.457184,0.160206,0.224491,0.014622,0.108040,0.010279,0.002546,0.002170
N20003436,0.028844,0.509514,0.089860,0.208665,0.013646,0.138826,0.005301,0.002936,0.002409
N20003437,0.014578,0.457334,0.172715,0.228329,0.011479,0.100926,0.011110,0.001899,0.001631
N20003438,0.017060,0.530675,0.056221,0.239321,0.008952,0.140975,0.003352,0.001907,0.001537
N20003439,0.016761,0.486838,0.089993,0.250252,0.010764,0.136682,0.004923,0.002073,0.001715
N20003440,0.030965,0.558796,0.127537,0.157114,0.017819,0.091301,0.009674,0.003908,0.002887
N20003441,0.016793,0.569913,0.117928,0.173306,0.008522,0.102692,0.007499,0.001883,0.001464
N20003442,0.016724,0.411338,0.246770,0.185724,0.018593,0.098802,0.016969,0.002773,0.002306
N20003443,0.023261,0.368334,0.365753,0.126894,0.021030,0.059557,0.028958,0.003444,0.002769
N20003444,0.042665,0.531495,0.150154,0.145236,0.026302,0.082328,0.011832,0.005809,0.004178
N20003445,0.031531,0.531679,0.138932,0.167303,0.018721,0.095854,0.009113,0.003854,0.003013
N20003446,0.025650,0.471127,0.201547,0.184976,0.014588,0.082918,0.013953,0.002897,0.002345
N20003447,0.017615,0.366628,0.319445,0.166752,0.015911,0.087696,0.021323,0.002498,0.002131
N20003448,0.012020,0.471633,0.131216,0.258013,0.008263,0.108806,0.007368,0.001426,0.001255
N20003449,0.026042,0.409504,0.275098,0.174158,0.022313,0.065438,0.020766,0.003668,0.003012
N20003450,0.020200,0.544445,0.105473,0.185596,0.010723,0.123432,0.006096,0.002226,0.001809
N20003451,0.016215,0.321399,0.403764,0.140082,0.021278,0.057940,0.033973,0.002945,0.002405
N20003452,0.012292,0.375479,0.304878,0.191414,0.010894,0.084442,0.017457,0.001668,0.001476
N20003453,0.005154,0.172929,0.631873,0.099368,0.011575,0.032279,0.044520,0.001230,0.001072
N20003454,0.008764,0.307443,0.425782,0.153148,0.011966,0.060027,0.029936,0.001575,0.001359
N20003455,0.003720,0.060261,0.814431,0.032921,0.010132,0.009950,0.066802,0.000939,0.000843
N20003456,0.022970,0.402988,0.243395,0.187650,0.022340,0.098318,0.016098,0.003339,0.002901
N20003457,0.014095,0.364222,0.328557,0.171632,0.012665,0.085249,0.020114,0.001805,0.001662
N20003458,0.015213,0.466170,0.123847,0.234892,0.011292,0.138286,0.006669,0.001943,0.001687
N20003459,0.019138,0.424351,0.221550,0.188593,0.018586,0.108871,0.013717,0.002781,0.002413
N20003460,0.009638,0.417961,0.224692,0.226027,0.008403,0.098621,0.012238,0.001273,0.001147
N20003461,0.013446,0.465956,0.132511,0.231210,0.009124,0.137938,0.006885,0.001541,0.001390
N20003462,0.010809,0.399967,0.295220,0.155238,0.009413,0.110230,0.016442,0.001403,0.001278
N20003463,0.012399,0.510256,0.117432,0.199724,0.006944,0.144653,0.006146,0.001299,0.001148
N20003464,0.018398,0.358483,0.331172,0.167263,0.019035,0.078185,0.022281,0.002775,0.002409
N20003465,0.040849,0.533466,0.069174,0.186004,0.017594,0.141537,0.004241,0.003935,0.003200
N20003466,0.012003,0.516921,0.106865,0.213095,0.008056,0.134268,0.006103,0.001446,0.001243
N20003467,0.012321,0.296280,0.443945,0.139895,0.014413,0.059253,0.030280,0.001901,0.001713
N20003468,0.012320,0.294637,0.459193,0.131515,0.011961,0.056477,0.030612,0.001747,0.001537
N20003469,0.013373,0.149974,0.652927,0.074650,0.026754,0.025347,0.051632,0.002832,0.002511
N20003470,0.015719,0.369693,0.298541,0.192339,0.013632,0.088062,0.018135,0.002040,0.001839
N20003471,0.061232,0.419491,0.106988,0.238667,0.027073,0.130338,0.005834,0.005539,0.004838
N20003472,0.026346,0.361050,0.303957,0.176158,0.033629,0.067565,0.022694,0.004689,0.003912
N20003473,0.011682,0.280741,0.467177,0.135988,0.012961,0.059338,0.028784,0.001747,0.001583
N20003474,0.011488,0.214917,0.557102,0.111499,0.015418,0.046358,0.039382,0.002084,0.001753
N20003475,0.012537,0.322073,0.394376,0.141557,0.013396,0.084109,0.028187,0.002078,0.001686
N20003476,0.012932,0.380226,0.301842,0.160361,0.011927,0.110958,0.018168,0.001984,0.001602
N20003477,0.009656,0.335119,0.404989,0.136630,0.009837,0.072642,0.028275,0.001578,0.001275
N20003478,0.008859,0.332771,0.376030,0.148919,0.009611,0.098333,0.022820,0.001450,0.001207
N20003479,0.008932,0.327766,0.419047,0.135444,0.008499,0.071436,0.026317,0.001417,0.001142
N20003480,0.014271,0.420386,0.283165,0.161915,0.012013,0.084342,0.020008,0.002197,0.001702
N20003481,0.009851,0.272776,0.489777,0.125575,0.010106,0.059852,0.029186,0.001575,0.001302
N20003482,0.014988,0.296636,0.452158,0.122880,0.013808,0.064361,0.031037,0.002289,0.001844
N20003483,0.012182,0.329867,0.376303,0.156550,0.013723,0.082000,0.025502,0.002157,0.001715
N20003484,0.011087,0.423981,0.298080,0.144235,0.009548,0.090671,0.019376,0.001688,0.001334
N20003485,0.019419,0.490268,0.289000,0.098934,0.010462,0.068228,0.019411,0.002470,0.001809
N20003486,0.037622,0.486720,0.253064,0.105770,0.021283,0.066059,0.020908,0.005040,0.003533
N20003487,0.013425,0.446075,0.227506,0.184790,0.011930,0.097161,0.015367,0.002115,0.001633
N20003488,0.015108,0.394052,0.304488,0.164599,0.013435,0.083299,0.020819,0.002358,0.001843
N20003489,0.019301,0.367285,0.349943,0.140873,0.017903,0.073154,0.026169,0.002997,0.002375
N20003490,0.017120,0.418693,0.244770,0.180479,0.014886,0.102360,0.016953,0.002687,0.002052
N20003491,0.018770,0.492509,0.162126,0.187817,0.012989,0.110166,0.011001,0.002636,0.001986
N20003492,0.017657,0.397985,0.295836,0.165350,0.013466,0.086727,0.018622,0.002397,0.001960
N20003493,0.041302,0.486058,0.226187,0.126783,0.023400,0.068086,0.019001,0.005355,0.003829
N20003494,0.016823,0.385394,0.275931,0.178293,0.018272,0.100087,0.019939,0.002950,0.002310
N20003495,0.033334,0.480944,0.230324,0.134115,0.022798,0.071309,0.018742,0.004926,0.003509
N20003496,0.016937,0.419197,0.269063,0.170134,0.014125,0.087436,0.018643,0.002490,0.001975
N20003497,0.012340,0.517493,0.144777,0.171782,0.006969,0.136290,0.007733,0.001450,0.001165
N20003498,0.035511,0.463476,0.162882,0.191623,0.026066,0.098809,0.012958,0.004923,0.003752
N20003499,0.064035,0.420217,0.257404,0.113131,0.041191,0.065539,0.022994,0.009165,0.006322
N20003500,0.047886,0.471780,0.164568,0.163967,0.037196,0.088017,0.013890,0.007388,0.005309
N20003501,0.018652,0.452971,0.170193,0.212960,0.018437,0.109814,0.011334,0.003198,0.002440
N20003502,0.019900,0.448189,0.247793,0.160587,0.014317,0.087566,0.016715,0.002780,0.002152
N20003503,0.047157,0.322801,0.399823,0.096507,0.034652,0.056470,0.030796,0.006788,0.005005
N20003504,0.046259,0.442968,0.252926,0.122659,0.030725,0.069809,0.023531,0.006515,0.004608
N20003505,0.021349,0.480979,0.229210,0.141308,0.012127,0.094593,0.015834,0.002615,0.001986
N20003506,0.033273,0.548806,0.102591,0.163723,0.020486,0.115434,0.007572,0.004790,0.003325
N20003507,0.010013,0.324233,0.429754,0.133926,0.007612,0.067820,0.024197,0.001324,0.001120
N20003508,0.007984,0.312135,0.435354,0.123739,0.009169,0.079860,0.029214,0.001409,0.001136
N20003509,0.034287,0.499569,0.236776,0.104503,0.018988,0.078221,0.020157,0.004361,0.003139
N20003510,0.045455,0.582017,0.085476,0.140724,0.026708,0.100855,0.007408,0.006941,0.004416
N20003511,0.017768,0.504744,0.179288,0.159042,0.011125,0.112770,0.011211,0.002284,0.001768
N20003512,0.023852,0.620368,0.078180,0.137615,0.009963,0.120231,0.005153,0.002720,0.001919
N20003513,0.043728,0.428351,0.273164,0.124400,0.029454,0.065550,0.024932,0.006033,0.004389
N20003514,0.016922,0.429043,0.212358,0.212893,0.014615,0.095260,0.014197,0.002652,0.002061
N20003515,0.045816,0.551583,0.108634,0.154899,0.023584,0.096140,0.009477,0.005822,0.004044
N20003516,0.029311,0.498339,0.194582,0.157092,0.018099,0.080918,0.014959,0.003846,0.002856
N20003517,0.023889,0.608392,0.075872,0.141965,0.010023,0.130762,0.004561,0.002618,0.001918
N20003518,0.052272,0.479160,0.183215,0.140213,0.032247,0.085534,0.015150,0.007132,0.005077
N20003519,0.027203,0.489863,0.183375,0.169653,0.017551,0.092073,0.014009,0.003562,0.002711
N20003520,0.036383,0.494339,0.216729,0.130423,0.019881,0.076804,0.017509,0.004630,0.003302
N20003521,0.026444,0.528971,0.186676,0.129554,0.014294,0.095024,0.013177,0.003425,0.002434
N20003522,0.029697,0.502220,0.202128,0.140405,0.017401,0.086465,0.015221,0.003689,0.002773
N20003523,0.013044,0.354843,0.360409,0.137648,0.012911,0.095376,0.022033,0.002056,0.001681
N20003524,0.029238,0.540849,0.165615,0.133833,0.015238,0.096257,0.012740,0.003631,0.002599
N20003525,0.012096,0.423880,0.293025,0.156385,0.010282,0.079711,0.021313,0.001870,0.001439
N20003526,0.027087,0.589691,0.075383,0.167700,0.011690,0.118041,0.005235,0.002991,0.002180
N20003527,0.047056,0.474229,0.205297,0.138737,0.031485,0.074347,0.017091,0.006900,0.004858
N20003528,0.007774,0.321419,0.408299,0.155629,0.009984,0.068578,0.025656,0.001466,0.001195
N20003529,0.050193,0.484656,0.189572,0.140507,0.029819,0.076235,0.018103,0.006293,0.004623
N20003530,0.007239,0.532729,0.217992,0.131122,0.004740,0.091501,0.012953,0.000961,0.000764
N20003531,0.025720,0.647563,0.049461,0.142459,0.008361,0.119027,0.003111,0.002522,0.001776
N20003532,0.025405,0.616869,0.112502,0.128366,0.012106,0.091031,0.008275,0.003236,0.002211
N20003533,0.022784,0.639082,0.083916,0.123760,0.010239,0.109542,0.005967,0.002783,0.001926
N20003534,0.029665,0.589799,0.133459,0.127164,0.014057,0.089396,0.010297,0.003622,0.002541
N20003535,0.014258,0.408724,0.269015,0.176368,0.010787,0.100356,0.016994,0.001928,0.001572
N20003536,0.012551,0.465025,0.203517,0.188297,0.008001,0.107611,0.012221,0.001523,0.001254
N20003537,0.017082,0.155886,0.571318,0.076391,0.020631,0.018807,0.132809,0.003663,0.003412
N20003538,0.012725,0.129814,0.615020,0.066694,0.014873,0.014756,0.141112,0.002564,0.002443
N20003539,0.031606,0.102273,0.622817,0.063009,0.029685,0.015685,0.124316,0.005362,0.005247
N20003540,0.024552,0.172889,0.525960,0.091961,0.033524,0.020188,0.120079,0.005601,0.005247
N20003541,0.009929,0.278363,0.409834,0.169564,0.009914,0.041425,0.077356,0.001836,0.001780
N20003542,0.008388,0.161990,0.594646,0.095991,0.008891,0.021629,0.105339,0.001571,0.001556
N20003543,0.017256,0.391790,0.227646,0.243967,0.011214,0.065607,0.037529,0.002554,0.002438
N20003544,0.018356,0.178824,0.545223,0.105351,0.014649,0.029579,0.102282,0.002900,0.002836
N20003545,0.020535,0.263278,0.440195,0.103538,0.014679,0.035953,0.115692,0.003214,0.002915
N20003546,0.037123,0.431609,0.230837,0.164833,0.018650,0.065044,0.042512,0.004941,0.004451
N20003547,0.015542,0.141159,0.609905,0.064351,0.015798,0.018109,0.129469,0.002889,0.002777
N20003548,0.014362,0.135453,0.603656,0.074492,0.016091,0.016763,0.133649,0.002833,0.002701
N20003549,0.021602,0.092636,0.636596,0.056737,0.031253,0.012949,0.138544,0.004984,0.004699
N20003550,0.019599,0.140910,0.581749,0.079122,0.021923,0.016855,0.132087,0.004060,0.003697
N20003551,0.024943,0.132344,0.580361,0.081682,0.026727,0.018057,0.126769,0.004672,0.004444
N20003552,0.118511,0.352933,0.193358,0.147093,0.065696,0.043838,0.046276,0.017708,0.014588
N20003553,0.027961,0.098729,0.623471,0.062680,0.029604,0.013109,0.134025,0.005386,0.005036
N20003554,0.016080,0.299220,0.407818,0.143455,0.010486,0.052291,0.066049,0.002349,0.002252
N20003555,0.017767,0.090670,0.650377,0.051043,0.022044,0.010837,0.150074,0.003697,0.003491
N20003556,0.024517,0.347669,0.345247,0.146192,0.012800,0.056866,0.060589,0.003156,0.002964
N20003557,0.023574,0.364297,0.325948,0.149096,0.012863,0.057966,0.060312,0.003041,0.002902
N20003558,0.094856,0.195061,0.405269,0.088907,0.066032,0.022171,0.099581,0.015035,0.013088
N20003559,0.048074,0.111247,0.547941,0.056250,0.048383,0.013686,0.157167,0.009098,0.008155
N20003560,0.027314,0.132347,0.578227,0.084270,0.026033,0.017170,0.125043,0.004913,0.004683
N20003561,0.086711,0.143474,0.451278,0.066553,0.071233,0.015995,0.137228,0.014718,0.012810
N20003562,0.011717,0.381970,0.282355,0.181019,0.006995,0.089554,0.043125,0.001669,0.001594
N20003563,0.086766,0.297804,0.293655,0.129999,0.055560,0.041228,0.070045,0.013460,0.011484
N20003564,0.063193,0.134116,0.538240,0.068064,0.042206,0.016297,0.120618,0.008839,0.008428
N20003565,0.014958,0.087094,0.645229,0.050954,0.020888,0.011253,0.163109,0.003382,0.003133
N20003566,0.020065,0.091351,0.613827,0.043222,0.028305,0.010669,0.183785,0.004604,0.004173
N20003567,0.032080,0.209156,0.471486,0.122134,0.024660,0.029665,0.100847,0.005171,0.004800
N20003568,0.016865,0.438318,0.199198,0.207601,0.009141,0.094399,0.029990,0.002318,0.002171
N20003569,0.021724,0.285346,0.397853,0.162836,0.013148,0.051291,0.061944,0.002949,0.002910
N20003570,0.089515,0.456492,0.143333,0.168445,0.035924,0.053592,0.032001,0.011390,0.009307
N20003571,0.040377,0.404726,0.288215,0.128835,0.020673,0.049342,0.057160,0.005820,0.004852
N20003572,0.031766,0.501888,0.122559,0.199720,0.012121,0.105654,0.019365,0.003627,0.003301
N20003573,0.090471,0.419753,0.179660,0.163788,0.035671,0.055183,0.035444,0.010829,0.009203
N20003574,0.073331,0.311102,0.293542,0.171051,0.038547,0.039894,0.053586,0.010031,0.008917
N20003575,0.014999,0.125756,0.606559,0.078975,0.017735,0.015286,0.134683,0.003093,0.002916
N20003576,0.060158,0.465713,0.215780,0.113652,0.021008,0.056188,0.055755,0.006249,0.005497
N20003577,0.098296,0.410728,0.162439,0.167422,0.043720,0.061785,0.033244,0.011798,0.010570
N20003578,0.005675,0.055936,0.704131,0.028376,0.011346,0.006645,0.184792,0.001529,0.001570
N20003579,0.016124,0.211717,0.509426,0.100550,0.013782,0.027782,0.115095,0.002764,0.002760
N20003580,0.032615,0.220611,0.466957,0.123385,0.022477,0.034957,0.089416,0.004673,0.004909
N20003581,0.020170,0.089928,0.620735,0.047475,0.026788,0.011014,0.175206,0.004326,0.004358
N20003582,0.042033,0.307907,0.323657,0.173198,0.029224,0.045019,0.066392,0.006246,0.006325
N20003583,0.037238,0.098910,0.599854,0.058266,0.034830,0.011638,0.146330,0.006457,0.006478
N20003584,0.054527,0.250617,0.373993,0.156688,0.034244,0.040542,0.074131,0.007564,0.007694
N20003585,0.018915,0.342295,0.322304,0.186589,0.011772,0.057698,0.055042,0.002653,0.002731
N20003586,0.071567,0.162056,0.484085,0.081183,0.048132,0.019138,0.113002,0.010516,0.010320
N20003587,0.023679,0.297158,0.382444,0.150136,0.017322,0.037610,0.084333,0.003659,0.003658
N20003588,0.018167,0.310853,0.385217,0.147621,0.013619,0.044177,0.074603,0.002853,0.002891
N20003589,0.033840,0.277667,0.397677,0.146683,0.020080,0.039691,0.075269,0.004468,0.004624
N20003590,0.040048,0.225448,0.465892,0.088593,0.025034,0.026409,0.117476,0.005631,0.005470
N20003591,0.019953,0.354375,0.292111,0.203943,0.013919,0.054538,0.055101,0.003001,0.003058
N20003592,0.036311,0.350877,0.361855,0.112894,0.014112,0.040276,0.075873,0.003957,0.003844
N20003593,0.046597,0.474199,0.198427,0.144173,0.019782,0.062185,0.043645,0.005806,0.005186
N20003594,0.021179,0.408606,0.263750,0.182958,0.011069,0.057211,0.049694,0.002765,0.002770
N20003595,0.023804,0.394108,0.263663,0.186658,0.015568,0.055476,0.053594,0.003590,0.003538
N20003596,0.027122,0.328439,0.385699,0.115946,0.014202,0.038618,0.082969,0.003548,0.003457
N20003597,0.028221,0.352546,0.354471,0.115491,0.015578,0.043039,0.083052,0.003901,0.003701
N20003598,0.028497,0.440729,0.184873,0.215543,0.016569,0.072118,0.033726,0.003993,0.003952
N20003599,0.053583,0.366426,0.308118,0.124709,0.023620,0.040387,0.070562,0.006501,0.006095
N20003600,0.024499,0.427857,0.201324,0.225079,0.013615,0.064313,0.036730,0.003280,0.003302
N20003601,0.042219,0.472914,0.167736,0.181779,0.017193,0.076364,0.032389,0.004738,0.004668
N20003602,0.051141,0.472812,0.143555,0.208492,0.018623,0.068403,0.026232,0.005437,0.005304
N20003603,0.038627,0.521774,0.140895,0.168344,0.013606,0.080231,0.028324,0.004236,0.003962
N20003604,0.014551,0.433294,0.220562,0.217974,0.007106,0.063910,0.038965,0.001811,0.001826
N20003605,0.035287,0.390993,0.297644,0.141735,0.015346,0.055384,0.055441,0.004118,0.004053
N20003606,0.040770,0.462636,0.175802,0.190327,0.019356,0.066816,0.034051,0.005253,0.004989
N20003607,0.029633,0.602372,0.068421,0.190623,0.009940,0.080024,0.012611,0.003317,0.003059
N20003608,0.054908,0.509119,0.136940,0.174309,0.020455,0.063649,0.028467,0.006316,0.005837
N20003609,0.038051,0.606330,0.083402,0.170819,0.010569,0.066537,0.016912,0.003905,0.003474
N20003610,0.055291,0.566316,0.124604,0.123337,0.016772,0.070651,0.032058,0.005873,0.005097
N20003611,0.040268,0.477282,0.169640,0.197195,0.013918,0.061503,0.032058,0.004092,0.004044
N20003612,0.046435,0.329486,0.341521,0.135993,0.024087,0.042896,0.067622,0.006072,0.005888
N20003613,0.024327,0.545976,0.127157,0.182314,0.007436,0.087698,0.020402,0.002358,0.002331
N20003614,0.041112,0.445719,0.212750,0.165390,0.015978,0.071860,0.038085,0.004650,0.004457
N20003615,0.020402,0.413644,0.256444,0.181572,0.011558,0.065042,0.045806,0.002757,0.002776
N20003616,0.027318,0.594453,0.105160,0.169409,0.007272,0.073417,0.018009,0.002536,0.002427
N20003617,0.030771,0.615530,0.112273,0.131212,0.008630,0.075320,0.020258,0.003150,0.002856
N20003618,0.028241,0.563348,0.160074,0.141724,0.009301,0.061544,0.029849,0.003054,0.002864
N20003619,0.038299,0.362778,0.316701,0.137272,0.020598,0.048960,0.065370,0.005049,0.004973
N20003620,0.036225,0.481860,0.177795,0.173080,0.013942,0.075176,0.034101,0.003934,0.003888
N20003621,0.007350,0.136136,0.643396,0.074633,0.008985,0.016375,0.109864,0.001800,0.001460
N20003622,0.006029,0.139037,0.641686,0.079023,0.006834,0.017239,0.107569,0.001428,0.001155
N20003623,0.012254,0.211156,0.538893,0.104445,0.011479,0.024918,0.092138,0.002631,0.002086
N20003624,0.045750,0.193442,0.504042,0.064918,0.036671,0.018392,0.120580,0.009455,0.006748
N20003625,0.010113,0.229892,0.512602,0.122824,0.009656,0.032847,0.078104,0.002201,0.001762
N20003626,0.008209,0.090140,0.695606,0.052792,0.012520,0.010950,0.125638,0.002305,0.001839
N20003627,0.013774,0.241364,0.479276,0.142511,0.012560,0.031660,0.073644,0.002895,0.002316
N20003628,0.031813,0.132354,0.588880,0.067263,0.032447,0.016725,0.117427,0.007489,0.005601
N20003629,0.009076,0.102952,0.675301,0.058861,0.012125,0.010842,0.126607,0.002359,0.001877
N20003630,0.006332,0.070195,0.729796,0.038051,0.009191,0.007550,0.135805,0.001719,0.001360
N20003631,0.036481,0.137202,0.576866,0.061677,0.031605,0.013105,0.129672,0.007697,0.005695
N20003632,0.068326,0.158073,0.501612,0.057854,0.053974,0.017549,0.118644,0.014009,0.009959
N20003633,0.030534,0.514856,0.153447,0.176313,0.010672,0.087883,0.019113,0.004214,0.002967
N20003634,0.011837,0.200657,0.550614,0.120247,0.007930,0.023575,0.081552,0.001957,0.001631
N20003635,0.023029,0.415100,0.266015,0.176941,0.012345,0.058496,0.041262,0.003946,0.002867
N20003636,0.018924,0.070898,0.682379,0.028865,0.023032,0.007200,0.160359,0.004784,0.003560
N20003637,0.017737,0.158049,0.593506,0.081877,0.018381,0.020584,0.102544,0.004139,0.003183
N20003638,0.015857,0.144271,0.627836,0.067071,0.013442,0.017821,0.108005,0.003187,0.002511
N20003639,0.014499,0.117199,0.662816,0.066939,0.015300,0.014958,0.102549,0.003138,0.002602
N20003640,0.139093,0.319337,0.232386,0.107343,0.065736,0.044992,0.054686,0.021668,0.014759
N20003641,0.031426,0.215753,0.508459,0.097175,0.021347,0.026521,0.089342,0.005632,0.004346
N20003642,0.077353,0.307750,0.330335,0.113259,0.037323,0.036037,0.077077,0.012383,0.008483
N20003643,0.016642,0.471202,0.169723,0.226358,0.007958,0.079861,0.023776,0.002528,0.001953
N20003644,0.028223,0.377733,0.285403,0.185155,0.018202,0.049695,0.046260,0.005430,0.003899
N20003645,0.015260,0.250826,0.472387,0.143608,0.011342,0.031227,0.070264,0.002825,0.002262
N20003646,0.010872,0.295281,0.438887,0.139131,0.009484,0.041376,0.060820,0.002335,0.001814
N20003647,0.011116,0.109121,0.682619,0.058904,0.011565,0.012829,0.109354,0.002489,0.002002
N20003648,0.024424,0.347150,0.317981,0.189027,0.016328,0.050684,0.046371,0.004534,0.003501
N20003649,0.037515,0.250227,0.461067,0.110537,0.021080,0.033683,0.075382,0.005886,0.004623
N20003650,0.019803,0.368060,0.325300,0.170223,0.012250,0.049843,0.048560,0.003332,0.002631
N20003651,0.029517,0.487569,0.264871,0.116325,0.010263,0.046375,0.038282,0.003937,0.002860
N20003652,0.019173,0.425787,0.243792,0.199431,0.008871,0.065181,0.032747,0.002825,0.002192
N20003653,0.045409,0.595878,0.105287,0.145447,0.014519,0.065832,0.017133,0.006260,0.004236
N20003654,0.046095,0.471893,0.204338,0.154380,0.018962,0.059359,0.032839,0.007207,0.004928
N20003655,0.015727,0.477181,0.233728,0.154960,0.009302,0.067665,0.036442,0.002902,0.002093
N20003656,0.032550,0.647772,0.059396,0.159303,0.008440,0.076647,0.009168,0.004010,0.002715
N20003657,0.036568,0.553810,0.124458,0.181485,0.012274,0.063187,0.019926,0.004820,0.003472
N20003658,0.012043,0.448799,0.228147,0.203060,0.006973,0.066649,0.030729,0.002033,0.001568
N20003659,0.033653,0.606030,0.075933,0.177844,0.010111,0.076951,0.012071,0.004385,0.003023
N20003660,0.051502,0.565611,0.120516,0.147905,0.017710,0.064868,0.019461,0.007383,0.005044
N20003661,0.047918,0.475949,0.187753,0.159261,0.019628,0.061580,0.036292,0.006753,0.004867
N20003662,0.038594,0.576554,0.065228,0.203309,0.012681,0.085066,0.009577,0.005319,0.003672
N20003663,0.041758,0.485906,0.206035,0.137797,0.016231,0.069376,0.032334,0.006274,0.004290
N20003664,0.021164,0.553437,0.129042,0.185506,0.006829,0.082199,0.017152,0.002687,0.001983
N20003665,0.031733,0.532161,0.155988,0.169519,0.010523,0.069840,0.022876,0.004351,0.003008
N20003666,0.030001,0.553284,0.125563,0.173563,0.008832,0.086595,0.015673,0.003813,0.002676
N20003667,0.024632,0.438840,0.218480,0.200730,0.010434,0.070833,0.029909,0.003470,0.002673
N20003668,0.029359,0.569957,0.128956,0.155631,0.009279,0.081866,0.018318,0.003913,0.002722
N20003669,0.020235,0.322576,0.381907,0.149710,0.014113,0.049467,0.055159,0.003870,0.002962
N20003670,0.026307,0.441210,0.273892,0.139922,0.012119,0.050683,0.048734,0.004150,0.002983
N20003671,0.022439,0.357349,0.369850,0.128102,0.012234,0.048525,0.054880,0.003795,0.002825
N20003672,0.029124,0.405898,0.253271,0.185987,0.015351,0.065586,0.036427,0.004718,0.003639
N20003673,0.013996,0.459319,0.262272,0.150301,0.006473,0.068757,0.035152,0.002104,0.001626
N20003674,0.015521,0.399088,0.301577,0.172509,0.008165,0.058923,0.039816,0.002466,0.001935
N20003675,0.008949,0.359262,0.366763,0.145055,0.005463,0.063135,0.048563,0.001583,0.001227
N20003676,0.016160,0.388887,0.344787,0.138131,0.008004,0.049534,0.050021,0.002537,0.001938
N20003677,0.029522,0.616143,0.062924,0.175130,0.007874,0.093272,0.009010,0.003623,0.002503
N20003678,0.023977,0.308524,0.407443,0.133808,0.015847,0.039249,0.063564,0.004249,0.003340
N20003679,0.027455,0.465570,0.075014,0.322042,0.007272,0.090027,0.007747,0.002642,0.002231
N20003680,0.020336,0.302923,0.367742,0.189955,0.016529,0.037623,0.057857,0.003889,0.003145
N20003681,0.009320,0.251454,0.448149,0.172155,0.008513,0.035923,0.071021,0.001892,0.001574
N20003682,0.022930,0.455202,0.147098,0.273035,0.011585,0.065273,0.018609,0.003514,0.002753
N20003683,0.015669,0.325604,0.340552,0.210445,0.007803,0.054363,0.041655,0.002098,0.001811
N20003684,0.011918,0.258339,0.422209,0.198221,0.010133,0.037582,0.057434,0.002250,0.001915
N20003685,0.015899,0.286321,0.378658,0.210278,0.011167,0.043863,0.048944,0.002593,0.002277
N20003686,0.025828,0.381948,0.212193,0.270879,0.012002,0.065457,0.025349,0.003432,0.002912
N20003687,0.022375,0.373364,0.267003,0.218176,0.012354,0.065171,0.035445,0.003337,0.002774
N20003688,0.010651,0.317972,0.332135,0.236394,0.008398,0.046012,0.044809,0.001980,0.001651
N20003689,0.015986,0.344962,0.329019,0.208362,0.007997,0.045388,0.044105,0.002293,0.001888
N20003690,0.015451,0.402956,0.208227,0.270580,0.007618,0.065881,0.025299,0.002169,0.001819
N20003691,0.017107,0.379655,0.238745,0.254925,0.006366,0.075948,0.023634,0.001927,0.001692
N20003692,0.015527,0.439246,0.170722,0.261871,0.007937,0.078463,0.022054,0.002308,0.001873
N20003693,0.005841,0.172315,0.576741,0.128398,0.007597,0.021246,0.085227,0.001434,0.001202
N20003694,0.028441,0.396009,0.197892,0.266701,0.012902,0.065241,0.025872,0.003798,0.003143
N20003695,0.015739,0.345733,0.291280,0.239102,0.007461,0.062683,0.034084,0.002125,0.001792
N20003696,0.015485,0.305433,0.350840,0.210910,0.009832,0.060280,0.042612,0.002512,0.002096
N20003697,0.011948,0.275594,0.391923,0.204549,0.011023,0.039488,0.060951,0.002486,0.002038
N20003698,0.020594,0.405467,0.216170,0.254901,0.009924,0.060672,0.026928,0.002951,0.002394
N20003699,0.027701,0.438350,0.184806,0.235552,0.010628,0.072966,0.023785,0.003431,0.002780
N20003700,0.017320,0.345240,0.303294,0.226528,0.011012,0.050607,0.040827,0.002827,0.002346
N20003701,0.018242,0.375426,0.222021,0.267791,0.010953,0.071920,0.028318,0.002901,0.002428
N20003702,0.015719,0.372796,0.235777,0.271829,0.008292,0.059650,0.031705,0.002311,0.001922
N20003703,0.030048,0.303875,0.385474,0.159635,0.016673,0.038211,0.057708,0.004660,0.003715
N20003704,0.009585,0.220626,0.492471,0.165236,0.009823,0.030016,0.068532,0.001991,0.001720
N20003705,0.021534,0.380561,0.240579,0.249344,0.012117,0.056415,0.033404,0.003326,0.002720
N20003706,0.017035,0.294112,0.357964,0.213603,0.012962,0.049220,0.049529,0.003015,0.002560
N20003707,0.017288,0.441078,0.199391,0.241889,0.008421,0.061436,0.025897,0.002556,0.002043
N20003708,0.026195,0.313574,0.329278,0.218413,0.014627,0.046785,0.043919,0.003939,0.003270
N20003709,0.027641,0.371302,0.267470,0.217814,0.015036,0.055899,0.037225,0.004216,0.003396
N20003710,0.024315,0.330207,0.328163,0.208256,0.010209,0.053799,0.039496,0.002999,0.002556
N20003711,0.031713,0.517184,0.071956,0.282743,0.010499,0.069272,0.009925,0.003773,0.002935
N20003712,0.023882,0.303394,0.360107,0.196461,0.016859,0.043157,0.048518,0.004176,0.003446
N20003713,0.017380,0.422810,0.246512,0.215570,0.009304,0.050498,0.032979,0.002776,0.002171
N20003714,0.012849,0.392204,0.249881,0.235505,0.007187,0.066829,0.031987,0.001930,0.001628
N20003715,0.017668,0.384362,0.303361,0.186244,0.010052,0.050393,0.042783,0.002866,0.002271
N20003716,0.018768,0.421342,0.230979,0.221900,0.009211,0.058863,0.034014,0.002737,0.002186
N20003717,0.009262,0.225995,0.511478,0.131474,0.007515,0.034752,0.076351,0.001718,0.001455
N20003718,0.018680,0.429033,0.214531,0.237871,0.007402,0.060908,0.027314,0.002328,0.001933
N20003719,0.010415,0.257161,0.444174,0.174924,0.007775,0.038380,0.063789,0.001836,0.001546
N20003720,0.032338,0.590275,0.035553,0.239211,0.006780,0.085734,0.004626,0.003148,0.002335
N20003721,0.029737,0.270973,0.370843,0.195474,0.027597,0.040093,0.054320,0.005921,0.005042
N20003722,0.020058,0.358317,0.294319,0.216892,0.013421,0.050797,0.039883,0.003494,0.002819
N20003723,0.022712,0.552173,0.056789,0.274562,0.006114,0.075867,0.007443,0.002443,0.001898
N20003724,0.011624,0.492197,0.062627,0.340910,0.003635,0.080361,0.006358,0.001234,0.001054
N20003725,0.021686,0.438482,0.198061,0.231085,0.009639,0.069960,0.025912,0.002812,0.002363
N20003726,0.016238,0.408005,0.239733,0.228767,0.007581,0.066321,0.029336,0.002168,0.001850
N20003727,0.021579,0.479165,0.102838,0.287179,0.008340,0.084539,0.011514,0.002627,0.002218
N20003728,0.015415,0.388333,0.233822,0.261347,0.009148,0.056830,0.030679,0.002399,0.002026
N20003729,0.018021,0.387935,0.254408,0.232754,0.008936,0.059450,0.033961,0.002445,0.002091
N20003730,0.012182,0.492784,0.224481,0.169768,0.009017,0.067098,0.022145,0.001219,0.001307
N20003731,0.013924,0.457699,0.212534,0.163572,0.014556,0.120033,0.014407,0.001635,0.001639
N20003732,0.021261,0.590944,0.131873,0.150622,0.014292,0.071684,0.014853,0.002292,0.002178
N20003733,0.013928,0.586887,0.148640,0.136229,0.008802,0.089466,0.013285,0.001377,0.001387
N20003734,0.010041,0.642007,0.087235,0.153019,0.005471,0.092261,0.008097,0.000932,0.000936
N20003735,0.017496,0.677821,0.033250,0.155677,0.007620,0.101892,0.003235,0.001571,0.001438
N20003736,0.010851,0.525287,0.239236,0.114154,0.006572,0.080297,0.021510,0.001035,0.001058
N20003737,0.011897,0.512222,0.178034,0.145279,0.014262,0.121783,0.013323,0.001663,0.001538
N20003738,0.010733,0.482556,0.233437,0.150396,0.008568,0.097649,0.014466,0.001115,0.001079
N20003739,0.010244,0.417428,0.335869,0.118678,0.011765,0.076796,0.026581,0.001357,0.001281
N20003740,0.012566,0.385277,0.339909,0.127686,0.014906,0.094497,0.022023,0.001562,0.001575
N20003741,0.020496,0.524582,0.118073,0.180870,0.015413,0.128986,0.007491,0.002098,0.001991
N20003742,0.013575,0.538138,0.138010,0.184619,0.012237,0.100842,0.009480,0.001610,0.001489
N20003743,0.014546,0.467736,0.195879,0.186504,0.014125,0.104508,0.013452,0.001616,0.001634
N20003744,0.026430,0.320188,0.388701,0.131532,0.033626,0.064526,0.028026,0.003523,0.003448
N20003745,0.015963,0.526949,0.118373,0.184821,0.012174,0.130907,0.007583,0.001657,0.001573
N20003746,0.021300,0.376414,0.315991,0.141129,0.029368,0.087051,0.022805,0.003010,0.002931
N20003747,0.014965,0.399813,0.292358,0.145609,0.016932,0.107907,0.018777,0.001815,0.001824
N20003748,0.007531,0.537646,0.125679,0.176298,0.007372,0.136402,0.007309,0.000892,0.000871
N20003749,0.023647,0.473718,0.222753,0.143243,0.027075,0.086106,0.017449,0.003116,0.002893
N20003750,0.019085,0.604838,0.035028,0.198656,0.008846,0.128347,0.002287,0.001513,0.001399
N20003751,0.015819,0.596793,0.083573,0.169872,0.009108,0.116353,0.005737,0.001427,0.001319
N20003752,0.024070,0.497280,0.129543,0.199585,0.019216,0.117358,0.008130,0.002409,0.002409
N20003753,0.019100,0.556051,0.131810,0.162107,0.015010,0.102334,0.009635,0.002052,0.001901
N20003754,0.017262,0.543223,0.126545,0.185253,0.013363,0.102466,0.008342,0.001840,0.001707
N20003755,0.016537,0.358597,0.373736,0.115520,0.022213,0.080556,0.028343,0.002297,0.002200
N20003756,0.190143,0.161624,0.308712,0.067113,0.173844,0.030754,0.026897,0.021483,0.019430
N20003757,0.019602,0.565727,0.145529,0.138009,0.014654,0.101243,0.011279,0.002072,0.001885
N20003758,0.013245,0.566545,0.164911,0.133026,0.010353,0.097569,0.011582,0.001449,0.001320
N20003759,0.355386,0.137550,0.147354,0.057051,0.202747,0.029815,0.011978,0.030868,0.027250
N20003760,0.246638,0.129517,0.218636,0.072595,0.233399,0.024978,0.018838,0.029432,0.025966
N20003761,0.050730,0.430633,0.204917,0.157622,0.039134,0.091808,0.015331,0.005021,0.004805
N20003762,0.011437,0.659143,0.072982,0.084640,0.006340,0.158860,0.004723,0.000962,0.000914
N20003763,0.221832,0.205460,0.204569,0.085414,0.175326,0.047569,0.015854,0.022961,0.021016
N20003764,0.009387,0.644881,0.009759,0.076986,0.002891,0.254511,0.000501,0.000552,0.000534
N20003765,0.022752,0.650627,0.025198,0.071483,0.006727,0.219242,0.001420,0.001314,0.001238
N20003766,0.017353,0.629137,0.045174,0.108276,0.007680,0.187248,0.002652,0.001263,0.001218
N20003767,0.033526,0.564931,0.088426,0.146946,0.020183,0.134150,0.006111,0.002945,0.002782
N20003768,0.013029,0.637973,0.035992,0.084439,0.005178,0.219789,0.001864,0.000880,0.000856
N20003769,0.110858,0.401152,0.157759,0.134733,0.065535,0.100338,0.010989,0.009590,0.009045
N20003770,0.041426,0.471262,0.179360,0.159922,0.031977,0.092968,0.014768,0.004337,0.003980
N20003771,0.154518,0.137672,0.381968,0.075286,0.156899,0.029049,0.030588,0.017249,0.016771
N20003772,0.090786,0.418878,0.167234,0.135935,0.059054,0.099649,0.011846,0.008698,0.007920
N20003773,0.279052,0.076044,0.226206,0.042730,0.276948,0.017146,0.019675,0.032363,0.029836
N20003774,0.290822,0.109370,0.185774,0.056050,0.254774,0.026492,0.015926,0.031805,0.028987
N20003775,0.433185,0.039257,0.125731,0.021710,0.284686,0.008575,0.010279,0.040892,0.035685
N20003776,0.526493,0.040275,0.034153,0.023597,0.277479,0.010515,0.002920,0.045952,0.038616
N20003777,0.432328,0.019299,0.073799,0.009655,0.360877,0.004033,0.006737,0.051615,0.041658
N20003778,0.397101,0.035282,0.154548,0.020955,0.297719,0.007736,0.012641,0.038974,0.035044
N20003779,0.364379,0.031577,0.132419,0.015449,0.353677,0.006128,0.013396,0.045118,0.037857
N20003780,0.321431,0.116354,0.162136,0.062236,0.237286,0.027278,0.012898,0.031389,0.028991
