code,pc_code,pc_name,share,split
N20000001,N06000014,South Antrim,0.999864,0
N20000002,N06000014,South Antrim,0.99959,0
N20000003,N06000014,South Antrim,0.999829,0
N20000004,N06000014,South Antrim,0.999816,0
N20000005,N06000014,South Antrim,0.999961,0
N20000006,N06000014,South Antrim,1.0,0
N20000007,N06000014,South Antrim,0.99996,0
N20000008,N06000014,South Antrim,1.0,0
N20000009,N06000014,South Antrim,0.999991,0
N20000010,N06000014,South Antrim,1.0,0
N20000011,N06000014,South Antrim,1.0,0
N20000012,N06000014,South Antrim,1.0,0
N20000013,N06000014,South Antrim,1.0,0
N20000014,N06000014,South Antrim,1.0,0
N20000015,N06000014,South Antrim,0.999975,0
N20000016,N06000014,South Antrim,1.0,0
N20000017,N06000014,South Antrim,1.0,0
N20000018,N06000014,South Antrim,1.0,0
N20000019,N06000014,South Antrim,1.0,0
N20000020,N06000014,South Antrim,1.0,0
N20000021,N06000014,South Antrim,1.0,0
N20000022,N06000014,South Antrim,1.0,0
N20000023,N06000014,South Antrim,1.0,0
N20000024,N06000014,South Antrim,1.0,0
N20000025,N06000014,South Antrim,1.0,0
N20000026,N06000014,South Antrim,1.0,0
N20000027,N06000014,South Antrim,1.0,0
N20000028,N06000014,South Antrim,1.0,0
N20000029,N06000014,South Antrim,1.0,0
N20000030,N06000014,South Antrim,1.0,0
N20000031,N06000014,South Antrim,1.0,0
N20000032,N06000014,South Antrim,1.0,0
N20000033,N06000014,South Antrim,1.0,0
N20000034,N06000014,South Antrim,1.0,0
N20000035,N06000014,South Antrim,1.0,0
N20000036,N06000014,South Antrim,1.0,0
N20000037,N06000014,South Antrim,1.0,0
N20000038,N06000014,South Antrim,1.0,0
N20000039,N06000014,South Antrim,1.0,0
N20000040,N06000014,South Antrim,1.0,0
N20000041,N06000014,South Antrim,1.0,0
N20000042,N06000014,South Antrim,1.0,0
N20000043,N06000014,South Antrim,1.0,0
N20000044,N06000014,South Antrim,1.0,0
N20000045,N06000014,South Antrim,1.0,0
N20000046,N06000014,South Antrim,1.0,0
N20000047,N06000014,South Antrim,1.0,0
N20000048,N06000014,South Antrim,1.0,0
N20000049,N06000014,South Antrim,1.0,0
N20000050,N06000014,South Antrim,1.0,0
N20000051,N06000014,South Antrim,1.0,0
N20000052,N06000014,South Antrim,1.0,0
N20000053,N06000014,South Antrim,1.0,0
N20000054,N06000014,South Antrim,1.0,0
N20000055,N06000014,South Antrim,1.0,0
N20000056,N06000014,South Antrim,1.0,0
N20000057,N06000014,South Antrim,1.0,0
N20000058,N06000014,South Antrim,1.0,0
N20000059,N06000014,South Antrim,1.0,0
N20000060,N06000014,South Antrim,1.0,0
N20000061,N06000014,South Antrim,1.0,0
N20000062,N06000014,South Antrim,1.0,0
N20000063,N06000014,South Antrim,1.0,0
N20000064,N06000014,South Antrim,1.0,0
N20000065,N06000014,South Antrim,1.0,0
N20000066,N06000014,South Antrim,1.0,0
N20000067,N06000014,South Antrim,1.0,0
N20000068,N06000014,South Antrim,1.0,0
N20000069,N06000014,South Antrim,1.0,0
N20000070,N06000014,South Antrim,1.0,0
N20000071,N06000014,South Antrim,1.0,0
N20000072,N06000014,South Antrim,1.0,0
N20000073,N06000014,South Antrim,1.0,0
N20000074,N06000014,South Antrim,1.0,0
N20000075,N06000014,South Antrim,1.0,0
N20000076,N06000014,South Antrim,1.0,0
N20000077,N06000014,South Antrim,1.0,0
N20000078,N06000014,South Antrim,1.0,0
N20000079,N06000014,South Antrim,1.0,0
N20000080,N06000014,South Antrim,1.0,0
N20000081,N06000014,South Antrim,1.0,0
N20000082,N06000014,South Antrim,1.0,0
N20000083,N06000014,South Antrim,1.0,0
N20000084,N06000014,South Antrim,1.0,0
N20000085,N06000014,South Antrim,1.0,0
N20000086,N06000014,South Antrim,0.999531,0
N20000087,N06000014,South Antrim,0.999841,0
N20000088,N06000014,South Antrim,0.999849,0
N20000089,N06000014,South Antrim,0.999823,0
N20000090,N06000014,South Antrim,1.0,0
N20000091,N06000014,South Antrim,1.0,0
N20000092,N06000014,South Antrim,1.0,0
N20000093,N06000014,South Antrim,1.0,0
N20000094,N06000014,South Antrim,1.0,0
N20000095,N06000014,South Antrim,1.0,0
N20000096,N06000014,South Antrim,1.0,0
N20000097,N06000014,South Antrim,1.0,0
N20000098,N06000014,South Antrim,1.0,0
N20000099,N06000014,South Antrim,1.0,0
N20000100,N06000014,South Antrim,0.999846,0
N20000101,N06000014,South Antrim,1.0,0
N20000102,N06000014,South Antrim,1.0,0
N20000103,N06000014,South Antrim,1.0,0
N20000104,N06000014,South Antrim,1.0,0
N20000105,N06000014,South Antrim,1.0,0
N20000106,N06000014,South Antrim,1.0,0
N20000107,N06000014,South Antrim,1.0,0
N20000108,N06000014,South Antrim,1.0,0
N20000109,N06000014,South Antrim,1.0,0
N20000110,N06000014,South Antrim,1.0,0
N20000111,N06000014,South Antrim,1.0,0
N20000112,N06000014,South Antrim,1.0,0
N20000113,N06000014,South Antrim,1.0,0
N20000114,N06000014,South Antrim,1.0,0
N20000115,N06000014,South Antrim,1.0,0
N20000116,N06000014,South Antrim,1.0,0
N20000117,N06000014,South Antrim,1.0,0
N20000118,N06000014,South Antrim,1.0,0
N20000119,N06000014,South Antrim,1.0,0
N20000120,N06000014,South Antrim,1.0,0
N20000121,N06000014,South Antrim,0.999948,0
N20000122,N06000014,South Antrim,1.0,0
N20000123,N06000014,South Antrim,1.0,0
N20000124,N06000014,South Antrim,1.0,0
N20000125,N06000014,South Antrim,0.992419,0
N20000126,N06000005,East Antrim,0.998651,0
N20000127,N06000014,South Antrim,1.0,0
N20000128,N06000005,East Antrim,0.998726,0
N20000129,N06000014,South Antrim,1.0,0
N20000130,N06000014,South Antrim,1.0,0
N20000131,N06000014,South Antrim,1.0,0
N20000132,N06000005,East Antrim,0.973919,0
N20000133,N06000005,East Antrim,0.999891,0
N20000134,N06000005,East Antrim,0.964932,0
N20000135,N06000014,South Antrim,1.0,0
N20000136,N06000014,South Antrim,1.0,0
N20000137,N06000005,East Antrim,0.999887,0
N20000138,N06000005,East Antrim,1.0,0
N20000139,N06000014,South Antrim,0.75953,1
N20000140,N06000005,East Antrim,1.0,0
N20000141,N06000014,South Antrim,1.0,0
N20000142,N06000014,South Antrim,1.0,0
N20000143,N06000005,East Antrim,1.0,0
N20000144,N06000014,South Antrim,1.0,0
N20000145,N06000014,South Antrim,1.0,0
N20000146,N06000005,East Antrim,1.0,0
N20000147,N06000014,South Antrim,1.0,0
N20000148,N06000014,South Antrim,1.0,0
N20000149,N06000005,East Antrim,1.0,0
N20000150,N06000005,East Antrim,1.0,0
N20000151,N06000014,South Antrim,1.0,0
N20000152,N06000005,East Antrim,1.0,0
N20000153,N06000005,East Antrim,0.999993,0
N20000154,N06000014,South Antrim,1.0,0
N20000155,N06000005,East Antrim,1.0,0
N20000156,N06000014,South Antrim,0.999974,0
N20000157,N06000014,South Antrim,0.9375,1
N20000158,N06000005,East Antrim,1.0,0
N20000159,N06000005,East Antrim,1.0,0
N20000160,N06000005,East Antrim,1.0,0
N20000161,N06000005,East Antrim,0.99991,0
N20000162,N06000005,East Antrim,1.0,0
N20000163,N06000005,East Antrim,0.999181,0
N20000164,N06000002,Belfast North,0.897705,1
N20000165,N06000002,Belfast North,0.99995,0
N20000166,N06000005,East Antrim,1.0,0
N20000167,N06000005,East Antrim,1.0,0
N20000168,N06000002,Belfast North,0.998604,0
N20000169,N06000005,East Antrim,1.0,0
N20000170,N06000002,Belfast North,0.999293,0
N20000171,N06000005,East Antrim,0.996358,0
N20000172,N06000005,East Antrim,1.0,0
N20000173,N06000002,Belfast North,0.894608,1
N20000174,N06000002,Belfast North,1.0,0
N20000175,N06000002,Belfast North,0.999783,0
N20000176,N06000002,Belfast North,1.0,0
N20000177,N06000005,East Antrim,0.652587,1
N20000178,N06000002,Belfast North,0.997933,0
N20000179,N06000002,Belfast North,0.999146,0
N20000180,N06000002,Belfast North,1.0,0
N20000181,N06000002,Belfast North,1.0,0
N20000182,N06000002,Belfast North,1.0,0
N20000183,N06000002,Belfast North,1.0,0
N20000184,N06000002,Belfast North,1.0,0
N20000185,N06000002,Belfast North,1.0,0
N20000186,N06000002,Belfast North,1.0,0
N20000187,N06000002,Belfast North,1.0,0
N20000188,N06000002,Belfast North,1.0,0
N20000189,N06000002,Belfast North,1.0,0
N20000190,N06000002,Belfast North,1.0,0
N20000191,N06000002,Belfast North,1.0,0
N20000192,N06000002,Belfast North,1.0,0
N20000193,N06000002,Belfast North,1.0,0
N20000194,N06000002,Belfast North,1.0,0
N20000195,N06000002,Belfast North,1.0,0
N20000196,N06000002,Belfast North,1.0,0
N20000197,N06000002,Belfast North,1.0,0
N20000198,N06000002,Belfast North,1.0,0
N20000199,N06000002,Belfast North,1.0,0
N20000200,N06000002,Belfast North,1.0,0
N20000201,N06000002,Belfast North,1.0,0
N20000202,N06000002,Belfast North,1.0,0
N20000203,N06000002,Belfast North,1.0,0
N20000204,N06000002,Belfast North,1.0,0
N20000205,N06000002,Belfast North,1.0,0
N20000206,N06000002,Belfast North,1.0,0
N20000207,N06000002,Belfast North,1.0,0
N20000208,N06000002,Belfast North,1.0,0
N20000209,N06000002,Belfast North,1.0,0
N20000210,N06000002,Belfast North,1.0,0
N20000211,N06000014,South Antrim,1.0,0
N20000212,N06000014,South Antrim,1.0,0
N20000213,N06000014,South Antrim,1.0,0
N20000214,N06000014,South Antrim,1.0,0
N20000215,N06000014,South Antrim,1.0,0
N20000216,N06000014,South Antrim,1.0,0
N20000217,N06000014,South Antrim,0.68613,1
N20000218,N06000014,South Antrim,0.99945,0
N20000219,N06000014,South Antrim,1.0,0
N20000220,N06000014,South Antrim,1.0,0
N20000221,N06000014,South Antrim,0.999347,0
N20000222,N06000002,Belfast North,0.99974,0
N20000223,N06000014,South Antrim,1.0,0
N20000224,N06000014,South Antrim,0.673812,1
N20000225,N06000002,Belfast North,0.999985,0
N20000226,N06000014,South Antrim,0.995369,0
N20000227,N06000002,Belfast North,0.661854,1
N20000228,N06000002,Belfast North,0.999655,0
N20000229,N06000002,Belfast North,0.998217,0
N20000230,N06000002,Belfast North,0.988303,0
N20000231,N06000002,Belfast North,0.999954,0
N20000232,N06000002,Belfast North,1.0,0
N20000233,N06000002,Belfast North,1.0,0
N20000234,N06000002,Belfast North,0.997924,0
N20000235,N06000002,Belfast North,1.0,0
N20000236,N06000002,Belfast North,1.0,0
N20000237,N06000002,Belfast North,1.0,0
N20000238,N06000002,Belfast North,1.0,0
N20000239,N06000002,Belfast North,0.999996,0
N20000240,N06000002,Belfast North,1.0,0
N20000241,N06000002,Belfast North,1.0,0
N20000242,N06000002,Belfast North,1.0,0
N20000243,N06000002,Belfast North,1.0,0
N20000244,N06000002,Belfast North,1.0,0
N20000245,N06000002,Belfast North,1.0,0
N20000246,N06000002,Belfast North,1.0,0
N20000247,N06000002,Belfast North,0.999969,0
N20000248,N06000014,South Antrim,0.778803,1
N20000249,N06000002,Belfast North,1.0,0
N20000250,N06000002,Belfast North,1.0,0
N20000251,N06000014,South Antrim,0.996529,0
N20000252,N06000002,Belfast North,0.999807,0
N20000253,N06000002,Belfast North,1.0,0
N20000254,N06000002,Belfast North,1.0,0
N20000255,N06000002,Belfast North,0.995649,0
N20000256,N06000002,Belfast North,0.969961,0
N20000257,N06000014,South Antrim,1.0,0
N20000258,N06000014,South Antrim,1.0,0
N20000259,N06000014,South Antrim,1.0,0
N20000260,N06000014,South Antrim,1.0,0
N20000261,N06000014,South Antrim,1.0,0
N20000262,N06000014,South Antrim,1.0,0
N20000263,N06000014,South Antrim,1.0,0
N20000264,N06000014,South Antrim,1.0,0
N20000265,N06000014,South Antrim,1.0,0
N20000266,N06000014,South Antrim,1.0,0
N20000267,N06000014,South Antrim,1.0,0
N20000268,N06000014,South Antrim,1.0,0
N20000269,N06000014,South Antrim,1.0,0
N20000270,N06000014,South Antrim,0.999988,0
N20000271,N06000014,South Antrim,1.0,0
N20000272,N06000014,South Antrim,1.0,0
N20000273,N06000014,South Antrim,1.0,0
N20000274,N06000014,South Antrim,1.0,0
N20000275,N06000014,South Antrim,1.0,0
N20000276,N06000014,South Antrim,1.0,0
N20000277,N06000014,South Antrim,1.0,0
N20000278,N06000014,South Antrim,0.999945,0
N20000279,N06000014,South Antrim,1.0,0
N20000280,N06000014,South Antrim,1.0,0
N20000281,N06000014,South Antrim,1.0,0
N20000282,N06000014,South Antrim,1.0,0
N20000283,N06000014,South Antrim,1.0,0
N20000284,N06000014,South Antrim,1.0,0
N20000285,N06000014,South Antrim,0.999974,0
N20000286,N06000014,South Antrim,1.0,0
N20000287,N06000014,South Antrim,1.0,0
N20000288,N06000014,South Antrim,1.0,0
N20000289,N06000014,South Antrim,1.0,0
N20000290,N06000014,South Antrim,1.0,0
N20000291,N06000014,South Antrim,1.0,0
N20000292,N06000014,South Antrim,1.0,0
N20000293,N06000014,South Antrim,1.0,0
N20000294,N06000014,South Antrim,1.0,0
N20000295,N06000011,Newry And Armagh,0.999956,0
N20000296,N06000011,Newry And Armagh,1.0,0
N20000297,N06000011,Newry And Armagh,0.999968,0
N20000298,N06000011,Newry And Armagh,1.0,0
N20000299,N06000011,Newry And Armagh,0.999795,0
N20000300,N06000011,Newry And Armagh,0.999996,0
N20000301,N06000011,Newry And Armagh,0.999981,0
N20000302,N06000011,Newry And Armagh,1.0,0
N20000303,N06000011,Newry And Armagh,1.0,0
N20000304,N06000011,Newry And Armagh,1.0,0
N20000305,N06000011,Newry And Armagh,1.0,0
N20000306,N06000011,Newry And Armagh,1.0,0
N20000307,N06000011,Newry And Armagh,1.0,0
N20000308,N06000011,Newry And Armagh,1.0,0
N20000309,N06000011,Newry And Armagh,1.0,0
N20000310,N06000011,Newry And Armagh,1.0,0
N20000311,N06000011,Newry And Armagh,1.0,0
N20000312,N06000011,Newry And Armagh,1.0,0
N20000313,N06000011,Newry And Armagh,1.0,0
N20000314,N06000011,Newry And Armagh,1.0,0
N20000315,N06000011,Newry And Armagh,1.0,0
N20000316,N06000011,Newry And Armagh,1.0,0
N20000317,N06000011,Newry And Armagh,1.0,0
N20000318,N06000011,Newry And Armagh,1.0,0
N20000319,N06000011,Newry And Armagh,1.0,0
N20000320,N06000011,Newry And Armagh,1.0,0
N20000321,N06000011,Newry And Armagh,1.0,0
N20000322,N06000011,Newry And Armagh,1.0,0
N20000323,N06000011,Newry And Armagh,1.0,0
N20000324,N06000011,Newry And Armagh,1.0,0
N20000325,N06000011,Newry And Armagh,1.0,0
N20000326,N06000011,Newry And Armagh,1.0,0
N20000327,N06000011,Newry And Armagh,1.0,0
N20000328,N06000011,Newry And Armagh,1.0,0
N20000329,N06000011,Newry And Armagh,1.0,0
N20000330,N06000011,Newry And Armagh,1.0,0
N20000331,N06000011,Newry And Armagh,1.0,0
N20000332,N06000011,Newry And Armagh,1.0,0
N20000333,N06000011,Newry And Armagh,1.0,0
N20000334,N06000011,Newry And Armagh,1.0,0
N20000335,N06000011,Newry And Armagh,1.0,0
N20000336,N06000011,Newry And Armagh,1.0,0
N20000337,N06000011,Newry And Armagh,1.0,0
N20000338,N06000011,Newry And Armagh,1.0,0
N20000339,N06000011,Newry And Armagh,1.0,0
N20000340,N06000011,Newry And Armagh,0.999871,0
N20000341,N06000011,Newry And Armagh,1.0,0
N20000342,N06000011,Newry And Armagh,1.0,0
N20000343,N06000011,Newry And Armagh,1.0,0
N20000344,N06000011,Newry And Armagh,1.0,0
N20000345,N06000011,Newry And Armagh,1.0,0
N20000346,N06000011,Newry And Armagh,1.0,0
N20000347,N06000011,Newry And Armagh,1.0,0
N20000348,N06000011,Newry And Armagh,1.0,0
N20000349,N06000011,Newry And Armagh,1.0,0
N20000350,N06000011,Newry And Armagh,1.0,0
N20000351,N06000011,Newry And Armagh,1.0,0
N20000352,N06000011,Newry And Armagh,1.0,0
N20000353,N06000011,Newry And Armagh,1.0,0
N20000354,N06000011,Newry And Armagh,1.0,0
N20000355,N06000011,Newry And Armagh,1.0,0
N20000356,N06000017,Upper Bann,0.77424,1
N20000357,N06000007,Fermanagh And South Tyrone,0.983896,0
N20000358,N06000017,Upper Bann,1.0,0
N20000359,N06000017,Upper Bann,1.0,0
N20000360,N06000017,Upper Bann,1.0,0
N20000361,N06000007,Fermanagh And South Tyrone,0.948299,1
N20000362,N06000007,Fermanagh And South Tyrone,0.833158,1
N20000363,N06000011,Newry And Armagh,0.519652,1
N20000364,N06000017,Upper Bann,1.0,0
N20000365,N06000017,Upper Bann,1.0,0
N20000366,N06000017,Upper Bann,0.871841,1
N20000367,N06000011,Newry And Armagh,0.968981,0
N20000368,N06000017,Upper Bann,1.0,0
N20000369,N06000011,Newry And Armagh,0.897387,1
N20000370,N06000017,Upper Bann,1.0,0
N20000371,N06000017,Upper Bann,1.0,0
N20000372,N06000017,Upper Bann,1.0,0
N20000373,N06000017,Upper Bann,1.0,0
N20000374,N06000017,Upper Bann,1.0,0
N20000375,N06000017,Upper Bann,1.0,0
N20000376,N06000017,Upper Bann,1.0,0
N20000377,N06000017,Upper Bann,1.0,0
N20000378,N06000017,Upper Bann,1.0,0
N20000379,N06000017,Upper Bann,1.0,0
N20000380,N06000017,Upper Bann,1.0,0
N20000381,N06000017,Upper Bann,1.0,0
N20000382,N06000017,Upper Bann,1.0,0
N20000383,N06000017,Upper Bann,0.594554,1
N20000384,N06000017,Upper Bann,1.0,0
N20000385,N06000017,Upper Bann,1.0,0
N20000386,N06000017,Upper Bann,1.0,0
N20000387,N06000017,Upper Bann,1.0,0
N20000388,N06000017,Upper Bann,1.0,0
N20000389,N06000017,Upper Bann,1.0,0
N20000390,N06000017,Upper Bann,1.0,0
N20000391,N06000017,Upper Bann,1.0,0
N20000392,N06000017,Upper Bann,1.0,0
N20000393,N06000017,Upper Bann,1.0,0
N20000394,N06000017,Upper Bann,1.0,0
N20000395,N06000017,Upper Bann,1.0,0
N20000396,N06000017,Upper Bann,1.0,0
N20000397,N06000017,Upper Bann,1.0,0
N20000398,N06000017,Upper Bann,1.0,0
N20000399,N06000017,Upper Bann,1.0,0
N20000400,N06000017,Upper Bann,1.0,0
N20000401,N06000011,Newry And Armagh,1.0,0
N20000402,N06000017,Upper Bann,1.0,0
N20000403,N06000017,Upper Bann,1.0,0
N20000404,N06000017,Upper Bann,1.0,0
N20000405,N06000017,Upper Bann,1.0,0
N20000406,N06000017,Upper Bann,1.0,0
N20000407,N06000017,Upper Bann,1.0,0
N20000408,N06000011,Newry And Armagh,1.0,0
N20000409,N06000017,Upper Bann,1.0,0
N20000410,N06000017,Upper Bann,1.0,0
N20000411,N06000017,Upper Bann,1.0,0
N20000412,N06000017,Upper Bann,1.0,0
N20000413,N06000017,Upper Bann,1.0,0
N20000414,N06000017,Upper Bann,1.0,0
N20000415,N06000017,Upper Bann,1.0,0
N20000416,N06000011,Newry And Armagh,0.946396,1
N20000417,N06000017,Upper Bann,1.0,0
N20000418,N06000011,Newry And Armagh,1.0,0
N20000419,N06000017,Upper Bann,0.967674,0
N20000420,N06000017,Upper Bann,0.696676,1
N20000421,N06000017,Upper Bann,1.0,0
N20000422,N06000017,Upper Bann,1.0,0
N20000423,N06000017,Upper Bann,1.0,0
N20000424,N06000017,Upper Bann,1.0,0
N20000425,N06000017,Upper Bann,1.0,0
N20000426,N06000017,Upper Bann,1.0,0
N20000427,N06000017,Upper Bann,1.0,0
N20000428,N06000017,Upper Bann,1.0,0
N20000429,N06000017,Upper Bann,1.0,0
N20000430,N06000017,Upper Bann,1.0,0
N20000431,N06000017,Upper Bann,1.0,0
N20000432,N06000017,Upper Bann,1.0,0
N20000433,N06000017,Upper Bann,1.0,0
N20000434,N06000017,Upper Bann,1.0,0
N20000435,N06000017,Upper Bann,1.0,0
N20000436,N06000017,Upper Bann,1.0,0
N20000437,N06000017,Upper Bann,1.0,0
N20000438,N06000017,Upper Bann,1.0,0
N20000439,N06000017,Upper Bann,1.0,0
N20000440,N06000017,Upper Bann,1.0,0
N20000441,N06000017,Upper Bann,1.0,0
N20000442,N06000017,Upper Bann,1.0,0
N20000443,N06000017,Upper Bann,1.0,0
N20000444,N06000017,Upper Bann,1.0,0
N20000445,N06000017,Upper Bann,1.0,0
N20000446,N06000017,Upper Bann,1.0,0
N20000447,N06000017,Upper Bann,1.0,0
N20000448,N06000017,Upper Bann,1.0,0
N20000449,N06000017,Upper Bann,1.0,0
N20000450,N06000017,Upper Bann,1.0,0
N20000451,N06000017,Upper Bann,1.0,0
N20000452,N06000017,Upper Bann,1.0,0
N20000453,N06000017,Upper Bann,1.0,0
N20000454,N06000017,Upper Bann,1.0,0
N20000455,N06000017,Upper Bann,1.0,0
N20000456,N06000017,Upper Bann,1.0,0
N20000457,N06000017,Upper Bann,1.0,0
N20000458,N06000017,Upper Bann,1.0,0
N20000459,N06000017,Upper Bann,1.0,0
N20000460,N06000017,Upper Bann,1.0,0
N20000461,N06000017,Upper Bann,1.0,0
N20000462,N06000017,Upper Bann,1.0,0
N20000463,N06000017,Upper Bann,1.0,0
N20000464,N06000017,Upper Bann,1.0,0
N20000465,N06000017,Upper Bann,1.0,0
N20000466,N06000017,Upper Bann,1.0,0
N20000467,N06000017,Upper Bann,1.0,0
N20000468,N06000017,Upper Bann,1.0,0
N20000469,N06000017,Upper Bann,1.0,0
N20000470,N06000017,Upper Bann,1.0,0
N20000471,N06000017,Upper Bann,1.0,0
N20000472,N06000017,Upper Bann,1.0,0
N20000473,N06000017,Upper Bann,1.0,0
N20000474,N06000017,Upper Bann,1.0,0
N20000475,N06000017,Upper Bann,0.999962,0
N20000476,N06000017,Upper Bann,0.999968,0
N20000477,N06000017,Upper Bann,1.0,0
N20000478,N06000017,Upper Bann,0.999948,0
N20000479,N06000017,Upper Bann,1.0,0
N20000480,N06000017,Upper Bann,1.0,0
N20000481,N06000017,Upper Bann,1.0,0
N20000482,N06000017,Upper Bann,0.999916,0
N20000483,N06000017,Upper Bann,1.0,0
N20000484,N06000017,Upper Bann,1.0,0
N20000485,N06000017,Upper Bann,1.0,0
N20000486,N06000017,Upper Bann,1.0,0
N20000487,N06000017,Upper Bann,1.0,0
N20000488,N06000017,Upper Bann,1.0,0
N20000489,N06000017,Upper Bann,1.0,0
N20000490,N06000017,Upper Bann,1.0,0
N20000491,N06000017,Upper Bann,1.0,0
N20000492,N06000017,Upper Bann,1.0,0
N20000493,N06000017,Upper Bann,1.0,0
N20000494,N06000017,Upper Bann,1.0,0
N20000495,N06000017,Upper Bann,1.0,0
N20000496,N06000017,Upper Bann,1.0,0
N20000497,N06000017,Upper Bann,1.0,0
N20000498,N06000017,Upper Bann,1.0,0
N20000499,N06000017,Upper Bann,1.0,0
N20000500,N06000017,Upper Bann,1.0,0
N20000501,N06000017,Upper Bann,1.0,0
N20000502,N06000017,Upper Bann,1.0,0
N20000503,N06000017,Upper Bann,1.0,0
N20000504,N06000017,Upper Bann,1.0,0
N20000505,N06000017,Upper Bann,1.0,0
N20000506,N06000017,Upper Bann,1.0,0
N20000507,N06000017,Upper Bann,1.0,0
N20000508,N06000017,Upper Bann,1.0,0
N20000509,N06000017,Upper Bann,1.0,0
N20000510,N06000017,Upper Bann,1.0,0
N20000511,N06000017,Upper Bann,1.0,0
N20000512,N06000017,Upper Bann,1.0,0
N20000513,N06000017,Upper Bann,1.0,0
N20000514,N06000017,Upper Bann,1.0,0
N20000515,N06000017,Upper Bann,1.0,0
N20000516,N06000017,Upper Bann,1.0,0
N20000517,N06000017,Upper Bann,1.0,0
N20000518,N06000017,Upper Bann,1.0,0
N20000519,N06000017,Upper Bann,1.0,0
N20000520,N06000017,Upper Bann,1.0,0
N20000521,N06000017,Upper Bann,0.999963,0
N20000522,N06000017,Upper Bann,1.0,0
N20000523,N06000017,Upper Bann,1.0,0
N20000524,N06000017,Upper Bann,1.0,0
N20000525,N06000017,Upper Bann,1.0,0
N20000526,N06000017,Upper Bann,1.0,0
N20000527,N06000017,Upper Bann,1.0,0
N20000528,N06000017,Upper Bann,1.0,0
N20000529,N06000017,Upper Bann,1.0,0
N20000530,N06000017,Upper Bann,1.0,0
N20000531,N06000017,Upper Bann,1.0,0
N20000532,N06000017,Upper Bann,1.0,0
N20000533,N06000017,Upper Bann,1.0,0
N20000534,N06000017,Upper Bann,1.0,0
N20000535,N06000017,Upper Bann,1.0,0
N20000536,N06000017,Upper Bann,1.0,0
N20000537,N06000017,Upper Bann,1.0,0
N20000538,N06000017,Upper Bann,1.0,0
N20000539,N06000017,Upper Bann,1.0,0
N20000540,N06000017,Upper Bann,1.0,0
N20000541,N06000017,Upper Bann,1.0,0
N20000542,N06000017,Upper Bann,1.0,0
N20000543,N06000017,Upper Bann,1.0,0
N20000544,N06000017,Upper Bann,1.0,0
N20000545,N06000017,Upper Bann,1.0,0
N20000546,N06000017,Upper Bann,1.0,0
N20000547,N06000017,Upper Bann,1.0,0
N20000548,N06000017,Upper Bann,1.0,0
N20000549,N06000017,Upper Bann,1.0,0
N20000550,N06000017,Upper Bann,1.0,0
N20000551,N06000017,Upper Bann,1.0,0
N20000552,N06000017,Upper Bann,1.0,0
N20000553,N06000017,Upper Bann,1.0,0
N20000554,N06000017,Upper Bann,1.0,0
N20000555,N06000017,Upper Bann,1.0,0
N20000556,N06000017,Upper Bann,1.0,0
N20000557,N06000017,Upper Bann,1.0,0
N20000558,N06000017,Upper Bann,1.0,0
N20000559,N06000017,Upper Bann,1.0,0
N20000560,N06000009,Lagan Valley,1.0,0
N20000561,N06000017,Upper Bann,1.0,0
N20000562,N06000017,Upper Bann,0.779665,1
N20000563,N06000009,Lagan Valley,1.0,0
N20000564,N06000017,Upper Bann,1.0,0
N20000565,N06000009,Lagan Valley,1.0,0
N20000566,N06000009,Lagan Valley,1.0,0
N20000567,N06000017,Upper Bann,1.0,0
N20000568,N06000009,Lagan Valley,1.0,0
N20000569,N06000017,Upper Bann,1.0,0
N20000570,N06000009,Lagan Valley,1.0,0
N20000571,N06000009,Lagan Valley,1.0,0
N20000572,N06000017,Upper Bann,1.0,0
N20000573,N06000009,Lagan Valley,1.0,0
N20000574,N06000009,Lagan Valley,1.0,0
N20000575,N06000009,Lagan Valley,1.0,0
N20000576,N06000009,Lagan Valley,1.0,0
N20000577,N06000009,Lagan Valley,1.0,0
N20000578,N06000009,Lagan Valley,1.0,0
N20000579,N06000009,Lagan Valley,0.99491,0
N20000580,N06000017,Upper Bann,1.0,0
N20000581,N06000017,Upper Bann,0.999894,0
N20000582,N06000009,Lagan Valley,1.0,0
N20000583,N06000009,Lagan Valley,1.0,0
N20000584,N06000009,Lagan Valley,1.0,0
N20000585,N06000009,Lagan Valley,0.589187,1
N20000586,N06000009,Lagan Valley,0.999817,0
N20000587,N06000009,Lagan Valley,1.0,0
N20000588,N06000009,Lagan Valley,0.949785,1
N20000589,N06000009,Lagan Valley,1.0,0
N20000590,N06000009,Lagan Valley,0.999848,0
N20000591,N06000009,Lagan Valley,0.645426,1
N20000592,N06000015,South Down,0.753029,1
N20000593,N06000015,South Down,1.0,0
N20000594,N06000017,Upper Bann,1.0,0
N20000595,N06000017,Upper Bann,0.999826,0
N20000596,N06000017,Upper Bann,1.0,0
N20000597,N06000017,Upper Bann,1.0,0
N20000598,N06000017,Upper Bann,1.0,0
N20000599,N06000017,Upper Bann,1.0,0
N20000600,N06000017,Upper Bann,1.0,0
N20000601,N06000017,Upper Bann,1.0,0
N20000602,N06000017,Upper Bann,1.0,0
N20000603,N06000017,Upper Bann,1.0,0
N20000604,N06000017,Upper Bann,1.0,0
N20000605,N06000017,Upper Bann,1.0,0
N20000606,N06000017,Upper Bann,1.0,0
N20000607,N06000017,Upper Bann,1.0,0
N20000608,N06000017,Upper Bann,1.0,0
N20000609,N06000017,Upper Bann,1.0,0
N20000610,N06000017,Upper Bann,1.0,0
N20000611,N06000017,Upper Bann,1.0,0
N20000612,N06000017,Upper Bann,1.0,0
N20000613,N06000017,Upper Bann,1.0,0
N20000614,N06000015,South Down,0.748018,1
N20000615,N06000017,Upper Bann,1.0,0
N20000616,N06000017,Upper Bann,1.0,0
N20000617,N06000017,Upper Bann,1.0,0
N20000618,N06000017,Upper Bann,1.0,0
N20000619,N06000017,Upper Bann,1.0,0
N20000620,N06000017,Upper Bann,1.0,0
N20000621,N06000017,Upper Bann,1.0,0
N20000622,N06000017,Upper Bann,1.0,0
N20000623,N06000017,Upper Bann,1.0,0
N20000624,N06000017,Upper Bann,1.0,0
N20000625,N06000017,Upper Bann,1.0,0
N20000626,N06000017,Upper Bann,1.0,0
N20000627,N06000017,Upper Bann,1.0,0
N20000628,N06000017,Upper Bann,1.0,0
N20000629,N06000017,Upper Bann,0.999929,0
N20000630,N06000017,Upper Bann,1.0,0
N20000631,N06000017,Upper Bann,1.0,0
N20000632,N06000017,Upper Bann,1.0,0
N20000633,N06000017,Upper Bann,1.0,0
N20000634,N06000017,Upper Bann,1.0,0
N20000635,N06000017,Upper Bann,1.0,0
N20000636,N06000017,Upper Bann,1.0,0
N20000637,N06000017,Upper Bann,1.0,0
N20000638,N06000017,Upper Bann,1.0,0
N20000639,N06000017,Upper Bann,1.0,0
N20000640,N06000017,Upper Bann,1.0,0
N20000641,N06000017,Upper Bann,0.999248,0
N20000642,N06000017,Upper Bann,1.0,0
N20000643,N06000017,Upper Bann,1.0,0
N20000644,N06000017,Upper Bann,0.999932,0
N20000645,N06000015,South Down,0.953171,0
N20000646,N06000017,Upper Bann,1.0,0
N20000647,N06000017,Upper Bann,0.689834,1
N20000648,N06000015,South Down,0.760047,1
N20000649,N06000017,Upper Bann,0.995679,0
N20000650,N06000015,South Down,1.0,0
N20000651,N06000015,South Down,1.0,0
N20000652,N06000017,Upper Bann,0.965228,0
N20000653,N06000015,South Down,1.0,0
N20000654,N06000011,Newry And Armagh,0.999236,0
N20000655,N06000015,South Down,1.0,0
N20000656,N06000015,South Down,1.0,0
N20000657,N06000015,South Down,1.0,0
N20000658,N06000015,South Down,1.0,0
N20000659,N06000015,South Down,1.0,0
N20000660,N06000015,South Down,1.0,0
N20000661,N06000015,South Down,1.0,0
N20000662,N06000015,South Down,1.0,0
N20000663,N06000015,South Down,1.0,0
N20000664,N06000011,Newry And Armagh,0.999935,0
N20000665,N06000011,Newry And Armagh,1.0,0
N20000666,N06000011,Newry And Armagh,1.0,0
N20000667,N06000011,Newry And Armagh,0.999766,0
N20000668,N06000011,Newry And Armagh,1.0,0
N20000669,N06000011,Newry And Armagh,1.0,0
N20000670,N06000011,Newry And Armagh,1.0,0
N20000671,N06000011,Newry And Armagh,1.0,0
N20000672,N06000011,Newry And Armagh,0.999938,0
N20000673,N06000011,Newry And Armagh,1.0,0
N20000674,N06000011,Newry And Armagh,1.0,0
N20000675,N06000011,Newry And Armagh,1.0,0
N20000676,N06000011,Newry And Armagh,0.999966,0
N20000677,N06000011,Newry And Armagh,1.0,0
N20000678,N06000011,Newry And Armagh,1.0,0
N20000679,N06000011,Newry And Armagh,1.0,0
N20000680,N06000011,Newry And Armagh,1.0,0
N20000681,N06000011,Newry And Armagh,1.0,0
N20000682,N06000011,Newry And Armagh,1.0,0
N20000683,N06000011,Newry And Armagh,1.0,0
N20000684,N06000011,Newry And Armagh,1.0,0
N20000685,N06000011,Newry And Armagh,0.999981,0
N20000686,N06000011,Newry And Armagh,1.0,0
N20000687,N06000011,Newry And Armagh,1.0,0
N20000688,N06000011,Newry And Armagh,1.0,0
N20000689,N06000011,Newry And Armagh,1.0,0
N20000690,N06000011,Newry And Armagh,1.0,0
N20000691,N06000011,Newry And Armagh,1.0,0
N20000692,N06000011,Newry And Armagh,0.999994,0
N20000693,N06000011,Newry And Armagh,1.0,0
N20000694,N06000011,Newry And Armagh,1.0,0
N20000695,N06000011,Newry And Armagh,1.0,0
N20000696,N06000011,Newry And Armagh,1.0,0
N20000697,N06000011,Newry And Armagh,1.0,0
N20000698,N06000011,Newry And Armagh,1.0,0
N20000699,N06000011,Newry And Armagh,1.0,0
N20000700,N06000011,Newry And Armagh,1.0,0
N20000701,N06000011,Newry And Armagh,1.0,0
N20000702,N06000011,Newry And Armagh,1.0,0
N20000703,N06000011,Newry And Armagh,1.0,0
N20000704,N06000011,Newry And Armagh,1.0,0
N20000705,N06000011,Newry And Armagh,1.0,0
N20000706,N06000011,Newry And Armagh,1.0,0
N20000707,N06000011,Newry And Armagh,1.0,0
N20000708,N06000011,Newry And Armagh,1.0,0
N20000709,N06000011,Newry And Armagh,1.0,0
N20000710,N06000011,Newry And Armagh,1.0,0
N20000711,N06000002,Belfast North,0.999922,0
N20000712,N06000002,Belfast North,0.999513,0
N20000713,N06000002,Belfast North,1.0,0
N20000714,N06000002,Belfast North,1.0,0
N20000715,N06000002,Belfast North,1.0,0
N20000716,N06000002,Belfast North,1.0,0
N20000717,N06000002,Belfast North,1.0,0
N20000718,N06000002,Belfast North,1.0,0
N20000719,N06000002,Belfast North,1.0,0
N20000720,N06000002,Belfast North,1.0,0
N20000721,N06000002,Belfast North,1.0,0
N20000722,N06000002,Belfast North,1.0,0
N20000723,N06000002,Belfast North,1.0,0
N20000724,N06000002,Belfast North,1.0,0
N20000725,N06000002,Belfast North,1.0,0
N20000726,N06000002,Belfast North,1.0,0
N20000727,N06000002,Belfast North,1.0,0
N20000728,N06000002,Belfast North,1.0,0
N20000729,N06000002,Belfast North,1.0,0
N20000730,N06000002,Belfast North,1.0,0
N20000731,N06000002,Belfast North,0.999981,0
N20000732,N06000002,Belfast North,1.0,0
N20000733,N06000002,Belfast North,1.0,0
N20000734,N06000002,Belfast North,1.0,0
N20000735,N06000002,Belfast North,1.0,0
N20000736,N06000002,Belfast North,1.0,0
N20000737,N06000002,Belfast North,1.0,0
N20000738,N06000002,Belfast North,1.0,0
N20000739,N06000002,Belfast North,1.0,0
N20000740,N06000002,Belfast North,1.0,0
N20000741,N06000002,Belfast North,1.0,0
N20000742,N06000002,Belfast North,1.0,0
N20000743,N06000002,Belfast North,1.0,0
N20000744,N06000002,Belfast North,1.0,0
N20000745,N06000002,Belfast North,1.0,0
N20000746,N06000002,Belfast North,1.0,0
N20000747,N06000002,Belfast North,1.0,0
N20000748,N06000002,Belfast North,1.0,0
N20000749,N06000002,Belfast North,1.0,0
N20000750,N06000002,Belfast North,1.0,0
N20000751,N06000002,Belfast North,1.0,0
N20000752,N06000002,Belfast North,1.0,0
N20000753,N06000002,Belfast North,1.0,0
N20000754,N06000002,Belfast North,1.0,0
N20000755,N06000002,Belfast North,1.0,0
N20000756,N06000002,Belfast North,1.0,0
N20000757,N06000002,Belfast North,1.0,0
N20000758,N06000002,Belfast North,1.0,0
N20000759,N06000002,Belfast North,1.0,0
N20000760,N06000002,Belfast North,1.0,0
N20000761,N06000002,Belfast North,1.0,0
N20000762,N06000002,Belfast North,1.0,0
N20000763,N06000002,Belfast North,1.0,0
N20000764,N06000002,Belfast North,1.0,0
N20000765,N06000002,Belfast North,1.0,0
N20000766,N06000002,Belfast North,1.0,0
N20000767,N06000002,Belfast North,1.0,0
N20000768,N06000002,Belfast North,1.0,0
N20000769,N06000002,Belfast North,1.0,0
N20000770,N06000002,Belfast North,1.0,0
N20000771,N06000002,Belfast North,1.0,0
N20000772,N06000002,Belfast North,1.0,0
N20000773,N06000002,Belfast North,1.0,0
N20000774,N06000002,Belfast North,1.0,0
N20000775,N06000002,Belfast North,1.0,0
N20000776,N06000002,Belfast North,1.0,0
N20000777,N06000002,Belfast North,1.0,0
N20000778,N06000002,Belfast North,1.0,0
N20000779,N06000002,Belfast North,1.0,0
N20000780,N06000002,Belfast North,1.0,0
N20000781,N06000002,Belfast North,1.0,0
N20000782,N06000002,Belfast North,1.0,0
N20000783,N06000002,Belfast North,1.0,0
N20000784,N06000002,Belfast North,1.0,0
N20000785,N06000002,Belfast North,0.998466,0
N20000786,N06000002,Belfast North,1.0,0
N20000787,N06000002,Belfast North,1.0,0
N20000788,N06000002,Belfast North,1.0,0
N20000789,N06000002,Belfast North,1.0,0
N20000790,N06000002,Belfast North,1.0,0
N20000791,N06000002,Belfast North,1.0,0
N20000792,N06000002,Belfast North,1.0,0
N20000793,N06000002,Belfast North,1.0,0
N20000794,N06000002,Belfast North,1.0,0
N20000795,N06000002,Belfast North,1.0,0
N20000796,N06000002,Belfast North,1.0,0
N20000797,N06000002,Belfast North,1.0,0
N20000798,N06000002,Belfast North,1.0,0
N20000799,N06000002,Belfast North,1.0,0
N20000800,N06000002,Belfast North,1.0,0
N20000801,N06000002,Belfast North,1.0,0
N20000802,N06000002,Belfast North,1.0,0
N20000803,N06000002,Belfast North,1.0,0
N20000804,N06000002,Belfast North,1.0,0
N20000805,N06000002,Belfast North,1.0,0
N20000806,N06000002,Belfast North,1.0,0
N20000807,N06000002,Belfast North,1.0,0
N20000808,N06000002,Belfast North,1.0,0
N20000809,N06000002,Belfast North,1.0,0
N20000810,N06000002,Belfast North,1.0,0
N20000811,N06000002,Belfast North,1.0,0
N20000812,N06000002,Belfast North,1.0,0
N20000813,N06000002,Belfast North,1.0,0
N20000814,N06000002,Belfast North,1.0,0
N20000815,N06000002,Belfast North,1.0,0
N20000816,N06000002,Belfast North,1.0,0
N20000817,N06000002,Belfast North,1.0,0
N20000818,N06000002,Belfast North,1.0,0
N20000819,N06000002,Belfast North,1.0,0
N20000820,N06000002,Belfast North,1.0,0
N20000821,N06000002,Belfast North,1.0,0
N20000822,N06000002,Belfast North,1.0,0
N20000823,N06000002,Belfast North,1.0,0
N20000824,N06000002,Belfast North,1.0,0
N20000825,N06000002,Belfast North,1.0,0
N20000826,N06000002,Belfast North,1.0,0
N20000827,N06000002,Belfast North,1.0,0
N20000828,N06000002,Belfast North,1.0,0
N20000829,N06000002,Belfast North,1.0,0
N20000830,N06000002,Belfast North,1.0,0
N20000831,N06000002,Belfast North,1.0,0
N20000832,N06000002,Belfast North,1.0,0
N20000833,N06000002,Belfast North,1.0,0
N20000834,N06000002,Belfast North,1.0,0
N20000835,N06000002,Belfast North,1.0,0
N20000836,N06000002,Belfast North,1.0,0
N20000837,N06000002,Belfast North,1.0,0
N20000838,N06000002,Belfast North,1.0,0
N20000839,N06000002,Belfast North,1.0,0
N20000840,N06000002,Belfast North,1.0,0
N20000841,N06000002,Belfast North,1.0,0
N20000842,N06000002,Belfast North,1.0,0
N20000843,N06000002,Belfast North,1.0,0
N20000844,N06000002,Belfast North,1.0,0
N20000845,N06000002,Belfast North,1.0,0
N20000846,N06000002,Belfast North,1.0,0
N20000847,N06000002,Belfast North,1.0,0
N20000848,N06000002,Belfast North,1.0,0
N20000849,N06000002,Belfast North,1.0,0
N20000850,N06000002,Belfast North,1.0,0
N20000851,N06000002,Belfast North,1.0,0
N20000852,N06000002,Belfast North,1.0,0
N20000853,N06000002,Belfast North,1.0,0
N20000854,N06000002,Belfast North,1.0,0
N20000855,N06000002,Belfast North,1.0,0
N20000856,N06000001,Belfast East,0.999988,0
N20000857,N06000001,Belfast East,0.999959,0
N20000858,N06000001,Belfast East,1.0,0
N20000859,N06000001,Belfast East,1.0,0
N20000860,N06000001,Belfast East,1.0,0
N20000861,N06000001,Belfast East,1.0,0
N20000862,N06000001,Belfast East,1.0,0
N20000863,N06000001,Belfast East,1.0,0
N20000864,N06000001,Belfast East,1.0,0
N20000865,N06000001,Belfast East,1.0,0
N20000866,N06000001,Belfast East,1.0,0
N20000867,N06000001,Belfast East,1.0,0
N20000868,N06000001,Belfast East,1.0,0
N20000869,N06000001,Belfast East,1.0,0
N20000870,N06000001,Belfast East,1.0,0
N20000871,N06000001,Belfast East,1.0,0
N20000872,N06000001,Belfast East,1.0,0
N20000873,N06000001,Belfast East,1.0,0
N20000874,N06000001,Belfast East,1.0,0
N20000875,N06000001,Belfast East,1.0,0
N20000876,N06000001,Belfast East,1.0,0
N20000877,N06000001,Belfast East,1.0,0
N20000878,N06000001,Belfast East,1.0,0
N20000879,N06000001,Belfast East,1.0,0
N20000880,N06000001,Belfast East,1.0,0
N20000881,N06000001,Belfast East,1.0,0
N20000882,N06000001,Belfast East,0.99997,0
N20000883,N06000001,Belfast East,1.0,0
N20000884,N06000001,Belfast East,1.0,0
N20000885,N06000001,Belfast East,1.0,0
N20000886,N06000001,Belfast East,1.0,0
N20000887,N06000001,Belfast East,1.0,0
N20000888,N06000001,Belfast East,1.0,0
N20000889,N06000001,Belfast East,1.0,0
N20000890,N06000001,Belfast East,1.0,0
N20000891,N06000001,Belfast East,1.0,0
N20000892,N06000001,Belfast East,1.0,0
N20000893,N06000001,Belfast East,1.0,0
N20000894,N06000001,Belfast East,1.0,0
N20000895,N06000001,Belfast East,1.0,0
N20000896,N06000001,Belfast East,1.0,0
N20000897,N06000001,Belfast East,1.0,0
N20000898,N06000001,Belfast East,1.0,0
N20000899,N06000001,Belfast East,1.0,0
N20000900,N06000001,Belfast East,1.0,0
N20000901,N06000001,Belfast East,1.0,0
N20000902,N06000001,Belfast East,1.0,0
N20000903,N06000001,Belfast East,1.0,0
N20000904,N06000001,Belfast East,0.758553,1
N20000905,N06000001,Belfast East,1.0,0
N20000906,N06000001,Belfast East,1.0,0
N20000907,N06000001,Belfast East,1.0,0
N20000908,N06000001,Belfast East,1.0,0
N20000909,N06000001,Belfast East,1.0,0
N20000910,N06000001,Belfast East,1.0,0
N20000911,N06000001,Belfast East,1.0,0
N20000912,N06000003,Belfast South,0.955785,0
N20000913,N06000003,Belfast South,0.999615,0
N20000914,N06000001,Belfast East,1.0,0
N20000915,N06000001,Belfast East,1.0,0
N20000916,N06000001,Belfast East,1.0,0
N20000917,N06000001,Belfast East,1.0,0
N20000918,N06000003,Belfast South,1.0,0
N20000919,N06000001,Belfast East,0.819014,1
N20000920,N06000001,Belfast East,1.0,0
N20000921,N06000001,Belfast East,1.0,0
N20000922,N06000003,Belfast South,0.999982,0
N20000923,N06000001,Belfast East,1.0,0
N20000924,N06000003,Belfast South,1.0,0
N20000925,N06000001,Belfast East,1.0,0
N20000926,N06000001,Belfast East,1.0,0
N20000927,N06000001,Belfast East,1.0,0
N20000928,N06000003,Belfast South,1.0,0
N20000929,N06000001,Belfast East,1.0,0
N20000930,N06000001,Belfast East,0.505519,1
N20000931,N06000003,Belfast South,0.99997,0
N20000932,N06000001,Belfast East,1.0,0
N20000933,N06000001,Belfast East,1.0,0
N20000934,N06000003,Belfast South,1.0,0
N20000935,N06000001,Belfast East,1.0,0
N20000936,N06000001,Belfast East,0.99992,0
N20000937,N06000001,Belfast East,1.0,0
N20000938,N06000003,Belfast South,0.999935,0
N20000939,N06000003,Belfast South,1.0,0
N20000940,N06000003,Belfast South,0.999957,0
N20000941,N06000003,Belfast South,1.0,0
N20000942,N06000003,Belfast South,1.0,0
N20000943,N06000003,Belfast South,0.999975,0
N20000944,N06000003,Belfast South,1.0,0
N20000945,N06000001,Belfast East,0.522406,1
N20000946,N06000013,North Down,0.798652,1
N20000947,N06000001,Belfast East,1.0,0
N20000948,N06000001,Belfast East,1.0,0
N20000949,N06000001,Belfast East,1.0,0
N20000950,N06000001,Belfast East,1.0,0
N20000951,N06000001,Belfast East,1.0,0
N20000952,N06000001,Belfast East,0.999891,0
N20000953,N06000001,Belfast East,1.0,0
N20000954,N06000001,Belfast East,1.0,0
N20000955,N06000001,Belfast East,0.999877,0
N20000956,N06000001,Belfast East,1.0,0
N20000957,N06000001,Belfast East,1.0,0
N20000958,N06000001,Belfast East,1.0,0
N20000959,N06000001,Belfast East,1.0,0
N20000960,N06000001,Belfast East,0.999898,0
N20000961,N06000001,Belfast East,1.0,0
N20000962,N06000001,Belfast East,1.0,0
N20000963,N06000001,Belfast East,1.0,0
N20000964,N06000001,Belfast East,1.0,0
N20000965,N06000001,Belfast East,1.0,0
N20000966,N06000001,Belfast East,1.0,0
N20000967,N06000001,Belfast East,1.0,0
N20000968,N06000001,Belfast East,1.0,0
N20000969,N06000001,Belfast East,1.0,0
N20000970,N06000001,Belfast East,1.0,0
N20000971,N06000001,Belfast East,1.0,0
N20000972,N06000001,Belfast East,1.0,0
N20000973,N06000001,Belfast East,1.0,0
N20000974,N06000001,Belfast East,1.0,0
N20000975,N06000001,Belfast East,1.0,0
N20000976,N06000001,Belfast East,1.0,0
N20000977,N06000001,Belfast East,1.0,0
N20000978,N06000001,Belfast East,1.0,0
N20000979,N06000001,Belfast East,1.0,0
N20000980,N06000001,Belfast East,1.0,0
N20000981,N06000001,Belfast East,1.0,0
N20000982,N06000001,Belfast East,1.0,0
N20000983,N06000001,Belfast East,1.0,0
N20000984,N06000001,Belfast East,1.0,0
N20000985,N06000001,Belfast East,1.0,0
N20000986,N06000001,Belfast East,1.0,0
N20000987,N06000001,Belfast East,1.0,0
N20000988,N06000001,Belfast East,1.0,0
N20000989,N06000001,Belfast East,1.0,0
N20000990,N06000001,Belfast East,1.0,0
N20000991,N06000001,Belfast East,1.0,0
N20000992,N06000001,Belfast East,1.0,0
N20000993,N06000001,Belfast East,1.0,0
N20000994,N06000001,Belfast East,1.0,0
N20000995,N06000001,Belfast East,1.0,0
N20000996,N06000001,Belfast East,1.0,0
N20000997,N06000001,Belfast East,1.0,0
N20000998,N06000001,Belfast East,1.0,0
N20000999,N06000001,Belfast East,1.0,0
N20001000,N06000001,Belfast East,1.0,0
N20001001,N06000001,Belfast East,1.0,0
N20001002,N06000001,Belfast East,1.0,0
N20001003,N06000001,Belfast East,1.0,0
N20001004,N06000001,Belfast East,1.0,0
N20001005,N06000001,Belfast East,1.0,0
N20001006,N06000001,Belfast East,1.0,0
N20001007,N06000001,Belfast East,1.0,0
N20001008,N06000001,Belfast East,1.0,0
N20001009,N06000001,Belfast East,1.0,0
N20001010,N06000001,Belfast East,1.0,0
N20001011,N06000001,Belfast East,1.0,0
N20001012,N06000001,Belfast East,1.0,0
N20001013,N06000001,Belfast East,1.0,0
N20001014,N06000001,Belfast East,1.0,0
N20001015,N06000001,Belfast East,1.0,0
N20001016,N06000001,Belfast East,1.0,0
N20001017,N06000001,Belfast East,1.0,0
N20001018,N06000001,Belfast East,1.0,0
N20001019,N06000001,Belfast East,0.999208,0
N20001020,N06000001,Belfast East,1.0,0
N20001021,N06000003,Belfast South,0.999527,0
N20001022,N06000001,Belfast East,1.0,0
N20001023,N06000001,Belfast East,1.0,0
N20001024,N06000003,Belfast South,1.0,0
N20001025,N06000001,Belfast East,1.0,0
N20001026,N06000003,Belfast South,1.0,0
N20001027,N06000003,Belfast South,1.0,0
N20001028,N06000001,Belfast East,0.868606,1
N20001029,N06000003,Belfast South,1.0,0
N20001030,N06000003,Belfast South,1.0,0
N20001031,N06000001,Belfast East,1.0,0
N20001032,N06000003,Belfast South,1.0,0
N20001033,N06000001,Belfast East,1.0,0
N20001034,N06000001,Belfast East,1.0,0
N20001035,N06000003,Belfast South,1.0,0
N20001036,N06000003,Belfast South,0.996837,0
N20001037,N06000003,Belfast South,0.999156,0
N20001038,N06000001,Belfast East,0.8593,1
N20001039,N06000001,Belfast East,1.0,0
N20001040,N06000001,Belfast East,0.999986,0
N20001041,N06000001,Belfast East,0.998814,0
N20001042,N06000003,Belfast South,0.980129,0
N20001043,N06000001,Belfast East,1.0,0
N20001044,N06000001,Belfast East,0.992694,0
N20001045,N06000001,Belfast East,1.0,0
N20001046,N06000001,Belfast East,1.0,0
N20001047,N06000001,Belfast East,1.0,0
N20001048,N06000001,Belfast East,1.0,0
N20001049,N06000003,Belfast South,0.613139,1
N20001050,N06000003,Belfast South,0.731544,1
N20001051,N06000001,Belfast East,0.998905,0
N20001052,N06000003,Belfast South,1.0,0
N20001053,N06000003,Belfast South,0.518586,1
N20001054,N06000001,Belfast East,1.0,0
N20001055,N06000001,Belfast East,0.998508,0
N20001056,N06000001,Belfast East,0.99885,0
N20001057,N06000003,Belfast South,1.0,0
N20001058,N06000001,Belfast East,0.999409,0
N20001059,N06000003,Belfast South,1.0,0
N20001060,N06000001,Belfast East,1.0,0
N20001061,N06000003,Belfast South,1.0,0
N20001062,N06000003,Belfast South,1.0,0
N20001063,N06000003,Belfast South,0.861731,1
N20001064,N06000003,Belfast South,1.0,0
N20001065,N06000003,Belfast South,0.891517,1
N20001066,N06000003,Belfast South,1.0,0
N20001067,N06000001,Belfast East,0.999832,0
N20001068,N06000003,Belfast South,0.818349,1
N20001069,N06000003,Belfast South,1.0,0
N20001070,N06000003,Belfast South,1.0,0
N20001071,N06000003,Belfast South,1.0,0
N20001072,N06000003,Belfast South,1.0,0
N20001073,N06000003,Belfast South,1.0,0
N20001074,N06000003,Belfast South,0.998135,0
N20001075,N06000003,Belfast South,1.0,0
N20001076,N06000003,Belfast South,1.0,0
N20001077,N06000003,Belfast South,1.0,0
N20001078,N06000003,Belfast South,1.0,0
N20001079,N06000003,Belfast South,0.630399,1
N20001080,N06000003,Belfast South,0.630321,1
N20001081,N06000003,Belfast South,0.999897,0
N20001082,N06000003,Belfast South,1.0,0
N20001083,N06000003,Belfast South,1.0,0
N20001084,N06000003,Belfast South,0.999891,0
N20001085,N06000003,Belfast South,1.0,0
N20001086,N06000003,Belfast South,1.0,0
N20001087,N06000003,Belfast South,1.0,0
N20001088,N06000003,Belfast South,1.0,0
N20001089,N06000003,Belfast South,1.0,0
N20001090,N06000003,Belfast South,1.0,0
N20001091,N06000003,Belfast South,1.0,0
N20001092,N06000003,Belfast South,0.999695,0
N20001093,N06000003,Belfast South,1.0,0
N20001094,N06000003,Belfast South,1.0,0
N20001095,N06000003,Belfast South,1.0,0
N20001096,N06000003,Belfast South,0.997055,0
N20001097,N06000003,Belfast South,1.0,0
N20001098,N06000003,Belfast South,1.0,0
N20001099,N06000003,Belfast South,1.0,0
N20001100,N06000003,Belfast South,1.0,0
N20001101,N06000003,Belfast South,1.0,0
N20001102,N06000003,Belfast South,1.0,0
N20001103,N06000003,Belfast South,1.0,0
N20001104,N06000003,Belfast South,1.0,0
N20001105,N06000003,Belfast South,1.0,0
N20001106,N06000003,Belfast South,1.0,0
N20001107,N06000003,Belfast South,1.0,0
N20001108,N06000003,Belfast South,1.0,0
N20001109,N06000003,Belfast South,1.0,0
N20001110,N06000003,Belfast South,1.0,0
N20001111,N06000003,Belfast South,1.0,0
N20001112,N06000003,Belfast South,1.0,0
N20001113,N06000003,Belfast South,1.0,0
N20001114,N06000003,Belfast South,1.0,0
N20001115,N06000003,Belfast South,1.0,0
N20001116,N06000003,Belfast South,1.0,0
N20001117,N06000003,Belfast South,1.0,0
N20001118,N06000003,Belfast South,1.0,0
N20001119,N06000003,Belfast South,1.0,0
N20001120,N06000003,Belfast South,1.0,0
N20001121,N06000003,Belfast South,1.0,0
N20001122,N06000003,Belfast South,1.0,0
N20001123,N06000003,Belfast South,1.0,0
N20001124,N06000003,Belfast South,1.0,0
N20001125,N06000003,Belfast South,1.0,0
N20001126,N06000003,Belfast South,1.0,0
N20001127,N06000003,Belfast South,1.0,0
N20001128,N06000003,Belfast South,1.0,0
N20001129,N06000003,Belfast South,1.0,0
N20001130,N06000003,Belfast South,1.0,0
N20001131,N06000003,Belfast South,1.0,0
N20001132,N06000003,Belfast South,1.0,0
N20001133,N06000003,Belfast South,1.0,0
N20001134,N06000003,Belfast South,1.0,0
N20001135,N06000003,Belfast South,1.0,0
N20001136,N06000003,Belfast South,1.0,0
N20001137,N06000003,Belfast South,1.0,0
N20001138,N06000003,Belfast South,1.0,0
N20001139,N06000003,Belfast South,1.0,0
N20001140,N06000003,Belfast South,1.0,0
N20001141,N06000003,Belfast South,1.0,0
N20001142,N06000003,Belfast South,1.0,0
N20001143,N06000003,Belfast South,1.0,0
N20001144,N06000003,Belfast South,1.0,0
N20001145,N06000003,Belfast South,1.0,0
N20001146,N06000003,Belfast South,1.0,0
N20001147,N06000003,Belfast South,1.0,0
N20001148,N06000003,Belfast South,1.0,0
N20001149,N06000003,Belfast South,0.99581,0
N20001150,N06000003,Belfast South,1.0,0
N20001151,N06000003,Belfast South,1.0,0
N20001152,N06000003,Belfast South,1.0,0
N20001153,N06000003,Belfast South,1.0,0
N20001154,N06000003,Belfast South,1.0,0
N20001155,N06000003,Belfast South,1.0,0
N20001156,N06000003,Belfast South,1.0,0
N20001157,N06000003,Belfast South,1.0,0
N20001158,N06000003,Belfast South,1.0,0
N20001159,N06000003,Belfast South,1.0,0
N20001160,N06000003,Belfast South,1.0,0
N20001161,N06000003,Belfast South,1.0,0
N20001162,N06000003,Belfast South,1.0,0
N20001163,N06000003,Belfast South,1.0,0
N20001164,N06000003,Belfast South,1.0,0
N20001165,N06000003,Belfast South,1.0,0
N20001166,N06000003,Belfast South,1.0,0
N20001167,N06000003,Belfast South,1.0,0
N20001168,N06000003,Belfast South,1.0,0
N20001169,N06000003,Belfast South,1.0,0
N20001170,N06000003,Belfast South,1.0,0
N20001171,N06000003,Belfast South,1.0,0
N20001172,N06000003,Belfast South,1.0,0
N20001173,N06000003,Belfast South,1.0,0
N20001174,N06000003,Belfast South,1.0,0
N20001175,N06000003,Belfast South,1.0,0
N20001176,N06000003,Belfast South,1.0,0
N20001177,N06000003,Belfast South,1.0,0
N20001178,N06000003,Belfast South,1.0,0
N20001179,N06000003,Belfast South,1.0,0
N20001180,N06000003,Belfast South,1.0,0
N20001181,N06000003,Belfast South,1.0,0
N20001182,N06000003,Belfast South,1.0,0
N20001183,N06000003,Belfast South,1.0,0
N20001184,N06000003,Belfast South,0.999941,0
N20001185,N06000003,Belfast South,1.0,0
N20001186,N06000003,Belfast South,1.0,0
N20001187,N06000003,Belfast South,1.0,0
N20001188,N06000003,Belfast South,1.0,0
N20001189,N06000003,Belfast South,1.0,0
N20001190,N06000003,Belfast South,0.999906,0
N20001191,N06000003,Belfast South,1.0,0
N20001192,N06000003,Belfast South,1.0,0
N20001193,N06000003,Belfast South,1.0,0
N20001194,N06000003,Belfast South,1.0,0
N20001195,N06000003,Belfast South,1.0,0
N20001196,N06000003,Belfast South,1.0,0
N20001197,N06000003,Belfast South,0.999947,0
N20001198,N06000003,Belfast South,1.0,0
N20001199,N06000003,Belfast South,1.0,0
N20001200,N06000003,Belfast South,1.0,0
N20001201,N06000003,Belfast South,1.0,0
N20001202,N06000003,Belfast South,1.0,0
N20001203,N06000003,Belfast South,1.0,0
N20001204,N06000003,Belfast South,1.0,0
N20001205,N06000003,Belfast South,1.0,0
N20001206,N06000003,Belfast South,1.0,0
N20001207,N06000003,Belfast South,1.0,0
N20001208,N06000003,Belfast South,1.0,0
N20001209,N06000003,Belfast South,1.0,0
N20001210,N06000003,Belfast South,1.0,0
N20001211,N06000003,Belfast South,1.0,0
N20001212,N06000003,Belfast South,0.999932,0
N20001213,N06000003,Belfast South,1.0,0
N20001214,N06000003,Belfast South,1.0,0
N20001215,N06000003,Belfast South,1.0,0
N20001216,N06000003,Belfast South,1.0,0
N20001217,N06000003,Belfast South,1.0,0
N20001218,N06000003,Belfast South,1.0,0
N20001219,N06000003,Belfast South,1.0,0
N20001220,N06000003,Belfast South,1.0,0
N20001221,N06000003,Belfast South,1.0,0
N20001222,N06000003,Belfast South,1.0,0
N20001223,N06000003,Belfast South,1.0,0
N20001224,N06000003,Belfast South,1.0,0
N20001225,N06000003,Belfast South,1.0,0
N20001226,N06000003,Belfast South,1.0,0
N20001227,N06000003,Belfast South,1.0,0
N20001228,N06000003,Belfast South,1.0,0
N20001229,N06000003,Belfast South,1.0,0
N20001230,N06000003,Belfast South,1.0,0
N20001231,N06000003,Belfast South,0.735534,1
N20001232,N06000003,Belfast South,0.967485,0
N20001233,N06000003,Belfast South,0.999012,0
N20001234,N06000009,Lagan Valley,0.999876,0
N20001235,N06000004,Belfast West,1.0,0
N20001236,N06000004,Belfast West,1.0,0
N20001237,N06000004,Belfast West,1.0,0
N20001238,N06000004,Belfast West,1.0,0
N20001239,N06000004,Belfast West,1.0,0
N20001240,N06000004,Belfast West,1.0,0
N20001241,N06000004,Belfast West,1.0,0
N20001242,N06000004,Belfast West,1.0,0
N20001243,N06000004,Belfast West,1.0,0
N20001244,N06000004,Belfast West,1.0,0
N20001245,N06000004,Belfast West,1.0,0
N20001246,N06000004,Belfast West,1.0,0
N20001247,N06000004,Belfast West,1.0,0
N20001248,N06000004,Belfast West,1.0,0
N20001249,N06000004,Belfast West,1.0,0
N20001250,N06000004,Belfast West,1.0,0
N20001251,N06000004,Belfast West,1.0,0
N20001252,N06000004,Belfast West,1.0,0
N20001253,N06000004,Belfast West,1.0,0
N20001254,N06000004,Belfast West,1.0,0
N20001255,N06000004,Belfast West,1.0,0
N20001256,N06000004,Belfast West,1.0,0
N20001257,N06000004,Belfast West,1.0,0
N20001258,N06000004,Belfast West,1.0,0
N20001259,N06000004,Belfast West,1.0,0
N20001260,N06000004,Belfast West,1.0,0
N20001261,N06000004,Belfast West,1.0,0
N20001262,N06000004,Belfast West,1.0,0
N20001263,N06000004,Belfast West,1.0,0
N20001264,N06000004,Belfast West,1.0,0
N20001265,N06000004,Belfast West,1.0,0
N20001266,N06000004,Belfast West,1.0,0
N20001267,N06000004,Belfast West,0.999965,0
N20001268,N06000004,Belfast West,1.0,0
N20001269,N06000004,Belfast West,1.0,0
N20001270,N06000004,Belfast West,1.0,0
N20001271,N06000004,Belfast West,1.0,0
N20001272,N06000004,Belfast West,1.0,0
N20001273,N06000004,Belfast West,1.0,0
N20001274,N06000004,Belfast West,1.0,0
N20001275,N06000004,Belfast West,0.995638,0
N20001276,N06000004,Belfast West,1.0,0
N20001277,N06000004,Belfast West,1.0,0
N20001278,N06000004,Belfast West,1.0,0
N20001279,N06000004,Belfast West,1.0,0
N20001280,N06000004,Belfast West,1.0,0
N20001281,N06000004,Belfast West,1.0,0
N20001282,N06000004,Belfast West,1.0,0
N20001283,N06000004,Belfast West,1.0,0
N20001284,N06000004,Belfast West,1.0,0
N20001285,N06000004,Belfast West,1.0,0
N20001286,N06000004,Belfast West,1.0,0
N20001287,N06000004,Belfast West,1.0,0
N20001288,N06000004,Belfast West,1.0,0
N20001289,N06000004,Belfast West,0.740849,1
N20001290,N06000004,Belfast West,0.999992,0
N20001291,N06000004,Belfast West,0.999832,0
N20001292,N06000009,Lagan Valley,0.96983,0
N20001293,N06000004,Belfast West,1.0,0
N20001294,N06000009,Lagan Valley,1.0,0
N20001295,N06000004,Belfast West,0.999288,0
N20001296,N06000009,Lagan Valley,0.999976,0
N20001297,N06000004,Belfast West,1.0,0
N20001298,N06000004,Belfast West,1.0,0
N20001299,N06000004,Belfast West,1.0,0
N20001300,N06000004,Belfast West,1.0,0
N20001301,N06000004,Belfast West,1.0,0
N20001302,N06000004,Belfast West,1.0,0
N20001303,N06000004,Belfast West,1.0,0
N20001304,N06000004,Belfast West,1.0,0
N20001305,N06000004,Belfast West,1.0,0
N20001306,N06000004,Belfast West,1.0,0
N20001307,N06000004,Belfast West,1.0,0
N20001308,N06000004,Belfast West,1.0,0
N20001309,N06000004,Belfast West,0.999984,0
N20001310,N06000004,Belfast West,1.0,0
N20001311,N06000004,Belfast West,1.0,0
N20001312,N06000004,Belfast West,1.0,0
N20001313,N06000004,Belfast West,1.0,0
N20001314,N06000004,Belfast West,1.0,0
N20001315,N06000004,Belfast West,1.0,0
N20001316,N06000004,Belfast West,1.0,0
N20001317,N06000004,Belfast West,1.0,0
N20001318,N06000004,Belfast West,1.0,0
N20001319,N06000004,Belfast West,1.0,0
N20001320,N06000004,Belfast West,1.0,0
N20001321,N06000004,Belfast West,1.0,0
N20001322,N06000004,Belfast West,1.0,0
N20001323,N06000004,Belfast West,1.0,0
N20001324,N06000004,Belfast West,1.0,0
N20001325,N06000004,Belfast West,1.0,0
N20001326,N06000004,Belfast West,1.0,0
N20001327,N06000004,Belfast West,1.0,0
N20001328,N06000004,Belfast West,1.0,0
N20001329,N06000004,Belfast West,1.0,0
N20001330,N06000004,Belfast West,1.0,0
N20001331,N06000004,Belfast West,1.0,0
N20001332,N06000004,Belfast West,1.0,0
N20001333,N06000004,Belfast West,1.0,0
N20001334,N06000004,Belfast West,1.0,0
N20001335,N06000004,Belfast West,1.0,0
N20001336,N06000004,Belfast West,1.0,0
N20001337,N06000004,Belfast West,1.0,0
N20001338,N06000004,Belfast West,1.0,0
N20001339,N06000004,Belfast West,1.0,0
N20001340,N06000004,Belfast West,1.0,0
N20001341,N06000004,Belfast West,1.0,0
N20001342,N06000004,Belfast West,1.0,0
N20001343,N06000004,Belfast West,1.0,0
N20001344,N06000004,Belfast West,1.0,0
N20001345,N06000004,Belfast West,1.0,0
N20001346,N06000004,Belfast West,1.0,0
N20001347,N06000004,Belfast West,1.0,0
N20001348,N06000004,Belfast West,1.0,0
N20001349,N06000004,Belfast West,1.0,0
N20001350,N06000004,Belfast West,1.0,0
N20001351,N06000004,Belfast West,1.0,0
N20001352,N06000004,Belfast West,1.0,0
N20001353,N06000004,Belfast West,1.0,0
N20001354,N06000004,Belfast West,1.0,0
N20001355,N06000004,Belfast West,1.0,0
N20001356,N06000004,Belfast West,1.0,0
N20001357,N06000004,Belfast West,1.0,0
N20001358,N06000004,Belfast West,1.0,0
N20001359,N06000004,Belfast West,1.0,0
N20001360,N06000004,Belfast West,1.0,0
N20001361,N06000004,Belfast West,1.0,0
N20001362,N06000004,Belfast West,1.0,0
N20001363,N06000004,Belfast West,1.0,0
N20001364,N06000004,Belfast West,1.0,0
N20001365,N06000004,Belfast West,1.0,0
N20001366,N06000004,Belfast West,1.0,0
N20001367,N06000004,Belfast West,1.0,0
N20001368,N06000004,Belfast West,1.0,0
N20001369,N06000004,Belfast West,0.999838,0
N20001370,N06000004,Belfast West,0.934113,1
N20001371,N06000002,Belfast North,1.0,0
N20001372,N06000004,Belfast West,1.0,0
N20001373,N06000002,Belfast North,0.53634,1
N20001374,N06000004,Belfast West,0.999139,0
N20001375,N06000002,Belfast North,0.516275,1
N20001376,N06000004,Belfast West,0.999135,0
N20001377,N06000002,Belfast North,0.996282,0
N20001378,N06000004,Belfast West,0.99991,0
N20001379,N06000004,Belfast West,1.0,0
N20001380,N06000004,Belfast West,1.0,0
N20001381,N06000002,Belfast North,1.0,0
N20001382,N06000002,Belfast North,0.922461,1
N20001383,N06000002,Belfast North,1.0,0
N20001384,N06000002,Belfast North,1.0,0
N20001385,N06000002,Belfast North,1.0,0
N20001386,N06000004,Belfast West,1.0,0
N20001387,N06000002,Belfast North,1.0,0
N20001388,N06000004,Belfast West,1.0,0
N20001389,N06000004,Belfast West,0.99369,0
N20001390,N06000002,Belfast North,1.0,0
N20001391,N06000004,Belfast West,1.0,0
N20001392,N06000004,Belfast West,1.0,0
N20001393,N06000002,Belfast North,1.0,0
N20001394,N06000002,Belfast North,1.0,0
N20001395,N06000002,Belfast North,1.0,0
N20001396,N06000004,Belfast West,0.999888,0
N20001397,N06000002,Belfast North,1.0,0
N20001398,N06000004,Belfast West,0.748677,1
N20001399,N06000002,Belfast North,1.0,0
N20001400,N06000002,Belfast North,1.0,0
N20001401,N06000004,Belfast West,0.748091,1
N20001402,N06000004,Belfast West,1.0,0
N20001403,N06000004,Belfast West,1.0,0
N20001404,N06000002,Belfast North,1.0,0
N20001405,N06000004,Belfast West,1.0,0
N20001406,N06000004,Belfast West,1.0,0
N20001407,N06000004,Belfast West,0.887216,1
N20001408,N06000004,Belfast West,0.999842,0
N20001409,N06000004,Belfast West,0.999828,0
N20001410,N06000004,Belfast West,0.999805,0
N20001411,N06000004,Belfast West,0.999887,0
N20001412,N06000004,Belfast West,1.0,0
N20001413,N06000002,Belfast North,0.545203,1
N20001414,N06000004,Belfast West,0.999997,0
N20001415,N06000004,Belfast West,1.0,0
N20001416,N06000004,Belfast West,1.0,0
N20001417,N06000004,Belfast West,1.0,0
N20001418,N06000004,Belfast West,0.940615,1
N20001419,N06000004,Belfast West,1.0,0
N20001420,N06000004,Belfast West,1.0,0
N20001421,N06000004,Belfast West,1.0,0
N20001422,N06000004,Belfast West,1.0,0
N20001423,N06000004,Belfast West,1.0,0
N20001424,N06000004,Belfast West,1.0,0
N20001425,N06000004,Belfast West,1.0,0
N20001426,N06000004,Belfast West,1.0,0
N20001427,N06000004,Belfast West,1.0,0
N20001428,N06000004,Belfast West,0.999979,0
N20001429,N06000004,Belfast West,1.0,0
N20001430,N06000004,Belfast West,0.999518,0
N20001431,N06000004,Belfast West,1.0,0
N20001432,N06000004,Belfast West,1.0,0
N20001433,N06000004,Belfast West,0.999765,0
N20001434,N06000004,Belfast West,1.0,0
N20001435,N06000004,Belfast West,1.0,0
N20001436,N06000004,Belfast West,1.0,0
N20001437,N06000004,Belfast West,1.0,0
N20001438,N06000004,Belfast West,1.0,0
N20001439,N06000004,Belfast West,1.0,0
N20001440,N06000004,Belfast West,1.0,0
N20001441,N06000004,Belfast West,1.0,0
N20001442,N06000004,Belfast West,1.0,0
N20001443,N06000004,Belfast West,1.0,0
N20001444,N06000004,Belfast West,0.996365,0
N20001445,N06000004,Belfast West,1.0,0
N20001446,N06000006,East Londonderry,1.0,0
N20001447,N06000006,East Londonderry,1.0,0
N20001448,N06000006,East Londonderry,1.0,0
N20001449,N06000006,East Londonderry,1.0,0
N20001450,N06000006,East Londonderry,1.0,0
N20001451,N06000006,East Londonderry,1.0,0
N20001452,N06000006,East Londonderry,1.0,0
N20001453,N06000006,East Londonderry,1.0,0
N20001454,N06000006,East Londonderry,1.0,0
N20001455,N06000006,East Londonderry,1.0,0
N20001456,N06000006,East Londonderry,1.0,0
N20001457,N06000006,East Londonderry,1.0,0
N20001458,N06000006,East Londonderry,1.0,0
N20001459,N06000006,East Londonderry,1.0,0
N20001460,N06000006,East Londonderry,0.999972,0
N20001461,N06000006,East Londonderry,1.0,0
N20001462,N06000006,East Londonderry,0.999998,0
N20001463,N06000006,East Londonderry,1.0,0
N20001464,N06000006,East Londonderry,1.0,0
N20001465,N06000006,East Londonderry,1.0,0
N20001466,N06000006,East Londonderry,1.0,0
N20001467,N06000006,East Londonderry,1.0,0
N20001468,N06000006,East Londonderry,1.0,0
N20001469,N06000006,East Londonderry,1.0,0
N20001470,N06000006,East Londonderry,1.0,0
N20001471,N06000006,East Londonderry,1.0,0
N20001472,N06000006,East Londonderry,1.0,0
N20001473,N06000006,East Londonderry,1.0,0
N20001474,N06000006,East Londonderry,1.0,0
N20001475,N06000006,East Londonderry,1.0,0
N20001476,N06000006,East Londonderry,1.0,0
N20001477,N06000006,East Londonderry,1.0,0
N20001478,N06000006,East Londonderry,0.999973,0
N20001479,N06000006,East Londonderry,1.0,0
N20001480,N06000006,East Londonderry,0.999993,0
N20001481,N06000006,East Londonderry,1.0,0
N20001482,N06000006,East Londonderry,1.0,0
N20001483,N06000006,East Londonderry,1.0,0
N20001484,N06000006,East Londonderry,1.0,0
N20001485,N06000006,East Londonderry,1.0,0
N20001486,N06000006,East Londonderry,1.0,0
N20001487,N06000006,East Londonderry,1.0,0
N20001488,N06000006,East Londonderry,1.0,0
N20001489,N06000006,East Londonderry,1.0,0
N20001490,N06000006,East Londonderry,1.0,0
N20001491,N06000006,East Londonderry,1.0,0
N20001492,N06000006,East Londonderry,1.0,0
N20001493,N06000006,East Londonderry,1.0,0
N20001494,N06000006,East Londonderry,1.0,0
N20001495,N06000006,East Londonderry,1.0,0
N20001496,N06000006,East Londonderry,1.0,0
N20001497,N06000006,East Londonderry,1.0,0
N20001498,N06000006,East Londonderry,1.0,0
N20001499,N06000006,East Londonderry,1.0,0
N20001500,N06000006,East Londonderry,1.0,0
N20001501,N06000006,East Londonderry,1.0,0
N20001502,N06000006,East Londonderry,1.0,0
N20001503,N06000006,East Londonderry,1.0,0
N20001504,N06000006,East Londonderry,1.0,0
N20001505,N06000006,East Londonderry,1.0,0
N20001506,N06000006,East Londonderry,1.0,0
N20001507,N06000006,East Londonderry,1.0,0
N20001508,N06000006,East Londonderry,1.0,0
N20001509,N06000006,East Londonderry,1.0,0
N20001510,N06000006,East Londonderry,1.0,0
N20001511,N06000006,East Londonderry,1.0,0
N20001512,N06000006,East Londonderry,1.0,0
N20001513,N06000006,East Londonderry,1.0,0
N20001514,N06000006,East Londonderry,1.0,0
N20001515,N06000006,East Londonderry,1.0,0
N20001516,N06000006,East Londonderry,1.0,0
N20001517,N06000006,East Londonderry,1.0,0
N20001518,N06000006,East Londonderry,1.0,0
N20001519,N06000006,East Londonderry,1.0,0
N20001520,N06000006,East Londonderry,1.0,0
N20001521,N06000006,East Londonderry,1.0,0
N20001522,N06000006,East Londonderry,1.0,0
N20001523,N06000006,East Londonderry,1.0,0
N20001524,N06000006,East Londonderry,1.0,0
N20001525,N06000006,East Londonderry,1.0,0
N20001526,N06000006,East Londonderry,1.0,0
N20001527,N06000006,East Londonderry,1.0,0
N20001528,N06000006,East Londonderry,0.999995,0
N20001529,N06000006,East Londonderry,1.0,0
N20001530,N06000006,East Londonderry,1.0,0
N20001531,N06000006,East Londonderry,1.0,0
N20001532,N06000006,East Londonderry,1.0,0
N20001533,N06000006,East Londonderry,1.0,0
N20001534,N06000006,East Londonderry,1.0,0
N20001535,N06000006,East Londonderry,1.0,0
N20001536,N06000006,East Londonderry,1.0,0
N20001537,N06000006,East Londonderry,1.0,0
N20001538,N06000006,East Londonderry,1.0,0
N20001539,N06000006,East Londonderry,0.99999,0
N20001540,N06000006,East Londonderry,1.0,0
N20001541,N06000006,East Londonderry,1.0,0
N20001542,N06000006,East Londonderry,0.999989,0
N20001543,N06000006,East Londonderry,1.0,0
N20001544,N06000006,East Londonderry,0.999938,0
N20001545,N06000006,East Londonderry,0.999973,0
N20001546,N06000006,East Londonderry,0.999975,0
N20001547,N06000006,East Londonderry,1.0,0
N20001548,N06000006,East Londonderry,1.0,0
N20001549,N06000006,East Londonderry,1.0,0
N20001550,N06000006,East Londonderry,1.0,0
N20001551,N06000006,East Londonderry,1.0,0
N20001552,N06000006,East Londonderry,1.0,0
N20001553,N06000006,East Londonderry,1.0,0
N20001554,N06000006,East Londonderry,1.0,0
N20001555,N06000006,East Londonderry,1.0,0
N20001556,N06000006,East Londonderry,1.0,0
N20001557,N06000006,East Londonderry,1.0,0
N20001558,N06000006,East Londonderry,1.0,0
N20001559,N06000006,East Londonderry,1.0,0
N20001560,N06000006,East Londonderry,1.0,0
N20001561,N06000006,East Londonderry,1.0,0
N20001562,N06000006,East Londonderry,1.0,0
N20001563,N06000006,East Londonderry,1.0,0
N20001564,N06000006,East Londonderry,1.0,0
N20001565,N06000006,East Londonderry,1.0,0
N20001566,N06000006,East Londonderry,1.0,0
N20001567,N06000006,East Londonderry,1.0,0
N20001568,N06000006,East Londonderry,1.0,0
N20001569,N06000006,East Londonderry,1.0,0
N20001570,N06000006,East Londonderry,1.0,0
N20001571,N06000006,East Londonderry,1.0,0
N20001572,N06000006,East Londonderry,1.0,0
N20001573,N06000006,East Londonderry,1.0,0
N20001574,N06000006,East Londonderry,1.0,0
N20001575,N06000006,East Londonderry,1.0,0
N20001576,N06000006,East Londonderry,1.0,0
N20001577,N06000006,East Londonderry,1.0,0
N20001578,N06000006,East Londonderry,1.0,0
N20001579,N06000006,East Londonderry,1.0,0
N20001580,N06000006,East Londonderry,1.0,0
N20001581,N06000006,East Londonderry,1.0,0
N20001582,N06000006,East Londonderry,1.0,0
N20001583,N06000006,East Londonderry,1.0,0
N20001584,N06000006,East Londonderry,1.0,0
N20001585,N06000006,East Londonderry,1.0,0
N20001586,N06000006,East Londonderry,1.0,0
N20001587,N06000006,East Londonderry,1.0,0
N20001588,N06000006,East Londonderry,1.0,0
N20001589,N06000006,East Londonderry,1.0,0
N20001590,N06000006,East Londonderry,1.0,0
N20001591,N06000006,East Londonderry,1.0,0
N20001592,N06000006,East Londonderry,1.0,0
N20001593,N06000006,East Londonderry,1.0,0
N20001594,N06000006,East Londonderry,1.0,0
N20001595,N06000006,East Londonderry,1.0,0
N20001596,N06000006,East Londonderry,1.0,0
N20001597,N06000012,North Antrim,1.0,0
N20001598,N06000012,North Antrim,0.722951,1
N20001599,N06000006,East Londonderry,1.0,0
N20001600,N06000012,North Antrim,1.0,0
N20001601,N06000012,North Antrim,0.947278,1
N20001602,N06000006,East Londonderry,0.981005,0
N20001603,N06000006,East Londonderry,1.0,0
N20001604,N06000006,East Londonderry,1.0,0
N20001605,N06000012,North Antrim,1.0,0
N20001606,N06000012,North Antrim,1.0,0
N20001607,N06000006,East Londonderry,1.0,0
N20001608,N06000006,East Londonderry,1.0,0
N20001609,N06000006,East Londonderry,1.0,0
N20001610,N06000006,East Londonderry,1.0,0
N20001611,N06000006,East Londonderry,1.0,0
N20001612,N06000006,East Londonderry,1.0,0
N20001613,N06000006,East Londonderry,1.0,0
N20001614,N06000006,East Londonderry,1.0,0
N20001615,N06000006,East Londonderry,1.0,0
N20001616,N06000006,East Londonderry,1.0,0
N20001617,N06000006,East Londonderry,0.922422,1
N20001618,N06000006,East Londonderry,1.0,0
N20001619,N06000012,North Antrim,1.0,0
N20001620,N06000006,East Londonderry,1.0,0
N20001621,N06000006,East Londonderry,1.0,0
N20001622,N06000006,East Londonderry,1.0,0
N20001623,N06000006,East Londonderry,1.0,0
N20001624,N06000006,East Londonderry,1.0,0
N20001625,N06000006,East Londonderry,1.0,0
N20001626,N06000006,East Londonderry,1.0,0
N20001627,N06000006,East Londonderry,1.0,0
N20001628,N06000006,East Londonderry,1.0,0
N20001629,N06000006,East Londonderry,1.0,0
N20001630,N06000006,East Londonderry,1.0,0
N20001631,N06000006,East Londonderry,1.0,0
N20001632,N06000006,East Londonderry,1.0,0
N20001633,N06000006,East Londonderry,1.0,0
N20001634,N06000006,East Londonderry,1.0,0
N20001635,N06000006,East Londonderry,1.0,0
N20001636,N06000012,North Antrim,0.969765,0
N20001637,N06000006,East Londonderry,1.0,0
N20001638,N06000006,East Londonderry,1.0,0
N20001639,N06000012,North Antrim,1.0,0
N20001640,N06000006,East Londonderry,0.995419,0
N20001641,N06000006,East Londonderry,0.766189,1
N20001642,N06000012,North Antrim,1.0,0
N20001643,N06000012,North Antrim,1.0,0
N20001644,N06000006,East Londonderry,0.809037,1
N20001645,N06000012,North Antrim,1.0,0
N20001646,N06000012,North Antrim,1.0,0
N20001647,N06000006,East Londonderry,0.999999,0
N20001648,N06000012,North Antrim,1.0,0
N20001649,N06000012,North Antrim,1.0,0
N20001650,N06000012,North Antrim,1.0,0
N20001651,N06000012,North Antrim,1.0,0
N20001652,N06000012,North Antrim,1.0,0
N20001653,N06000012,North Antrim,1.0,0
N20001654,N06000012,North Antrim,1.0,0
N20001655,N06000012,North Antrim,1.0,0
N20001656,N06000012,North Antrim,1.0,0
N20001657,N06000012,North Antrim,1.0,0
N20001658,N06000012,North Antrim,1.0,0
N20001659,N06000012,North Antrim,1.0,0
N20001660,N06000012,North Antrim,1.0,0
N20001661,N06000012,North Antrim,1.0,0
N20001662,N06000012,North Antrim,1.0,0
N20001663,N06000012,North Antrim,1.0,0
N20001664,N06000012,North Antrim,1.0,0
N20001665,N06000012,North Antrim,0.998926,0
N20001666,N06000012,North Antrim,1.0,0
N20001667,N06000012,North Antrim,0.634567,1
N20001668,N06000012,North Antrim,0.997514,0
N20001669,N06000012,North Antrim,1.0,0
N20001670,N06000012,North Antrim,1.0,0
N20001671,N06000012,North Antrim,1.0,0
N20001672,N06000012,North Antrim,1.0,0
N20001673,N06000005,East Antrim,1.0,0
N20001674,N06000012,North Antrim,1.0,0
N20001675,N06000005,East Antrim,0.977594,0
N20001676,N06000012,North Antrim,1.0,0
N20001677,N06000005,East Antrim,1.0,0
N20001678,N06000012,North Antrim,0.806803,1
N20001679,N06000005,East Antrim,1.0,0
N20001680,N06000005,East Antrim,1.0,0
N20001681,N06000012,North Antrim,1.0,0
N20001682,N06000005,East Antrim,1.0,0
N20001683,N06000012,North Antrim,1.0,0
N20001684,N06000005,East Antrim,0.999994,0
N20001685,N06000012,North Antrim,0.999992,0
N20001686,N06000012,North Antrim,1.0,0
N20001687,N06000012,North Antrim,1.0,0
N20001688,N06000012,North Antrim,1.0,0
N20001689,N06000012,North Antrim,1.0,0
N20001690,N06000012,North Antrim,1.0,0
N20001691,N06000012,North Antrim,1.0,0
N20001692,N06000012,North Antrim,1.0,0
N20001693,N06000012,North Antrim,1.0,0
N20001694,N06000012,North Antrim,1.0,0
N20001695,N06000012,North Antrim,1.0,0
N20001696,N06000012,North Antrim,1.0,0
N20001697,N06000012,North Antrim,1.0,0
N20001698,N06000012,North Antrim,1.0,0
N20001699,N06000012,North Antrim,1.0,0
N20001700,N06000012,North Antrim,1.0,0
N20001701,N06000012,North Antrim,1.0,0
N20001702,N06000012,North Antrim,1.0,0
N20001703,N06000012,North Antrim,1.0,0
N20001704,N06000012,North Antrim,1.0,0
N20001705,N06000012,North Antrim,0.999963,0
N20001706,N06000012,North Antrim,1.0,0
N20001707,N06000012,North Antrim,1.0,0
N20001708,N06000012,North Antrim,1.0,0
N20001709,N06000012,North Antrim,1.0,0
N20001710,N06000012,North Antrim,1.0,0
N20001711,N06000012,North Antrim,1.0,0
N20001712,N06000012,North Antrim,1.0,0
N20001713,N06000012,North Antrim,1.0,0
N20001714,N06000012,North Antrim,1.0,0
N20001715,N06000012,North Antrim,1.0,0
N20001716,N06000012,North Antrim,1.0,0
N20001717,N06000012,North Antrim,0.999994,0
N20001718,N06000012,North Antrim,1.0,0
N20001719,N06000012,North Antrim,1.0,0
N20001720,N06000012,North Antrim,1.0,0
N20001721,N06000012,North Antrim,1.0,0
N20001722,N06000012,North Antrim,1.0,0
N20001723,N06000012,North Antrim,1.0,0
N20001724,N06000012,North Antrim,1.0,0
N20001725,N06000012,North Antrim,1.0,0
N20001726,N06000012,North Antrim,0.999995,0
N20001727,N06000012,North Antrim,1.0,0
N20001728,N06000012,North Antrim,1.0,0
N20001729,N06000012,North Antrim,1.0,0
N20001730,N06000012,North Antrim,1.0,0
N20001731,N06000012,North Antrim,0.999892,0
N20001732,N06000008,Foyle,1.0,0
N20001733,N06000008,Foyle,1.0,0
N20001734,N06000008,Foyle,1.0,0
N20001735,N06000008,Foyle,1.0,0
N20001736,N06000008,Foyle,1.0,0
N20001737,N06000008,Foyle,1.0,0
N20001738,N06000008,Foyle,1.0,0
N20001739,N06000008,Foyle,1.0,0
N20001740,N06000008,Foyle,1.0,0
N20001741,N06000008,Foyle,1.0,0
N20001742,N06000008,Foyle,1.0,0
N20001743,N06000008,Foyle,1.0,0
N20001744,N06000008,Foyle,1.0,0
N20001745,N06000008,Foyle,1.0,0
N20001746,N06000008,Foyle,1.0,0
N20001747,N06000008,Foyle,1.0,0
N20001748,N06000008,Foyle,1.0,0
N20001749,N06000008,Foyle,1.0,0
N20001750,N06000008,Foyle,1.0,0
N20001751,N06000008,Foyle,1.0,0
N20001752,N06000008,Foyle,1.0,0
N20001753,N06000008,Foyle,1.0,0
N20001754,N06000008,Foyle,1.0,0
N20001755,N06000008,Foyle,1.0,0
N20001756,N06000008,Foyle,1.0,0
N20001757,N06000008,Foyle,1.0,0
N20001758,N06000008,Foyle,1.0,0
N20001759,N06000008,Foyle,1.0,0
N20001760,N06000008,Foyle,1.0,0
N20001761,N06000008,Foyle,1.0,0
N20001762,N06000008,Foyle,1.0,0
N20001763,N06000008,Foyle,1.0,0
N20001764,N06000008,Foyle,1.0,0
N20001765,N06000008,Foyle,1.0,0
N20001766,N06000008,Foyle,1.0,0
N20001767,N06000008,Foyle,1.0,0
N20001768,N06000008,Foyle,1.0,0
N20001769,N06000008,Foyle,1.0,0
N20001770,N06000008,Foyle,1.0,0
N20001771,N06000008,Foyle,1.0,0
N20001772,N06000008,Foyle,1.0,0
N20001773,N06000008,Foyle,1.0,0
N20001774,N06000008,Foyle,1.0,0
N20001775,N06000008,Foyle,1.0,0
N20001776,N06000008,Foyle,1.0,0
N20001777,N06000008,Foyle,1.0,0
N20001778,N06000008,Foyle,1.0,0
N20001779,N06000008,Foyle,1.0,0
N20001780,N06000008,Foyle,1.0,0
N20001781,N06000008,Foyle,1.0,0
N20001782,N06000008,Foyle,1.0,0
N20001783,N06000008,Foyle,1.0,0
N20001784,N06000008,Foyle,1.0,0
N20001785,N06000008,Foyle,1.0,0
N20001786,N06000008,Foyle,1.0,0
N20001787,N06000008,Foyle,1.0,0
N20001788,N06000008,Foyle,1.0,0
N20001789,N06000008,Foyle,1.0,0
N20001790,N06000008,Foyle,1.0,0
N20001791,N06000008,Foyle,1.0,0
N20001792,N06000008,Foyle,1.0,0
N20001793,N06000008,Foyle,1.0,0
N20001794,N06000008,Foyle,1.0,0
N20001795,N06000008,Foyle,1.0,0
N20001796,N06000008,Foyle,1.0,0
N20001797,N06000008,Foyle,1.0,0
N20001798,N06000008,Foyle,1.0,0
N20001799,N06000008,Foyle,1.0,0
N20001800,N06000008,Foyle,1.0,0
N20001801,N06000008,Foyle,1.0,0
N20001802,N06000008,Foyle,1.0,0
N20001803,N06000008,Foyle,1.0,0
N20001804,N06000008,Foyle,1.0,0
N20001805,N06000008,Foyle,1.0,0
N20001806,N06000008,Foyle,1.0,0
N20001807,N06000008,Foyle,1.0,0
N20001808,N06000008,Foyle,1.0,0
N20001809,N06000008,Foyle,1.0,0
N20001810,N06000008,Foyle,1.0,0
N20001811,N06000008,Foyle,1.0,0
N20001812,N06000008,Foyle,1.0,0
N20001813,N06000008,Foyle,1.0,0
N20001814,N06000008,Foyle,1.0,0
N20001815,N06000008,Foyle,1.0,0
N20001816,N06000008,Foyle,1.0,0
N20001817,N06000008,Foyle,1.0,0
N20001818,N06000008,Foyle,1.0,0
N20001819,N06000008,Foyle,1.0,0
N20001820,N06000008,Foyle,1.0,0
N20001821,N06000008,Foyle,1.0,0
N20001822,N06000008,Foyle,1.0,0
N20001823,N06000008,Foyle,1.0,0
N20001824,N06000008,Foyle,1.0,0
N20001825,N06000008,Foyle,1.0,0
N20001826,N06000008,Foyle,1.0,0
N20001827,N06000008,Foyle,1.0,0
N20001828,N06000008,Foyle,1.0,0
N20001829,N06000008,Foyle,1.0,0
N20001830,N06000008,Foyle,1.0,0
N20001831,N06000008,Foyle,1.0,0
N20001832,N06000008,Foyle,1.0,0
N20001833,N06000008,Foyle,1.0,0
N20001834,N06000008,Foyle,1.0,0
N20001835,N06000008,Foyle,1.0,0
N20001836,N06000008,Foyle,1.0,0
N20001837,N06000008,Foyle,1.0,0
N20001838,N06000008,Foyle,1.0,0
N20001839,N06000008,Foyle,1.0,0
N20001840,N06000008,Foyle,1.0,0
N20001841,N06000008,Foyle,1.0,0
N20001842,N06000008,Foyle,1.0,0
N20001843,N06000008,Foyle,1.0,0
N20001844,N06000008,Foyle,1.0,0
N20001845,N06000008,Foyle,1.0,0
N20001846,N06000008,Foyle,1.0,0
N20001847,N06000008,Foyle,1.0,0
N20001848,N06000008,Foyle,1.0,0
N20001849,N06000008,Foyle,1.0,0
N20001850,N06000008,Foyle,1.0,0
N20001851,N06000008,Foyle,1.0,0
N20001852,N06000008,Foyle,1.0,0
N20001853,N06000008,Foyle,1.0,0
N20001854,N06000008,Foyle,1.0,0
N20001855,N06000008,Foyle,1.0,0
N20001856,N06000008,Foyle,1.0,0
N20001857,N06000008,Foyle,1.0,0
N20001858,N06000008,Foyle,1.0,0
N20001859,N06000008,Foyle,1.0,0
N20001860,N06000008,Foyle,1.0,0
N20001861,N06000008,Foyle,1.0,0
N20001862,N06000008,Foyle,1.0,0
N20001863,N06000008,Foyle,1.0,0
N20001864,N06000008,Foyle,1.0,0
N20001865,N06000008,Foyle,1.0,0
N20001866,N06000008,Foyle,1.0,0
N20001867,N06000008,Foyle,1.0,0
N20001868,N06000008,Foyle,1.0,0
N20001869,N06000008,Foyle,1.0,0
N20001870,N06000008,Foyle,1.0,0
N20001871,N06000008,Foyle,1.0,0
N20001872,N06000008,Foyle,1.0,0
N20001873,N06000008,Foyle,1.0,0
N20001874,N06000008,Foyle,1.0,0
N20001875,N06000008,Foyle,1.0,0
N20001876,N06000008,Foyle,1.0,0
N20001877,N06000008,Foyle,1.0,0
N20001878,N06000008,Foyle,1.0,0
N20001879,N06000008,Foyle,1.0,0
N20001880,N06000008,Foyle,1.0,0
N20001881,N06000008,Foyle,1.0,0
N20001882,N06000008,Foyle,1.0,0
N20001883,N06000008,Foyle,1.0,0
N20001884,N06000008,Foyle,1.0,0
N20001885,N06000008,Foyle,1.0,0
N20001886,N06000008,Foyle,1.0,0
N20001887,N06000008,Foyle,1.0,0
N20001888,N06000008,Foyle,1.0,0
N20001889,N06000008,Foyle,1.0,0
N20001890,N06000008,Foyle,1.0,0
N20001891,N06000008,Foyle,1.0,0
N20001892,N06000008,Foyle,1.0,0
N20001893,N06000008,Foyle,1.0,0
N20001894,N06000008,Foyle,1.0,0
N20001895,N06000008,Foyle,1.0,0
N20001896,N06000008,Foyle,1.0,0
N20001897,N06000008,Foyle,1.0,0
N20001898,N06000008,Foyle,1.0,0
N20001899,N06000008,Foyle,1.0,0
N20001900,N06000008,Foyle,1.0,0
N20001901,N06000008,Foyle,1.0,0
N20001902,N06000008,Foyle,1.0,0
N20001903,N06000008,Foyle,1.0,0
N20001904,N06000008,Foyle,1.0,0
N20001905,N06000008,Foyle,1.0,0
N20001906,N06000008,Foyle,1.0,0
N20001907,N06000008,Foyle,1.0,0
N20001908,N06000008,Foyle,0.999965,0
N20001909,N06000008,Foyle,1.0,0
N20001910,N06000008,Foyle,1.0,0
N20001911,N06000008,Foyle,1.0,0
N20001912,N06000008,Foyle,1.0,0
N20001913,N06000008,Foyle,1.0,0
N20001914,N06000008,Foyle,1.0,0
N20001915,N06000008,Foyle,1.0,0
N20001916,N06000008,Foyle,1.0,0
N20001917,N06000008,Foyle,1.0,0
N20001918,N06000008,Foyle,1.0,0
N20001919,N06000008,Foyle,1.0,0
N20001920,N06000008,Foyle,1.0,0
N20001921,N06000008,Foyle,1.0,0
N20001922,N06000008,Foyle,0.963503,0
N20001923,N06000006,East Londonderry,0.812162,1
N20001924,N06000008,Foyle,0.55792,1
N20001925,N06000008,Foyle,1.0,0
N20001926,N06000008,Foyle,1.0,0
N20001927,N06000006,East Londonderry,0.880765,1
N20001928,N06000008,Foyle,1.0,0
N20001929,N06000008,Foyle,0.750175,1
N20001930,N06000008,Foyle,1.0,0
N20001931,N06000008,Foyle,1.0,0
N20001932,N06000008,Foyle,1.0,0
N20001933,N06000008,Foyle,1.0,0
N20001934,N06000008,Foyle,1.0,0
N20001935,N06000008,Foyle,0.999745,0
N20001936,N06000006,East Londonderry,1.0,0
N20001937,N06000006,East Londonderry,0.574831,1
N20001938,N06000008,Foyle,0.991196,0
N20001939,N06000018,West Tyrone,0.983795,0
N20001940,N06000008,Foyle,0.870847,1
N20001941,N06000018,West Tyrone,0.998068,0
N20001942,N06000006,East Londonderry,1.0,0
N20001943,N06000006,East Londonderry,1.0,0
N20001944,N06000006,East Londonderry,1.0,0
N20001945,N06000018,West Tyrone,1.0,0
N20001946,N06000006,East Londonderry,1.0,0
N20001947,N06000018,West Tyrone,0.99997,0
N20001948,N06000018,West Tyrone,0.532987,1
N20001949,N06000006,East Londonderry,1.0,0
N20001950,N06000018,West Tyrone,1.0,0
N20001951,N06000018,West Tyrone,1.0,0
N20001952,N06000018,West Tyrone,1.0,0
N20001953,N06000006,East Londonderry,1.0,0
N20001954,N06000006,East Londonderry,0.556855,1
N20001955,N06000018,West Tyrone,1.0,0
N20001956,N06000006,East Londonderry,0.998522,0
N20001957,N06000018,West Tyrone,1.0,0
N20001958,N06000018,West Tyrone,1.0,0
N20001959,N06000018,West Tyrone,1.0,0
N20001960,N06000018,West Tyrone,1.0,0
N20001961,N06000018,West Tyrone,1.0,0
N20001962,N06000018,West Tyrone,1.0,0
N20001963,N06000018,West Tyrone,1.0,0
N20001964,N06000018,West Tyrone,1.0,0
N20001965,N06000018,West Tyrone,1.0,0
N20001966,N06000018,West Tyrone,1.0,0
N20001967,N06000018,West Tyrone,1.0,0
N20001968,N06000018,West Tyrone,1.0,0
N20001969,N06000018,West Tyrone,1.0,0
N20001970,N06000018,West Tyrone,1.0,0
N20001971,N06000018,West Tyrone,1.0,0
N20001972,N06000018,West Tyrone,1.0,0
N20001973,N06000018,West Tyrone,1.0,0
N20001974,N06000018,West Tyrone,1.0,0
N20001975,N06000018,West Tyrone,1.0,0
N20001976,N06000018,West Tyrone,1.0,0
N20001977,N06000018,West Tyrone,1.0,0
N20001978,N06000018,West Tyrone,1.0,0
N20001979,N06000018,West Tyrone,1.0,0
N20001980,N06000018,West Tyrone,1.0,0
N20001981,N06000018,West Tyrone,0.788795,1
N20001982,N06000018,West Tyrone,1.0,0
N20001983,N06000018,West Tyrone,1.0,0
N20001984,N06000018,West Tyrone,1.0,0
N20001985,N06000018,West Tyrone,1.0,0
N20001986,N06000018,West Tyrone,1.0,0
N20001987,N06000018,West Tyrone,1.0,0
N20001988,N06000018,West Tyrone,1.0,0
N20001989,N06000018,West Tyrone,0.979963,0
N20001990,N06000018,West Tyrone,1.0,0
N20001991,N06000018,West Tyrone,1.0,0
N20001992,N06000018,West Tyrone,1.0,0
N20001993,N06000018,West Tyrone,1.0,0
N20001994,N06000018,West Tyrone,1.0,0
N20001995,N06000018,West Tyrone,1.0,0
N20001996,N06000018,West Tyrone,1.0,0
N20001997,N06000018,West Tyrone,1.0,0
N20001998,N06000018,West Tyrone,1.0,0
N20001999,N06000018,West Tyrone,1.0,0
N20002000,N06000018,West Tyrone,1.0,0
N20002001,N06000018,West Tyrone,1.0,0
N20002002,N06000018,West Tyrone,1.0,0
N20002003,N06000018,West Tyrone,1.0,0
N20002004,N06000018,West Tyrone,1.0,0
N20002005,N06000018,West Tyrone,1.0,0
N20002006,N06000018,West Tyrone,1.0,0
N20002007,N06000018,West Tyrone,1.0,0
N20002008,N06000018,West Tyrone,1.0,0
N20002009,N06000018,West Tyrone,1.0,0
N20002010,N06000018,West Tyrone,1.0,0
N20002011,N06000018,West Tyrone,1.0,0
N20002012,N06000018,West Tyrone,1.0,0
N20002013,N06000018,West Tyrone,1.0,0
N20002014,N06000018,West Tyrone,1.0,0
N20002015,N06000018,West Tyrone,1.0,0
N20002016,N06000018,West Tyrone,1.0,0
N20002017,N06000018,West Tyrone,1.0,0
N20002018,N06000018,West Tyrone,1.0,0
N20002019,N06000018,West Tyrone,1.0,0
N20002020,N06000018,West Tyrone,1.0,0
N20002021,N06000018,West Tyrone,1.0,0
N20002022,N06000018,West Tyrone,1.0,0
N20002023,N06000018,West Tyrone,1.0,0
N20002024,N06000018,West Tyrone,1.0,0
N20002025,N06000018,West Tyrone,1.0,0
N20002026,N06000018,West Tyrone,0.999986,0
N20002027,N06000018,West Tyrone,1.0,0
N20002028,N06000018,West Tyrone,1.0,0
N20002029,N06000007,Fermanagh And South Tyrone,1.0,0
N20002030,N06000007,Fermanagh And South Tyrone,1.0,0
N20002031,N06000007,Fermanagh And South Tyrone,1.0,0
N20002032,N06000007,Fermanagh And South Tyrone,1.0,0
N20002033,N06000007,Fermanagh And South Tyrone,1.0,0
N20002034,N06000007,Fermanagh And South Tyrone,1.0,0
N20002035,N06000007,Fermanagh And South Tyrone,1.0,0
N20002036,N06000007,Fermanagh And South Tyrone,1.0,0
N20002037,N06000007,Fermanagh And South Tyrone,1.0,0
N20002038,N06000007,Fermanagh And South Tyrone,1.0,0
N20002039,N06000007,Fermanagh And South Tyrone,1.0,0
N20002040,N06000007,Fermanagh And South Tyrone,1.0,0
N20002041,N06000007,Fermanagh And South Tyrone,1.0,0
N20002042,N06000007,Fermanagh And South Tyrone,1.0,0
N20002043,N06000007,Fermanagh And South Tyrone,1.0,0
N20002044,N06000007,Fermanagh And South Tyrone,1.0,0
N20002045,N06000007,Fermanagh And South Tyrone,1.0,0
N20002046,N06000007,Fermanagh And South Tyrone,1.0,0
N20002047,N06000007,Fermanagh And South Tyrone,1.0,0
N20002048,N06000007,Fermanagh And South Tyrone,1.0,0
N20002049,N06000007,Fermanagh And South Tyrone,1.0,0
N20002050,N06000007,Fermanagh And South Tyrone,1.0,0
N20002051,N06000007,Fermanagh And South Tyrone,1.0,0
N20002052,N06000007,Fermanagh And South Tyrone,1.0,0
N20002053,N06000007,Fermanagh And South Tyrone,1.0,0
N20002054,N06000007,Fermanagh And South Tyrone,1.0,0
N20002055,N06000007,Fermanagh And South Tyrone,1.0,0
N20002056,N06000007,Fermanagh And South Tyrone,1.0,0
N20002057,N06000007,Fermanagh And South Tyrone,1.0,0
N20002058,N06000007,Fermanagh And South Tyrone,1.0,0
N20002059,N06000007,Fermanagh And South Tyrone,1.0,0
N20002060,N06000007,Fermanagh And South Tyrone,1.0,0
N20002061,N06000007,Fermanagh And South Tyrone,1.0,0
N20002062,N06000007,Fermanagh And South Tyrone,1.0,0
N20002063,N06000007,Fermanagh And South Tyrone,1.0,0
N20002064,N06000007,Fermanagh And South Tyrone,1.0,0
N20002065,N06000007,Fermanagh And South Tyrone,1.0,0
N20002066,N06000007,Fermanagh And South Tyrone,1.0,0
N20002067,N06000007,Fermanagh And South Tyrone,1.0,0
N20002068,N06000007,Fermanagh And South Tyrone,1.0,0
N20002069,N06000007,Fermanagh And South Tyrone,1.0,0
N20002070,N06000007,Fermanagh And South Tyrone,1.0,0
N20002071,N06000007,Fermanagh And South Tyrone,1.0,0
N20002072,N06000007,Fermanagh And South Tyrone,1.0,0
N20002073,N06000007,Fermanagh And South Tyrone,1.0,0
N20002074,N06000007,Fermanagh And South Tyrone,1.0,0
N20002075,N06000007,Fermanagh And South Tyrone,1.0,0
N20002076,N06000007,Fermanagh And South Tyrone,1.0,0
N20002077,N06000007,Fermanagh And South Tyrone,1.0,0
N20002078,N06000007,Fermanagh And South Tyrone,1.0,0
N20002079,N06000007,Fermanagh And South Tyrone,1.0,0
N20002080,N06000007,Fermanagh And South Tyrone,1.0,0
N20002081,N06000007,Fermanagh And South Tyrone,1.0,0
N20002082,N06000007,Fermanagh And South Tyrone,1.0,0
N20002083,N06000007,Fermanagh And South Tyrone,1.0,0
N20002084,N06000007,Fermanagh And South Tyrone,1.0,0
N20002085,N06000007,Fermanagh And South Tyrone,1.0,0
N20002086,N06000007,Fermanagh And South Tyrone,1.0,0
N20002087,N06000007,Fermanagh And South Tyrone,1.0,0
N20002088,N06000007,Fermanagh And South Tyrone,1.0,0
N20002089,N06000007,Fermanagh And South Tyrone,1.0,0
N20002090,N06000007,Fermanagh And South Tyrone,1.0,0
N20002091,N06000007,Fermanagh And South Tyrone,1.0,0
N20002092,N06000007,Fermanagh And South Tyrone,1.0,0
N20002093,N06000007,Fermanagh And South Tyrone,1.0,0
N20002094,N06000007,Fermanagh And South Tyrone,1.0,0
N20002095,N06000007,Fermanagh And South Tyrone,1.0,0
N20002096,N06000007,Fermanagh And South Tyrone,1.0,0
N20002097,N06000007,Fermanagh And South Tyrone,1.0,0
N20002098,N06000007,Fermanagh And South Tyrone,1.0,0
N20002099,N06000007,Fermanagh And South Tyrone,1.0,0
N20002100,N06000007,Fermanagh And South Tyrone,1.0,0
N20002101,N06000007,Fermanagh And South Tyrone,1.0,0
N20002102,N06000007,Fermanagh And South Tyrone,1.0,0
N20002103,N06000007,Fermanagh And South Tyrone,1.0,0
N20002104,N06000007,Fermanagh And South Tyrone,1.0,0
N20002105,N06000007,Fermanagh And South Tyrone,1.0,0
N20002106,N06000007,Fermanagh And South Tyrone,1.0,0
N20002107,N06000007,Fermanagh And South Tyrone,1.0,0
N20002108,N06000007,Fermanagh And South Tyrone,1.0,0
N20002109,N06000007,Fermanagh And South Tyrone,1.0,0
N20002110,N06000007,Fermanagh And South Tyrone,1.0,0
N20002111,N06000007,Fermanagh And South Tyrone,1.0,0
N20002112,N06000007,Fermanagh And South Tyrone,1.0,0
N20002113,N06000007,Fermanagh And South Tyrone,1.0,0
N20002114,N06000007,Fermanagh And South Tyrone,1.0,0
N20002115,N06000007,Fermanagh And South Tyrone,1.0,0
N20002116,N06000007,Fermanagh And South Tyrone,1.0,0
N20002117,N06000007,Fermanagh And South Tyrone,1.0,0
N20002118,N06000007,Fermanagh And South Tyrone,1.0,0
N20002119,N06000007,Fermanagh And South Tyrone,1.0,0
N20002120,N06000007,Fermanagh And South Tyrone,1.0,0
N20002121,N06000007,Fermanagh And South Tyrone,0.999932,0
N20002122,N06000007,Fermanagh And South Tyrone,0.999849,0
N20002123,N06000007,Fermanagh And South Tyrone,0.999848,0
N20002124,N06000007,Fermanagh And South Tyrone,1.0,0
N20002125,N06000007,Fermanagh And South Tyrone,1.0,0
N20002126,N06000007,Fermanagh And South Tyrone,1.0,0
N20002127,N06000007,Fermanagh And South Tyrone,1.0,0
N20002128,N06000007,Fermanagh And South Tyrone,1.0,0
N20002129,N06000007,Fermanagh And South Tyrone,0.999892,0
N20002130,N06000007,Fermanagh And South Tyrone,1.0,0
N20002131,N06000007,Fermanagh And South Tyrone,1.0,0
N20002132,N06000007,Fermanagh And South Tyrone,1.0,0
N20002133,N06000007,Fermanagh And South Tyrone,1.0,0
N20002134,N06000007,Fermanagh And South Tyrone,1.0,0
N20002135,N06000007,Fermanagh And South Tyrone,1.0,0
N20002136,N06000007,Fermanagh And South Tyrone,1.0,0
N20002137,N06000007,Fermanagh And South Tyrone,1.0,0
N20002138,N06000007,Fermanagh And South Tyrone,1.0,0
N20002139,N06000007,Fermanagh And South Tyrone,0.999896,0
N20002140,N06000007,Fermanagh And South Tyrone,1.0,0
N20002141,N06000007,Fermanagh And South Tyrone,1.0,0
N20002142,N06000007,Fermanagh And South Tyrone,0.999705,0
N20002143,N06000007,Fermanagh And South Tyrone,1.0,0
N20002144,N06000007,Fermanagh And South Tyrone,0.999946,0
N20002145,N06000007,Fermanagh And South Tyrone,1.0,0
N20002146,N06000007,Fermanagh And South Tyrone,1.0,0
N20002147,N06000007,Fermanagh And South Tyrone,1.0,0
N20002148,N06000007,Fermanagh And South Tyrone,1.0,0
N20002149,N06000007,Fermanagh And South Tyrone,1.0,0
N20002150,N06000018,West Tyrone,1.0,0
N20002151,N06000018,West Tyrone,1.0,0
N20002152,N06000018,West Tyrone,1.0,0
N20002153,N06000018,West Tyrone,1.0,0
N20002154,N06000018,West Tyrone,1.0,0
N20002155,N06000018,West Tyrone,0.999944,0
N20002156,N06000018,West Tyrone,1.0,0
N20002157,N06000018,West Tyrone,1.0,0
N20002158,N06000018,West Tyrone,1.0,0
N20002159,N06000018,West Tyrone,1.0,0
N20002160,N06000018,West Tyrone,0.99995,0
N20002161,N06000018,West Tyrone,1.0,0
N20002162,N06000018,West Tyrone,1.0,0
N20002163,N06000018,West Tyrone,1.0,0
N20002164,N06000018,West Tyrone,1.0,0
N20002165,N06000018,West Tyrone,1.0,0
N20002166,N06000018,West Tyrone,1.0,0
N20002167,N06000018,West Tyrone,1.0,0
N20002168,N06000018,West Tyrone,1.0,0
N20002169,N06000018,West Tyrone,1.0,0
N20002170,N06000018,West Tyrone,1.0,0
N20002171,N06000018,West Tyrone,1.0,0
N20002172,N06000018,West Tyrone,1.0,0
N20002173,N06000018,West Tyrone,0.999837,0
N20002174,N06000018,West Tyrone,1.0,0
N20002175,N06000018,West Tyrone,0.999901,0
N20002176,N06000018,West Tyrone,0.999997,0
N20002177,N06000018,West Tyrone,0.999789,0
N20002178,N06000018,West Tyrone,1.0,0
N20002179,N06000018,West Tyrone,0.999681,0
N20002180,N06000018,West Tyrone,0.999869,0
N20002181,N06000018,West Tyrone,1.0,0
N20002182,N06000018,West Tyrone,1.0,0
N20002183,N06000018,West Tyrone,1.0,0
N20002184,N06000018,West Tyrone,1.0,0
N20002185,N06000018,West Tyrone,1.0,0
N20002186,N06000018,West Tyrone,1.0,0
N20002187,N06000018,West Tyrone,1.0,0
N20002188,N06000018,West Tyrone,1.0,0
N20002189,N06000018,West Tyrone,1.0,0
N20002190,N06000018,West Tyrone,1.0,0
N20002191,N06000018,West Tyrone,1.0,0
N20002192,N06000018,West Tyrone,1.0,0
N20002193,N06000018,West Tyrone,1.0,0
N20002194,N06000018,West Tyrone,1.0,0
N20002195,N06000018,West Tyrone,1.0,0
N20002196,N06000018,West Tyrone,1.0,0
N20002197,N06000018,West Tyrone,1.0,0
N20002198,N06000018,West Tyrone,1.0,0
N20002199,N06000018,West Tyrone,1.0,0
N20002200,N06000018,West Tyrone,1.0,0
N20002201,N06000018,West Tyrone,1.0,0
N20002202,N06000018,West Tyrone,1.0,0
N20002203,N06000018,West Tyrone,1.0,0
N20002204,N06000018,West Tyrone,1.0,0
N20002205,N06000018,West Tyrone,1.0,0
N20002206,N06000018,West Tyrone,1.0,0
N20002207,N06000018,West Tyrone,1.0,0
N20002208,N06000018,West Tyrone,1.0,0
N20002209,N06000018,West Tyrone,1.0,0
N20002210,N06000018,West Tyrone,1.0,0
N20002211,N06000018,West Tyrone,1.0,0
N20002212,N06000018,West Tyrone,1.0,0
N20002213,N06000018,West Tyrone,1.0,0
N20002214,N06000018,West Tyrone,1.0,0
N20002215,N06000018,West Tyrone,1.0,0
N20002216,N06000018,West Tyrone,1.0,0
N20002217,N06000018,West Tyrone,1.0,0
N20002218,N06000018,West Tyrone,1.0,0
N20002219,N06000018,West Tyrone,1.0,0
N20002220,N06000018,West Tyrone,1.0,0
N20002221,N06000018,West Tyrone,0.99999,0
N20002222,N06000018,West Tyrone,1.0,0
N20002223,N06000018,West Tyrone,1.0,0
N20002224,N06000018,West Tyrone,0.999969,0
N20002225,N06000018,West Tyrone,1.0,0
N20002226,N06000018,West Tyrone,1.0,0
N20002227,N06000018,West Tyrone,1.0,0
N20002228,N06000018,West Tyrone,1.0,0
N20002229,N06000018,West Tyrone,1.0,0
N20002230,N06000018,West Tyrone,1.0,0
N20002231,N06000018,West Tyrone,0.999947,0
N20002232,N06000018,West Tyrone,1.0,0
N20002233,N06000018,West Tyrone,1.0,0
N20002234,N06000018,West Tyrone,1.0,0
N20002235,N06000018,West Tyrone,1.0,0
N20002236,N06000018,West Tyrone,1.0,0
N20002237,N06000018,West Tyrone,1.0,0
N20002238,N06000018,West Tyrone,1.0,0
N20002239,N06000018,West Tyrone,1.0,0
N20002240,N06000018,West Tyrone,0.99998,0
N20002241,N06000018,West Tyrone,1.0,0
N20002242,N06000018,West Tyrone,1.0,0
N20002243,N06000018,West Tyrone,1.0,0
N20002244,N06000018,West Tyrone,1.0,0
N20002245,N06000018,West Tyrone,1.0,0
N20002246,N06000018,West Tyrone,1.0,0
N20002247,N06000018,West Tyrone,1.0,0
N20002248,N06000018,West Tyrone,0.999921,0
N20002249,N06000018,West Tyrone,1.0,0
N20002250,N06000018,West Tyrone,1.0,0
N20002251,N06000018,West Tyrone,0.9999,0
N20002252,N06000009,Lagan Valley,1.0,0
N20002253,N06000009,Lagan Valley,1.0,0
N20002254,N06000009,Lagan Valley,1.0,0
N20002255,N06000009,Lagan Valley,1.0,0
N20002256,N06000009,Lagan Valley,1.0,0
N20002257,N06000009,Lagan Valley,1.0,0
N20002258,N06000009,Lagan Valley,1.0,0
N20002259,N06000009,Lagan Valley,1.0,0
N20002260,N06000009,Lagan Valley,1.0,0
N20002261,N06000009,Lagan Valley,1.0,0
N20002262,N06000009,Lagan Valley,1.0,0
N20002263,N06000009,Lagan Valley,1.0,0
N20002264,N06000009,Lagan Valley,1.0,0
N20002265,N06000009,Lagan Valley,1.0,0
N20002266,N06000009,Lagan Valley,1.0,0
N20002267,N06000009,Lagan Valley,1.0,0
N20002268,N06000009,Lagan Valley,0.999842,0
N20002269,N06000009,Lagan Valley,1.0,0
N20002270,N06000009,Lagan Valley,1.0,0
N20002271,N06000009,Lagan Valley,1.0,0
N20002272,N06000009,Lagan Valley,1.0,0
N20002273,N06000009,Lagan Valley,0.999942,0
N20002274,N06000009,Lagan Valley,1.0,0
N20002275,N06000009,Lagan Valley,1.0,0
N20002276,N06000009,Lagan Valley,1.0,0
N20002277,N06000009,Lagan Valley,1.0,0
N20002278,N06000009,Lagan Valley,1.0,0
N20002279,N06000009,Lagan Valley,1.0,0
N20002280,N06000009,Lagan Valley,1.0,0
N20002281,N06000009,Lagan Valley,1.0,0
N20002282,N06000009,Lagan Valley,1.0,0
N20002283,N06000009,Lagan Valley,1.0,0
N20002284,N06000009,Lagan Valley,0.999991,0
N20002285,N06000009,Lagan Valley,1.0,0
N20002286,N06000009,Lagan Valley,1.0,0
N20002287,N06000014,South Antrim,1.0,0
N20002288,N06000014,South Antrim,1.0,0
N20002289,N06000014,South Antrim,0.809125,1
N20002290,N06000014,South Antrim,1.0,0
N20002291,N06000014,South Antrim,1.0,0
N20002292,N06000014,South Antrim,1.0,0
N20002293,N06000014,South Antrim,0.853074,1
N20002294,N06000014,South Antrim,0.883122,1
N20002295,N06000014,South Antrim,0.675852,1
N20002296,N06000014,South Antrim,0.848694,1
N20002297,N06000009,Lagan Valley,0.605185,1
N20002298,N06000009,Lagan Valley,0.566398,1
N20002299,N06000009,Lagan Valley,0.838909,1
N20002300,N06000009,Lagan Valley,1.0,0
N20002301,N06000009,Lagan Valley,0.716192,1
N20002302,N06000009,Lagan Valley,0.85868,1
N20002303,N06000009,Lagan Valley,1.0,0
N20002304,N06000009,Lagan Valley,1.0,0
N20002305,N06000009,Lagan Valley,1.0,0
N20002306,N06000009,Lagan Valley,1.0,0
N20002307,N06000009,Lagan Valley,1.0,0
N20002308,N06000009,Lagan Valley,1.0,0
N20002309,N06000009,Lagan Valley,1.0,0
N20002310,N06000009,Lagan Valley,1.0,0
N20002311,N06000009,Lagan Valley,1.0,0
N20002312,N06000009,Lagan Valley,1.0,0
N20002313,N06000009,Lagan Valley,1.0,0
N20002314,N06000009,Lagan Valley,1.0,0
N20002315,N06000009,Lagan Valley,1.0,0
N20002316,N06000009,Lagan Valley,1.0,0
N20002317,N06000009,Lagan Valley,0.987537,0
N20002318,N06000009,Lagan Valley,1.0,0
N20002319,N06000009,Lagan Valley,0.999752,0
N20002320,N06000009,Lagan Valley,1.0,0
N20002321,N06000009,Lagan Valley,1.0,0
N20002322,N06000009,Lagan Valley,1.0,0
N20002323,N06000009,Lagan Valley,1.0,0
N20002324,N06000009,Lagan Valley,1.0,0
N20002325,N06000009,Lagan Valley,1.0,0
N20002326,N06000009,Lagan Valley,1.0,0
N20002327,N06000009,Lagan Valley,1.0,0
N20002328,N06000009,Lagan Valley,1.0,0
N20002329,N06000009,Lagan Valley,1.0,0
N20002330,N06000009,Lagan Valley,1.0,0
N20002331,N06000009,Lagan Valley,1.0,0
N20002332,N06000009,Lagan Valley,1.0,0
N20002333,N06000009,Lagan Valley,1.0,0
N20002334,N06000009,Lagan Valley,1.0,0
N20002335,N06000009,Lagan Valley,1.0,0
N20002336,N06000009,Lagan Valley,1.0,0
N20002337,N06000009,Lagan Valley,1.0,0
N20002338,N06000009,Lagan Valley,1.0,0
N20002339,N06000009,Lagan Valley,1.0,0
N20002340,N06000009,Lagan Valley,1.0,0
N20002341,N06000009,Lagan Valley,1.0,0
N20002342,N06000009,Lagan Valley,1.0,0
N20002343,N06000009,Lagan Valley,1.0,0
N20002344,N06000009,Lagan Valley,1.0,0
N20002345,N06000009,Lagan Valley,1.0,0
N20002346,N06000009,Lagan Valley,1.0,0
N20002347,N06000009,Lagan Valley,1.0,0
N20002348,N06000009,Lagan Valley,1.0,0
N20002349,N06000009,Lagan Valley,1.0,0
N20002350,N06000009,Lagan Valley,1.0,0
N20002351,N06000009,Lagan Valley,1.0,0
N20002352,N06000009,Lagan Valley,1.0,0
N20002353,N06000009,Lagan Valley,1.0,0
N20002354,N06000009,Lagan Valley,1.0,0
N20002355,N06000009,Lagan Valley,1.0,0
N20002356,N06000009,Lagan Valley,1.0,0
N20002357,N06000009,Lagan Valley,1.0,0
N20002358,N06000009,Lagan Valley,1.0,0
N20002359,N06000009,Lagan Valley,1.0,0
N20002360,N06000009,Lagan Valley,1.0,0
N20002361,N06000009,Lagan Valley,1.0,0
N20002362,N06000009,Lagan Valley,1.0,0
N20002363,N06000009,Lagan Valley,1.0,0
N20002364,N06000009,Lagan Valley,1.0,0
N20002365,N06000009,Lagan Valley,1.0,0
N20002366,N06000009,Lagan Valley,1.0,0
N20002367,N06000009,Lagan Valley,1.0,0
N20002368,N06000009,Lagan Valley,1.0,0
N20002369,N06000009,Lagan Valley,1.0,0
N20002370,N06000009,Lagan Valley,1.0,0
N20002371,N06000009,Lagan Valley,1.0,0
N20002372,N06000009,Lagan Valley,1.0,0
N20002373,N06000009,Lagan Valley,1.0,0
N20002374,N06000009,Lagan Valley,1.0,0
N20002375,N06000009,Lagan Valley,1.0,0
N20002376,N06000009,Lagan Valley,0.999973,0
N20002377,N06000009,Lagan Valley,0.999709,0
N20002378,N06000009,Lagan Valley,0.791639,1
N20002379,N06000009,Lagan Valley,1.0,0
N20002380,N06000009,Lagan Valley,1.0,0
N20002381,N06000009,Lagan Valley,1.0,0
N20002382,N06000009,Lagan Valley,1.0,0
N20002383,N06000009,Lagan Valley,1.0,0
N20002384,N06000009,Lagan Valley,1.0,0
N20002385,N06000009,Lagan Valley,1.0,0
N20002386,N06000009,Lagan Valley,1.0,0
N20002387,N06000009,Lagan Valley,1.0,0
N20002388,N06000009,Lagan Valley,1.0,0
N20002389,N06000009,Lagan Valley,1.0,0
N20002390,N06000009,Lagan Valley,1.0,0
N20002391,N06000009,Lagan Valley,1.0,0
N20002392,N06000009,Lagan Valley,1.0,0
N20002393,N06000009,Lagan Valley,1.0,0
N20002394,N06000009,Lagan Valley,1.0,0
N20002395,N06000009,Lagan Valley,1.0,0
N20002396,N06000009,Lagan Valley,1.0,0
N20002397,N06000009,Lagan Valley,1.0,0
N20002398,N06000009,Lagan Valley,1.0,0
N20002399,N06000009,Lagan Valley,1.0,0
N20002400,N06000009,Lagan Valley,1.0,0
N20002401,N06000009,Lagan Valley,1.0,0
N20002402,N06000009,Lagan Valley,1.0,0
N20002403,N06000009,Lagan Valley,1.0,0
N20002404,N06000009,Lagan Valley,1.0,0
N20002405,N06000009,Lagan Valley,1.0,0
N20002406,N06000009,Lagan Valley,1.0,0
N20002407,N06000009,Lagan Valley,1.0,0
N20002408,N06000009,Lagan Valley,1.0,0
N20002409,N06000009,Lagan Valley,1.0,0
N20002410,N06000009,Lagan Valley,1.0,0
N20002411,N06000009,Lagan Valley,1.0,0
N20002412,N06000009,Lagan Valley,1.0,0
N20002413,N06000009,Lagan Valley,1.0,0
N20002414,N06000009,Lagan Valley,1.0,0
N20002415,N06000009,Lagan Valley,1.0,0
N20002416,N06000009,Lagan Valley,1.0,0
N20002417,N06000009,Lagan Valley,1.0,0
N20002418,N06000009,Lagan Valley,1.0,0
N20002419,N06000009,Lagan Valley,1.0,0
N20002420,N06000009,Lagan Valley,1.0,0
N20002421,N06000009,Lagan Valley,1.0,0
N20002422,N06000009,Lagan Valley,1.0,0
N20002423,N06000009,Lagan Valley,1.0,0
N20002424,N06000009,Lagan Valley,0.998848,0
N20002425,N06000009,Lagan Valley,0.999945,0
N20002426,N06000009,Lagan Valley,0.999267,0
N20002427,N06000009,Lagan Valley,1.0,0
N20002428,N06000009,Lagan Valley,1.0,0
N20002429,N06000009,Lagan Valley,1.0,0
N20002430,N06000009,Lagan Valley,0.999988,0
N20002431,N06000009,Lagan Valley,1.0,0
N20002432,N06000009,Lagan Valley,1.0,0
N20002433,N06000009,Lagan Valley,1.0,0
N20002434,N06000009,Lagan Valley,1.0,0
N20002435,N06000009,Lagan Valley,1.0,0
N20002436,N06000009,Lagan Valley,1.0,0
N20002437,N06000009,Lagan Valley,1.0,0
N20002438,N06000009,Lagan Valley,1.0,0
N20002439,N06000009,Lagan Valley,0.999874,0
N20002440,N06000009,Lagan Valley,1.0,0
N20002441,N06000009,Lagan Valley,1.0,0
N20002442,N06000009,Lagan Valley,1.0,0
N20002443,N06000009,Lagan Valley,1.0,0
N20002444,N06000009,Lagan Valley,1.0,0
N20002445,N06000009,Lagan Valley,0.999952,0
N20002446,N06000009,Lagan Valley,1.0,0
N20002447,N06000009,Lagan Valley,0.999944,0
N20002448,N06000009,Lagan Valley,1.0,0
N20002449,N06000009,Lagan Valley,0.999974,0
N20002450,N06000009,Lagan Valley,1.0,0
N20002451,N06000009,Lagan Valley,1.0,0
N20002452,N06000009,Lagan Valley,0.999814,0
N20002453,N06000009,Lagan Valley,0.899552,1
N20002454,N06000009,Lagan Valley,0.999493,0
N20002455,N06000015,South Down,0.740837,1
N20002456,N06000003,Belfast South,1.0,0
N20002457,N06000003,Belfast South,1.0,0
N20002458,N06000003,Belfast South,0.997933,0
N20002459,N06000003,Belfast South,1.0,0
N20002460,N06000003,Belfast South,0.994292,0
N20002461,N06000003,Belfast South,1.0,0
N20002462,N06000003,Belfast South,1.0,0
N20002463,N06000003,Belfast South,1.0,0
N20002464,N06000003,Belfast South,1.0,0
N20002465,N06000003,Belfast South,0.997778,0
N20002466,N06000003,Belfast South,1.0,0
N20002467,N06000003,Belfast South,1.0,0
N20002468,N06000003,Belfast South,1.0,0
N20002469,N06000003,Belfast South,0.988518,0
N20002470,N06000003,Belfast South,1.0,0
N20002471,N06000003,Belfast South,1.0,0
N20002472,N06000003,Belfast South,1.0,0
N20002473,N06000003,Belfast South,1.0,0
N20002474,N06000003,Belfast South,1.0,0
N20002475,N06000003,Belfast South,1.0,0
N20002476,N06000003,Belfast South,1.0,0
N20002477,N06000003,Belfast South,1.0,0
N20002478,N06000003,Belfast South,1.0,0
N20002479,N06000003,Belfast South,1.0,0
N20002480,N06000003,Belfast South,1.0,0
N20002481,N06000003,Belfast South,1.0,0
N20002482,N06000003,Belfast South,1.0,0
N20002483,N06000003,Belfast South,0.98302,0
N20002484,N06000003,Belfast South,0.999951,0
N20002485,N06000003,Belfast South,0.999864,0
N20002486,N06000003,Belfast South,0.999984,0
N20002487,N06000003,Belfast South,0.622838,1
N20002488,N06000003,Belfast South,0.999978,0
N20002489,N06000003,Belfast South,1.0,0
N20002490,N06000003,Belfast South,1.0,0
N20002491,N06000003,Belfast South,1.0,0
N20002492,N06000016,Strangford,0.504418,1
N20002493,N06000003,Belfast South,1.0,0
N20002494,N06000003,Belfast South,1.0,0
N20002495,N06000003,Belfast South,0.999869,0
N20002496,N06000003,Belfast South,1.0,0
N20002497,N06000003,Belfast South,1.0,0
N20002498,N06000016,Strangford,0.967153,0
N20002499,N06000016,Strangford,0.885426,1
N20002500,N06000001,Belfast East,0.999962,0
N20002501,N06000001,Belfast East,0.999886,0
N20002502,N06000001,Belfast East,1.0,0
N20002503,N06000001,Belfast East,1.0,0
N20002504,N06000001,Belfast East,1.0,0
N20002505,N06000001,Belfast East,1.0,0
N20002506,N06000001,Belfast East,1.0,0
N20002507,N06000001,Belfast East,1.0,0
N20002508,N06000001,Belfast East,1.0,0
N20002509,N06000001,Belfast East,0.99947,0
N20002510,N06000001,Belfast East,1.0,0
N20002511,N06000001,Belfast East,1.0,0
N20002512,N06000001,Belfast East,1.0,0
N20002513,N06000001,Belfast East,1.0,0
N20002514,N06000001,Belfast East,1.0,0
N20002515,N06000001,Belfast East,1.0,0
N20002516,N06000001,Belfast East,1.0,0
N20002517,N06000001,Belfast East,1.0,0
N20002518,N06000001,Belfast East,1.0,0
N20002519,N06000001,Belfast East,1.0,0
N20002520,N06000001,Belfast East,1.0,0
N20002521,N06000001,Belfast East,1.0,0
N20002522,N06000001,Belfast East,1.0,0
N20002523,N06000001,Belfast East,1.0,0
N20002524,N06000001,Belfast East,1.0,0
N20002525,N06000001,Belfast East,1.0,0
N20002526,N06000001,Belfast East,1.0,0
N20002527,N06000001,Belfast East,1.0,0
N20002528,N06000001,Belfast East,1.0,0
N20002529,N06000001,Belfast East,1.0,0
N20002530,N06000001,Belfast East,1.0,0
N20002531,N06000001,Belfast East,1.0,0
N20002532,N06000001,Belfast East,1.0,0
N20002533,N06000001,Belfast East,1.0,0
N20002534,N06000001,Belfast East,1.0,0
N20002535,N06000001,Belfast East,1.0,0
N20002536,N06000001,Belfast East,1.0,0
N20002537,N06000001,Belfast East,1.0,0
N20002538,N06000001,Belfast East,1.0,0
N20002539,N06000001,Belfast East,1.0,0
N20002540,N06000001,Belfast East,0.719992,1
N20002541,N06000001,Belfast East,0.563587,1
N20002542,N06000016,Strangford,1.0,0
N20002543,N06000016,Strangford,0.999452,0
N20002544,N06000016,Strangford,1.0,0
N20002545,N06000016,Strangford,1.0,0
N20002546,N06000016,Strangford,1.0,0
N20002547,N06000016,Strangford,0.99999,0
N20002548,N06000012,North Antrim,1.0,0
N20002549,N06000012,North Antrim,1.0,0
N20002550,N06000012,North Antrim,1.0,0
N20002551,N06000012,North Antrim,1.0,0
N20002552,N06000012,North Antrim,0.999996,0
N20002553,N06000012,North Antrim,1.0,0
N20002554,N06000012,North Antrim,1.0,0
N20002555,N06000012,North Antrim,1.0,0
N20002556,N06000012,North Antrim,1.0,0
N20002557,N06000012,North Antrim,1.0,0
N20002558,N06000012,North Antrim,1.0,0
N20002559,N06000012,North Antrim,1.0,0
N20002560,N06000012,North Antrim,1.0,0
N20002561,N06000012,North Antrim,0.999993,0
N20002562,N06000012,North Antrim,1.0,0
N20002563,N06000012,North Antrim,1.0,0
N20002564,N06000012,North Antrim,1.0,0
N20002565,N06000012,North Antrim,1.0,0
N20002566,N06000012,North Antrim,1.0,0
N20002567,N06000012,North Antrim,1.0,0
N20002568,N06000012,North Antrim,1.0,0
N20002569,N06000012,North Antrim,1.0,0
N20002570,N06000012,North Antrim,1.0,0
N20002571,N06000012,North Antrim,1.0,0
N20002572,N06000012,North Antrim,1.0,0
N20002573,N06000012,North Antrim,1.0,0
N20002574,N06000012,North Antrim,1.0,0
N20002575,N06000012,North Antrim,1.0,0
N20002576,N06000012,North Antrim,1.0,0
N20002577,N06000012,North Antrim,0.999921,0
N20002578,N06000012,North Antrim,1.0,0
N20002579,N06000012,North Antrim,1.0,0
N20002580,N06000012,North Antrim,1.0,0
N20002581,N06000012,North Antrim,1.0,0
N20002582,N06000012,North Antrim,0.999946,0
N20002583,N06000012,North Antrim,0.999999,0
N20002584,N06000012,North Antrim,0.99991,0
N20002585,N06000012,North Antrim,0.99992,0
N20002586,N06000012,North Antrim,0.999872,0
N20002587,N06000012,North Antrim,1.0,0
N20002588,N06000012,North Antrim,1.0,0
N20002589,N06000012,North Antrim,1.0,0
N20002590,N06000012,North Antrim,1.0,0
N20002591,N06000012,North Antrim,1.0,0
N20002592,N06000012,North Antrim,1.0,0
N20002593,N06000012,North Antrim,1.0,0
N20002594,N06000012,North Antrim,1.0,0
N20002595,N06000012,North Antrim,1.0,0
N20002596,N06000012,North Antrim,1.0,0
N20002597,N06000012,North Antrim,1.0,0
N20002598,N06000012,North Antrim,1.0,0
N20002599,N06000012,North Antrim,1.0,0
N20002600,N06000012,North Antrim,1.0,0
N20002601,N06000012,North Antrim,1.0,0
N20002602,N06000012,North Antrim,1.0,0
N20002603,N06000012,North Antrim,1.0,0
N20002604,N06000012,North Antrim,1.0,0
N20002605,N06000012,North Antrim,1.0,0
N20002606,N06000012,North Antrim,1.0,0
N20002607,N06000012,North Antrim,1.0,0
N20002608,N06000012,North Antrim,1.0,0
N20002609,N06000012,North Antrim,1.0,0
N20002610,N06000012,North Antrim,1.0,0
N20002611,N06000012,North Antrim,1.0,0
N20002612,N06000012,North Antrim,1.0,0
N20002613,N06000012,North Antrim,1.0,0
N20002614,N06000012,North Antrim,1.0,0
N20002615,N06000012,North Antrim,1.0,0
N20002616,N06000012,North Antrim,1.0,0
N20002617,N06000012,North Antrim,1.0,0
N20002618,N06000012,North Antrim,1.0,0
N20002619,N06000012,North Antrim,1.0,0
N20002620,N06000012,North Antrim,1.0,0
N20002621,N06000012,North Antrim,1.0,0
N20002622,N06000012,North Antrim,1.0,0
N20002623,N06000012,North Antrim,1.0,0
N20002624,N06000012,North Antrim,1.0,0
N20002625,N06000012,North Antrim,1.0,0
N20002626,N06000012,North Antrim,1.0,0
N20002627,N06000012,North Antrim,1.0,0
N20002628,N06000012,North Antrim,1.0,0
N20002629,N06000012,North Antrim,1.0,0
N20002630,N06000012,North Antrim,1.0,0
N20002631,N06000012,North Antrim,1.0,0
N20002632,N06000012,North Antrim,1.0,0
N20002633,N06000012,North Antrim,1.0,0
N20002634,N06000012,North Antrim,1.0,0
N20002635,N06000012,North Antrim,1.0,0
N20002636,N06000012,North Antrim,1.0,0
N20002637,N06000012,North Antrim,1.0,0
N20002638,N06000012,North Antrim,1.0,0
N20002639,N06000012,North Antrim,0.999995,0
N20002640,N06000012,North Antrim,1.0,0
N20002641,N06000012,North Antrim,1.0,0
N20002642,N06000012,North Antrim,0.999971,0
N20002643,N06000012,North Antrim,1.0,0
N20002644,N06000012,North Antrim,1.0,0
N20002645,N06000012,North Antrim,1.0,0
N20002646,N06000012,North Antrim,1.0,0
N20002647,N06000012,North Antrim,1.0,0
N20002648,N06000012,North Antrim,1.0,0
N20002649,N06000012,North Antrim,0.894689,1
N20002650,N06000012,North Antrim,1.0,0
N20002651,N06000012,North Antrim,1.0,0
N20002652,N06000012,North Antrim,1.0,0
N20002653,N06000012,North Antrim,1.0,0
N20002654,N06000012,North Antrim,1.0,0
N20002655,N06000012,North Antrim,1.0,0
N20002656,N06000012,North Antrim,1.0,0
N20002657,N06000012,North Antrim,1.0,0
N20002658,N06000012,North Antrim,1.0,0
N20002659,N06000012,North Antrim,1.0,0
N20002660,N06000012,North Antrim,1.0,0
N20002661,N06000012,North Antrim,1.0,0
N20002662,N06000012,North Antrim,0.928532,1
N20002663,N06000012,North Antrim,1.0,0
N20002664,N06000012,North Antrim,1.0,0
N20002665,N06000012,North Antrim,1.0,0
N20002666,N06000012,North Antrim,1.0,0
N20002667,N06000012,North Antrim,1.0,0
N20002668,N06000005,East Antrim,0.590258,1
N20002669,N06000012,North Antrim,1.0,0
N20002670,N06000012,North Antrim,1.0,0
N20002671,N06000012,North Antrim,1.0,0
N20002672,N06000012,North Antrim,1.0,0
N20002673,N06000012,North Antrim,1.0,0
N20002674,N06000012,North Antrim,1.0,0
N20002675,N06000012,North Antrim,1.0,0
N20002676,N06000012,North Antrim,1.0,0
N20002677,N06000012,North Antrim,0.99949,0
N20002678,N06000012,North Antrim,0.99988,0
N20002679,N06000012,North Antrim,0.999606,0
N20002680,N06000012,North Antrim,1.0,0
N20002681,N06000012,North Antrim,1.0,0
N20002682,N06000012,North Antrim,1.0,0
N20002683,N06000012,North Antrim,1.0,0
N20002684,N06000012,North Antrim,0.999451,0
N20002685,N06000005,East Antrim,0.999978,0
N20002686,N06000005,East Antrim,1.0,0
N20002687,N06000005,East Antrim,1.0,0
N20002688,N06000005,East Antrim,1.0,0
N20002689,N06000005,East Antrim,1.0,0
N20002690,N06000005,East Antrim,0.999932,0
N20002691,N06000005,East Antrim,1.0,0
N20002692,N06000005,East Antrim,1.0,0
N20002693,N06000005,East Antrim,1.0,0
N20002694,N06000005,East Antrim,1.0,0
N20002695,N06000005,East Antrim,1.0,0
N20002696,N06000005,East Antrim,1.0,0
N20002697,N06000005,East Antrim,1.0,0
N20002698,N06000005,East Antrim,1.0,0
N20002699,N06000005,East Antrim,1.0,0
N20002700,N06000005,East Antrim,1.0,0
N20002701,N06000005,East Antrim,1.0,0
N20002702,N06000005,East Antrim,1.0,0
N20002703,N06000005,East Antrim,1.0,0
N20002704,N06000005,East Antrim,1.0,0
N20002705,N06000005,East Antrim,1.0,0
N20002706,N06000005,East Antrim,1.0,0
N20002707,N06000005,East Antrim,1.0,0
N20002708,N06000005,East Antrim,1.0,0
N20002709,N06000005,East Antrim,1.0,0
N20002710,N06000005,East Antrim,1.0,0
N20002711,N06000005,East Antrim,1.0,0
N20002712,N06000005,East Antrim,1.0,0
N20002713,N06000005,East Antrim,1.0,0
N20002714,N06000005,East Antrim,1.0,0
N20002715,N06000005,East Antrim,1.0,0
N20002716,N06000005,East Antrim,1.0,0
N20002717,N06000005,East Antrim,1.0,0
N20002718,N06000005,East Antrim,1.0,0
N20002719,N06000005,East Antrim,1.0,0
N20002720,N06000005,East Antrim,1.0,0
N20002721,N06000005,East Antrim,1.0,0
N20002722,N06000005,East Antrim,1.0,0
N20002723,N06000005,East Antrim,1.0,0
N20002724,N06000005,East Antrim,1.0,0
N20002725,N06000005,East Antrim,1.0,0
N20002726,N06000005,East Antrim,1.0,0
N20002727,N06000005,East Antrim,1.0,0
N20002728,N06000005,East Antrim,1.0,0
N20002729,N06000005,East Antrim,1.0,0
N20002730,N06000005,East Antrim,1.0,0
N20002731,N06000005,East Antrim,1.0,0
N20002732,N06000005,East Antrim,1.0,0
N20002733,N06000005,East Antrim,1.0,0
N20002734,N06000005,East Antrim,1.0,0
N20002735,N06000005,East Antrim,1.0,0
N20002736,N06000005,East Antrim,1.0,0
N20002737,N06000005,East Antrim,1.0,0
N20002738,N06000005,East Antrim,1.0,0
N20002739,N06000005,East Antrim,1.0,0
N20002740,N06000005,East Antrim,1.0,0
N20002741,N06000005,East Antrim,1.0,0
N20002742,N06000005,East Antrim,0.999938,0
N20002743,N06000005,East Antrim,1.0,0
N20002744,N06000005,East Antrim,1.0,0
N20002745,N06000005,East Antrim,1.0,0
N20002746,N06000005,East Antrim,0.999879,0
N20002747,N06000005,East Antrim,1.0,0
N20002748,N06000005,East Antrim,1.0,0
N20002749,N06000005,East Antrim,1.0,0
N20002750,N06000005,East Antrim,1.0,0
N20002751,N06000005,East Antrim,1.0,0
N20002752,N06000005,East Antrim,1.0,0
N20002753,N06000005,East Antrim,1.0,0
N20002754,N06000005,East Antrim,1.0,0
N20002755,N06000005,East Antrim,1.0,0
N20002756,N06000005,East Antrim,1.0,0
N20002757,N06000005,East Antrim,1.0,0
N20002758,N06000005,East Antrim,1.0,0
N20002759,N06000005,East Antrim,1.0,0
N20002760,N06000005,East Antrim,1.0,0
N20002761,N06000005,East Antrim,1.0,0
N20002762,N06000005,East Antrim,1.0,0
N20002763,N06000005,East Antrim,1.0,0
N20002764,N06000005,East Antrim,1.0,0
N20002765,N06000005,East Antrim,1.0,0
N20002766,N06000005,East Antrim,1.0,0
N20002767,N06000005,East Antrim,1.0,0
N20002768,N06000005,East Antrim,1.0,0
N20002769,N06000005,East Antrim,1.0,0
N20002770,N06000005,East Antrim,1.0,0
N20002771,N06000005,East Antrim,1.0,0
N20002772,N06000005,East Antrim,1.0,0
N20002773,N06000005,East Antrim,1.0,0
N20002774,N06000005,East Antrim,1.0,0
N20002775,N06000005,East Antrim,1.0,0
N20002776,N06000005,East Antrim,1.0,0
N20002777,N06000005,East Antrim,1.0,0
N20002778,N06000005,East Antrim,1.0,0
N20002779,N06000005,East Antrim,1.0,0
N20002780,N06000005,East Antrim,1.0,0
N20002781,N06000005,East Antrim,1.0,0
N20002782,N06000005,East Antrim,1.0,0
N20002783,N06000005,East Antrim,1.0,0
N20002784,N06000005,East Antrim,1.0,0
N20002785,N06000005,East Antrim,1.0,0
N20002786,N06000005,East Antrim,1.0,0
N20002787,N06000005,East Antrim,1.0,0
N20002788,N06000005,East Antrim,1.0,0
N20002789,N06000005,East Antrim,1.0,0
N20002790,N06000005,East Antrim,1.0,0
N20002791,N06000005,East Antrim,1.0,0
N20002792,N06000005,East Antrim,1.0,0
N20002793,N06000005,East Antrim,1.0,0
N20002794,N06000005,East Antrim,1.0,0
N20002795,N06000005,East Antrim,1.0,0
N20002796,N06000005,East Antrim,1.0,0
N20002797,N06000005,East Antrim,1.0,0
N20002798,N06000005,East Antrim,1.0,0
N20002799,N06000005,East Antrim,1.0,0
N20002800,N06000005,East Antrim,1.0,0
N20002801,N06000005,East Antrim,1.0,0
N20002802,N06000005,East Antrim,0.999855,0
N20002803,N06000005,East Antrim,1.0,0
N20002804,N06000005,East Antrim,1.0,0
N20002805,N06000005,East Antrim,1.0,0
N20002806,N06000005,East Antrim,1.0,0
N20002807,N06000005,East Antrim,1.0,0
N20002808,N06000005,East Antrim,1.0,0
N20002809,N06000005,East Antrim,0.999901,0
N20002810,N06000005,East Antrim,1.0,0
N20002811,N06000005,East Antrim,1.0,0
N20002812,N06000005,East Antrim,1.0,0
N20002813,N06000005,East Antrim,1.0,0
N20002814,N06000005,East Antrim,1.0,0
N20002815,N06000005,East Antrim,1.0,0
N20002816,N06000005,East Antrim,1.0,0
N20002817,N06000005,East Antrim,1.0,0
N20002818,N06000005,East Antrim,1.0,0
N20002819,N06000005,East Antrim,1.0,0
N20002820,N06000005,East Antrim,1.0,0
N20002821,N06000005,East Antrim,1.0,0
N20002822,N06000005,East Antrim,1.0,0
N20002823,N06000005,East Antrim,1.0,0
N20002824,N06000005,East Antrim,1.0,0
N20002825,N06000005,East Antrim,1.0,0
N20002826,N06000005,East Antrim,0.99999,0
N20002827,N06000005,East Antrim,1.0,0
N20002828,N06000005,East Antrim,1.0,0
N20002829,N06000005,East Antrim,1.0,0
N20002830,N06000005,East Antrim,1.0,0
N20002831,N06000005,East Antrim,1.0,0
N20002832,N06000005,East Antrim,0.999924,0
N20002833,N06000005,East Antrim,1.0,0
N20002834,N06000005,East Antrim,1.0,0
N20002835,N06000005,East Antrim,1.0,0
N20002836,N06000005,East Antrim,1.0,0
N20002837,N06000010,Mid Ulster,0.999797,0
N20002838,N06000010,Mid Ulster,0.999938,0
N20002839,N06000010,Mid Ulster,0.99996,0
N20002840,N06000010,Mid Ulster,0.999968,0
N20002841,N06000010,Mid Ulster,0.99983,0
N20002842,N06000010,Mid Ulster,1.0,0
N20002843,N06000010,Mid Ulster,1.0,0
N20002844,N06000010,Mid Ulster,1.0,0
N20002845,N06000010,Mid Ulster,1.0,0
N20002846,N06000010,Mid Ulster,1.0,0
N20002847,N06000010,Mid Ulster,0.999903,0
N20002848,N06000010,Mid Ulster,1.0,0
N20002849,N06000010,Mid Ulster,0.999997,0
N20002850,N06000010,Mid Ulster,1.0,0
N20002851,N06000010,Mid Ulster,1.0,0
N20002852,N06000010,Mid Ulster,1.0,0
N20002853,N06000010,Mid Ulster,1.0,0
N20002854,N06000010,Mid Ulster,1.0,0
N20002855,N06000010,Mid Ulster,1.0,0
N20002856,N06000010,Mid Ulster,1.0,0
N20002857,N06000010,Mid Ulster,1.0,0
N20002858,N06000010,Mid Ulster,1.0,0
N20002859,N06000010,Mid Ulster,1.0,0
N20002860,N06000010,Mid Ulster,1.0,0
N20002861,N06000010,Mid Ulster,1.0,0
N20002862,N06000010,Mid Ulster,0.999905,0
N20002863,N06000010,Mid Ulster,1.0,0
N20002864,N06000010,Mid Ulster,0.999982,0
N20002865,N06000010,Mid Ulster,0.99998,0
N20002866,N06000010,Mid Ulster,1.0,0
N20002867,N06000010,Mid Ulster,1.0,0
N20002868,N06000010,Mid Ulster,0.999998,0
N20002869,N06000010,Mid Ulster,1.0,0
N20002870,N06000010,Mid Ulster,1.0,0
N20002871,N06000010,Mid Ulster,1.0,0
N20002872,N06000010,Mid Ulster,1.0,0
N20002873,N06000010,Mid Ulster,1.0,0
N20002874,N06000010,Mid Ulster,1.0,0
N20002875,N06000010,Mid Ulster,1.0,0
N20002876,N06000010,Mid Ulster,1.0,0
N20002877,N06000010,Mid Ulster,1.0,0
N20002878,N06000010,Mid Ulster,1.0,0
N20002879,N06000010,Mid Ulster,1.0,0
N20002880,N06000010,Mid Ulster,1.0,0
N20002881,N06000010,Mid Ulster,1.0,0
N20002882,N06000010,Mid Ulster,1.0,0
N20002883,N06000010,Mid Ulster,1.0,0
N20002884,N06000010,Mid Ulster,1.0,0
N20002885,N06000010,Mid Ulster,1.0,0
N20002886,N06000010,Mid Ulster,1.0,0
N20002887,N06000010,Mid Ulster,0.999988,0
N20002888,N06000010,Mid Ulster,1.0,0
N20002889,N06000010,Mid Ulster,1.0,0
N20002890,N06000010,Mid Ulster,0.99997,0
N20002891,N06000010,Mid Ulster,1.0,0
N20002892,N06000010,Mid Ulster,1.0,0
N20002893,N06000010,Mid Ulster,1.0,0
N20002894,N06000010,Mid Ulster,1.0,0
N20002895,N06000010,Mid Ulster,1.0,0
N20002896,N06000010,Mid Ulster,1.0,0
N20002897,N06000010,Mid Ulster,1.0,0
N20002898,N06000010,Mid Ulster,1.0,0
N20002899,N06000010,Mid Ulster,1.0,0
N20002900,N06000010,Mid Ulster,1.0,0
N20002901,N06000010,Mid Ulster,1.0,0
N20002902,N06000010,Mid Ulster,1.0,0
N20002903,N06000010,Mid Ulster,1.0,0
N20002904,N06000010,Mid Ulster,1.0,0
N20002905,N06000010,Mid Ulster,1.0,0
N20002906,N06000010,Mid Ulster,1.0,0
N20002907,N06000010,Mid Ulster,1.0,0
N20002908,N06000010,Mid Ulster,1.0,0
N20002909,N06000010,Mid Ulster,1.0,0
N20002910,N06000010,Mid Ulster,1.0,0
N20002911,N06000010,Mid Ulster,1.0,0
N20002912,N06000010,Mid Ulster,1.0,0
N20002913,N06000010,Mid Ulster,1.0,0
N20002914,N06000010,Mid Ulster,1.0,0
N20002915,N06000010,Mid Ulster,1.0,0
N20002916,N06000010,Mid Ulster,1.0,0
N20002917,N06000010,Mid Ulster,1.0,0
N20002918,N06000010,Mid Ulster,1.0,0
N20002919,N06000010,Mid Ulster,1.0,0
N20002920,N06000010,Mid Ulster,1.0,0
N20002921,N06000010,Mid Ulster,1.0,0
N20002922,N06000010,Mid Ulster,1.0,0
N20002923,N06000010,Mid Ulster,1.0,0
N20002924,N06000010,Mid Ulster,1.0,0
N20002925,N06000010,Mid Ulster,1.0,0
N20002926,N06000010,Mid Ulster,1.0,0
N20002927,N06000010,Mid Ulster,1.0,0
N20002928,N06000010,Mid Ulster,1.0,0
N20002929,N06000010,Mid Ulster,0.999931,0
N20002930,N06000010,Mid Ulster,1.0,0
N20002931,N06000010,Mid Ulster,1.0,0
N20002932,N06000010,Mid Ulster,1.0,0
N20002933,N06000010,Mid Ulster,1.0,0
N20002934,N06000010,Mid Ulster,1.0,0
N20002935,N06000010,Mid Ulster,1.0,0
N20002936,N06000010,Mid Ulster,1.0,0
N20002937,N06000010,Mid Ulster,1.0,0
N20002938,N06000010,Mid Ulster,1.0,0
N20002939,N06000010,Mid Ulster,1.0,0
N20002940,N06000010,Mid Ulster,1.0,0
N20002941,N06000010,Mid Ulster,1.0,0
N20002942,N06000010,Mid Ulster,1.0,0
N20002943,N06000010,Mid Ulster,1.0,0
N20002944,N06000010,Mid Ulster,1.0,0
N20002945,N06000010,Mid Ulster,1.0,0
N20002946,N06000010,Mid Ulster,1.0,0
N20002947,N06000010,Mid Ulster,1.0,0
N20002948,N06000010,Mid Ulster,0.999942,0
N20002949,N06000010,Mid Ulster,1.0,0
N20002950,N06000010,Mid Ulster,1.0,0
N20002951,N06000010,Mid Ulster,1.0,0
N20002952,N06000010,Mid Ulster,1.0,0
N20002953,N06000010,Mid Ulster,1.0,0
N20002954,N06000010,Mid Ulster,1.0,0
N20002955,N06000010,Mid Ulster,1.0,0
N20002956,N06000010,Mid Ulster,1.0,0
N20002957,N06000010,Mid Ulster,1.0,0
N20002958,N06000010,Mid Ulster,1.0,0
N20002959,N06000010,Mid Ulster,1.0,0
N20002960,N06000010,Mid Ulster,1.0,0
N20002961,N06000010,Mid Ulster,1.0,0
N20002962,N06000010,Mid Ulster,1.0,0
N20002963,N06000010,Mid Ulster,1.0,0
N20002964,N06000010,Mid Ulster,1.0,0
N20002965,N06000010,Mid Ulster,1.0,0
N20002966,N06000010,Mid Ulster,1.0,0
N20002967,N06000010,Mid Ulster,1.0,0
N20002968,N06000010,Mid Ulster,1.0,0
N20002969,N06000010,Mid Ulster,1.0,0
N20002970,N06000010,Mid Ulster,0.999906,0
N20002971,N06000010,Mid Ulster,1.0,0
N20002972,N06000010,Mid Ulster,0.999872,0
N20002973,N06000010,Mid Ulster,1.0,0
N20002974,N06000010,Mid Ulster,1.0,0
N20002975,N06000010,Mid Ulster,1.0,0
N20002976,N06000010,Mid Ulster,1.0,0
N20002977,N06000010,Mid Ulster,1.0,0
N20002978,N06000010,Mid Ulster,1.0,0
N20002979,N06000010,Mid Ulster,1.0,0
N20002980,N06000010,Mid Ulster,1.0,0
N20002981,N06000010,Mid Ulster,1.0,0
N20002982,N06000010,Mid Ulster,1.0,0
N20002983,N06000010,Mid Ulster,1.0,0
N20002984,N06000010,Mid Ulster,1.0,0
N20002985,N06000010,Mid Ulster,1.0,0
N20002986,N06000010,Mid Ulster,1.0,0
N20002987,N06000010,Mid Ulster,1.0,0
N20002988,N06000010,Mid Ulster,1.0,0
N20002989,N06000010,Mid Ulster,1.0,0
N20002990,N06000010,Mid Ulster,0.999923,0
N20002991,N06000010,Mid Ulster,1.0,0
N20002992,N06000010,Mid Ulster,1.0,0
N20002993,N06000010,Mid Ulster,1.0,0
N20002994,N06000010,Mid Ulster,1.0,0
N20002995,N06000010,Mid Ulster,1.0,0
N20002996,N06000010,Mid Ulster,1.0,0
N20002997,N06000010,Mid Ulster,1.0,0
N20002998,N06000010,Mid Ulster,1.0,0
N20002999,N06000010,Mid Ulster,1.0,0
N20003000,N06000010,Mid Ulster,1.0,0
N20003001,N06000010,Mid Ulster,1.0,0
N20003002,N06000010,Mid Ulster,1.0,0
N20003003,N06000010,Mid Ulster,1.0,0
N20003004,N06000010,Mid Ulster,0.999763,0
N20003005,N06000010,Mid Ulster,1.0,0
N20003006,N06000010,Mid Ulster,1.0,0
N20003007,N06000010,Mid Ulster,1.0,0
N20003008,N06000010,Mid Ulster,1.0,0
N20003009,N06000010,Mid Ulster,0.999989,0
N20003010,N06000010,Mid Ulster,1.0,0
N20003011,N06000010,Mid Ulster,1.0,0
N20003012,N06000010,Mid Ulster,1.0,0
N20003013,N06000010,Mid Ulster,1.0,0
N20003014,N06000010,Mid Ulster,1.0,0
N20003015,N06000010,Mid Ulster,0.999973,0
N20003016,N06000010,Mid Ulster,0.999921,0
N20003017,N06000010,Mid Ulster,1.0,0
N20003018,N06000010,Mid Ulster,0.923461,1
N20003019,N06000010,Mid Ulster,0.622869,1
N20003020,N06000007,Fermanagh And South Tyrone,1.0,0
N20003021,N06000010,Mid Ulster,0.525722,1
N20003022,N06000007,Fermanagh And South Tyrone,1.0,0
N20003023,N06000007,Fermanagh And South Tyrone,1.0,0
N20003024,N06000007,Fermanagh And South Tyrone,0.999891,0
N20003025,N06000007,Fermanagh And South Tyrone,1.0,0
N20003026,N06000007,Fermanagh And South Tyrone,1.0,0
N20003027,N06000007,Fermanagh And South Tyrone,0.999989,0
N20003028,N06000007,Fermanagh And South Tyrone,1.0,0
N20003029,N06000007,Fermanagh And South Tyrone,1.0,0
N20003030,N06000007,Fermanagh And South Tyrone,1.0,0
N20003031,N06000007,Fermanagh And South Tyrone,1.0,0
N20003032,N06000007,Fermanagh And South Tyrone,1.0,0
N20003033,N06000007,Fermanagh And South Tyrone,1.0,0
N20003034,N06000007,Fermanagh And South Tyrone,1.0,0
N20003035,N06000007,Fermanagh And South Tyrone,1.0,0
N20003036,N06000007,Fermanagh And South Tyrone,0.99613,0
N20003037,N06000007,Fermanagh And South Tyrone,1.0,0
N20003038,N06000007,Fermanagh And South Tyrone,1.0,0
N20003039,N06000007,Fermanagh And South Tyrone,1.0,0
N20003040,N06000007,Fermanagh And South Tyrone,1.0,0
N20003041,N06000007,Fermanagh And South Tyrone,1.0,0
N20003042,N06000007,Fermanagh And South Tyrone,1.0,0
N20003043,N06000007,Fermanagh And South Tyrone,1.0,0
N20003044,N06000007,Fermanagh And South Tyrone,1.0,0
N20003045,N06000007,Fermanagh And South Tyrone,1.0,0
N20003046,N06000007,Fermanagh And South Tyrone,1.0,0
N20003047,N06000007,Fermanagh And South Tyrone,1.0,0
N20003048,N06000007,Fermanagh And South Tyrone,1.0,0
N20003049,N06000007,Fermanagh And South Tyrone,1.0,0
N20003050,N06000007,Fermanagh And South Tyrone,1.0,0
N20003051,N06000007,Fermanagh And South Tyrone,1.0,0
N20003052,N06000007,Fermanagh And South Tyrone,1.0,0
N20003053,N06000007,Fermanagh And South Tyrone,1.0,0
N20003054,N06000007,Fermanagh And South Tyrone,1.0,0
N20003055,N06000007,Fermanagh And South Tyrone,0.999919,0
N20003056,N06000007,Fermanagh And South Tyrone,1.0,0
N20003057,N06000007,Fermanagh And South Tyrone,1.0,0
N20003058,N06000007,Fermanagh And South Tyrone,1.0,0
N20003059,N06000007,Fermanagh And South Tyrone,0.999947,0
N20003060,N06000007,Fermanagh And South Tyrone,1.0,0
N20003061,N06000007,Fermanagh And South Tyrone,1.0,0
N20003062,N06000007,Fermanagh And South Tyrone,0.999956,0
N20003063,N06000010,Mid Ulster,0.563358,1
N20003064,N06000010,Mid Ulster,0.655194,1
N20003065,N06000010,Mid Ulster,0.550372,1
N20003066,N06000007,Fermanagh And South Tyrone,1.0,0
N20003067,N06000007,Fermanagh And South Tyrone,1.0,0
N20003068,N06000007,Fermanagh And South Tyrone,0.966321,0
N20003069,N06000007,Fermanagh And South Tyrone,1.0,0
N20003070,N06000007,Fermanagh And South Tyrone,0.999905,0
N20003071,N06000007,Fermanagh And South Tyrone,1.0,0
N20003072,N06000007,Fermanagh And South Tyrone,1.0,0
N20003073,N06000007,Fermanagh And South Tyrone,0.999608,0
N20003074,N06000007,Fermanagh And South Tyrone,1.0,0
N20003075,N06000007,Fermanagh And South Tyrone,1.0,0
N20003076,N06000007,Fermanagh And South Tyrone,1.0,0
N20003077,N06000007,Fermanagh And South Tyrone,1.0,0
N20003078,N06000007,Fermanagh And South Tyrone,1.0,0
N20003079,N06000007,Fermanagh And South Tyrone,1.0,0
N20003080,N06000007,Fermanagh And South Tyrone,1.0,0
N20003081,N06000007,Fermanagh And South Tyrone,0.999983,0
N20003082,N06000007,Fermanagh And South Tyrone,0.999915,0
N20003083,N06000007,Fermanagh And South Tyrone,1.0,0
N20003084,N06000007,Fermanagh And South Tyrone,1.0,0
N20003085,N06000007,Fermanagh And South Tyrone,0.999988,0
N20003086,N06000007,Fermanagh And South Tyrone,1.0,0
N20003087,N06000007,Fermanagh And South Tyrone,1.0,0
N20003088,N06000007,Fermanagh And South Tyrone,1.0,0
N20003089,N06000007,Fermanagh And South Tyrone,1.0,0
N20003090,N06000007,Fermanagh And South Tyrone,1.0,0
N20003091,N06000007,Fermanagh And South Tyrone,1.0,0
N20003092,N06000007,Fermanagh And South Tyrone,0.999969,0
N20003093,N06000007,Fermanagh And South Tyrone,0.999961,0
N20003094,N06000007,Fermanagh And South Tyrone,1.0,0
N20003095,N06000007,Fermanagh And South Tyrone,1.0,0
N20003096,N06000007,Fermanagh And South Tyrone,1.0,0
N20003097,N06000007,Fermanagh And South Tyrone,1.0,0
N20003098,N06000007,Fermanagh And South Tyrone,1.0,0
N20003099,N06000007,Fermanagh And South Tyrone,1.0,0
N20003100,N06000007,Fermanagh And South Tyrone,0.999801,0
N20003101,N06000011,Newry And Armagh,0.999922,0
N20003102,N06000011,Newry And Armagh,0.999937,0
N20003103,N06000011,Newry And Armagh,1.0,0
N20003104,N06000011,Newry And Armagh,1.0,0
N20003105,N06000011,Newry And Armagh,1.0,0
N20003106,N06000011,Newry And Armagh,1.0,0
N20003107,N06000011,Newry And Armagh,1.0,0
N20003108,N06000011,Newry And Armagh,0.999888,0
N20003109,N06000011,Newry And Armagh,1.0,0
N20003110,N06000011,Newry And Armagh,1.0,0
N20003111,N06000011,Newry And Armagh,1.0,0
N20003112,N06000011,Newry And Armagh,1.0,0
N20003113,N06000011,Newry And Armagh,1.0,0
N20003114,N06000011,Newry And Armagh,1.0,0
N20003115,N06000011,Newry And Armagh,1.0,0
N20003116,N06000011,Newry And Armagh,1.0,0
N20003117,N06000011,Newry And Armagh,1.0,0
N20003118,N06000011,Newry And Armagh,1.0,0
N20003119,N06000011,Newry And Armagh,1.0,0
N20003120,N06000011,Newry And Armagh,1.0,0
N20003121,N06000011,Newry And Armagh,1.0,0
N20003122,N06000011,Newry And Armagh,1.0,0
N20003123,N06000011,Newry And Armagh,1.0,0
N20003124,N06000011,Newry And Armagh,1.0,0
N20003125,N06000011,Newry And Armagh,1.0,0
N20003126,N06000011,Newry And Armagh,1.0,0
N20003127,N06000011,Newry And Armagh,1.0,0
N20003128,N06000011,Newry And Armagh,1.0,0
N20003129,N06000011,Newry And Armagh,1.0,0
N20003130,N06000011,Newry And Armagh,1.0,0
N20003131,N06000011,Newry And Armagh,1.0,0
N20003132,N06000011,Newry And Armagh,1.0,0
N20003133,N06000011,Newry And Armagh,1.0,0
N20003134,N06000011,Newry And Armagh,1.0,0
N20003135,N06000011,Newry And Armagh,1.0,0
N20003136,N06000011,Newry And Armagh,1.0,0
N20003137,N06000011,Newry And Armagh,1.0,0
N20003138,N06000011,Newry And Armagh,1.0,0
N20003139,N06000011,Newry And Armagh,1.0,0
N20003140,N06000011,Newry And Armagh,1.0,0
N20003141,N06000011,Newry And Armagh,1.0,0
N20003142,N06000011,Newry And Armagh,1.0,0
N20003143,N06000011,Newry And Armagh,1.0,0
N20003144,N06000011,Newry And Armagh,1.0,0
N20003145,N06000011,Newry And Armagh,1.0,0
N20003146,N06000011,Newry And Armagh,1.0,0
N20003147,N06000011,Newry And Armagh,1.0,0
N20003148,N06000011,Newry And Armagh,1.0,0
N20003149,N06000011,Newry And Armagh,1.0,0
N20003150,N06000011,Newry And Armagh,1.0,0
N20003151,N06000011,Newry And Armagh,1.0,0
N20003152,N06000011,Newry And Armagh,1.0,0
N20003153,N06000011,Newry And Armagh,1.0,0
N20003154,N06000011,Newry And Armagh,0.999835,0
N20003155,N06000015,South Down,0.850508,1
N20003156,N06000015,South Down,0.998537,0
N20003157,N06000011,Newry And Armagh,1.0,0
N20003158,N06000011,Newry And Armagh,0.911629,1
N20003159,N06000011,Newry And Armagh,1.0,0
N20003160,N06000015,South Down,0.621892,1
N20003161,N06000011,Newry And Armagh,1.0,0
N20003162,N06000011,Newry And Armagh,1.0,0
N20003163,N06000011,Newry And Armagh,0.997405,0
N20003164,N06000011,Newry And Armagh,1.0,0
N20003165,N06000011,Newry And Armagh,0.771481,1
N20003166,N06000011,Newry And Armagh,1.0,0
N20003167,N06000011,Newry And Armagh,1.0,0
N20003168,N06000011,Newry And Armagh,1.0,0
N20003169,N06000011,Newry And Armagh,0.999999,0
N20003170,N06000011,Newry And Armagh,1.0,0
N20003171,N06000011,Newry And Armagh,1.0,0
N20003172,N06000011,Newry And Armagh,1.0,0
N20003173,N06000011,Newry And Armagh,1.0,0
N20003174,N06000011,Newry And Armagh,1.0,0
N20003175,N06000011,Newry And Armagh,1.0,0
N20003176,N06000011,Newry And Armagh,1.0,0
N20003177,N06000011,Newry And Armagh,1.0,0
N20003178,N06000011,Newry And Armagh,1.0,0
N20003179,N06000011,Newry And Armagh,1.0,0
N20003180,N06000011,Newry And Armagh,0.99999,0
N20003181,N06000011,Newry And Armagh,1.0,0
N20003182,N06000011,Newry And Armagh,1.0,0
N20003183,N06000011,Newry And Armagh,1.0,0
N20003184,N06000011,Newry And Armagh,0.99995,0
N20003185,N06000011,Newry And Armagh,1.0,0
N20003186,N06000011,Newry And Armagh,1.0,0
N20003187,N06000011,Newry And Armagh,1.0,0
N20003188,N06000011,Newry And Armagh,1.0,0
N20003189,N06000011,Newry And Armagh,0.999273,0
N20003190,N06000011,Newry And Armagh,1.0,0
N20003191,N06000011,Newry And Armagh,1.0,0
N20003192,N06000011,Newry And Armagh,1.0,0
N20003193,N06000011,Newry And Armagh,1.0,0
N20003194,N06000011,Newry And Armagh,1.0,0
N20003195,N06000011,Newry And Armagh,1.0,0
N20003196,N06000011,Newry And Armagh,1.0,0
N20003197,N06000011,Newry And Armagh,0.576785,1
N20003198,N06000011,Newry And Armagh,0.999938,0
N20003199,N06000011,Newry And Armagh,1.0,0
N20003200,N06000011,Newry And Armagh,1.0,0
N20003201,N06000011,Newry And Armagh,1.0,0
N20003202,N06000011,Newry And Armagh,1.0,0
N20003203,N06000011,Newry And Armagh,1.0,0
N20003204,N06000011,Newry And Armagh,0.999944,0
N20003205,N06000011,Newry And Armagh,1.0,0
N20003206,N06000011,Newry And Armagh,1.0,0
N20003207,N06000015,South Down,0.986845,0
N20003208,N06000015,South Down,0.999994,0
N20003209,N06000015,South Down,1.0,0
N20003210,N06000015,South Down,0.999968,0
N20003211,N06000015,South Down,1.0,0
N20003212,N06000015,South Down,0.719245,1
N20003213,N06000015,South Down,1.0,0
N20003214,N06000015,South Down,1.0,0
N20003215,N06000015,South Down,1.0,0
N20003216,N06000015,South Down,1.0,0
N20003217,N06000015,South Down,1.0,0
N20003218,N06000015,South Down,1.0,0
N20003219,N06000015,South Down,1.0,0
N20003220,N06000015,South Down,1.0,0
N20003221,N06000015,South Down,1.0,0
N20003222,N06000015,South Down,1.0,0
N20003223,N06000015,South Down,0.992257,0
N20003224,N06000015,South Down,0.999951,0
N20003225,N06000015,South Down,1.0,0
N20003226,N06000015,South Down,1.0,0
N20003227,N06000015,South Down,1.0,0
N20003228,N06000015,South Down,1.0,0
N20003229,N06000015,South Down,0.999923,0
N20003230,N06000015,South Down,1.0,0
N20003231,N06000015,South Down,1.0,0
N20003232,N06000015,South Down,1.0,0
N20003233,N06000015,South Down,0.999705,0
N20003234,N06000015,South Down,1.0,0
N20003235,N06000015,South Down,1.0,0
N20003236,N06000015,South Down,1.0,0
N20003237,N06000015,South Down,1.0,0
N20003238,N06000015,South Down,1.0,0
N20003239,N06000015,South Down,1.0,0
N20003240,N06000015,South Down,1.0,0
N20003241,N06000015,South Down,1.0,0
N20003242,N06000015,South Down,1.0,0
N20003243,N06000015,South Down,1.0,0
N20003244,N06000015,South Down,1.0,0
N20003245,N06000015,South Down,1.0,0
N20003246,N06000015,South Down,1.0,0
N20003247,N06000015,South Down,1.0,0
N20003248,N06000015,South Down,1.0,0
N20003249,N06000015,South Down,1.0,0
N20003250,N06000015,South Down,1.0,0
N20003251,N06000015,South Down,1.0,0
N20003252,N06000015,South Down,1.0,0
N20003253,N06000015,South Down,1.0,0
N20003254,N06000015,South Down,1.0,0
N20003255,N06000015,South Down,1.0,0
N20003256,N06000015,South Down,1.0,0
N20003257,N06000015,South Down,1.0,0
N20003258,N06000015,South Down,1.0,0
N20003259,N06000015,South Down,1.0,0
N20003260,N06000015,South Down,1.0,0
N20003261,N06000015,South Down,1.0,0
N20003262,N06000015,South Down,1.0,0
N20003263,N06000015,South Down,1.0,0
N20003264,N06000015,South Down,1.0,0
N20003265,N06000015,South Down,1.0,0
N20003266,N06000015,South Down,1.0,0
N20003267,N06000015,South Down,1.0,0
N20003268,N06000015,South Down,1.0,0
N20003269,N06000015,South Down,1.0,0
N20003270,N06000015,South Down,1.0,0
N20003271,N06000015,South Down,1.0,0
N20003272,N06000015,South Down,1.0,0
N20003273,N06000015,South Down,1.0,0
N20003274,N06000015,South Down,1.0,0
N20003275,N06000015,South Down,1.0,0
N20003276,N06000015,South Down,1.0,0
N20003277,N06000015,South Down,1.0,0
N20003278,N06000015,South Down,1.0,0
N20003279,N06000015,South Down,1.0,0
N20003280,N06000015,South Down,1.0,0
N20003281,N06000015,South Down,1.0,0
N20003282,N06000015,South Down,1.0,0
N20003283,N06000015,South Down,1.0,0
N20003284,N06000015,South Down,1.0,0
N20003285,N06000015,South Down,1.0,0
N20003286,N06000015,South Down,1.0,0
N20003287,N06000015,South Down,1.0,0
N20003288,N06000015,South Down,1.0,0
N20003289,N06000015,South Down,1.0,0
N20003290,N06000015,South Down,1.0,0
N20003291,N06000015,South Down,1.0,0
N20003292,N06000015,South Down,1.0,0
N20003293,N06000015,South Down,1.0,0
N20003294,N06000015,South Down,1.0,0
N20003295,N06000015,South Down,1.0,0
N20003296,N06000015,South Down,1.0,0
N20003297,N06000015,South Down,1.0,0
N20003298,N06000015,South Down,1.0,0
N20003299,N06000015,South Down,1.0,0
N20003300,N06000015,South Down,1.0,0
N20003301,N06000015,South Down,1.0,0
N20003302,N06000015,South Down,1.0,0
N20003303,N06000015,South Down,1.0,0
N20003304,N06000015,South Down,1.0,0
N20003305,N06000015,South Down,1.0,0
N20003306,N06000015,South Down,1.0,0
N20003307,N06000015,South Down,1.0,0
N20003308,N06000015,South Down,1.0,0
N20003309,N06000015,South Down,1.0,0
N20003310,N06000015,South Down,1.0,0
N20003311,N06000015,South Down,0.962797,0
N20003312,N06000015,South Down,0.999974,0
N20003313,N06000015,South Down,0.999907,0
N20003314,N06000015,South Down,0.985401,0
N20003315,N06000015,South Down,1.0,0
N20003316,N06000015,South Down,0.999945,0
N20003317,N06000015,South Down,1.0,0
N20003318,N06000015,South Down,1.0,0
N20003319,N06000015,South Down,0.999955,0
N20003320,N06000015,South Down,1.0,0
N20003321,N06000015,South Down,1.0,0
N20003322,N06000015,South Down,0.998613,0
N20003323,N06000015,South Down,0.767528,1
N20003324,N06000015,South Down,1.0,0
N20003325,N06000015,South Down,1.0,0
N20003326,N06000015,South Down,1.0,0
N20003327,N06000015,South Down,1.0,0
N20003328,N06000015,South Down,1.0,0
N20003329,N06000015,South Down,1.0,0
N20003330,N06000015,South Down,1.0,0
N20003331,N06000015,South Down,1.0,0
N20003332,N06000015,South Down,1.0,0
N20003333,N06000015,South Down,1.0,0
N20003334,N06000015,South Down,1.0,0
N20003335,N06000015,South Down,1.0,0
N20003336,N06000015,South Down,1.0,0
N20003337,N06000015,South Down,1.0,0
N20003338,N06000015,South Down,1.0,0
N20003339,N06000015,South Down,1.0,0
N20003340,N06000015,South Down,1.0,0
N20003341,N06000015,South Down,1.0,0
N20003342,N06000015,South Down,1.0,0
N20003343,N06000015,South Down,1.0,0
N20003344,N06000015,South Down,1.0,0
N20003345,N06000015,South Down,1.0,0
N20003346,N06000015,South Down,1.0,0
N20003347,N06000016,Strangford,0.999997,0
N20003348,N06000016,Strangford,1.0,0
N20003349,N06000016,Strangford,1.0,0
N20003350,N06000016,Strangford,1.0,0
N20003351,N06000016,Strangford,1.0,0
N20003352,N06000016,Strangford,1.0,0
N20003353,N06000016,Strangford,1.0,0
N20003354,N06000016,Strangford,1.0,0
N20003355,N06000016,Strangford,1.0,0
N20003356,N06000016,Strangford,0.999868,0
N20003357,N06000016,Strangford,1.0,0
N20003358,N06000016,Strangford,1.0,0
N20003359,N06000016,Strangford,1.0,0
N20003360,N06000016,Strangford,1.0,0
N20003361,N06000016,Strangford,1.0,0
N20003362,N06000016,Strangford,0.999761,0
N20003363,N06000016,Strangford,0.999887,0
N20003364,N06000016,Strangford,1.0,0
N20003365,N06000016,Strangford,0.525558,1
N20003366,N06000016,Strangford,1.0,0
N20003367,N06000016,Strangford,1.0,0
N20003368,N06000016,Strangford,1.0,0
N20003369,N06000016,Strangford,1.0,0
N20003370,N06000016,Strangford,0.999997,0
N20003371,N06000016,Strangford,0.634734,1
N20003372,N06000016,Strangford,1.0,0
N20003373,N06000016,Strangford,1.0,0
N20003374,N06000016,Strangford,1.0,0
N20003375,N06000016,Strangford,1.0,0
N20003376,N06000016,Strangford,1.0,0
N20003377,N06000016,Strangford,1.0,0
N20003378,N06000016,Strangford,0.999989,0
N20003379,N06000016,Strangford,1.0,0
N20003380,N06000016,Strangford,1.0,0
N20003381,N06000016,Strangford,1.0,0
N20003382,N06000016,Strangford,0.999915,0
N20003383,N06000015,South Down,0.987214,0
N20003384,N06000015,South Down,0.719081,1
N20003385,N06000016,Strangford,1.0,0
N20003386,N06000016,Strangford,1.0,0
N20003387,N06000016,Strangford,0.986627,0
N20003388,N06000015,South Down,1.0,0
N20003389,N06000016,Strangford,0.9999,0
N20003390,N06000015,South Down,1.0,0
N20003391,N06000015,South Down,1.0,0
N20003392,N06000015,South Down,1.0,0
N20003393,N06000015,South Down,1.0,0
N20003394,N06000015,South Down,1.0,0
N20003395,N06000015,South Down,1.0,0
N20003396,N06000015,South Down,1.0,0
N20003397,N06000015,South Down,1.0,0
N20003398,N06000015,South Down,1.0,0
N20003399,N06000015,South Down,1.0,0
N20003400,N06000015,South Down,1.0,0
N20003401,N06000015,South Down,1.0,0
N20003402,N06000015,South Down,1.0,0
N20003403,N06000015,South Down,1.0,0
N20003404,N06000015,South Down,1.0,0
N20003405,N06000015,South Down,1.0,0
N20003406,N06000015,South Down,1.0,0
N20003407,N06000015,South Down,1.0,0
N20003408,N06000015,South Down,1.0,0
N20003409,N06000015,South Down,1.0,0
N20003410,N06000015,South Down,1.0,0
N20003411,N06000015,South Down,1.0,0
N20003412,N06000015,South Down,1.0,0
N20003413,N06000015,South Down,1.0,0
N20003414,N06000015,South Down,1.0,0
N20003415,N06000015,South Down,1.0,0
N20003416,N06000015,South Down,1.0,0
N20003417,N06000015,South Down,1.0,0
N20003418,N06000015,South Down,1.0,0
N20003419,N06000015,South Down,1.0,0
N20003420,N06000015,South Down,1.0,0
N20003421,N06000015,South Down,1.0,0
N20003422,N06000015,South Down,1.0,0
N20003423,N06000015,South Down,1.0,0
N20003424,N06000015,South Down,1.0,0
N20003425,N06000015,South Down,1.0,0
N20003426,N06000015,South Down,1.0,0
N20003427,N06000015,South Down,1.0,0
N20003428,N06000015,South Down,1.0,0
N20003429,N06000015,South Down,1.0,0
N20003430,N06000015,South Down,1.0,0
N20003431,N06000015,South Down,1.0,0
N20003432,N06000016,Strangford,1.0,0
N20003433,N06000016,Strangford,0.999901,0
N20003434,N06000016,Strangford,1.0,0
N20003435,N06000016,Strangford,1.0,0
N20003436,N06000016,Strangford,1.0,0
N20003437,N06000016,Strangford,1.0,0
N20003438,N06000016,Strangford,1.0,0
N20003439,N06000016,Strangford,1.0,0
N20003440,N06000016,Strangford,1.0,0
N20003441,N06000016,Strangford,1.0,0
N20003442,N06000016,Strangford,1.0,0
N20003443,N06000016,Strangford,1.0,0
N20003444,N06000016,Strangford,1.0,0
N20003445,N06000016,Strangford,1.0,0
N20003446,N06000016,Strangford,1.0,0
N20003447,N06000016,Strangford,1.0,0
N20003448,N06000016,Strangford,1.0,0
N20003449,N06000016,Strangford,1.0,0
N20003450,N06000016,Strangford,1.0,0
N20003451,N06000016,Strangford,1.0,0
N20003452,N06000016,Strangford,1.0,0
N20003453,N06000016,Strangford,1.0,0
N20003454,N06000016,Strangford,1.0,0
N20003455,N06000016,Strangford,1.0,0
N20003456,N06000016,Strangford,1.0,0
N20003457,N06000016,Strangford,1.0,0
N20003458,N06000016,Strangford,1.0,0
N20003459,N06000016,Strangford,1.0,0
N20003460,N06000016,Strangford,1.0,0
N20003461,N06000016,Strangford,1.0,0
N20003462,N06000016,Strangford,1.0,0
N20003463,N06000016,Strangford,1.0,0
N20003464,N06000016,Strangford,1.0,0
N20003465,N06000016,Strangford,1.0,0
N20003466,N06000016,Strangford,1.0,0
N20003467,N06000016,Strangford,1.0,0
N20003468,N06000016,Strangford,1.0,0
N20003469,N06000016,Strangford,1.0,0
N20003470,N06000016,Strangford,1.0,0
N20003471,N06000016,Strangford,1.0,0
N20003472,N06000016,Strangford,1.0,0
N20003473,N06000016,Strangford,1.0,0
N20003474,N06000016,Strangford,0.993556,0
N20003475,N06000016,Strangford,0.999947,0
N20003476,N06000016,Strangford,1.0,0
N20003477,N06000016,Strangford,1.0,0
N20003478,N06000016,Strangford,1.0,0
N20003479,N06000016,Strangford,1.0,0
N20003480,N06000016,Strangford,1.0,0
N20003481,N06000016,Strangford,1.0,0
N20003482,N06000016,Strangford,1.0,0
N20003483,N06000016,Strangford,1.0,0
N20003484,N06000016,Strangford,1.0,0
N20003485,N06000016,Strangford,1.0,0
N20003486,N06000016,Strangford,1.0,0
N20003487,N06000016,Strangford,1.0,0
N20003488,N06000016,Strangford,1.0,0
N20003489,N06000016,Strangford,1.0,0
N20003490,N06000016,Strangford,1.0,0
N20003491,N06000016,Strangford,1.0,0
N20003492,N06000016,Strangford,1.0,0
N20003493,N06000016,Strangford,1.0,0
N20003494,N06000016,Strangford,1.0,0
N20003495,N06000016,Strangford,1.0,0
N20003496,N06000016,Strangford,1.0,0
N20003497,N06000016,Strangford,1.0,0
N20003498,N06000016,Strangford,1.0,0
N20003499,N06000016,Strangford,1.0,0
N20003500,N06000016,Strangford,1.0,0
N20003501,N06000016,Strangford,1.0,0
N20003502,N06000016,Strangford,1.0,0
N20003503,N06000016,Strangford,1.0,0
N20003504,N06000016,Strangford,1.0,0
N20003505,N06000016,Strangford,1.0,0
N20003506,N06000016,Strangford,1.0,0
N20003507,N06000016,Strangford,1.0,0
N20003508,N06000016,Strangford,1.0,0
N20003509,N06000016,Strangford,1.0,0
N20003510,N06000016,Strangford,1.0,0
N20003511,N06000016,Strangford,1.0,0
N20003512,N06000016,Strangford,1.0,0
N20003513,N06000016,Strangford,1.0,0
N20003514,N06000016,Strangford,1.0,0
N20003515,N06000016,Strangford,1.0,0
N20003516,N06000016,Strangford,1.0,0
N20003517,N06000016,Strangford,1.0,0
N20003518,N06000016,Strangford,1.0,0
N20003519,N06000016,Strangford,1.0,0
N20003520,N06000016,Strangford,1.0,0
N20003521,N06000016,Strangford,1.0,0
N20003522,N06000016,Strangford,1.0,0
N20003523,N06000016,Strangford,0.999846,0
N20003524,N06000016,Strangford,1.0,0
N20003525,N06000016,Strangford,1.0,0
N20003526,N06000016,Strangford,1.0,0
N20003527,N06000016,Strangford,1.0,0
N20003528,N06000016,Strangford,1.0,0
N20003529,N06000016,Strangford,1.0,0
N20003530,N06000016,Strangford,1.0,0
N20003531,N06000016,Strangford,1.0,0
N20003532,N06000016,Strangford,1.0,0
N20003533,N06000016,Strangford,1.0,0
N20003534,N06000016,Strangford,1.0,0
N20003535,N06000016,Strangford,1.0,0
N20003536,N06000016,Strangford,1.0,0
N20003537,N06000013,North Down,1.0,0
N20003538,N06000013,North Down,1.0,0
N20003539,N06000013,North Down,1.0,0
N20003540,N06000013,North Down,1.0,0
N20003541,N06000013,North Down,1.0,0
N20003542,N06000013,North Down,1.0,0
N20003543,N06000013,North Down,1.0,0
N20003544,N06000013,North Down,1.0,0
N20003545,N06000013,North Down,1.0,0
N20003546,N06000013,North Down,1.0,0
N20003547,N06000013,North Down,1.0,0
N20003548,N06000013,North Down,1.0,0
N20003549,N06000013,North Down,1.0,0
N20003550,N06000013,North Down,1.0,0
N20003551,N06000013,North Down,1.0,0
N20003552,N06000013,North Down,1.0,0
N20003553,N06000013,North Down,1.0,0
N20003554,N06000013,North Down,1.0,0
N20003555,N06000013,North Down,1.0,0
N20003556,N06000013,North Down,1.0,0
N20003557,N06000013,North Down,1.0,0
N20003558,N06000013,North Down,1.0,0
N20003559,N06000013,North Down,1.0,0
N20003560,N06000013,North Down,1.0,0
N20003561,N06000013,North Down,1.0,0
N20003562,N06000013,North Down,1.0,0
N20003563,N06000013,North Down,1.0,0
N20003564,N06000013,North Down,1.0,0
N20003565,N06000013,North Down,1.0,0
N20003566,N06000013,North Down,1.0,0
N20003567,N06000013,North Down,1.0,0
N20003568,N06000013,North Down,1.0,0
N20003569,N06000013,North Down,0.999897,0
N20003570,N06000013,North Down,1.0,0
N20003571,N06000013,North Down,1.0,0
N20003572,N06000013,North Down,1.0,0
N20003573,N06000013,North Down,1.0,0
N20003574,N06000013,North Down,1.0,0
N20003575,N06000013,North Down,1.0,0
N20003576,N06000013,North Down,0.999976,0
N20003577,N06000013,North Down,1.0,0
N20003578,N06000013,North Down,1.0,0
N20003579,N06000013,North Down,1.0,0
N20003580,N06000013,North Down,1.0,0
N20003581,N06000013,North Down,1.0,0
N20003582,N06000013,North Down,1.0,0
N20003583,N06000013,North Down,1.0,0
N20003584,N06000013,North Down,1.0,0
N20003585,N06000013,North Down,1.0,0
N20003586,N06000013,North Down,1.0,0
N20003587,N06000013,North Down,1.0,0
N20003588,N06000013,North Down,1.0,0
N20003589,N06000013,North Down,1.0,0
N20003590,N06000013,North Down,1.0,0
N20003591,N06000013,North Down,1.0,0
N20003592,N06000013,North Down,1.0,0
N20003593,N06000013,North Down,1.0,0
N20003594,N06000013,North Down,1.0,0
N20003595,N06000013,North Down,1.0,0
N20003596,N06000013,North Down,1.0,0
N20003597,N06000013,North Down,1.0,0
N20003598,N06000013,North Down,1.0,0
N20003599,N06000013,North Down,1.0,0
N20003600,N06000013,North Down,1.0,0
N20003601,N06000013,North Down,1.0,0
N20003602,N06000013,North Down,1.0,0
N20003603,N06000013,North Down,1.0,0
N20003604,N06000013,North Down,1.0,0
N20003605,N06000013,North Down,1.0,0
N20003606,N06000013,North Down,1.0,0
N20003607,N06000013,North Down,1.0,0
N20003608,N06000013,North Down,1.0,0
N20003609,N06000013,North Down,1.0,0
N20003610,N06000013,North Down,1.0,0
N20003611,N06000013,North Down,1.0,0
N20003612,N06000013,North Down,1.0,0
N20003613,N06000013,North Down,1.0,0
N20003614,N06000013,North Down,1.0,0
N20003615,N06000013,North Down,1.0,0
N20003616,N06000013,North Down,1.0,0
N20003617,N06000013,North Down,1.0,0
N20003618,N06000013,North Down,1.0,0
N20003619,N06000013,North Down,1.0,0
N20003620,N06000013,North Down,1.0,0
N20003621,N06000013,North Down,1.0,0
N20003622,N06000013,North Down,1.0,0
N20003623,N06000013,North Down,1.0,0
N20003624,N06000013,North Down,1.0,0
N20003625,N06000013,North Down,1.0,0
N20003626,N06000013,North Down,1.0,0
N20003627,N06000013,North Down,1.0,0
N20003628,N06000013,North Down,1.0,0
N20003629,N06000013,North Down,1.0,0
N20003630,N06000013,North Down,1.0,0
N20003631,N06000013,North Down,1.0,0
N20003632,N06000013,North Down,1.0,0
N20003633,N06000013,North Down,1.0,0
N20003634,N06000013,North Down,1.0,0
N20003635,N06000013,North Down,1.0,0
N20003636,N06000013,North Down,1.0,0
N20003637,N06000013,North Down,1.0,0
N20003638,N06000013,North Down,1.0,0
N20003639,N06000013,North Down,1.0,0
N20003640,N06000013,North Down,1.0,0
N20003641,N06000013,North Down,1.0,0
N20003642,N06000013,North Down,1.0,0
N20003643,N06000013,North Down,1.0,0
N20003644,N06000013,North Down,1.0,0
N20003645,N06000013,North Down,1.0,0
N20003646,N06000013,North Down,1.0,0
N20003647,N06000013,North Down,1.0,0
N20003648,N06000013,North Down,1.0,0
N20003649,N06000013,North Down,1.0,0
N20003650,N06000013,North Down,1.0,0
N20003651,N06000013,North Down,1.0,0
N20003652,N06000013,North Down,1.0,0
N20003653,N06000013,North Down,1.0,0
N20003654,N06000013,North Down,1.0,0
N20003655,N06000013,North Down,1.0,0
N20003656,N06000013,North Down,1.0,0
N20003657,N06000013,North Down,1.0,0
N20003658,N06000013,North Down,1.0,0
N20003659,N06000013,North Down,1.0,0
N20003660,N06000013,North Down,1.0,0
N20003661,N06000013,North Down,1.0,0
N20003662,N06000013,North Down,1.0,0
N20003663,N06000013,North Down,1.0,0
N20003664,N06000013,North Down,1.0,0
N20003665,N06000013,North Down,1.0,0
N20003666,N06000013,North Down,1.0,0
N20003667,N06000013,North Down,1.0,0
N20003668,N06000013,North Down,1.0,0
N20003669,N06000013,North Down,0.999966,0
N20003670,N06000013,North Down,1.0,0
N20003671,N06000013,North Down,1.0,0
N20003672,N06000013,North Down,1.0,0
N20003673,N06000013,North Down,1.0,0
N20003674,N06000013,North Down,1.0,0
N20003675,N06000013,North Down,1.0,0
N20003676,N06000013,North Down,1.0,0
N20003677,N06000013,North Down,1.0,0
N20003678,N06000013,North Down,0.760879,1
N20003679,N06000013,North Down,1.0,0
N20003680,N06000013,North Down,1.0,0
N20003681,N06000013,North Down,1.0,0
N20003682,N06000013,North Down,1.0,0
N20003683,N06000013,North Down,1.0,0
N20003684,N06000013,North Down,1.0,0
N20003685,N06000013,North Down,1.0,0
N20003686,N06000013,North Down,1.0,0
N20003687,N06000013,North Down,1.0,0
N20003688,N06000013,North Down,1.0,0
N20003689,N06000013,North Down,1.0,0
N20003690,N06000013,North Down,1.0,0
N20003691,N06000013,North Down,1.0,0
N20003692,N06000013,North Down,1.0,0
N20003693,N06000013,North Down,1.0,0
N20003694,N06000013,North Down,1.0,0
N20003695,N06000013,North Down,1.0,0
N20003696,N06000013,North Down,1.0,0
N20003697,N06000013,North Down,1.0,0
N20003698,N06000013,North Down,1.0,0
N20003699,N06000013,North Down,1.0,0
N20003700,N06000013,North Down,1.0,0
N20003701,N06000013,North Down,1.0,0
N20003702,N06000013,North Down,1.0,0
N20003703,N06000013,North Down,1.0,0
N20003704,N06000013,North Down,1.0,0
N20003705,N06000013,North Down,1.0,0
N20003706,N06000013,North Down,1.0,0
N20003707,N06000013,North Down,1.0,0
N20003708,N06000013,North Down,1.0,0
N20003709,N06000013,North Down,1.0,0
N20003710,N06000013,North Down,1.0,0
N20003711,N06000013,North Down,1.0,0
N20003712,N06000013,North Down,1.0,0
N20003713,N06000013,North Down,1.0,0
N20003714,N06000013,North Down,1.0,0
N20003715,N06000013,North Down,1.0,0
N20003716,N06000013,North Down,1.0,0
N20003717,N06000013,North Down,1.0,0
N20003718,N06000013,North Down,1.0,0
N20003719,N06000013,North Down,1.0,0
N20003720,N06000013,North Down,1.0,0
N20003721,N06000013,North Down,0.999952,0
N20003722,N06000013,North Down,1.0,0
N20003723,N06000013,North Down,1.0,0
N20003724,N06000013,North Down,1.0,0
N20003725,N06000013,North Down,1.0,0
N20003726,N06000013,North Down,1.0,0
N20003727,N06000013,North Down,1.0,0
N20003728,N06000013,North Down,1.0,0
N20003729,N06000013,North Down,1.0,0
N20003730,N06000013,North Down,0.937489,1
N20003731,N06000016,Strangford,0.784992,1
N20003732,N06000013,North Down,1.0,0
N20003733,N06000013,North Down,1.0,0
N20003734,N06000013,North Down,1.0,0
N20003735,N06000013,North Down,1.0,0
N20003736,N06000013,North Down,0.728815,1
N20003737,N06000016,Strangford,0.573665,1
N20003738,N06000016,Strangford,1.0,0
N20003739,N06000016,Strangford,1.0,0
N20003740,N06000016,Strangford,1.0,0
N20003741,N06000016,Strangford,1.0,0
N20003742,N06000016,Strangford,1.0,0
N20003743,N06000016,Strangford,0.987973,0
N20003744,N06000016,Strangford,1.0,0
N20003745,N06000016,Strangford,1.0,0
N20003746,N06000016,Strangford,1.0,0
N20003747,N06000016,Strangford,1.0,0
N20003748,N06000016,Strangford,1.0,0
N20003749,N06000016,Strangford,1.0,0
N20003750,N06000016,Strangford,1.0,0
N20003751,N06000016,Strangford,1.0,0
N20003752,N06000016,Strangford,1.0,0
N20003753,N06000016,Strangford,1.0,0
N20003754,N06000016,Strangford,1.0,0
N20003755,N06000016,Strangford,1.0,0
N20003756,N06000016,Strangford,1.0,0
N20003757,N06000016,Strangford,1.0,0
N20003758,N06000016,Strangford,1.0,0
N20003759,N06000016,Strangford,1.0,0
N20003760,N06000016,Strangford,1.0,0
N20003761,N06000016,Strangford,1.0,0
N20003762,N06000016,Strangford,1.0,0
N20003763,N06000016,Strangford,1.0,0
N20003764,N06000016,Strangford,1.0,0
N20003765,N06000016,Strangford,1.0,0
N20003766,N06000016,Strangford,1.0,0
N20003767,N06000016,Strangford,1.0,0
N20003768,N06000016,Strangford,1.0,0
N20003769,N06000016,Strangford,1.0,0
N20003770,N06000016,Strangford,1.0,0
N20003771,N06000016,Strangford,1.0,0
N20003772,N06000016,Strangford,1.0,0
N20003773,N06000016,Strangford,1.0,0
N20003774,N06000016,Strangford,1.0,0
N20003775,N06000016,Strangford,1.0,0
N20003776,N06000016,Strangford,1.0,0
N20003777,N06000016,Strangford,1.0,0
N20003778,N06000016,Strangford,1.0,0
N20003779,N06000016,Strangford,1.0,0
N20003780,N06000016,Strangford,1.0,0
